{"type":"FeatureCollection","features":[{"type":"Feature","properties":{"code":"11010","name":"종로구","guCode":"11010","guName":"종로구","labelPoint":[126.966656,37.599091]},"geometry":{"type":"Polygon","coordinates":[[[126.968831,37.567976],[126.966698,37.56582],[126.965409,37.567072],[126.964,37.568632],[126.960375,37.572083],[126.958338,37.574098],[126.956373,37.575681],[126.955634,37.576595],[126.955463,37.576549],[126.954915,37.577309],[126.954879,37.577235],[126.954957,37.577144],[126.954907,37.577141],[126.954706,37.577399],[126.954672,37.577509],[126.953558,37.578749],[126.95363,37.578818],[126.95398,37.578955],[126.955107,37.579296],[126.955231,37.579426],[126.955678,37.579684],[126.957202,37.579819],[126.957224,37.580351],[126.957303,37.580444],[126.957791,37.580587],[126.958031,37.580736],[126.958173,37.580985],[126.95816,37.58117],[126.95802,37.581461],[126.957924,37.581539],[126.957642,37.582045],[126.957573,37.582303],[126.957696,37.582623],[126.957604,37.582881],[126.957662,37.583173],[126.957999,37.584125],[126.957997,37.584442],[126.957767,37.584972],[126.957854,37.585006],[126.957472,37.586047],[126.957374,37.587077],[126.957486,37.587957],[126.95733,37.588723],[126.957467,37.589489],[126.95749,37.590078],[126.957827,37.59146],[126.957798,37.592574],[126.957498,37.593078],[126.957508,37.593547],[126.958087,37.593957],[126.958526,37.594186],[126.958649,37.594478],[126.95883,37.594577],[126.959024,37.594797],[126.959033,37.595059],[126.958637,37.59587],[126.9587,37.59639],[126.95853,37.596722],[126.958398,37.597143],[126.958268,37.597789],[126.958042,37.598156],[126.957714,37.598367],[126.957308,37.598531],[126.956747,37.598575],[126.956737,37.59869],[126.956781,37.598747],[126.956708,37.598796],[126.956683,37.598753],[126.956175,37.599011],[126.955493,37.599217],[126.955411,37.599274],[126.954881,37.599309],[126.954201,37.599084],[126.954141,37.599098],[126.954032,37.598916],[126.953943,37.598862],[126.953922,37.59877],[126.953841,37.598673],[126.953508,37.598579],[126.953237,37.598595],[126.953061,37.598759],[126.953011,37.598936],[126.953046,37.599074],[126.953299,37.599365],[126.95338,37.599531],[126.953378,37.599643],[126.953321,37.599767],[126.953362,37.600168],[126.95323,37.600436],[126.952904,37.600711],[126.952888,37.60085],[126.952597,37.601229],[126.952469,37.601623],[126.95255,37.601887],[126.952495,37.601999],[126.952451,37.602318],[126.952375,37.602476],[126.95267,37.602713],[126.952706,37.602895],[126.953275,37.603663],[126.953415,37.604215],[126.953567,37.604479],[126.953969,37.60488],[126.954042,37.605073],[126.953076,37.605502],[126.952695,37.605909],[126.952665,37.606336],[126.952547,37.606653],[126.952204,37.606888],[126.951701,37.607391],[126.951411,37.608017],[126.950565,37.60836],[126.950504,37.608862],[126.950338,37.609093],[126.950379,37.610633],[126.949829,37.611656],[126.950478,37.61287],[126.950732,37.613528],[126.950797,37.613849],[126.950592,37.615137],[126.950724,37.615538],[126.95047,37.616099],[126.950155,37.617655],[126.949854,37.618762],[126.949838,37.619584],[126.949911,37.619921],[126.949929,37.620614],[126.949889,37.620901],[126.949227,37.622358],[126.948898,37.623263],[126.949,37.624335],[126.950454,37.626418],[126.951605,37.626545],[126.952024,37.626873],[126.952754,37.627056],[126.953506,37.627378],[126.954015,37.627362],[126.955179,37.628162],[126.955565,37.628283],[126.956346,37.628207],[126.956713,37.628621],[126.957446,37.629159],[126.958814,37.629589],[126.96144,37.629959],[126.963767,37.629793],[126.964331,37.63036],[126.965228,37.630768],[126.966047,37.630816],[126.966802,37.630688],[126.967654,37.630743],[126.968236,37.63073],[126.969389,37.631016],[126.970583,37.631485],[126.971328,37.631619],[126.97303,37.632375],[126.973672,37.632031],[126.974453,37.63198],[126.975388,37.631733],[126.975085,37.631183],[126.974681,37.629805],[126.974966,37.629026],[126.976192,37.629087],[126.978419,37.62929],[126.979528,37.628893],[126.979933,37.628551],[126.98019,37.627933],[126.979877,37.627453],[126.979603,37.626371],[126.980902,37.625392],[126.981848,37.624315],[126.983651,37.621151],[126.98318,37.620183],[126.983162,37.619235],[126.983714,37.617759],[126.984392,37.616857],[126.984536,37.615981],[126.985154,37.615503],[126.985534,37.615009],[126.985469,37.614933],[126.985497,37.614851],[126.985586,37.614824],[126.985568,37.61477],[126.985804,37.614739],[126.986579,37.613972],[126.98637,37.613534],[126.98613,37.613242],[126.986171,37.61302],[126.985638,37.611396],[126.98578,37.610907],[126.985858,37.610165],[126.985865,37.60947],[126.986296,37.609154],[126.986822,37.608875],[126.986689,37.608298],[126.986238,37.607737],[126.986097,37.607394],[126.986364,37.606875],[126.986303,37.606514],[126.986756,37.606087],[126.986672,37.605092],[126.986787,37.604504],[126.98667,37.604024],[126.985898,37.603632],[126.98574,37.603455],[126.984725,37.603382],[126.984325,37.603127],[126.983963,37.603219],[126.982867,37.602128],[126.982596,37.602243],[126.980684,37.60161],[126.9805,37.601459],[126.980163,37.60145],[126.979832,37.60125],[126.979535,37.601218],[126.979238,37.601036],[126.978522,37.600992],[126.978214,37.600742],[126.97793,37.600307],[126.977682,37.60024],[126.977412,37.599417],[126.977413,37.599117],[126.97714,37.598461],[126.97672,37.597901],[126.976905,37.597716],[126.977301,37.59766],[126.977954,37.597684],[126.978165,37.5975],[126.978353,37.597441],[126.978571,37.597252],[126.978628,37.597064],[126.978551,37.596987],[126.978572,37.596786],[126.97874,37.596635],[126.979111,37.596394],[126.979358,37.596352],[126.979546,37.596249],[126.97979,37.596224],[126.980261,37.595953],[126.98091,37.595839],[126.981299,37.595455],[126.981488,37.595336],[126.982481,37.595197],[126.982759,37.594867],[126.982921,37.594776],[126.983249,37.594759],[126.983467,37.594685],[126.983844,37.594435],[126.984504,37.594375],[126.985148,37.594502],[126.985429,37.594449],[126.985779,37.594255],[126.985914,37.594066],[126.985898,37.594011],[126.986119,37.593777],[126.986268,37.593276],[126.986698,37.59275],[126.987173,37.592718],[126.987316,37.592649],[126.987755,37.592255],[126.988517,37.591941],[126.988867,37.591645],[126.989222,37.591257],[126.989792,37.591452],[126.990962,37.591513],[126.99136,37.591392],[126.991647,37.591449],[126.99187,37.591857],[126.992156,37.591999],[126.992471,37.591979],[126.993571,37.59174],[126.993662,37.591494],[126.993859,37.591424],[126.99432,37.591444],[126.994755,37.591664],[126.995354,37.592273],[126.996083,37.592119],[126.996511,37.592104],[126.996593,37.592121],[126.99658,37.592167],[126.996641,37.592151],[126.996768,37.592225],[126.997443,37.59221],[126.997781,37.592334],[126.998454,37.592471],[126.998728,37.592471],[126.999207,37.59235],[126.999451,37.592234],[127.000242,37.592321],[127.000255,37.592295],[127.000984,37.592322],[127.000994,37.592252],[127.001126,37.592095],[127.001445,37.591828],[127.001732,37.591352],[127.001748,37.591244],[127.001832,37.591254],[127.001762,37.590858],[127.001639,37.590861],[127.001463,37.590551],[127.001468,37.590149],[127.001847,37.589883],[127.001875,37.589912],[127.001961,37.589865],[127.002175,37.589507],[127.00215,37.589456],[127.002196,37.589423],[127.002167,37.589383],[127.002216,37.589172],[127.002344,37.589044],[127.002822,37.588772],[127.003284,37.588663],[127.003393,37.588569],[127.003472,37.588415],[127.003517,37.588145],[127.00369,37.588043],[127.003919,37.588032],[127.003988,37.587944],[127.003891,37.587747],[127.004002,37.587803],[127.004081,37.587734],[127.004023,37.587716],[127.004127,37.587613],[127.004251,37.587177],[127.005117,37.586991],[127.005866,37.586972],[127.006019,37.586854],[127.006626,37.586125],[127.006641,37.585975],[127.006551,37.585546],[127.006655,37.585423],[127.006901,37.585281],[127.006889,37.584703],[127.007069,37.584091],[127.007195,37.583467],[127.007271,37.583333],[127.00726,37.583117],[127.007155,37.582904],[127.006753,37.582336],[127.006909,37.582225],[127.007021,37.582013],[127.007324,37.581866],[127.007479,37.581653],[127.0078,37.581506],[127.008009,37.581229],[127.008327,37.581057],[127.008441,37.580799],[127.008582,37.580629],[127.008638,37.58046],[127.010035,37.580276],[127.010589,37.580255],[127.011126,37.581044],[127.011789,37.581575],[127.012085,37.581586],[127.01286,37.581386],[127.013246,37.58145],[127.013447,37.581633],[127.014119,37.58182],[127.014224,37.582096],[127.014833,37.582331],[127.015002,37.582154],[127.015097,37.58216],[127.015328,37.581983],[127.015406,37.581823],[127.015613,37.581781],[127.016386,37.581938],[127.016485,37.581834],[127.016734,37.581693],[127.016849,37.581431],[127.016825,37.581215],[127.016952,37.581017],[127.016885,37.580862],[127.017139,37.580725],[127.017278,37.580553],[127.017287,37.580475],[127.017229,37.580447],[127.017298,37.580416],[127.017303,37.580265],[127.017546,37.579733],[127.017974,37.579517],[127.0183,37.579033],[127.018254,37.578895],[127.01827,37.578813],[127.018231,37.578816],[127.018208,37.578729],[127.01825,37.578724],[127.01827,37.578608],[127.018163,37.578603],[127.017971,37.578453],[127.01767,37.578114],[127.018012,37.57773],[127.018091,37.577567],[127.018418,37.577664],[127.018716,37.577571],[127.018774,37.577514],[127.018915,37.577657],[127.019126,37.577753],[127.019055,37.57797],[127.021403,37.578868],[127.021793,37.578881],[127.021957,37.578748],[127.022322,37.578626],[127.022482,37.578456],[127.022761,37.578334],[127.02253,37.578092],[127.02289,37.577821],[127.022978,37.577827],[127.023138,37.578021],[127.023184,37.576787],[127.023219,37.57675],[127.023187,37.576732],[127.023216,37.575932],[127.023264,37.575947],[127.023312,37.575893],[127.023241,37.575853],[127.023217,37.57588],[127.023362,37.571911],[127.022921,37.571992],[127.022205,37.572022],[127.021528,37.571926],[127.020755,37.571716],[127.01902,37.571013],[127.017772,37.570291],[127.017277,37.570055],[127.017078,37.569984],[127.016108,37.569795],[127.015299,37.569704],[127.015257,37.569736],[127.01308,37.569695],[127.012129,37.569755],[127.010035,37.569771],[127.005965,37.569606],[127.002258,37.569616],[127.001721,37.56956],[126.998544,37.56894],[126.997342,37.568766],[126.996354,37.568655],[126.989469,37.568107],[126.98836,37.568127],[126.986639,37.568232],[126.984367,37.568639],[126.982684,37.569009],[126.982328,37.569045],[126.980599,37.568988],[126.978014,37.569181],[126.97758,37.569313],[126.977573,37.569258],[126.976445,37.569237],[126.976419,37.569423],[126.976341,37.569337],[126.975966,37.569319],[126.975926,37.569389],[126.975827,37.569356],[126.97579,37.569407],[126.974707,37.569201],[126.974282,37.569246],[126.974295,37.569328],[126.974204,37.56934],[126.973205,37.569319],[126.973192,37.569165],[126.972879,37.569193],[126.972806,37.568996],[126.972591,37.56906],[126.972418,37.568831],[126.972548,37.568474],[126.971915,37.568289],[126.971925,37.568316],[126.971708,37.56833],[126.97164,37.568395],[126.971513,37.56871],[126.971225,37.568756],[126.971176,37.568819],[126.971056,37.56879],[126.970773,37.568603],[126.970341,37.568521],[126.969939,37.568316],[126.96976,37.568289],[126.969507,37.568157],[126.969424,37.568276],[126.969291,37.568198],[126.969275,37.568134],[126.969099,37.568248],[126.968831,37.567976]]]}},{"type":"Feature","properties":{"code":"11020","name":"중구","guCode":"11020","guName":"중구","labelPoint":[126.992983,37.557947]},"geometry":{"type":"Polygon","coordinates":[[[127.004209,37.550151],[127.003421,37.550019],[127.002827,37.549633],[127.002199,37.549711],[127.002003,37.549954],[127.001684,37.55006],[127.001353,37.550028],[127.001109,37.549898],[127.000884,37.549968],[127.000811,37.549853],[127.000399,37.549953],[127.000124,37.549818],[126.999094,37.549733],[126.998909,37.549795],[126.998608,37.549709],[126.998325,37.549695],[126.99766,37.549362],[126.997429,37.549159],[126.997378,37.549001],[126.996748,37.548521],[126.996755,37.548239],[126.99669,37.548081],[126.996747,37.54797],[126.996697,37.547816],[126.996355,37.547449],[126.995224,37.547232],[126.994697,37.547365],[126.994459,37.547488],[126.994351,37.547647],[126.994305,37.54788],[126.994184,37.547998],[126.994009,37.54841],[126.993372,37.548811],[126.993118,37.549097],[126.992959,37.549522],[126.992366,37.550062],[126.991647,37.550271],[126.990997,37.550768],[126.990765,37.55108],[126.990245,37.551281],[126.989868,37.551261],[126.989476,37.551322],[126.989379,37.551277],[126.989159,37.551402],[126.988656,37.551553],[126.987719,37.551451],[126.987564,37.551493],[126.987424,37.551671],[126.987401,37.551825],[126.987176,37.552086],[126.987076,37.552268],[126.986596,37.552581],[126.986108,37.553341],[126.985418,37.553705],[126.984624,37.553137],[126.984028,37.553039],[126.983683,37.553116],[126.983383,37.553271],[126.983309,37.553357],[126.982484,37.553478],[126.982198,37.553635],[126.98202,37.553794],[126.981719,37.553859],[126.981187,37.55381],[126.980848,37.553861],[126.980583,37.553578],[126.980714,37.553518],[126.980554,37.553247],[126.980204,37.553372],[126.979193,37.553285],[126.978732,37.553205],[126.978713,37.553795],[126.978795,37.554087],[126.978102,37.554415],[126.977258,37.555011],[126.97655,37.555221],[126.976429,37.553087],[126.97583,37.553389],[126.974347,37.553549],[126.972413,37.55465],[126.972408,37.554877],[126.971468,37.55486],[126.971465,37.554535],[126.97179,37.554201],[126.971439,37.55402],[126.970987,37.553901],[126.970587,37.553876],[126.970246,37.553915],[126.969891,37.55401],[126.969667,37.554108],[126.969948,37.554464],[126.969947,37.554877],[126.969726,37.554877],[126.969734,37.554297],[126.969329,37.554306],[126.969322,37.554876],[126.969172,37.554876],[126.969184,37.555663],[126.967018,37.554548],[126.96571,37.554152],[126.964634,37.55337],[126.96338,37.552262],[126.962406,37.551592],[126.962288,37.55189],[126.962327,37.55199],[126.96231,37.55277],[126.962053,37.553848],[126.961953,37.553865],[126.961914,37.553556],[126.961882,37.553551],[126.96183,37.553336],[126.961626,37.553366],[126.961869,37.554133],[126.961973,37.554136],[126.961904,37.55441],[126.961726,37.554779],[126.961736,37.554987],[126.96194,37.555123],[126.961999,37.555241],[126.96202,37.555129],[126.962116,37.555376],[126.962065,37.555402],[126.962143,37.555538],[126.962368,37.555709],[126.962474,37.555911],[126.96275,37.556012],[126.96279,37.55611],[126.96293,37.556227],[126.963156,37.556532],[126.963363,37.556684],[126.963442,37.55685],[126.963414,37.556997],[126.963221,37.557317],[126.963053,37.557414],[126.96305,37.558031],[126.963096,37.558216],[126.962851,37.558134],[126.962813,37.558066],[126.962075,37.558453],[126.961572,37.55842],[126.961608,37.55845],[126.961559,37.558616],[126.961747,37.558812],[126.961677,37.559027],[126.963304,37.559214],[126.964012,37.559475],[126.96558,37.560365],[126.966834,37.561273],[126.967441,37.561508],[126.969463,37.561976],[126.968839,37.563123],[126.968685,37.563338],[126.967563,37.564877],[126.966699,37.56582],[126.969099,37.568248],[126.969275,37.568134],[126.969291,37.568198],[126.969424,37.568276],[126.969507,37.568157],[126.96976,37.568289],[126.969939,37.568316],[126.970341,37.568521],[126.970773,37.568603],[126.971056,37.56879],[126.971176,37.568819],[126.971225,37.568756],[126.971513,37.56871],[126.97167,37.568346],[126.971925,37.568316],[126.971915,37.568289],[126.972548,37.568474],[126.972418,37.568831],[126.972591,37.56906],[126.972806,37.568996],[126.972879,37.569193],[126.973192,37.569165],[126.973205,37.569319],[126.974204,37.56934],[126.974295,37.569328],[126.974282,37.569246],[126.974707,37.569201],[126.97579,37.569407],[126.975827,37.569356],[126.975926,37.569389],[126.975966,37.569319],[126.976341,37.569337],[126.976419,37.569423],[126.976445,37.569237],[126.977573,37.569258],[126.97758,37.569313],[126.978014,37.569181],[126.980599,37.568988],[126.982328,37.569045],[126.982684,37.569009],[126.984367,37.568639],[126.986639,37.568232],[126.98892,37.568103],[126.990151,37.568136],[126.996354,37.568655],[126.997958,37.568841],[127.001721,37.56956],[127.002258,37.569616],[127.005965,37.569606],[127.010035,37.569771],[127.012129,37.569755],[127.01308,37.569695],[127.015257,37.569736],[127.015299,37.569704],[127.01588,37.569762],[127.017078,37.569984],[127.017364,37.570089],[127.01902,37.571013],[127.020755,37.571716],[127.021528,37.571926],[127.022205,37.572022],[127.022921,37.571992],[127.023391,37.571904],[127.023582,37.5652],[127.026781,37.565042],[127.026766,37.564935],[127.026673,37.564795],[127.026735,37.564768],[127.026678,37.564505],[127.026684,37.564452],[127.026756,37.564426],[127.026721,37.564377],[127.026798,37.564198],[127.026711,37.56416],[127.026738,37.563888],[127.026651,37.563749],[127.026619,37.563582],[127.026526,37.563391],[127.026314,37.563108],[127.026284,37.563005],[127.02624,37.563009],[127.025929,37.562604],[127.025411,37.56228],[127.024608,37.56191],[127.024528,37.561944],[127.024507,37.561909],[127.024549,37.561884],[127.024216,37.561531],[127.023904,37.561307],[127.023435,37.560828],[127.02335,37.560664],[127.02322,37.559999],[127.022759,37.559331],[127.022387,37.559028],[127.022847,37.558957],[127.022914,37.558357],[127.022916,37.557862],[127.02255,37.55786],[127.022508,37.55779],[127.021902,37.557479],[127.020918,37.557757],[127.020882,37.557821],[127.020643,37.557775],[127.019544,37.557488],[127.019583,37.557381],[127.01964,37.557387],[127.019596,37.557364],[127.019628,37.557293],[127.019418,37.557437],[127.019009,37.557239],[127.018793,37.557216],[127.018648,37.557086],[127.018073,37.556888],[127.017837,37.556659],[127.017826,37.556596],[127.017762,37.556589],[127.017339,37.555851],[127.017234,37.554889],[127.017116,37.554823],[127.017046,37.554639],[127.016835,37.55445],[127.016984,37.554089],[127.016894,37.553843],[127.016962,37.553612],[127.016619,37.553415],[127.016323,37.55306],[127.01615,37.552637],[127.016001,37.552614],[127.013732,37.550514],[127.012427,37.549492],[127.012167,37.549416],[127.011833,37.548754],[127.011595,37.548488],[127.010927,37.548182],[127.010588,37.548269],[127.010022,37.547907],[127.00967,37.547891],[127.009305,37.547464],[127.009087,37.547057],[127.009199,37.54642],[127.008955,37.546252],[127.008709,37.546017],[127.008153,37.545026],[127.008325,37.544889],[127.008577,37.544572],[127.008931,37.54448],[127.008984,37.544134],[127.007264,37.543857],[127.005017,37.546172],[127.005006,37.546221],[127.005306,37.546875],[127.005434,37.547064],[127.00533,37.547349],[127.005567,37.547525],[127.005875,37.547946],[127.006132,37.548212],[127.006066,37.548356],[127.005695,37.548282],[127.004997,37.548402],[127.004689,37.548685],[127.004573,37.54941],[127.00456,37.54985],[127.004356,37.550197],[127.004209,37.550151]]]}},{"type":"Feature","properties":{"code":"11030","name":"용산구","guCode":"11030","guName":"용산구","labelPoint":[126.98036,37.531553]},"geometry":{"type":"Polygon","coordinates":[[[126.982398,37.506533],[126.979507,37.506546],[126.979498,37.506645],[126.97903,37.506659],[126.979009,37.506551],[126.978189,37.506555],[126.975259,37.507013],[126.970092,37.509016],[126.966921,37.509875],[126.965012,37.510804],[126.96191,37.513117],[126.954704,37.516065],[126.953489,37.516384],[126.949887,37.51752],[126.949877,37.527029],[126.947416,37.530163],[126.947172,37.530632],[126.94459,37.533786],[126.944931,37.534235],[126.944932,37.534315],[126.944819,37.534522],[126.945094,37.534962],[126.945566,37.534984],[126.945442,37.535182],[126.94565,37.535269],[126.945922,37.53549],[126.946277,37.535691],[126.946415,37.535739],[126.946518,37.535579],[126.947184,37.535371],[126.947381,37.535223],[126.947479,37.535309],[126.947385,37.535384],[126.947482,37.535825],[126.947586,37.535834],[126.947718,37.53566],[126.947845,37.535616],[126.948281,37.535654],[126.948408,37.535595],[126.948786,37.535581],[126.948902,37.535627],[126.948997,37.535754],[126.949909,37.536049],[126.950603,37.5361],[126.951284,37.536286],[126.951464,37.536392],[126.951548,37.536537],[126.952114,37.536777],[126.953178,37.537393],[126.953156,37.537409],[126.953291,37.53751],[126.953356,37.537493],[126.953441,37.537644],[126.953651,37.538335],[126.954095,37.538932],[126.954323,37.539014],[126.955185,37.539185],[126.955734,37.539471],[126.956066,37.539965],[126.956262,37.540126],[126.956659,37.540594],[126.956518,37.540703],[126.956709,37.540868],[126.95685,37.541137],[126.956979,37.541637],[126.957308,37.541869],[126.957877,37.542098],[126.957914,37.54223],[126.957979,37.542226],[126.957961,37.542291],[126.958066,37.542328],[126.958046,37.5424],[126.95816,37.542428],[126.958143,37.542493],[126.958233,37.54256],[126.95835,37.542759],[126.958078,37.542917],[126.957625,37.542973],[126.957425,37.543166],[126.957497,37.543247],[126.957414,37.543302],[126.957453,37.543361],[126.9574,37.543387],[126.957567,37.54358],[126.957521,37.543627],[126.957592,37.543762],[126.95748,37.543887],[126.957513,37.543916],[126.957458,37.543944],[126.957458,37.544006],[126.957518,37.544006],[126.957617,37.544236],[126.957972,37.544374],[126.95793,37.544395],[126.95804,37.544598],[126.957912,37.544928],[126.957948,37.545016],[126.957849,37.545053],[126.957911,37.545188],[126.957811,37.545218],[126.957907,37.545336],[126.957919,37.545496],[126.958204,37.545427],[126.958256,37.545535],[126.958415,37.545504],[126.958719,37.545686],[126.958971,37.545745],[126.959122,37.545889],[126.959098,37.545899],[126.959292,37.545978],[126.959303,37.546023],[126.959323,37.545989],[126.959416,37.546016],[126.959533,37.545973],[126.960052,37.546066],[126.960044,37.546159],[126.960111,37.546356],[126.96028,37.546429],[126.96026,37.546542],[126.960364,37.546554],[126.960335,37.546707],[126.960475,37.546709],[126.960485,37.546845],[126.960668,37.54683],[126.960743,37.547035],[126.960915,37.547237],[126.961093,37.547154],[126.961262,37.547326],[126.961101,37.547435],[126.961311,37.547535],[126.961109,37.547508],[126.961103,37.547612],[126.961384,37.547651],[126.961432,37.547544],[126.961771,37.547602],[126.961767,37.547665],[126.961991,37.547893],[126.961747,37.548151],[126.961728,37.548308],[126.962209,37.548349],[126.962201,37.548459],[126.961999,37.548461],[126.961993,37.548594],[126.962454,37.548636],[126.96245,37.54872],[126.96249,37.548774],[126.962621,37.548764],[126.962639,37.548716],[126.962679,37.548715],[126.96269,37.54879],[126.962936,37.548787],[126.96294,37.548684],[126.963195,37.548686],[126.963196,37.548654],[126.963338,37.548638],[126.9636,37.548722],[126.963733,37.548859],[126.963696,37.549258],[126.963864,37.549673],[126.963941,37.549658],[126.963965,37.549721],[126.963886,37.549742],[126.963825,37.549827],[126.963736,37.54982],[126.96376,37.549869],[126.96373,37.549892],[126.963549,37.549947],[126.963543,37.550049],[126.963479,37.550126],[126.963504,37.550195],[126.963365,37.550313],[126.963394,37.550343],[126.963233,37.55046],[126.963236,37.550563],[126.963186,37.550659],[126.962836,37.55102],[126.962453,37.551339],[126.962329,37.551539],[126.96338,37.552262],[126.964634,37.55337],[126.96571,37.554152],[126.967018,37.554548],[126.969184,37.555663],[126.969172,37.554876],[126.969322,37.554876],[126.969329,37.554306],[126.969734,37.554297],[126.969726,37.554877],[126.969947,37.554877],[126.969948,37.554464],[126.969667,37.554108],[126.969891,37.55401],[126.970246,37.553915],[126.970587,37.553876],[126.970987,37.553901],[126.971439,37.55402],[126.97179,37.554201],[126.971465,37.554535],[126.971468,37.55486],[126.972408,37.554877],[126.972413,37.55465],[126.974347,37.553549],[126.97583,37.553389],[126.976429,37.553087],[126.97655,37.555221],[126.977258,37.555011],[126.978102,37.554415],[126.978795,37.554087],[126.978713,37.553795],[126.978732,37.553205],[126.979193,37.553285],[126.980204,37.553372],[126.980554,37.553247],[126.980714,37.553518],[126.980583,37.553578],[126.980848,37.553861],[126.981187,37.55381],[126.981719,37.553859],[126.98202,37.553794],[126.982198,37.553635],[126.982484,37.553478],[126.983309,37.553357],[126.983383,37.553271],[126.983683,37.553116],[126.984028,37.553039],[126.984624,37.553137],[126.985418,37.553705],[126.986108,37.553341],[126.986596,37.552581],[126.987076,37.552268],[126.987176,37.552086],[126.987401,37.551825],[126.987424,37.551671],[126.987564,37.551493],[126.987719,37.551451],[126.988656,37.551553],[126.989159,37.551402],[126.989379,37.551277],[126.989476,37.551322],[126.989868,37.551261],[126.990245,37.551281],[126.990765,37.55108],[126.990997,37.550768],[126.991647,37.550271],[126.992366,37.550062],[126.992959,37.549522],[126.993118,37.549097],[126.993372,37.548811],[126.994009,37.54841],[126.994184,37.547998],[126.994305,37.54788],[126.994351,37.547647],[126.994459,37.547488],[126.994697,37.547365],[126.995224,37.547232],[126.996355,37.547449],[126.996697,37.547816],[126.996747,37.54797],[126.99669,37.548081],[126.996755,37.548239],[126.996748,37.548521],[126.997378,37.549001],[126.997429,37.549159],[126.99766,37.549362],[126.998325,37.549695],[126.998608,37.549709],[126.998909,37.549795],[126.999094,37.549733],[127.000124,37.549818],[127.000399,37.549953],[127.000811,37.549853],[127.000884,37.549968],[127.001109,37.549898],[127.001353,37.550028],[127.001684,37.55006],[127.002003,37.549954],[127.002199,37.549711],[127.002827,37.549633],[127.003421,37.550019],[127.004185,37.550145],[127.004336,37.550211],[127.004575,37.5498],[127.004573,37.54941],[127.004689,37.548685],[127.004997,37.548402],[127.005695,37.548282],[127.006066,37.548356],[127.006132,37.548212],[127.005875,37.547946],[127.005567,37.547525],[127.00533,37.547349],[127.005434,37.547064],[127.005306,37.546875],[127.005006,37.546221],[127.005017,37.546172],[127.007264,37.543857],[127.008984,37.544134],[127.00905,37.543976],[127.008962,37.542734],[127.0087,37.541993],[127.008808,37.541582],[127.00916,37.54129],[127.00928,37.541028],[127.009192,37.540597],[127.009344,37.539966],[127.00959,37.539639],[127.009946,37.539393],[127.010726,37.539301],[127.011483,37.539026],[127.012612,37.539344],[127.012768,37.539287],[127.012812,37.539307],[127.013201,37.538905],[127.013376,37.538906],[127.013463,37.538818],[127.013895,37.539075],[127.013984,37.538814],[127.014793,37.538813],[127.015022,37.538542],[127.015005,37.538304],[127.015076,37.538281],[127.01517,37.538379],[127.015295,37.538319],[127.015601,37.538389],[127.015662,37.538264],[127.015847,37.538169],[127.0166,37.5379],[127.017531,37.537652],[127.01744,37.534004],[127.015532,37.532435],[127.014896,37.532208],[127.013707,37.530899],[127.013402,37.530644],[127.011947,37.529139],[127.010003,37.52704],[127.006484,37.523465],[127.000994,37.519631],[126.990702,37.51309],[126.985548,37.506543],[126.982398,37.506533]]]}},{"type":"Feature","properties":{"code":"11040","name":"성동구","guCode":"11040","guName":"성동구","labelPoint":[127.042086,37.551564]},"geometry":{"type":"Polygon","coordinates":[[[127.034785,37.535832],[127.021179,37.535818],[127.017742,37.534251],[127.01744,37.534004],[127.017531,37.537652],[127.0166,37.5379],[127.015847,37.538169],[127.015662,37.538264],[127.015601,37.538389],[127.015295,37.538319],[127.01517,37.538379],[127.015076,37.538281],[127.015005,37.538304],[127.015022,37.538542],[127.014793,37.538813],[127.013984,37.538814],[127.013895,37.539075],[127.013463,37.538818],[127.013376,37.538906],[127.013201,37.538905],[127.012812,37.539307],[127.012768,37.539287],[127.012612,37.539344],[127.011483,37.539026],[127.010726,37.539301],[127.009946,37.539393],[127.00959,37.539639],[127.009344,37.539966],[127.009191,37.540604],[127.00928,37.541028],[127.00916,37.54129],[127.008808,37.541582],[127.0087,37.541993],[127.008962,37.542734],[127.00905,37.543976],[127.008984,37.544134],[127.008931,37.54448],[127.008577,37.544572],[127.008325,37.544889],[127.008153,37.545026],[127.008709,37.546017],[127.008955,37.546252],[127.009199,37.54642],[127.009087,37.547057],[127.009305,37.547464],[127.00967,37.547891],[127.010022,37.547907],[127.010588,37.548269],[127.010927,37.548182],[127.011595,37.548488],[127.011833,37.548754],[127.012167,37.549416],[127.012427,37.549492],[127.013732,37.550514],[127.016001,37.552614],[127.01615,37.552637],[127.016323,37.55306],[127.016619,37.553415],[127.016962,37.553612],[127.016894,37.553843],[127.016984,37.554089],[127.016835,37.55445],[127.017046,37.554639],[127.017116,37.554823],[127.017234,37.554889],[127.017339,37.555851],[127.01768,37.556477],[127.018073,37.556888],[127.018648,37.557086],[127.018793,37.557216],[127.019009,37.557239],[127.019418,37.557437],[127.019628,37.557293],[127.019596,37.557364],[127.01964,37.557387],[127.019583,37.557381],[127.019544,37.557488],[127.020873,37.557823],[127.020918,37.557757],[127.021902,37.557479],[127.022508,37.55779],[127.02255,37.55786],[127.022916,37.557862],[127.022914,37.558357],[127.022847,37.558957],[127.022387,37.559028],[127.022759,37.559331],[127.02322,37.559999],[127.02335,37.560664],[127.023435,37.560828],[127.023904,37.561307],[127.024216,37.561531],[127.024549,37.561884],[127.024507,37.561909],[127.024528,37.561944],[127.024608,37.56191],[127.025411,37.56228],[127.025929,37.562604],[127.02624,37.563009],[127.026284,37.563005],[127.026314,37.563108],[127.026619,37.563582],[127.026651,37.563749],[127.026738,37.563888],[127.026711,37.56416],[127.026798,37.564198],[127.026721,37.564377],[127.026756,37.564426],[127.026684,37.564452],[127.026678,37.564505],[127.026735,37.564768],[127.026673,37.564795],[127.026766,37.564935],[127.026781,37.565042],[127.023582,37.5652],[127.023391,37.571907],[127.024189,37.571425],[127.024598,37.571037],[127.025205,37.570846],[127.025517,37.570831],[127.02574,37.570903],[127.026164,37.571244],[127.027288,37.570923],[127.027676,37.570412],[127.030289,37.569809],[127.030996,37.569784],[127.031566,37.569865],[127.032536,37.570223],[127.033069,37.570524],[127.034189,37.57139],[127.03559,37.57198],[127.036177,37.572152],[127.036653,37.57223],[127.03813,37.572265],[127.038175,37.57302],[127.041911,37.572969],[127.047951,37.570384],[127.058761,37.562314],[127.071058,37.560555],[127.070994,37.560469],[127.072393,37.559957],[127.073736,37.559414],[127.061593,37.537901],[127.059741,37.534685],[127.056215,37.528318],[127.055116,37.528661],[127.051699,37.530865],[127.046044,37.53424],[127.040388,37.53575],[127.040388,37.535823],[127.034785,37.535832]]]}},{"type":"Feature","properties":{"code":"11050","name":"광진구","guCode":"11050","guName":"광진구","labelPoint":[127.089605,37.54872]},"geometry":{"type":"Polygon","coordinates":[[[127.07205,37.523415],[127.068663,37.523871],[127.067456,37.524596],[127.065432,37.525056],[127.060324,37.527026],[127.056218,37.528317],[127.059741,37.534685],[127.061593,37.537901],[127.073736,37.559414],[127.072385,37.55996],[127.074092,37.564603],[127.076879,37.567929],[127.078201,37.57187],[127.083332,37.57137],[127.086171,37.570832],[127.088177,37.570846],[127.088396,37.570182],[127.090493,37.569698],[127.093372,37.570496],[127.093753,37.570571],[127.094789,37.570751],[127.095192,37.570707],[127.095604,37.570609],[127.095793,37.571005],[127.095838,37.571341],[127.096323,37.571298],[127.097399,37.571945],[127.098302,37.572357],[127.098543,37.572649],[127.099439,37.572738],[127.100696,37.573594],[127.100851,37.573765],[127.100888,37.573763],[127.100936,37.573355],[127.101665,37.572401],[127.102238,37.572155],[127.10313,37.572279],[127.103676,37.571907],[127.10404,37.571529],[127.10423,37.571388],[127.103853,37.570494],[127.103455,37.57005],[127.103206,37.568821],[127.102725,37.567064],[127.102387,37.565637],[127.102255,37.564896],[127.102234,37.564311],[127.101843,37.563823],[127.101625,37.563291],[127.101667,37.562633],[127.101205,37.56158],[127.101122,37.561051],[127.101277,37.560466],[127.101859,37.559494],[127.102341,37.55915],[127.102706,37.559019],[127.102854,37.558708],[127.103905,37.557796],[127.104276,37.557564],[127.104657,37.556814],[127.104929,37.556422],[127.105404,37.556335],[127.10604,37.556368],[127.106396,37.556462],[127.106681,37.556817],[127.107145,37.557106],[127.107519,37.557607],[127.107651,37.557709],[127.108306,37.558031],[127.108543,37.558245],[127.109216,37.558393],[127.109529,37.558554],[127.109987,37.558342],[127.11035,37.558253],[127.111422,37.558516],[127.111545,37.558572],[127.111532,37.5586],[127.111776,37.558832],[127.111926,37.558769],[127.112297,37.559],[127.112743,37.558876],[127.11378,37.55849],[127.113863,37.558429],[127.113566,37.557963],[127.113527,37.557534],[127.113353,37.557185],[127.113315,37.55683],[127.115226,37.55676],[127.114088,37.554085],[127.11155,37.550513],[127.111471,37.546927],[127.110244,37.54501],[127.108282,37.541408],[127.090137,37.527007],[127.085633,37.524762],[127.081102,37.523409],[127.079975,37.522948],[127.076942,37.522514],[127.074318,37.522866],[127.07205,37.523415]]]}},{"type":"Feature","properties":{"code":"11060","name":"동대문구","guCode":"11060","guName":"동대문구","labelPoint":[127.051842,37.58449]},"geometry":{"type":"Polygon","coordinates":[[[127.054946,37.56516],[127.047951,37.570384],[127.041911,37.572969],[127.038175,37.57302],[127.03813,37.572265],[127.036653,37.57223],[127.036177,37.572152],[127.03559,37.57198],[127.034189,37.57139],[127.033069,37.570524],[127.032536,37.570223],[127.031566,37.569865],[127.031261,37.569801],[127.030289,37.569809],[127.027676,37.570412],[127.027288,37.570923],[127.026164,37.571244],[127.02574,37.570903],[127.025517,37.570831],[127.025205,37.570846],[127.024598,37.571037],[127.024189,37.571425],[127.023439,37.571898],[127.023362,37.571911],[127.023217,37.57588],[127.023241,37.575853],[127.023312,37.575893],[127.023264,37.575947],[127.023216,37.575932],[127.023187,37.576732],[127.023219,37.57675],[127.023184,37.576787],[127.023138,37.57804],[127.023178,37.578077],[127.023285,37.577985],[127.023304,37.578428],[127.029539,37.582684],[127.030983,37.58428],[127.031228,37.5847],[127.031585,37.58517],[127.031641,37.585365],[127.031709,37.585345],[127.032304,37.585678],[127.032215,37.585791],[127.032061,37.585864],[127.033026,37.586454],[127.033315,37.586722],[127.033509,37.587071],[127.033886,37.587526],[127.035212,37.588622],[127.035544,37.588951],[127.036329,37.590141],[127.036222,37.59119],[127.038758,37.591266],[127.03882,37.591392],[127.03876,37.591392],[127.040629,37.595683],[127.040791,37.595632],[127.040761,37.595288],[127.041082,37.595547],[127.041072,37.595581],[127.04119,37.595493],[127.041387,37.595498],[127.041842,37.596458],[127.042659,37.596725],[127.04301,37.596964],[127.043706,37.596271],[127.044066,37.596391],[127.044785,37.596363],[127.045502,37.596617],[127.046186,37.596187],[127.046769,37.596039],[127.047331,37.596135],[127.047432,37.596467],[127.04782,37.596749],[127.047922,37.596937],[127.047966,37.597252],[127.048339,37.597436],[127.048562,37.597625],[127.048662,37.597786],[127.048838,37.597854],[127.049069,37.598137],[127.049119,37.598369],[127.049103,37.598722],[127.049379,37.599109],[127.049747,37.599762],[127.049938,37.599827],[127.050412,37.600095],[127.050342,37.600611],[127.051014,37.601174],[127.051199,37.601224],[127.051718,37.600752],[127.051793,37.600504],[127.052099,37.600146],[127.053214,37.600386],[127.053222,37.600531],[127.053414,37.600567],[127.053449,37.600435],[127.053689,37.600485],[127.053703,37.600429],[127.053919,37.600423],[127.053811,37.600613],[127.054247,37.60065],[127.055068,37.601324],[127.055433,37.601021],[127.056337,37.601345],[127.057377,37.601536],[127.057256,37.601253],[127.05733,37.601186],[127.058446,37.601074],[127.059169,37.601045],[127.05922,37.601231],[127.059312,37.60133],[127.05951,37.601405],[127.05966,37.601513],[127.059987,37.601548],[127.060098,37.601603],[127.0602,37.601728],[127.060063,37.602087],[127.060025,37.6021],[127.059933,37.602307],[127.059962,37.602445],[127.060062,37.602562],[127.060134,37.602843],[127.060098,37.603054],[127.060167,37.603163],[127.060432,37.603412],[127.06071,37.60353],[127.060768,37.603477],[127.061091,37.603846],[127.061183,37.604086],[127.061393,37.604051],[127.061485,37.60447],[127.061974,37.604902],[127.062098,37.604899],[127.062183,37.604942],[127.062198,37.605132],[127.063076,37.605246],[127.063644,37.605251],[127.064954,37.605862],[127.065387,37.605514],[127.065483,37.605475],[127.066014,37.605553],[127.066187,37.605531],[127.066283,37.605761],[127.066372,37.605842],[127.066793,37.606097],[127.06733,37.606278],[127.067316,37.606781],[127.067883,37.606822],[127.06784,37.608006],[127.067943,37.608063],[127.068851,37.608211],[127.068848,37.60901],[127.069369,37.609019],[127.069378,37.607469],[127.069848,37.607477],[127.069853,37.607278],[127.070122,37.607256],[127.070258,37.607031],[127.070379,37.607032],[127.07039,37.60718],[127.070461,37.607219],[127.070578,37.607465],[127.07067,37.607557],[127.071059,37.607619],[127.071116,37.607025],[127.071533,37.604642],[127.071912,37.603792],[127.072412,37.602878],[127.072869,37.601331],[127.072871,37.601075],[127.072799,37.600839],[127.072482,37.60024],[127.071978,37.599605],[127.071502,37.599099],[127.071155,37.598811],[127.070785,37.598626],[127.070297,37.598195],[127.069832,37.597728],[127.069578,37.597428],[127.069484,37.597244],[127.069433,37.595121],[127.070217,37.593463],[127.070442,37.592906],[127.070723,37.591891],[127.070725,37.591483],[127.070605,37.590959],[127.070231,37.589958],[127.070303,37.589534],[127.070357,37.589423],[127.070602,37.589153],[127.071039,37.588959],[127.07135,37.588534],[127.07161,37.588011],[127.071897,37.587635],[127.072082,37.587257],[127.072365,37.586828],[127.072384,37.586673],[127.072644,37.586512],[127.072161,37.584957],[127.072872,37.584162],[127.075275,37.581258],[127.075256,37.581241],[127.075368,37.581152],[127.075236,37.580996],[127.075812,37.58095],[127.076193,37.580267],[127.076361,37.579794],[127.076458,37.579336],[127.077227,37.573501],[127.077228,37.572922],[127.078202,37.57187],[127.076879,37.567929],[127.074092,37.564603],[127.072385,37.55996],[127.070994,37.560469],[127.071058,37.560555],[127.058761,37.562314],[127.054946,37.56516]]]}},{"type":"Feature","properties":{"code":"11070","name":"중랑구","guCode":"11070","guName":"중랑구","labelPoint":[127.093144,37.595309]},"geometry":{"type":"Polygon","coordinates":[[[127.093753,37.570571],[127.093372,37.570496],[127.090493,37.569698],[127.088396,37.570182],[127.088177,37.570846],[127.086171,37.570832],[127.083332,37.57137],[127.078202,37.57187],[127.077228,37.572922],[127.077227,37.573501],[127.076458,37.579336],[127.076241,37.58015],[127.075812,37.58095],[127.075236,37.580996],[127.075368,37.581152],[127.075256,37.581241],[127.075275,37.581258],[127.072872,37.584162],[127.072161,37.584957],[127.072644,37.586512],[127.072384,37.586673],[127.072365,37.586828],[127.072082,37.587257],[127.071897,37.587635],[127.07161,37.588011],[127.07135,37.588534],[127.071039,37.588959],[127.070602,37.589153],[127.070357,37.589423],[127.070303,37.589534],[127.070231,37.589958],[127.070605,37.590959],[127.070725,37.591483],[127.070723,37.591891],[127.070442,37.592906],[127.070217,37.593463],[127.069433,37.595121],[127.069484,37.597244],[127.069578,37.597428],[127.069832,37.597728],[127.070297,37.598195],[127.070785,37.598626],[127.071155,37.598811],[127.071502,37.599099],[127.071978,37.599605],[127.072507,37.600282],[127.072799,37.600839],[127.072871,37.601075],[127.072871,37.601261],[127.072412,37.602878],[127.071912,37.603792],[127.071533,37.604642],[127.071078,37.607322],[127.071059,37.607619],[127.071101,37.608466],[127.071182,37.608809],[127.071263,37.609919],[127.071304,37.60991],[127.071362,37.610243],[127.071443,37.611337],[127.071709,37.613514],[127.071136,37.614806],[127.07003,37.615419],[127.070091,37.615406],[127.070411,37.615533],[127.070981,37.615824],[127.071107,37.615954],[127.071094,37.616208],[127.07118,37.61631],[127.071385,37.616403],[127.071958,37.616539],[127.071977,37.616474],[127.074159,37.616832],[127.074378,37.616741],[127.075031,37.61691],[127.075003,37.617126],[127.075541,37.617165],[127.076317,37.617433],[127.076529,37.617468],[127.076516,37.617501],[127.077536,37.617855],[127.077497,37.617831],[127.077571,37.617744],[127.077731,37.61787],[127.077696,37.617906],[127.080075,37.618724],[127.080075,37.618276],[127.080653,37.618496],[127.080994,37.618889],[127.081434,37.619159],[127.081947,37.619187],[127.082392,37.619354],[127.082828,37.619338],[127.083453,37.61957],[127.083839,37.61965],[127.083787,37.619778],[127.084948,37.620096],[127.086073,37.620292],[127.086961,37.620234],[127.087355,37.62015],[127.087945,37.619932],[127.088231,37.619875],[127.08835,37.619919],[127.088707,37.62024],[127.089452,37.619647],[127.089721,37.61952],[127.089751,37.619549],[127.090567,37.61929],[127.09087,37.619121],[127.091384,37.618959],[127.092331,37.618348],[127.092755,37.618151],[127.093216,37.618003],[127.093248,37.618053],[127.093382,37.618046],[127.093498,37.618098],[127.09364,37.618066],[127.094448,37.619006],[127.095001,37.619047],[127.095547,37.619174],[127.096195,37.61902],[127.096615,37.619433],[127.096651,37.619562],[127.098486,37.620203],[127.098817,37.620394],[127.099644,37.619892],[127.099584,37.620003],[127.099661,37.619912],[127.100802,37.619487],[127.100871,37.619404],[127.101167,37.619469],[127.101675,37.619472],[127.10179,37.619683],[127.101692,37.620025],[127.103205,37.620189],[127.103367,37.620278],[127.103812,37.620288],[127.104068,37.620118],[127.10367,37.619991],[127.103889,37.620035],[127.104917,37.620028],[127.104947,37.620044],[127.104925,37.620096],[127.105555,37.620397],[127.105565,37.620157],[127.106041,37.620341],[127.106436,37.620559],[127.107085,37.620465],[127.107243,37.620507],[127.107921,37.620484],[127.109128,37.620515],[127.110018,37.620704],[127.110519,37.621055],[127.112143,37.620307],[127.113505,37.620037],[127.115021,37.619538],[127.115715,37.619634],[127.116203,37.618933],[127.115873,37.618583],[127.117147,37.617888],[127.11701,37.617369],[127.117255,37.616734],[127.116905,37.616367],[127.116672,37.616015],[127.116796,37.614955],[127.116676,37.614673],[127.117061,37.614144],[127.117244,37.612628],[127.117483,37.611771],[127.117212,37.611018],[127.116962,37.610706],[127.116788,37.610282],[127.11677,37.609844],[127.116879,37.609509],[127.116698,37.608849],[127.116798,37.60886],[127.117262,37.608652],[127.118033,37.608174],[127.118477,37.607613],[127.118061,37.606591],[127.117998,37.605886],[127.118094,37.605567],[127.118047,37.604602],[127.117377,37.603937],[127.117016,37.603395],[127.116872,37.603053],[127.115723,37.602109],[127.115707,37.601965],[127.115584,37.601718],[127.114964,37.600766],[127.114082,37.600121],[127.114022,37.599966],[127.114064,37.599521],[127.114471,37.599055],[127.115489,37.597654],[127.116877,37.595497],[127.116664,37.594017],[127.115413,37.593531],[127.113665,37.593356],[127.113337,37.59326],[127.112685,37.592199],[127.112412,37.591856],[127.110675,37.589156],[127.110431,37.588071],[127.110154,37.58743],[127.110023,37.586637],[127.109987,37.586016],[127.109733,37.585244],[127.10938,37.584561],[127.109376,37.584092],[127.109062,37.583605],[127.108967,37.583379],[127.108438,37.583238],[127.10781,37.582876],[127.107241,37.582315],[127.106915,37.582263],[127.106695,37.582122],[127.105995,37.581937],[127.10344,37.580595],[127.102894,37.579907],[127.103025,37.578907],[127.101958,37.577552],[127.101733,37.576967],[127.101144,37.576071],[127.101248,37.575166],[127.100902,37.574392],[127.100949,37.573825],[127.100696,37.573594],[127.099439,37.572738],[127.098543,37.572649],[127.098302,37.572357],[127.097399,37.571945],[127.096323,37.571298],[127.095838,37.571341],[127.095793,37.571005],[127.095604,37.570609],[127.095192,37.570707],[127.094789,37.570751],[127.093753,37.570571]]]}},{"type":"Feature","properties":{"code":"11080","name":"성북구","guCode":"11080","guName":"성북구","labelPoint":[127.027101,37.606953]},"geometry":{"type":"Polygon","coordinates":[[[127.024269,37.579093],[127.023304,37.578428],[127.023285,37.577985],[127.023178,37.578077],[127.022978,37.577827],[127.02289,37.577821],[127.022763,37.577889],[127.02253,37.578092],[127.022761,37.578334],[127.022482,37.578456],[127.022322,37.578626],[127.021957,37.578748],[127.021793,37.578881],[127.021524,37.578877],[127.020989,37.578725],[127.019055,37.57797],[127.019126,37.577753],[127.018915,37.577657],[127.018774,37.577514],[127.018716,37.577571],[127.018418,37.577664],[127.018091,37.577567],[127.018012,37.57773],[127.01767,37.578114],[127.017971,37.578453],[127.018163,37.578603],[127.01827,37.578608],[127.01825,37.578724],[127.018208,37.578729],[127.018231,37.578816],[127.01827,37.578813],[127.018254,37.578895],[127.0183,37.579033],[127.017974,37.579517],[127.017546,37.579733],[127.017303,37.580265],[127.017298,37.580416],[127.017229,37.580447],[127.017287,37.580475],[127.017278,37.580553],[127.017139,37.580725],[127.016885,37.580862],[127.016952,37.581017],[127.016825,37.581215],[127.016849,37.581431],[127.016734,37.581693],[127.016485,37.581834],[127.016386,37.581938],[127.015613,37.581781],[127.015406,37.581823],[127.015328,37.581983],[127.015097,37.58216],[127.015002,37.582154],[127.014833,37.582331],[127.014224,37.582096],[127.014119,37.58182],[127.013447,37.581633],[127.013246,37.58145],[127.01286,37.581386],[127.012085,37.581586],[127.011789,37.581575],[127.011126,37.581044],[127.010589,37.580255],[127.010035,37.580276],[127.008638,37.58046],[127.008582,37.580629],[127.008441,37.580799],[127.008327,37.581057],[127.008009,37.581229],[127.0078,37.581506],[127.007479,37.581653],[127.007324,37.581866],[127.007021,37.582013],[127.006909,37.582225],[127.006753,37.582336],[127.007155,37.582904],[127.00726,37.583117],[127.007271,37.583333],[127.007195,37.583467],[127.007069,37.584091],[127.006889,37.584703],[127.006901,37.585281],[127.006655,37.585423],[127.006551,37.585546],[127.006641,37.585975],[127.006626,37.586125],[127.006019,37.586854],[127.005866,37.586972],[127.005117,37.586991],[127.004251,37.587177],[127.004127,37.587613],[127.004023,37.587716],[127.004081,37.587734],[127.004002,37.587803],[127.003891,37.587747],[127.003988,37.587944],[127.003919,37.588032],[127.00369,37.588043],[127.003517,37.588145],[127.003472,37.588415],[127.003393,37.588569],[127.003284,37.588663],[127.002822,37.588772],[127.002344,37.589044],[127.002216,37.589172],[127.002167,37.589383],[127.002196,37.589423],[127.00215,37.589456],[127.002175,37.589507],[127.001961,37.589865],[127.001875,37.589912],[127.001847,37.589883],[127.001468,37.590149],[127.001463,37.590551],[127.001639,37.590861],[127.001762,37.590858],[127.001832,37.591254],[127.001748,37.591244],[127.001732,37.591352],[127.001445,37.591828],[127.001126,37.592095],[127.000994,37.592252],[127.000984,37.592322],[127.000255,37.592295],[127.000242,37.592321],[126.999451,37.592234],[126.999207,37.59235],[126.998728,37.592471],[126.998454,37.592471],[126.997781,37.592334],[126.997443,37.59221],[126.996768,37.592225],[126.996641,37.592151],[126.99658,37.592167],[126.996593,37.592121],[126.996511,37.592104],[126.996083,37.592119],[126.995354,37.592273],[126.994755,37.591664],[126.99432,37.591444],[126.993859,37.591424],[126.993662,37.591494],[126.993571,37.59174],[126.992471,37.591979],[126.992156,37.591999],[126.99187,37.591857],[126.991647,37.591449],[126.99136,37.591392],[126.990962,37.591513],[126.989792,37.591452],[126.989222,37.591257],[126.988867,37.591645],[126.988517,37.591941],[126.987755,37.592255],[126.987316,37.592649],[126.987173,37.592718],[126.986698,37.59275],[126.986268,37.593276],[126.986119,37.593777],[126.985898,37.594011],[126.985914,37.594066],[126.985779,37.594255],[126.985429,37.594449],[126.985148,37.594502],[126.984504,37.594375],[126.983844,37.594435],[126.983467,37.594685],[126.983249,37.594759],[126.982921,37.594776],[126.982759,37.594867],[126.982481,37.595197],[126.981488,37.595336],[126.981299,37.595455],[126.98091,37.595839],[126.980261,37.595953],[126.97979,37.596224],[126.979546,37.596249],[126.979358,37.596352],[126.979111,37.596394],[126.97874,37.596635],[126.978572,37.596786],[126.978551,37.596987],[126.978628,37.597064],[126.978571,37.597252],[126.978353,37.597441],[126.978165,37.5975],[126.977954,37.597684],[126.977301,37.59766],[126.976905,37.597716],[126.97672,37.597901],[126.97714,37.598461],[126.977413,37.599117],[126.977412,37.599417],[126.977682,37.60024],[126.97793,37.600307],[126.978214,37.600742],[126.978522,37.600992],[126.979238,37.601036],[126.979535,37.601218],[126.979832,37.60125],[126.980163,37.60145],[126.9805,37.601459],[126.980684,37.60161],[126.982596,37.602243],[126.982867,37.602128],[126.983963,37.603219],[126.984325,37.603127],[126.984725,37.603382],[126.98574,37.603455],[126.985898,37.603632],[126.98667,37.604024],[126.986787,37.604504],[126.986672,37.605092],[126.986756,37.606087],[126.986303,37.606514],[126.986364,37.606875],[126.986097,37.607394],[126.986238,37.607737],[126.986689,37.608298],[126.986822,37.608875],[126.986296,37.609154],[126.985865,37.60947],[126.985858,37.610165],[126.98578,37.610907],[126.985638,37.611396],[126.986171,37.61302],[126.98613,37.613242],[126.98637,37.613534],[126.986579,37.613972],[126.985804,37.614739],[126.985568,37.61477],[126.985586,37.614824],[126.985497,37.614851],[126.985469,37.614933],[126.985534,37.615009],[126.985154,37.615503],[126.984536,37.615981],[126.984392,37.616857],[126.983714,37.617759],[126.983162,37.619235],[126.98318,37.620183],[126.983651,37.621151],[126.981848,37.624315],[126.980902,37.625392],[126.979603,37.626371],[126.979877,37.627453],[126.98019,37.627933],[126.979933,37.628551],[126.979528,37.628893],[126.978419,37.62929],[126.976192,37.629087],[126.974966,37.629026],[126.974681,37.629805],[126.975085,37.631183],[126.975369,37.631698],[126.97558,37.631753],[126.975828,37.632009],[126.976224,37.632232],[126.977006,37.632969],[126.977332,37.633583],[126.977805,37.633911],[126.978458,37.634046],[126.979198,37.634079],[126.979652,37.634207],[126.98005,37.634418],[126.980191,37.634553],[126.980607,37.634816],[126.981122,37.63486],[126.981416,37.63483],[126.981514,37.634721],[126.981679,37.634935],[126.982041,37.635157],[126.982161,37.635281],[126.98229,37.635535],[126.982515,37.635741],[126.982516,37.635786],[126.982609,37.635824],[126.982788,37.635809],[126.983132,37.636105],[126.983547,37.636321],[126.983587,37.636412],[126.983707,37.636457],[126.983959,37.636438],[126.985907,37.635797],[126.986325,37.63548],[126.987409,37.634966],[126.988162,37.634495],[126.988399,37.634172],[126.988571,37.633777],[126.988745,37.633938],[126.989458,37.633998],[126.98984,37.633438],[126.989931,37.632797],[126.990734,37.632668],[126.991367,37.632614],[126.99184,37.632275],[126.993015,37.631739],[126.993694,37.631474],[126.994104,37.631121],[126.994258,37.630848],[126.994744,37.630518],[126.995393,37.63025],[126.996054,37.629346],[126.99651,37.629086],[126.996776,37.628659],[126.997568,37.628059],[126.99788,37.627568],[126.998451,37.627122],[126.999273,37.626202],[126.999841,37.626056],[127.000204,37.625824],[127.000678,37.625709],[127.001761,37.62565],[127.002134,37.625436],[127.002981,37.625284],[127.003493,37.624954],[127.003897,37.624226],[127.004433,37.624053],[127.00456,37.624077],[127.004897,37.623824],[127.00519,37.624009],[127.005587,37.623839],[127.005719,37.623981],[127.007335,37.624137],[127.007888,37.624027],[127.0079,37.623759],[127.007745,37.623381],[127.00779,37.622943],[127.007539,37.622694],[127.007625,37.622286],[127.007439,37.621763],[127.007585,37.621497],[127.007379,37.621395],[127.007306,37.621048],[127.007179,37.620857],[127.007304,37.620716],[127.007192,37.620508],[127.0076,37.62001],[127.00786,37.619855],[127.007742,37.619635],[127.007942,37.619408],[127.00803,37.619392],[127.008156,37.619164],[127.008344,37.619113],[127.008452,37.618966],[127.008497,37.618622],[127.009071,37.618286],[127.009369,37.618249],[127.009932,37.617766],[127.009995,37.617547],[127.009985,37.617246],[127.010138,37.616935],[127.010102,37.616854],[127.010952,37.616286],[127.011412,37.616441],[127.011832,37.616324],[127.012121,37.616017],[127.01284,37.615695],[127.013409,37.615568],[127.013765,37.6154],[127.013769,37.615326],[127.013807,37.615298],[127.013841,37.615334],[127.014166,37.615075],[127.01414,37.615043],[127.01421,37.614991],[127.01421,37.614911],[127.014509,37.61472],[127.015002,37.614715],[127.016029,37.614844],[127.01618,37.614949],[127.016524,37.61494],[127.016665,37.614877],[127.016903,37.614841],[127.016894,37.614813],[127.017039,37.614737],[127.017115,37.614775],[127.01726,37.614691],[127.017537,37.614616],[127.018164,37.614009],[127.018514,37.613834],[127.01854,37.613855],[127.018617,37.613792],[127.018805,37.613779],[127.018995,37.61385],[127.019227,37.613795],[127.019515,37.613331],[127.019683,37.613256],[127.019864,37.613235],[127.020014,37.613012],[127.020336,37.612857],[127.020398,37.612596],[127.02067,37.612512],[127.021554,37.612436],[127.022035,37.612293],[127.022061,37.611982],[127.022196,37.611372],[127.022419,37.611447],[127.022502,37.611367],[127.022734,37.611515],[127.023451,37.611736],[127.023918,37.611966],[127.024238,37.612056],[127.024416,37.612026],[127.02453,37.612057],[127.024564,37.612143],[127.024666,37.612156],[127.024995,37.612029],[127.025187,37.612015],[127.025745,37.612139],[127.026038,37.61224],[127.026161,37.612481],[127.026433,37.612694],[127.026711,37.6127],[127.027475,37.612538],[127.027709,37.612605],[127.028025,37.612554],[127.028162,37.612573],[127.028682,37.612445],[127.029102,37.612399],[127.030177,37.612357],[127.030345,37.611297],[127.030248,37.608973],[127.031687,37.609768],[127.032751,37.610273],[127.032936,37.61046],[127.033375,37.610642],[127.033538,37.610779],[127.035819,37.61202],[127.036144,37.61228],[127.036095,37.61234],[127.036781,37.612425],[127.037323,37.612809],[127.037497,37.612956],[127.037688,37.613218],[127.037882,37.613766],[127.038084,37.613953],[127.038228,37.613996],[127.038157,37.613998],[127.038267,37.614097],[127.038581,37.614208],[127.038609,37.614344],[127.038974,37.614533],[127.039037,37.61465],[127.039374,37.615021],[127.039556,37.615106],[127.039856,37.615491],[127.039843,37.615593],[127.039966,37.615687],[127.039986,37.616185],[127.040041,37.616247],[127.040072,37.616195],[127.040409,37.616067],[127.040558,37.616107],[127.040996,37.616575],[127.041856,37.617132],[127.043949,37.618644],[127.044679,37.619442],[127.045703,37.621359],[127.04608,37.621875],[127.046529,37.622323],[127.046868,37.622601],[127.04974,37.624274],[127.050236,37.623871],[127.050524,37.623554],[127.051267,37.623064],[127.051761,37.62257],[127.05224,37.622239],[127.052074,37.622158],[127.052706,37.621606],[127.054034,37.620133],[127.054425,37.619779],[127.05556,37.619161],[127.055929,37.618915],[127.057421,37.617481],[127.058487,37.616889],[127.059008,37.616553],[127.060209,37.615966],[127.060666,37.615663],[127.060825,37.615401],[127.060874,37.615424],[127.060945,37.615385],[127.060979,37.615313],[127.060898,37.615262],[127.061145,37.614912],[127.061064,37.61488],[127.061754,37.614493],[127.062309,37.614316],[127.06269,37.614342],[127.063247,37.614269],[127.064856,37.614772],[127.067613,37.615353],[127.069712,37.615724],[127.070065,37.615434],[127.07003,37.615419],[127.071136,37.614806],[127.071709,37.613514],[127.071443,37.611337],[127.071362,37.610243],[127.071304,37.60991],[127.071263,37.609919],[127.071182,37.608809],[127.071101,37.608466],[127.071061,37.607629],[127.07067,37.607557],[127.070578,37.607465],[127.070461,37.607219],[127.07039,37.60718],[127.070379,37.607032],[127.070258,37.607031],[127.070122,37.607256],[127.069853,37.607278],[127.069848,37.607477],[127.069378,37.607469],[127.069369,37.609019],[127.068848,37.60901],[127.068851,37.608211],[127.067943,37.608063],[127.06784,37.608006],[127.067883,37.606822],[127.067316,37.606781],[127.06733,37.606278],[127.066793,37.606097],[127.066372,37.605842],[127.066283,37.605761],[127.066187,37.605531],[127.066014,37.605553],[127.065483,37.605475],[127.065387,37.605514],[127.064954,37.605862],[127.063644,37.605251],[127.063076,37.605246],[127.062198,37.605132],[127.062183,37.604942],[127.062098,37.604899],[127.061974,37.604902],[127.061485,37.60447],[127.061393,37.604051],[127.061183,37.604086],[127.061091,37.603846],[127.060768,37.603477],[127.06071,37.60353],[127.060432,37.603412],[127.060167,37.603163],[127.060098,37.603054],[127.060134,37.602843],[127.060062,37.602562],[127.059962,37.602445],[127.059933,37.602307],[127.060025,37.6021],[127.060063,37.602087],[127.0602,37.601728],[127.060098,37.601603],[127.059987,37.601548],[127.05966,37.601513],[127.05951,37.601405],[127.059312,37.60133],[127.05922,37.601231],[127.059169,37.601045],[127.058446,37.601074],[127.05733,37.601186],[127.057256,37.601253],[127.057377,37.601536],[127.056337,37.601345],[127.055433,37.601021],[127.055068,37.601324],[127.054247,37.60065],[127.053811,37.600613],[127.053919,37.600423],[127.053703,37.600429],[127.053689,37.600485],[127.053449,37.600435],[127.053414,37.600567],[127.053222,37.600531],[127.053214,37.600386],[127.052099,37.600146],[127.051793,37.600504],[127.051718,37.600752],[127.051199,37.601224],[127.051014,37.601174],[127.050342,37.600611],[127.050412,37.600095],[127.049938,37.599827],[127.049747,37.599762],[127.049379,37.599109],[127.049103,37.598722],[127.049119,37.598369],[127.049069,37.598137],[127.048838,37.597854],[127.048662,37.597786],[127.048562,37.597625],[127.048339,37.597436],[127.047966,37.597252],[127.047922,37.596937],[127.04782,37.596749],[127.047432,37.596467],[127.047331,37.596135],[127.046769,37.596039],[127.046186,37.596187],[127.045502,37.596617],[127.044785,37.596363],[127.044066,37.596391],[127.043706,37.596271],[127.04301,37.596964],[127.042659,37.596725],[127.041842,37.596458],[127.041387,37.595498],[127.04119,37.595493],[127.041072,37.595581],[127.041082,37.595547],[127.040761,37.595288],[127.040791,37.595632],[127.040629,37.595683],[127.03876,37.591392],[127.03882,37.591392],[127.038758,37.591266],[127.036222,37.59119],[127.036329,37.590141],[127.035544,37.588951],[127.035212,37.588622],[127.033886,37.587526],[127.033509,37.587071],[127.033315,37.586722],[127.033026,37.586454],[127.032061,37.585864],[127.032215,37.585791],[127.032304,37.585678],[127.031709,37.585345],[127.031641,37.585365],[127.031585,37.58517],[127.031228,37.5847],[127.030983,37.58428],[127.029539,37.582684],[127.024269,37.579093]]]}},{"type":"Feature","properties":{"code":"11090","name":"강북구","guCode":"11090","guName":"강북구","labelPoint":[127.004765,37.647108]},"geometry":{"type":"Polygon","coordinates":[[[127.021876,37.612335],[127.021554,37.612436],[127.02067,37.612512],[127.020398,37.612596],[127.020336,37.612857],[127.020014,37.613012],[127.019864,37.613235],[127.019683,37.613256],[127.019515,37.613331],[127.019227,37.613795],[127.018995,37.61385],[127.018805,37.613779],[127.018617,37.613792],[127.01854,37.613855],[127.018514,37.613834],[127.018164,37.614009],[127.017537,37.614616],[127.01726,37.614691],[127.017115,37.614775],[127.017039,37.614737],[127.016894,37.614813],[127.016903,37.614841],[127.016665,37.614877],[127.016524,37.61494],[127.01618,37.614949],[127.016029,37.614844],[127.015002,37.614715],[127.014509,37.61472],[127.01421,37.614911],[127.01421,37.614991],[127.01414,37.615043],[127.014166,37.615075],[127.013841,37.615334],[127.013807,37.615298],[127.013769,37.615326],[127.013765,37.6154],[127.013409,37.615568],[127.01284,37.615695],[127.012121,37.616017],[127.011832,37.616324],[127.011412,37.616441],[127.010952,37.616286],[127.01023,37.616793],[127.010146,37.616798],[127.010102,37.616854],[127.010138,37.616935],[127.009985,37.617246],[127.009995,37.617547],[127.009932,37.617766],[127.009369,37.618249],[127.009071,37.618286],[127.008497,37.618622],[127.008452,37.618966],[127.008344,37.619113],[127.008156,37.619164],[127.00803,37.619392],[127.007942,37.619408],[127.007742,37.619635],[127.00786,37.619855],[127.0076,37.62001],[127.007192,37.620508],[127.007304,37.620716],[127.007179,37.620857],[127.007306,37.621048],[127.007379,37.621395],[127.007585,37.621497],[127.007439,37.621763],[127.007625,37.622286],[127.007539,37.622694],[127.00779,37.622943],[127.007745,37.623381],[127.0079,37.623759],[127.007888,37.624027],[127.007335,37.624137],[127.005719,37.623981],[127.005587,37.623839],[127.00519,37.624009],[127.004897,37.623824],[127.00456,37.624077],[127.004433,37.624053],[127.003897,37.624226],[127.003493,37.624954],[127.002981,37.625284],[127.002134,37.625436],[127.001761,37.62565],[127.000678,37.625709],[127.000204,37.625824],[126.999841,37.626056],[126.999273,37.626202],[126.998451,37.627122],[126.99788,37.627568],[126.997568,37.628059],[126.996776,37.628659],[126.99651,37.629086],[126.996054,37.629346],[126.995393,37.63025],[126.994744,37.630518],[126.994258,37.630848],[126.994104,37.631121],[126.993694,37.631474],[126.993015,37.631739],[126.99184,37.632275],[126.991367,37.632614],[126.990734,37.632668],[126.989931,37.632797],[126.98984,37.633438],[126.989458,37.633998],[126.988745,37.633938],[126.988571,37.633777],[126.988399,37.634172],[126.988162,37.634495],[126.987409,37.634966],[126.986325,37.63548],[126.985907,37.635797],[126.984202,37.63634],[126.984461,37.636548],[126.984744,37.636648],[126.984856,37.636815],[126.984937,37.637165],[126.985084,37.637314],[126.98496,37.637807],[126.985234,37.638066],[126.985192,37.638303],[126.985394,37.63859],[126.985445,37.638875],[126.985408,37.639088],[126.985428,37.639281],[126.985533,37.639701],[126.985676,37.640044],[126.985954,37.640224],[126.986133,37.640428],[126.985657,37.64074],[126.985268,37.64135],[126.985329,37.641548],[126.985224,37.641636],[126.985134,37.641521],[126.984956,37.641464],[126.984257,37.641645],[126.983831,37.642149],[126.983875,37.64256],[126.983691,37.643039],[126.983247,37.643684],[126.983473,37.643941],[126.983726,37.64405],[126.983902,37.644266],[126.98419,37.644428],[126.984194,37.644603],[126.984643,37.645338],[126.984821,37.645369],[126.984795,37.645446],[126.984858,37.645596],[126.985413,37.645947],[126.985681,37.645995],[126.985718,37.646093],[126.985579,37.646103],[126.985483,37.646006],[126.985101,37.645929],[126.984929,37.646067],[126.984763,37.64676],[126.984813,37.646837],[126.984679,37.646963],[126.984713,37.647252],[126.984603,37.647613],[126.983981,37.648182],[126.983884,37.648601],[126.98402,37.649318],[126.983937,37.64961],[126.982496,37.65054],[126.982298,37.651254],[126.981874,37.651688],[126.981677,37.652316],[126.981048,37.652713],[126.980432,37.653787],[126.979944,37.654815],[126.979658,37.656039],[126.981194,37.656488],[126.982857,37.65645],[126.98301,37.657004],[126.983406,37.657234],[126.983742,37.657329],[126.984335,37.657734],[126.984617,37.658229],[126.986021,37.658943],[126.986544,37.659485],[126.987277,37.6606],[126.987225,37.660848],[126.987365,37.661618],[126.987751,37.662732],[126.987802,37.663594],[126.988268,37.664391],[126.989453,37.66453],[126.989997,37.664499],[126.991239,37.664994],[126.992225,37.665232],[126.992435,37.665383],[126.992749,37.665533],[126.993123,37.666056],[126.994017,37.666783],[126.994129,37.66703],[126.993961,37.667339],[126.993561,37.667804],[126.99383,37.668623],[126.994357,37.669567],[126.994351,37.669811],[126.993802,37.670197],[126.994074,37.672761],[126.993543,37.674103],[126.993796,37.674226],[126.993981,37.674907],[126.99381,37.675252],[126.993199,37.67572],[126.993125,37.675832],[126.993157,37.676142],[126.993072,37.676583],[126.993267,37.677002],[126.99312,37.677225],[126.993247,37.677661],[126.992924,37.678822],[126.992433,37.679148],[126.992198,37.679627],[126.992433,37.679759],[126.993514,37.680057],[126.994076,37.680324],[126.994175,37.680462],[126.994156,37.680569],[126.994732,37.681244],[126.995197,37.681335],[126.995503,37.681506],[126.995853,37.681869],[126.996351,37.682204],[126.996737,37.682389],[126.996971,37.682646],[126.997027,37.683114],[126.997311,37.683466],[126.997621,37.683452],[126.997754,37.683586],[126.999432,37.683907],[127.000511,37.683974],[127.001039,37.684272],[127.001687,37.684344],[127.001885,37.68408],[127.001901,37.683723],[127.00224,37.683593],[127.002743,37.683954],[127.003238,37.683949],[127.003584,37.684239],[127.003777,37.684824],[127.004277,37.684941],[127.004527,37.685089],[127.005529,37.684865],[127.006051,37.685054],[127.006511,37.684871],[127.007067,37.684765],[127.007662,37.684468],[127.008664,37.68445],[127.008649,37.683947],[127.008418,37.683235],[127.008712,37.682259],[127.008993,37.681636],[127.008867,37.6806],[127.009365,37.679581],[127.011416,37.679178],[127.012122,37.679092],[127.01236,37.678703],[127.012723,37.678409],[127.013293,37.67783],[127.013454,37.677181],[127.013785,37.676471],[127.013824,37.676181],[127.013962,37.675835],[127.013846,37.675573],[127.013883,37.675239],[127.014353,37.674804],[127.01456,37.674762],[127.014811,37.674312],[127.015098,37.674141],[127.015582,37.674057],[127.016101,37.673864],[127.016219,37.673924],[127.016665,37.672895],[127.017001,37.672598],[127.017107,37.672605],[127.017173,37.67246],[127.0173,37.672394],[127.017397,37.67212],[127.017292,37.671913],[127.01736,37.671612],[127.017579,37.671431],[127.017632,37.671185],[127.01784,37.671028],[127.017926,37.670753],[127.018233,37.670653],[127.018696,37.670859],[127.018733,37.670458],[127.018487,37.670157],[127.018528,37.669473],[127.018358,37.669202],[127.018397,37.668884],[127.017594,37.668293],[127.017467,37.668089],[127.017121,37.668056],[127.016607,37.667881],[127.016162,37.667442],[127.016344,37.667361],[127.015759,37.666995],[127.015729,37.666472],[127.015467,37.666077],[127.015346,37.665553],[127.015806,37.664943],[127.015611,37.664444],[127.015319,37.664035],[127.015321,37.663633],[127.015517,37.663596],[127.015537,37.663419],[127.015977,37.66322],[127.015941,37.662765],[127.016178,37.662509],[127.016629,37.662177],[127.016887,37.662172],[127.016502,37.661674],[127.016208,37.661424],[127.015882,37.661324],[127.015234,37.66138],[127.014889,37.661603],[127.014527,37.661994],[127.014799,37.661361],[127.014611,37.661356],[127.014571,37.660458],[127.014427,37.66046],[127.014383,37.660385],[127.014306,37.65992],[127.014025,37.659227],[127.013795,37.657948],[127.013683,37.65769],[127.013039,37.654901],[127.012931,37.65457],[127.012928,37.654164],[127.012678,37.653428],[127.012644,37.653072],[127.012567,37.652888],[127.012522,37.652437],[127.012451,37.65216],[127.012513,37.65185],[127.01271,37.651479],[127.012898,37.650747],[127.013139,37.650475],[127.013332,37.650423],[127.013699,37.650485],[127.013938,37.650397],[127.014272,37.650399],[127.014554,37.649783],[127.014695,37.649573],[127.015096,37.649282],[127.016466,37.648854],[127.017312,37.648653],[127.01818,37.648633],[127.019041,37.648792],[127.020206,37.649085],[127.020627,37.649077],[127.021157,37.648993],[127.021447,37.648876],[127.021773,37.648635],[127.022142,37.648161],[127.022663,37.647844],[127.024685,37.647342],[127.025085,37.646709],[127.025892,37.64572],[127.027555,37.644965],[127.031946,37.642173],[127.03242,37.641833],[127.032831,37.641408],[127.033193,37.640811],[127.033416,37.640399],[127.034566,37.637783],[127.034776,37.637565],[127.035148,37.637274],[127.036066,37.636955],[127.036847,37.636751],[127.03733,37.636485],[127.037819,37.636039],[127.037871,37.635403],[127.038142,37.634258],[127.039762,37.632197],[127.040801,37.631548],[127.041717,37.630812],[127.042087,37.630679],[127.042526,37.630421],[127.04257,37.630572],[127.043295,37.630016],[127.043844,37.629389],[127.044406,37.628938],[127.045114,37.628531],[127.046368,37.627942],[127.047121,37.627536],[127.047604,37.627124],[127.048103,37.626471],[127.048693,37.625868],[127.049005,37.625382],[127.049257,37.62485],[127.04974,37.624274],[127.046868,37.622601],[127.046529,37.622323],[127.04608,37.621875],[127.045703,37.621359],[127.044679,37.619442],[127.043949,37.618644],[127.041856,37.617132],[127.040996,37.616575],[127.040558,37.616107],[127.040409,37.616067],[127.040072,37.616195],[127.040041,37.616247],[127.039986,37.616185],[127.039966,37.615687],[127.039843,37.615593],[127.039856,37.615491],[127.039556,37.615106],[127.039374,37.615021],[127.039037,37.61465],[127.038974,37.614533],[127.038609,37.614344],[127.038581,37.614208],[127.038267,37.614097],[127.038157,37.613998],[127.038228,37.613996],[127.038084,37.613953],[127.037882,37.613766],[127.037688,37.613218],[127.037497,37.612956],[127.037323,37.612809],[127.036781,37.612425],[127.036095,37.61234],[127.036144,37.61228],[127.035819,37.61202],[127.033538,37.610779],[127.033375,37.610642],[127.032936,37.61046],[127.032751,37.610273],[127.031687,37.609768],[127.030248,37.608973],[127.030345,37.611297],[127.030177,37.612357],[127.029102,37.612399],[127.028682,37.612445],[127.028162,37.612573],[127.028025,37.612554],[127.027709,37.612605],[127.027475,37.612538],[127.026711,37.6127],[127.026433,37.612694],[127.026161,37.612481],[127.026038,37.61224],[127.025745,37.612139],[127.025187,37.612015],[127.024995,37.612029],[127.024666,37.612156],[127.024564,37.612143],[127.02453,37.612057],[127.024416,37.612026],[127.024238,37.612056],[127.023918,37.611966],[127.023451,37.611736],[127.022734,37.611515],[127.022502,37.611367],[127.022419,37.611447],[127.022196,37.611372],[127.022061,37.611982],[127.022035,37.612293],[127.021876,37.612335]]]}},{"type":"Feature","properties":{"code":"11100","name":"도봉구","guCode":"11100","guName":"도봉구","labelPoint":[127.032818,37.665944]},"geometry":{"type":"Polygon","coordinates":[[[127.036417,37.636864],[127.035148,37.637274],[127.034776,37.637565],[127.034566,37.637783],[127.033416,37.640399],[127.032831,37.641408],[127.03242,37.641833],[127.031946,37.642173],[127.027555,37.644965],[127.025892,37.64572],[127.025085,37.646709],[127.024685,37.647342],[127.022663,37.647844],[127.022142,37.648161],[127.021773,37.648635],[127.021447,37.648876],[127.021157,37.648993],[127.020627,37.649077],[127.020206,37.649085],[127.018568,37.648696],[127.01818,37.648633],[127.017784,37.648627],[127.017312,37.648653],[127.016466,37.648854],[127.015096,37.649282],[127.014695,37.649573],[127.014554,37.649783],[127.014272,37.650399],[127.013938,37.650397],[127.013699,37.650485],[127.013332,37.650423],[127.013139,37.650475],[127.012898,37.650747],[127.01271,37.651479],[127.012513,37.65185],[127.012451,37.65216],[127.012522,37.652437],[127.012567,37.652888],[127.012644,37.653072],[127.012678,37.653428],[127.012928,37.654164],[127.012931,37.65457],[127.013039,37.654901],[127.013683,37.65769],[127.013795,37.657948],[127.014025,37.659227],[127.014306,37.65992],[127.014383,37.660385],[127.014427,37.66046],[127.014571,37.660458],[127.014611,37.661356],[127.014799,37.661361],[127.014527,37.661994],[127.014889,37.661603],[127.015234,37.66138],[127.015882,37.661324],[127.016208,37.661424],[127.016502,37.661674],[127.016887,37.662172],[127.016629,37.662177],[127.016178,37.662509],[127.015941,37.662765],[127.015977,37.66322],[127.015537,37.663419],[127.015517,37.663596],[127.015321,37.663633],[127.015319,37.664035],[127.015611,37.664444],[127.015806,37.664943],[127.015346,37.665553],[127.015467,37.666077],[127.015729,37.666472],[127.015759,37.666995],[127.016344,37.667361],[127.016162,37.667442],[127.016607,37.667881],[127.017121,37.668056],[127.017467,37.668089],[127.017594,37.668293],[127.018397,37.668884],[127.018358,37.669202],[127.018528,37.669473],[127.018487,37.670157],[127.018733,37.670458],[127.018696,37.670859],[127.018233,37.670653],[127.017926,37.670753],[127.01784,37.671028],[127.017632,37.671185],[127.017579,37.671431],[127.01736,37.671612],[127.017292,37.671913],[127.017397,37.67212],[127.0173,37.672394],[127.017173,37.67246],[127.017107,37.672605],[127.017001,37.672598],[127.016665,37.672895],[127.016219,37.673924],[127.016101,37.673864],[127.015582,37.674057],[127.015098,37.674141],[127.014811,37.674312],[127.01456,37.674762],[127.014353,37.674804],[127.013883,37.675239],[127.013846,37.675573],[127.013962,37.675835],[127.013824,37.676181],[127.013785,37.676471],[127.013454,37.677181],[127.013293,37.67783],[127.012723,37.678409],[127.01236,37.678703],[127.012122,37.679092],[127.011416,37.679178],[127.009365,37.679581],[127.008867,37.6806],[127.008993,37.681636],[127.008712,37.682259],[127.008418,37.683235],[127.008649,37.683947],[127.008666,37.684486],[127.00844,37.685432],[127.008589,37.687441],[127.008327,37.688507],[127.008293,37.690115],[127.007621,37.691618],[127.009712,37.693363],[127.009666,37.6967],[127.012125,37.697378],[127.013879,37.698801],[127.014961,37.700428],[127.015415,37.701455],[127.019827,37.701017],[127.022148,37.699721],[127.023389,37.700071],[127.025315,37.699581],[127.026898,37.700251],[127.027022,37.701115],[127.027687,37.700937],[127.028313,37.70016],[127.028991,37.699658],[127.029286,37.699292],[127.029601,37.698175],[127.029654,37.697807],[127.029729,37.696272],[127.030166,37.695198],[127.030454,37.694776],[127.030827,37.69369],[127.030972,37.693557],[127.031026,37.693075],[127.03154,37.692828],[127.032026,37.69295],[127.03217,37.692815],[127.032414,37.691839],[127.033597,37.692021],[127.033962,37.691998],[127.034259,37.692225],[127.034928,37.692309],[127.035625,37.692492],[127.035777,37.692374],[127.036763,37.69264],[127.037002,37.692946],[127.037528,37.693221],[127.037907,37.693272],[127.038498,37.693286],[127.038808,37.693629],[127.03895,37.693982],[127.039914,37.694081],[127.039997,37.694684],[127.040837,37.695079],[127.041109,37.6953],[127.041813,37.695382],[127.042021,37.695071],[127.04233,37.695054],[127.043073,37.695231],[127.043286,37.694769],[127.043398,37.694402],[127.043355,37.694073],[127.043037,37.693622],[127.04375,37.693506],[127.043891,37.693423],[127.044066,37.693126],[127.044531,37.693072],[127.044817,37.692936],[127.044904,37.692405],[127.04565,37.69237],[127.045973,37.692429],[127.045969,37.692466],[127.046523,37.692683],[127.046755,37.692717],[127.047078,37.693002],[127.047274,37.693008],[127.047527,37.693314],[127.047751,37.693269],[127.047815,37.69329],[127.048141,37.693716],[127.048211,37.693945],[127.048632,37.694063],[127.04892,37.692811],[127.049366,37.69169],[127.049966,37.69087],[127.050013,37.690419],[127.049751,37.689207],[127.04982,37.687977],[127.049985,37.68761],[127.050643,37.686508],[127.050921,37.686159],[127.051086,37.686055],[127.051368,37.685922],[127.051798,37.685815],[127.052202,37.684972],[127.052356,37.684332],[127.052134,37.682947],[127.051223,37.681998],[127.051064,37.680779],[127.050921,37.680094],[127.050398,37.679182],[127.050118,37.678395],[127.049943,37.677415],[127.049707,37.676718],[127.048844,37.675152],[127.048735,37.674792],[127.048751,37.673809],[127.04832,37.672343],[127.048158,37.671188],[127.048191,37.670497],[127.048907,37.667585],[127.04967,37.66655],[127.050314,37.665812],[127.050884,37.664797],[127.051165,37.663979],[127.051635,37.663979],[127.051704,37.661464],[127.051787,37.660979],[127.051786,37.659949],[127.052529,37.658943],[127.053407,37.657518],[127.053594,37.656771],[127.053578,37.656132],[127.054006,37.655301],[127.054055,37.654483],[127.053993,37.653723],[127.053941,37.653166],[127.053734,37.652058],[127.053822,37.651127],[127.053948,37.650553],[127.054191,37.650151],[127.054646,37.649561],[127.05544,37.648241],[127.055826,37.647049],[127.055875,37.646596],[127.055644,37.644598],[127.055151,37.64346],[127.054994,37.642355],[127.055128,37.641322],[127.055778,37.640625],[127.054731,37.640135],[127.054023,37.640745],[127.053698,37.640974],[127.052853,37.641807],[127.052326,37.642614],[127.052062,37.643191],[127.051996,37.64356],[127.051867,37.643861],[127.051737,37.643957],[127.051626,37.644128],[127.051543,37.644497],[127.051356,37.644816],[127.05117,37.644762],[127.051113,37.64491],[127.051056,37.64489],[127.051165,37.644684],[127.051093,37.644673],[127.050747,37.644794],[127.050482,37.644825],[127.050372,37.64459],[127.050548,37.644254],[127.050542,37.644101],[127.050703,37.643804],[127.050253,37.643602],[127.050096,37.643621],[127.049933,37.643527],[127.049758,37.643513],[127.049446,37.642836],[127.049427,37.642725],[127.049311,37.642668],[127.049064,37.642145],[127.048789,37.641926],[127.048547,37.641845],[127.047773,37.641413],[127.0478,37.641208],[127.046749,37.641193],[127.046594,37.641118],[127.046545,37.641001],[127.046503,37.640299],[127.046651,37.640043],[127.046612,37.639885],[127.046648,37.639803],[127.046784,37.639702],[127.046667,37.639478],[127.046694,37.639368],[127.046517,37.639243],[127.046468,37.639111],[127.046248,37.63885],[127.046282,37.638773],[127.046198,37.638647],[127.046025,37.637899],[127.045555,37.637676],[127.045453,37.637525],[127.045356,37.63747],[127.045369,37.637368],[127.045289,37.63731],[127.045275,37.6372],[127.045191,37.637077],[127.045152,37.636836],[127.04504,37.63669],[127.045051,37.636044],[127.044988,37.635934],[127.045026,37.635865],[127.044956,37.635818],[127.044969,37.635661],[127.044861,37.635604],[127.044788,37.635474],[127.044643,37.635362],[127.044518,37.63484],[127.044563,37.634776],[127.044465,37.63457],[127.044446,37.634419],[127.044339,37.63437],[127.0443,37.634214],[127.044323,37.634092],[127.044189,37.633938],[127.044163,37.633971],[127.043924,37.633475],[127.043749,37.633322],[127.043484,37.633255],[127.043513,37.633092],[127.04315,37.632885],[127.043088,37.632814],[127.042691,37.632621],[127.042566,37.632324],[127.042427,37.632266],[127.041658,37.631467],[127.042645,37.630905],[127.042515,37.630614],[127.04257,37.630572],[127.042526,37.630421],[127.042087,37.630679],[127.041717,37.630812],[127.040801,37.631548],[127.039762,37.632197],[127.038142,37.634258],[127.037871,37.635403],[127.037819,37.636039],[127.03733,37.636485],[127.036847,37.636751],[127.036417,37.636864]]]}},{"type":"Feature","properties":{"code":"11110","name":"노원구","guCode":"11110","guName":"노원구","labelPoint":[127.07334,37.654892]},"geometry":{"type":"Polygon","coordinates":[[[127.065465,37.614901],[127.064579,37.6147],[127.063247,37.614269],[127.06269,37.614342],[127.062309,37.614316],[127.062096,37.614367],[127.061454,37.614636],[127.061213,37.614821],[127.061064,37.61488],[127.061145,37.614912],[127.060898,37.615262],[127.060979,37.615313],[127.060945,37.615385],[127.060874,37.615424],[127.060825,37.615401],[127.060699,37.615638],[127.060209,37.615966],[127.059008,37.616553],[127.058487,37.616889],[127.057421,37.617481],[127.055929,37.618915],[127.05556,37.619161],[127.054389,37.619809],[127.054034,37.620133],[127.052706,37.621606],[127.052074,37.622158],[127.05224,37.622239],[127.051761,37.62257],[127.051267,37.623064],[127.050524,37.623554],[127.050236,37.623871],[127.049663,37.624337],[127.049257,37.62485],[127.049005,37.625382],[127.048693,37.625868],[127.048103,37.626471],[127.047604,37.627124],[127.047121,37.627536],[127.046368,37.627942],[127.045114,37.628531],[127.044406,37.628938],[127.043844,37.629389],[127.043295,37.630016],[127.042515,37.630614],[127.042645,37.630905],[127.041658,37.631467],[127.042427,37.632266],[127.042566,37.632324],[127.042691,37.632621],[127.043088,37.632814],[127.04315,37.632885],[127.043513,37.633092],[127.043484,37.633255],[127.043749,37.633322],[127.043924,37.633475],[127.044163,37.633971],[127.044189,37.633938],[127.044323,37.634092],[127.0443,37.634214],[127.044339,37.63437],[127.044446,37.634419],[127.044465,37.63457],[127.044563,37.634776],[127.044518,37.63484],[127.044643,37.635362],[127.044788,37.635474],[127.044861,37.635604],[127.044969,37.635661],[127.044956,37.635818],[127.045026,37.635865],[127.044988,37.635934],[127.045051,37.636044],[127.04504,37.63669],[127.045152,37.636836],[127.045191,37.637077],[127.045275,37.6372],[127.045289,37.63731],[127.045369,37.637368],[127.045356,37.63747],[127.045453,37.637525],[127.045555,37.637676],[127.046025,37.637899],[127.046198,37.638647],[127.046282,37.638773],[127.046248,37.63885],[127.046468,37.639111],[127.046517,37.639243],[127.046694,37.639368],[127.046667,37.639478],[127.046784,37.639702],[127.046648,37.639803],[127.046612,37.639885],[127.046651,37.640043],[127.046503,37.640299],[127.046545,37.641001],[127.046594,37.641118],[127.046749,37.641193],[127.0478,37.641208],[127.047773,37.641413],[127.048547,37.641845],[127.048789,37.641926],[127.049064,37.642145],[127.049311,37.642668],[127.049427,37.642725],[127.049446,37.642836],[127.049758,37.643513],[127.049933,37.643527],[127.050096,37.643621],[127.050253,37.643602],[127.050703,37.643804],[127.050542,37.644101],[127.050548,37.644254],[127.050372,37.64459],[127.050482,37.644825],[127.050747,37.644794],[127.051093,37.644673],[127.051165,37.644684],[127.051056,37.64489],[127.051113,37.64491],[127.05117,37.644762],[127.051356,37.644816],[127.051543,37.644497],[127.051626,37.644128],[127.051737,37.643957],[127.051867,37.643861],[127.051996,37.64356],[127.052062,37.643191],[127.052326,37.642614],[127.052853,37.641807],[127.053698,37.640974],[127.054023,37.640745],[127.054731,37.640135],[127.055778,37.640625],[127.055128,37.641322],[127.054994,37.642355],[127.055151,37.64346],[127.055644,37.644598],[127.055875,37.646596],[127.055826,37.647049],[127.05544,37.648241],[127.054646,37.649561],[127.054191,37.650151],[127.053948,37.650553],[127.053822,37.651127],[127.053734,37.652058],[127.053941,37.653166],[127.053993,37.653723],[127.054055,37.654483],[127.054006,37.655301],[127.053578,37.656132],[127.053594,37.656771],[127.053407,37.657518],[127.052529,37.658943],[127.051786,37.659949],[127.051787,37.660979],[127.051704,37.661464],[127.051635,37.663979],[127.051165,37.663979],[127.050884,37.664797],[127.050314,37.665812],[127.04967,37.66655],[127.048907,37.667585],[127.048191,37.670497],[127.048158,37.671188],[127.04832,37.672343],[127.048751,37.673809],[127.048735,37.674792],[127.048844,37.675152],[127.049707,37.676718],[127.049943,37.677415],[127.050118,37.678395],[127.050398,37.679182],[127.050921,37.680094],[127.051064,37.680779],[127.051223,37.681998],[127.052134,37.682947],[127.052356,37.684332],[127.052202,37.684972],[127.051798,37.685815],[127.051804,37.687067],[127.052227,37.687421],[127.052808,37.687681],[127.05469,37.688718],[127.055179,37.689205],[127.056177,37.689204],[127.057191,37.689633],[127.05839,37.689686],[127.058707,37.689878],[127.05966,37.690332],[127.060616,37.691274],[127.061209,37.69217],[127.061668,37.692414],[127.061743,37.692572],[127.062209,37.692805],[127.062368,37.693024],[127.062395,37.693546],[127.062732,37.694676],[127.063386,37.694922],[127.064585,37.694554],[127.065326,37.694763],[127.066308,37.694442],[127.067577,37.69468],[127.067827,37.694773],[127.068028,37.694481],[127.068299,37.694357],[127.068548,37.694],[127.069028,37.693868],[127.069151,37.69369],[127.069557,37.69379],[127.069823,37.693981],[127.070644,37.693811],[127.070879,37.6937],[127.072658,37.6938],[127.073398,37.694101],[127.07393,37.694644],[127.074486,37.69501],[127.074907,37.69522],[127.078196,37.695987],[127.081105,37.696137],[127.083843,37.694269],[127.083905,37.691782],[127.085177,37.69039],[127.086531,37.689912],[127.088454,37.689903],[127.090552,37.68957],[127.092384,37.689933],[127.093037,37.689966],[127.094289,37.689132],[127.095097,37.689385],[127.095996,37.689071],[127.095585,37.688395],[127.096081,37.687907],[127.096295,37.68717],[127.096425,37.686264],[127.096423,37.685637],[127.096045,37.685197],[127.09581,37.68464],[127.094288,37.683419],[127.094149,37.68308],[127.093392,37.68219],[127.092919,37.681552],[127.092967,37.681198],[127.092795,37.680045],[127.092531,37.679517],[127.092174,37.67921],[127.091947,37.67919],[127.091942,37.678693],[127.09219,37.67803],[127.092614,37.677475],[127.092968,37.677345],[127.09334,37.676884],[127.09353,37.676739],[127.093854,37.676659],[127.093886,37.676143],[127.094014,37.675797],[127.093963,37.675617],[127.094615,37.673536],[127.094919,37.673084],[127.095147,37.672891],[127.095751,37.672673],[127.096019,37.67185],[127.09572,37.671348],[127.095806,37.67116],[127.095749,37.67062],[127.096013,37.670079],[127.096447,37.669689],[127.096237,37.668829],[127.094979,37.6676],[127.094581,37.666172],[127.09468,37.664921],[127.095411,37.66389],[127.094142,37.663299],[127.093257,37.661974],[127.092174,37.660793],[127.091207,37.659335],[127.091132,37.658243],[127.091891,37.657435],[127.092352,37.655492],[127.092867,37.654454],[127.093066,37.653783],[127.093916,37.652962],[127.094008,37.652729],[127.094041,37.65254],[127.094,37.652295],[127.093725,37.651901],[127.093367,37.651227],[127.093346,37.65086],[127.093266,37.650618],[127.092466,37.64971],[127.092716,37.649346],[127.092637,37.648972],[127.092694,37.64858],[127.092917,37.648361],[127.093069,37.647838],[127.093673,37.647507],[127.093834,37.647322],[127.093632,37.646626],[127.094049,37.646111],[127.094475,37.64585],[127.094538,37.645506],[127.094381,37.644956],[127.09457,37.644571],[127.097559,37.643965],[127.098908,37.644034],[127.099773,37.644464],[127.101593,37.644772],[127.1028,37.645205],[127.102882,37.645409],[127.103867,37.645489],[127.103836,37.645556],[127.104027,37.645622],[127.104117,37.64548],[127.105312,37.645404],[127.105719,37.645396],[127.105806,37.645516],[127.106045,37.645389],[127.106576,37.645377],[127.107692,37.644967],[127.108006,37.64446],[127.109289,37.642859],[127.109898,37.642488],[127.110751,37.64273],[127.111155,37.642564],[127.111424,37.642087],[127.11143,37.641929],[127.111345,37.641497],[127.111615,37.641247],[127.111712,37.640798],[127.111821,37.640655],[127.111878,37.640662],[127.112217,37.64037],[127.11212,37.640302],[127.112286,37.640179],[127.112059,37.639814],[127.111729,37.639736],[127.111135,37.639944],[127.110566,37.639364],[127.110605,37.639248],[127.110549,37.639126],[127.11062,37.638737],[127.110756,37.638767],[127.110903,37.638262],[127.111558,37.638033],[127.111633,37.637977],[127.112082,37.637133],[127.112199,37.637143],[127.112229,37.637097],[127.112483,37.636489],[127.112348,37.636386],[127.112305,37.636427],[127.11223,37.63638],[127.112266,37.636324],[127.112213,37.636284],[127.112252,37.635564],[127.112549,37.635251],[127.112347,37.634757],[127.112407,37.634251],[127.111602,37.633849],[127.112203,37.632643],[127.111632,37.631503],[127.111371,37.631228],[127.110825,37.630782],[127.110153,37.630355],[127.108885,37.629302],[127.107025,37.628048],[127.105906,37.627595],[127.105964,37.627331],[127.105402,37.625728],[127.105015,37.625265],[127.104914,37.623982],[127.104328,37.623271],[127.104066,37.621653],[127.104909,37.621567],[127.104938,37.621417],[127.105383,37.620902],[127.105662,37.620416],[127.105556,37.620371],[127.105555,37.620397],[127.104925,37.620096],[127.104947,37.620044],[127.104917,37.620028],[127.103889,37.620035],[127.10367,37.619991],[127.104068,37.620118],[127.103812,37.620288],[127.103367,37.620278],[127.103205,37.620189],[127.101692,37.620025],[127.10179,37.619683],[127.101675,37.619472],[127.101167,37.619469],[127.100871,37.619404],[127.100802,37.619487],[127.099661,37.619912],[127.099584,37.620003],[127.099644,37.619892],[127.098817,37.620394],[127.098486,37.620203],[127.096651,37.619562],[127.096615,37.619433],[127.096195,37.61902],[127.095547,37.619174],[127.095001,37.619047],[127.094448,37.619006],[127.09364,37.618066],[127.093498,37.618098],[127.093382,37.618046],[127.093248,37.618053],[127.093216,37.618003],[127.092755,37.618151],[127.092331,37.618348],[127.091384,37.618959],[127.09087,37.619121],[127.090567,37.61929],[127.089751,37.619549],[127.089721,37.61952],[127.089452,37.619647],[127.088707,37.62024],[127.08835,37.619919],[127.088231,37.619875],[127.087945,37.619932],[127.087355,37.62015],[127.086961,37.620234],[127.086073,37.620292],[127.084948,37.620096],[127.083787,37.619778],[127.083839,37.61965],[127.083453,37.61957],[127.082828,37.619338],[127.082392,37.619354],[127.081947,37.619187],[127.081434,37.619159],[127.080994,37.618889],[127.080653,37.618496],[127.080075,37.618276],[127.080075,37.618724],[127.077696,37.617906],[127.077731,37.61787],[127.077571,37.617744],[127.077497,37.617831],[127.077536,37.617855],[127.076516,37.617501],[127.076529,37.617468],[127.076317,37.617433],[127.075541,37.617165],[127.075003,37.617126],[127.075031,37.61691],[127.074378,37.616741],[127.074159,37.616832],[127.071977,37.616474],[127.071958,37.616539],[127.071385,37.616403],[127.07118,37.61631],[127.071094,37.616208],[127.071107,37.615954],[127.070981,37.615824],[127.070091,37.615406],[127.069712,37.615724],[127.067613,37.615353],[127.065465,37.614901]]]}},{"type":"Feature","properties":{"code":"11120","name":"은평구","guCode":"11120","guName":"은평구","labelPoint":[126.926637,37.61748]},"geometry":{"type":"Polygon","coordinates":[[[126.912772,37.587057],[126.91244,37.586472],[126.911914,37.585823],[126.904117,37.578485],[126.90417,37.578745],[126.901866,37.576587],[126.90183,37.576546],[126.902635,37.57639],[126.902084,37.576005],[126.897149,37.579349],[126.888887,37.58465],[126.886722,37.586344],[126.885736,37.587176],[126.882031,37.590818],[126.882323,37.591127],[126.882682,37.591377],[126.883349,37.591788],[126.883575,37.591853],[126.884475,37.592892],[126.884936,37.593588],[126.885243,37.593893],[126.885316,37.593852],[126.885295,37.593804],[126.88541,37.593883],[126.885796,37.593954],[126.886365,37.593954],[126.886733,37.593807],[126.886846,37.593805],[126.887338,37.59392],[126.887182,37.593678],[126.886715,37.593173],[126.886563,37.592707],[126.88627,37.592309],[126.886215,37.592328],[126.886144,37.5921],[126.885769,37.591748],[126.885704,37.591652],[126.885743,37.591607],[126.885658,37.591479],[126.885598,37.591502],[126.885467,37.591105],[126.885489,37.59097],[126.88563,37.590905],[126.885714,37.590807],[126.885815,37.59002],[126.885881,37.589937],[126.885872,37.589807],[126.885786,37.589634],[126.885811,37.589654],[126.885908,37.589596],[126.885824,37.58953],[126.886558,37.589162],[126.887159,37.588533],[126.887323,37.588524],[126.887609,37.588667],[126.888344,37.588795],[126.888911,37.588785],[126.889253,37.588828],[126.889579,37.589132],[126.890225,37.588925],[126.890937,37.588567],[126.891444,37.588465],[126.891767,37.588531],[126.892236,37.588522],[126.893328,37.589067],[126.893841,37.589071],[126.894267,37.58882],[126.895231,37.588864],[126.895954,37.588734],[126.896414,37.588738],[126.896859,37.588567],[126.897573,37.588963],[126.897962,37.58909],[126.898082,37.589539],[126.899644,37.589817],[126.89975,37.589938],[126.899575,37.590673],[126.89971,37.590989],[126.899696,37.591362],[126.899566,37.59169],[126.898962,37.592678],[126.899299,37.592868],[126.899414,37.593142],[126.899778,37.593387],[126.900021,37.593832],[126.900355,37.594211],[126.90183,37.595141],[126.901784,37.595557],[126.901628,37.596],[126.901211,37.596302],[126.901201,37.596747],[126.901076,37.596937],[126.901012,37.597337],[126.901254,37.597909],[126.901171,37.598208],[126.901261,37.598489],[126.901323,37.599367],[126.901017,37.599873],[126.901012,37.600175],[126.900293,37.601233],[126.899982,37.60204],[126.900205,37.602568],[126.900153,37.603116],[126.900771,37.60337],[126.901307,37.603399],[126.902108,37.603742],[126.90203,37.604269],[126.901849,37.604622],[126.901823,37.604763],[126.901505,37.605357],[126.90175,37.605715],[126.901709,37.605739],[126.901743,37.605765],[126.901414,37.606191],[126.900776,37.608439],[126.900601,37.60932],[126.900705,37.610319],[126.900304,37.611191],[126.900962,37.61235],[126.900913,37.612725],[126.901734,37.614069],[126.901799,37.61447],[126.901729,37.614776],[126.901917,37.615093],[126.901823,37.615754],[126.902149,37.61637],[126.902473,37.616666],[126.902478,37.616899],[126.903126,37.617304],[126.903008,37.617786],[126.903052,37.618094],[126.90334,37.618306],[126.903361,37.618839],[126.903729,37.618798],[126.904274,37.618831],[126.905231,37.619075],[126.905189,37.619814],[126.905558,37.620623],[126.906278,37.621352],[126.907117,37.621941],[126.90714,37.622547],[126.9071,37.623007],[126.907143,37.623313],[126.907,37.623937],[126.906749,37.624242],[126.906627,37.624496],[126.90744,37.625094],[126.90779,37.625502],[126.908396,37.625992],[126.908611,37.626266],[126.908903,37.627459],[126.908802,37.629088],[126.90877,37.629328],[126.908382,37.629994],[126.908118,37.630061],[126.907294,37.630867],[126.906929,37.631804],[126.906757,37.632736],[126.906202,37.63322],[126.907096,37.633398],[126.908113,37.63383],[126.909122,37.634333],[126.909807,37.634942],[126.910854,37.635317],[126.91121,37.635906],[126.910316,37.637913],[126.910092,37.638509],[126.910892,37.640284],[126.911151,37.640979],[126.912175,37.644142],[126.91228,37.644315],[126.911775,37.644495],[126.911185,37.644764],[126.910141,37.645077],[126.910141,37.645131],[126.909915,37.645255],[126.909441,37.645426],[126.908777,37.64581],[126.907705,37.64629],[126.907292,37.646945],[126.905625,37.648481],[126.90481,37.649128],[126.904802,37.649201],[126.905165,37.648969],[126.905541,37.64889],[126.906094,37.64863],[126.906926,37.648165],[126.906915,37.648132],[126.907109,37.648064],[126.907659,37.647674],[126.908414,37.647257],[126.908635,37.647416],[126.909727,37.646878],[126.910436,37.646279],[126.910863,37.646011],[126.911314,37.645822],[126.911946,37.645366],[126.912328,37.645177],[126.913399,37.644996],[126.913721,37.644756],[126.914607,37.644909],[126.915189,37.645116],[126.917342,37.645258],[126.921471,37.645782],[126.922862,37.645878],[126.923395,37.645944],[126.924123,37.646106],[126.925481,37.646991],[126.926581,37.647767],[126.927134,37.648103],[126.927992,37.648888],[126.929118,37.649666],[126.929281,37.649835],[126.929699,37.650048],[126.930285,37.650225],[126.930863,37.650301],[126.931431,37.650331],[126.931901,37.650231],[126.932158,37.650306],[126.932221,37.650387],[126.93389,37.650725],[126.935267,37.651061],[126.935706,37.651203],[126.936137,37.651486],[126.937163,37.652316],[126.937425,37.652691],[126.93774,37.653447],[126.938151,37.654122],[126.93846,37.654771],[126.93881,37.655276],[126.939666,37.656241],[126.940335,37.656768],[126.9421,37.657722],[126.942697,37.657919],[126.943338,37.658059],[126.944123,37.658116],[126.945023,37.658325],[126.946426,37.658756],[126.947565,37.659215],[126.947755,37.658923],[126.947967,37.658708],[126.948002,37.658572],[126.94792,37.658285],[126.947885,37.65829],[126.947858,37.658235],[126.947943,37.658202],[126.947965,37.658157],[126.947908,37.658121],[126.948008,37.658069],[126.948038,37.657892],[126.947992,37.657711],[126.947758,37.657281],[126.947882,37.657126],[126.948833,37.656974],[126.949203,37.65677],[126.94949,37.656247],[126.949791,37.655912],[126.950405,37.655692],[126.950773,37.655486],[126.951053,37.655197],[126.951376,37.65495],[126.95186,37.654865],[126.952315,37.654916],[126.95321,37.654933],[126.953359,37.654968],[126.953946,37.655297],[126.954194,37.655211],[126.954032,37.655076],[126.954037,37.654982],[126.954352,37.654595],[126.954898,37.654461],[126.955236,37.654314],[126.955321,37.654224],[126.955424,37.653898],[126.955535,37.653778],[126.955714,37.653682],[126.955851,37.653662],[126.956163,37.653361],[126.956532,37.65317],[126.956412,37.65317],[126.957108,37.652837],[126.95746,37.651872],[126.957685,37.65071],[126.957789,37.649809],[126.957562,37.649042],[126.957855,37.648446],[126.957839,37.648048],[126.958377,37.64765],[126.959027,37.646783],[126.95892,37.646137],[126.959146,37.64575],[126.958907,37.64476],[126.959122,37.644346],[126.95902,37.643879],[126.959365,37.6432],[126.959268,37.642133],[126.959971,37.641462],[126.960132,37.640538],[126.96051,37.639831],[126.960862,37.638755],[126.961603,37.637989],[126.961604,37.637117],[126.962541,37.635819],[126.963329,37.633245],[126.961619,37.631888],[126.959798,37.62973],[126.958814,37.629589],[126.957446,37.629159],[126.956713,37.628621],[126.956346,37.628207],[126.955565,37.628283],[126.955179,37.628162],[126.954015,37.627362],[126.953506,37.627378],[126.952754,37.627056],[126.952024,37.626873],[126.951605,37.626545],[126.950454,37.626418],[126.949,37.624335],[126.948898,37.623263],[126.949227,37.622358],[126.949889,37.620901],[126.949929,37.620614],[126.949911,37.619921],[126.949838,37.619584],[126.949854,37.618762],[126.950155,37.617655],[126.95047,37.616099],[126.950724,37.615538],[126.950592,37.615137],[126.950797,37.613849],[126.950732,37.613528],[126.950478,37.61287],[126.949829,37.611656],[126.950377,37.610625],[126.949644,37.610267],[126.949058,37.609816],[126.948842,37.609471],[126.94868,37.609043],[126.948164,37.608634],[126.946998,37.608139],[126.94618,37.607404],[126.945355,37.606962],[126.944163,37.606485],[126.944163,37.606313],[126.943813,37.606313],[126.943708,37.60624],[126.943672,37.60506],[126.942138,37.604958],[126.941237,37.603149],[126.939972,37.603095],[126.939814,37.602781],[126.939846,37.601867],[126.940099,37.601793],[126.940377,37.60157],[126.941093,37.601121],[126.941403,37.600657],[126.94108,37.599554],[126.940883,37.598697],[126.939675,37.597952],[126.938724,37.597504],[126.938642,37.597502],[126.937542,37.597868],[126.93671,37.597625],[126.934538,37.596615],[126.933839,37.596628],[126.932795,37.596298],[126.932207,37.595787],[126.931585,37.595392],[126.931315,37.595016],[126.930231,37.594535],[126.930378,37.59432],[126.929965,37.594165],[126.929323,37.593325],[126.928825,37.592846],[126.928539,37.592237],[126.927762,37.591571],[126.927977,37.59103],[126.927658,37.59051],[126.927947,37.589924],[126.927621,37.589389],[126.927757,37.588876],[126.928009,37.588385],[126.927738,37.588064],[126.926314,37.587266],[126.92572,37.587148],[126.925066,37.58724],[126.924474,37.587217],[126.923821,37.587095],[126.923641,37.58616],[126.922764,37.585558],[126.922737,37.585582],[126.922844,37.585385],[126.92273,37.585229],[126.922411,37.585335],[126.922211,37.585045],[126.921851,37.584696],[126.921893,37.58465],[126.921873,37.584614],[126.922002,37.584079],[126.921946,37.584009],[126.921943,37.583936],[126.921887,37.583935],[126.921777,37.583781],[126.921699,37.583761],[126.92176,37.583458],[126.921165,37.583318],[126.920859,37.582939],[126.920254,37.582957],[126.920169,37.583031],[126.920106,37.583021],[126.920074,37.583113],[126.919948,37.583224],[126.919776,37.583186],[126.91974,37.583267],[126.919664,37.583249],[126.919641,37.58328],[126.919482,37.583228],[126.919292,37.58328],[126.919301,37.583328],[126.918971,37.583403],[126.918888,37.58338],[126.918858,37.583316],[126.918688,37.583369],[126.917965,37.583305],[126.917873,37.583258],[126.917754,37.583282],[126.917662,37.583243],[126.917615,37.583246],[126.91761,37.583283],[126.917233,37.583342],[126.917196,37.583267],[126.915937,37.583095],[126.915893,37.58343],[126.91573,37.58345],[126.915743,37.583824],[126.915706,37.583888],[126.91576,37.58397],[126.915534,37.584224],[126.915665,37.584312],[126.91568,37.58436],[126.915606,37.584433],[126.915726,37.58452],[126.915572,37.584735],[126.915747,37.584831],[126.915683,37.584981],[126.916014,37.585297],[126.916267,37.585657],[126.916164,37.585732],[126.916015,37.585615],[126.91531,37.585415],[126.915698,37.58598],[126.912844,37.587222],[126.912772,37.587057]]]}},{"type":"Feature","properties":{"code":"11130","name":"서대문구","guCode":"11130","guName":"서대문구","labelPoint":[126.93315,37.582752]},"geometry":{"type":"Polygon","coordinates":[[[126.948837,37.556984],[126.941372,37.556548],[126.940769,37.556398],[126.936857,37.555099],[126.926594,37.558849],[126.926672,37.560656],[126.926659,37.560628],[126.926721,37.560967],[126.926848,37.561281],[126.927181,37.561788],[126.927357,37.561781],[126.927938,37.562577],[126.928253,37.563042],[126.928227,37.563057],[126.928304,37.563057],[126.928135,37.563127],[126.928282,37.563332],[126.926014,37.565105],[126.925303,37.565452],[126.924734,37.565674],[126.923581,37.565999],[126.92156,37.566443],[126.920176,37.566637],[126.918438,37.567116],[126.917241,37.567645],[126.915738,37.568247],[126.913671,37.569197],[126.913699,37.569237],[126.91354,37.569331],[126.913484,37.569289],[126.911629,37.570192],[126.909087,37.571283],[126.908559,37.571568],[126.907973,37.571957],[126.906667,37.57296],[126.906288,37.573201],[126.906319,37.573234],[126.906241,37.573232],[126.90208,37.576006],[126.902635,37.57639],[126.90183,37.576546],[126.90417,37.578745],[126.904117,37.578485],[126.911914,37.585823],[126.91248,37.586531],[126.912844,37.587222],[126.915698,37.58598],[126.91531,37.585415],[126.916015,37.585615],[126.916164,37.585732],[126.916267,37.585657],[126.916014,37.585297],[126.915683,37.584981],[126.915747,37.584831],[126.915572,37.584735],[126.915726,37.58452],[126.915606,37.584433],[126.91568,37.58436],[126.915665,37.584312],[126.915534,37.584224],[126.91576,37.58397],[126.915706,37.583888],[126.915743,37.583824],[126.91573,37.58345],[126.915893,37.58343],[126.915937,37.583095],[126.917196,37.583267],[126.917233,37.583342],[126.91761,37.583283],[126.917615,37.583246],[126.917662,37.583243],[126.917754,37.583282],[126.917873,37.583258],[126.917965,37.583305],[126.918688,37.583369],[126.918858,37.583316],[126.918888,37.58338],[126.918971,37.583403],[126.919301,37.583328],[126.919292,37.58328],[126.919482,37.583228],[126.919641,37.58328],[126.919664,37.583249],[126.91974,37.583267],[126.919776,37.583186],[126.919948,37.583224],[126.920074,37.583113],[126.920106,37.583021],[126.920169,37.583031],[126.920254,37.582957],[126.920859,37.582939],[126.921165,37.583318],[126.92176,37.583458],[126.921699,37.583761],[126.921777,37.583781],[126.921887,37.583935],[126.921943,37.583936],[126.921946,37.584009],[126.922002,37.584079],[126.921873,37.584614],[126.921893,37.58465],[126.921851,37.584696],[126.922211,37.585045],[126.922411,37.585335],[126.92273,37.585229],[126.922844,37.585385],[126.922737,37.585582],[126.922764,37.585558],[126.923641,37.58616],[126.923821,37.587095],[126.924474,37.587217],[126.925066,37.58724],[126.92572,37.587148],[126.926314,37.587266],[126.927738,37.588064],[126.928009,37.588385],[126.927757,37.588876],[126.927621,37.589389],[126.927947,37.589924],[126.927658,37.59051],[126.927977,37.59103],[126.927762,37.591571],[126.928539,37.592237],[126.928825,37.592846],[126.929323,37.593325],[126.929965,37.594165],[126.930378,37.59432],[126.930231,37.594535],[126.931315,37.595016],[126.931585,37.595392],[126.932207,37.595787],[126.932795,37.596298],[126.933839,37.596628],[126.934538,37.596615],[126.93671,37.597625],[126.937542,37.597868],[126.938642,37.597502],[126.938724,37.597504],[126.939675,37.597952],[126.940883,37.598697],[126.94108,37.599554],[126.941403,37.600657],[126.941093,37.601121],[126.940377,37.60157],[126.940099,37.601793],[126.939846,37.601867],[126.939814,37.602781],[126.939972,37.603095],[126.941237,37.603149],[126.942138,37.604958],[126.943672,37.60506],[126.943708,37.60624],[126.943813,37.606313],[126.944163,37.606313],[126.944163,37.606485],[126.945355,37.606962],[126.94618,37.607404],[126.946998,37.608139],[126.948164,37.608634],[126.94868,37.609043],[126.948842,37.609471],[126.949058,37.609816],[126.949644,37.610267],[126.950363,37.610623],[126.950338,37.609093],[126.950504,37.608862],[126.950565,37.60836],[126.951411,37.608017],[126.951701,37.607391],[126.952204,37.606888],[126.952547,37.606653],[126.952665,37.606336],[126.952695,37.605909],[126.953076,37.605502],[126.954042,37.605073],[126.953969,37.60488],[126.953567,37.604479],[126.953415,37.604215],[126.953275,37.603663],[126.952706,37.602895],[126.95267,37.602713],[126.952375,37.602476],[126.952451,37.602318],[126.952495,37.601999],[126.95255,37.601887],[126.952469,37.601623],[126.952597,37.601229],[126.952888,37.60085],[126.952904,37.600711],[126.95323,37.600436],[126.953362,37.600168],[126.953321,37.599767],[126.953378,37.599643],[126.95338,37.599531],[126.953299,37.599365],[126.953046,37.599074],[126.953011,37.598936],[126.953061,37.598759],[126.953237,37.598595],[126.953508,37.598579],[126.953841,37.598673],[126.953922,37.59877],[126.953943,37.598862],[126.954032,37.598916],[126.954141,37.599098],[126.954201,37.599084],[126.954881,37.599309],[126.955411,37.599274],[126.955493,37.599217],[126.956175,37.599011],[126.956683,37.598753],[126.956708,37.598796],[126.956781,37.598747],[126.956737,37.59869],[126.956747,37.598575],[126.957308,37.598531],[126.957714,37.598367],[126.958042,37.598156],[126.958268,37.597789],[126.958398,37.597143],[126.95853,37.596722],[126.9587,37.59639],[126.958637,37.59587],[126.959033,37.595059],[126.959024,37.594797],[126.95883,37.594577],[126.958649,37.594478],[126.958526,37.594186],[126.958087,37.593957],[126.957508,37.593547],[126.957498,37.593078],[126.957798,37.592574],[126.957827,37.59146],[126.95749,37.590078],[126.957467,37.589489],[126.95733,37.588723],[126.957486,37.587957],[126.957374,37.587077],[126.957472,37.586047],[126.957854,37.585006],[126.957767,37.584972],[126.957997,37.584442],[126.957999,37.584125],[126.957662,37.583173],[126.957604,37.582881],[126.957696,37.582623],[126.957573,37.582303],[126.957642,37.582045],[126.957924,37.581539],[126.95802,37.581461],[126.95816,37.58117],[126.958173,37.580985],[126.958031,37.580736],[126.957791,37.580587],[126.957303,37.580444],[126.957224,37.580351],[126.957202,37.579819],[126.955678,37.579684],[126.955231,37.579426],[126.955107,37.579296],[126.95398,37.578955],[126.95363,37.578818],[126.953558,37.578749],[126.954672,37.577509],[126.954706,37.577399],[126.954907,37.577141],[126.954957,37.577144],[126.954879,37.577235],[126.954915,37.577309],[126.955463,37.576549],[126.955634,37.576595],[126.956373,37.575681],[126.958338,37.574098],[126.960375,37.572083],[126.964,37.568632],[126.965409,37.567072],[126.966699,37.56582],[126.967563,37.564877],[126.968685,37.563338],[126.968839,37.563123],[126.969463,37.561976],[126.967441,37.561508],[126.966834,37.561273],[126.96558,37.560365],[126.963983,37.559462],[126.963304,37.559214],[126.96168,37.559028],[126.961646,37.55909],[126.961569,37.559013],[126.96112,37.558805],[126.960856,37.558638],[126.960816,37.558586],[126.960857,37.558552],[126.960777,37.55843],[126.96011,37.557715],[126.959719,37.55758],[126.959679,37.557691],[126.959133,37.557243],[126.956192,37.557407],[126.948837,37.556984]]]}},{"type":"Feature","properties":{"code":"11140","name":"마포구","guCode":"11140","guName":"마포구","labelPoint":[126.897984,37.562298]},"geometry":{"type":"Polygon","coordinates":[[[126.91677,37.541426],[126.904831,37.541417],[126.903802,37.542635],[126.902191,37.544128],[126.901818,37.545034],[126.898943,37.548008],[126.894684,37.549393],[126.888257,37.552214],[126.886825,37.55309],[126.884388,37.554285],[126.873043,37.560049],[126.868951,37.562019],[126.866291,37.563053],[126.863825,37.56449],[126.858662,37.567777],[126.856071,37.569443],[126.85502,37.570258],[126.853632,37.571791],[126.853629,37.573799],[126.859286,37.574915],[126.859294,37.575241],[126.863416,37.576869],[126.863245,37.576975],[126.863412,37.577165],[126.863731,37.576992],[126.864941,37.577472],[126.868379,37.577521],[126.870601,37.578008],[126.873915,37.578281],[126.875195,37.578274],[126.87626,37.578185],[126.876259,37.578963],[126.876388,37.578983],[126.877076,37.578903],[126.877427,37.579363],[126.877632,37.579748],[126.877367,37.580115],[126.877455,37.580261],[126.877477,37.580383],[126.877418,37.58064],[126.876663,37.58126],[126.876625,37.581376],[126.876671,37.581633],[126.87705,37.582206],[126.877098,37.582893],[126.876996,37.583216],[126.876988,37.583388],[126.877251,37.583774],[126.877331,37.584048],[126.877294,37.584174],[126.877165,37.584238],[126.876974,37.584239],[126.876779,37.584146],[126.876623,37.584165],[126.876562,37.584245],[126.876538,37.58444],[126.876746,37.584637],[126.877087,37.584827],[126.877193,37.584936],[126.877247,37.58512],[126.877266,37.585572],[126.877542,37.586247],[126.878465,37.586369],[126.878872,37.586562],[126.879133,37.586772],[126.879264,37.587188],[126.879323,37.587584],[126.879437,37.587875],[126.880045,37.589066],[126.880349,37.589506],[126.880755,37.589828],[126.881724,37.590349],[126.881986,37.59054],[126.881887,37.590639],[126.882056,37.590792],[126.885736,37.587176],[126.886722,37.586344],[126.888887,37.58465],[126.897694,37.578987],[126.903221,37.575231],[126.906241,37.573232],[126.906319,37.573234],[126.906288,37.573201],[126.906667,37.57296],[126.907973,37.571957],[126.908559,37.571568],[126.909087,37.571283],[126.911629,37.570192],[126.913484,37.569289],[126.91354,37.569331],[126.913699,37.569237],[126.913671,37.569197],[126.915738,37.568247],[126.917241,37.567645],[126.918438,37.567116],[126.920176,37.566637],[126.92156,37.566443],[126.923581,37.565999],[126.924734,37.565674],[126.925303,37.565452],[126.926014,37.565105],[126.928282,37.563332],[126.928135,37.563127],[126.928304,37.563057],[126.928227,37.563057],[126.928253,37.563042],[126.927938,37.562577],[126.927357,37.561781],[126.927181,37.561788],[126.926848,37.561281],[126.926721,37.560967],[126.926659,37.560628],[126.926672,37.560656],[126.926594,37.558849],[126.936857,37.555099],[126.940769,37.556398],[126.941372,37.556548],[126.956175,37.557407],[126.959133,37.557243],[126.959679,37.557691],[126.959719,37.55758],[126.96011,37.557715],[126.960777,37.55843],[126.960857,37.558552],[126.960816,37.558586],[126.960856,37.558638],[126.96112,37.558805],[126.961569,37.559013],[126.961646,37.55909],[126.961747,37.558812],[126.961564,37.558628],[126.961608,37.55845],[126.961572,37.55842],[126.962075,37.558453],[126.962813,37.558066],[126.962851,37.558134],[126.963096,37.558216],[126.96305,37.558031],[126.963053,37.557414],[126.963221,37.557317],[126.963414,37.556997],[126.963442,37.55685],[126.963363,37.556684],[126.963156,37.556532],[126.96293,37.556227],[126.96279,37.55611],[126.96275,37.556012],[126.962474,37.555911],[126.962368,37.555709],[126.962143,37.555538],[126.962065,37.555402],[126.962116,37.555376],[126.96202,37.555129],[126.961999,37.555241],[126.96194,37.555123],[126.961736,37.554987],[126.961726,37.554779],[126.961904,37.55441],[126.961973,37.554136],[126.961869,37.554133],[126.961626,37.553366],[126.96183,37.553336],[126.961882,37.553551],[126.961914,37.553556],[126.961953,37.553865],[126.962053,37.553848],[126.96231,37.55277],[126.962327,37.55199],[126.962288,37.55189],[126.962406,37.551592],[126.962329,37.551539],[126.962453,37.551339],[126.962836,37.55102],[126.963186,37.550659],[126.963236,37.550563],[126.963233,37.55046],[126.963394,37.550343],[126.963365,37.550313],[126.963504,37.550195],[126.963479,37.550126],[126.963543,37.550049],[126.963549,37.549947],[126.96373,37.549892],[126.96376,37.549869],[126.963736,37.54982],[126.963825,37.549827],[126.963886,37.549742],[126.963965,37.549721],[126.963941,37.549658],[126.963864,37.549673],[126.963696,37.549258],[126.963733,37.548859],[126.963672,37.548775],[126.963338,37.548638],[126.963196,37.548654],[126.963195,37.548686],[126.96294,37.548684],[126.962936,37.548787],[126.962687,37.54879],[126.962679,37.548715],[126.962639,37.548716],[126.962621,37.548764],[126.962497,37.548777],[126.96245,37.54872],[126.962454,37.548636],[126.961993,37.548594],[126.961999,37.548461],[126.962201,37.548459],[126.962209,37.548349],[126.961728,37.548308],[126.961747,37.548151],[126.961991,37.547893],[126.961767,37.547665],[126.961771,37.547602],[126.961432,37.547544],[126.961384,37.547651],[126.961103,37.547612],[126.961109,37.547508],[126.961311,37.547535],[126.961101,37.547435],[126.961262,37.547326],[126.961093,37.547154],[126.960915,37.547237],[126.960743,37.547035],[126.960668,37.54683],[126.960485,37.546845],[126.960475,37.546709],[126.960335,37.546707],[126.960364,37.546554],[126.96026,37.546542],[126.96028,37.546429],[126.960111,37.546356],[126.960044,37.546159],[126.960052,37.546066],[126.959533,37.545973],[126.959416,37.546016],[126.959323,37.545989],[126.959303,37.546023],[126.959292,37.545978],[126.959098,37.545899],[126.959122,37.545889],[126.958971,37.545745],[126.958719,37.545686],[126.958415,37.545504],[126.958256,37.545535],[126.958204,37.545427],[126.957919,37.545496],[126.957907,37.545336],[126.957811,37.545218],[126.957911,37.545188],[126.957849,37.545053],[126.957948,37.545016],[126.957912,37.544928],[126.95804,37.544598],[126.95793,37.544395],[126.957972,37.544374],[126.957617,37.544236],[126.957518,37.544006],[126.957458,37.544006],[126.957458,37.543944],[126.957513,37.543916],[126.95748,37.543887],[126.957592,37.543762],[126.957521,37.543627],[126.957567,37.54358],[126.9574,37.543387],[126.957453,37.543361],[126.957414,37.543302],[126.957497,37.543247],[126.957425,37.543166],[126.957625,37.542973],[126.958078,37.542917],[126.95835,37.542759],[126.958233,37.54256],[126.958143,37.542493],[126.95816,37.542428],[126.958046,37.5424],[126.958066,37.542328],[126.957961,37.542291],[126.957979,37.542226],[126.957914,37.54223],[126.957877,37.542098],[126.957308,37.541869],[126.956979,37.541637],[126.95685,37.541137],[126.956709,37.540868],[126.956518,37.540703],[126.956659,37.540594],[126.956262,37.540126],[126.956066,37.539965],[126.955734,37.539471],[126.955185,37.539185],[126.954323,37.539014],[126.954068,37.538906],[126.953651,37.538335],[126.953441,37.537644],[126.953356,37.537493],[126.953291,37.53751],[126.953156,37.537409],[126.953178,37.537393],[126.952114,37.536777],[126.951548,37.536537],[126.951464,37.536392],[126.951284,37.536286],[126.950603,37.5361],[126.949909,37.536049],[126.948997,37.535754],[126.948902,37.535627],[126.948786,37.535581],[126.948408,37.535595],[126.948281,37.535654],[126.947845,37.535616],[126.947718,37.53566],[126.947586,37.535834],[126.947482,37.535825],[126.947385,37.535384],[126.947479,37.535309],[126.947381,37.535223],[126.947184,37.535371],[126.946518,37.535579],[126.946415,37.535739],[126.946277,37.535691],[126.945922,37.53549],[126.94565,37.535269],[126.945442,37.535182],[126.945566,37.534984],[126.945094,37.534962],[126.944819,37.534522],[126.944932,37.534315],[126.944931,37.534235],[126.94459,37.533786],[126.944218,37.534239],[126.938558,37.537835],[126.932898,37.540531],[126.930338,37.541363],[126.927665,37.539076],[126.927282,37.539135],[126.9271,37.539035],[126.92618,37.539284],[126.925864,37.539458],[126.925368,37.539625],[126.924859,37.539769],[126.924823,37.539744],[126.923076,37.540455],[126.922834,37.540619],[126.922414,37.54143],[126.91677,37.541426]]]}},{"type":"Feature","properties":{"code":"11150","name":"양천구","guCode":"11150","guName":"양천구","labelPoint":[126.861964,37.526918]},"geometry":{"type":"Polygon","coordinates":[[[126.858219,37.50984],[126.857155,37.509601],[126.85717,37.509562],[126.856074,37.509252],[126.856139,37.509099],[126.855998,37.509016],[126.855687,37.508968],[126.85518,37.509674],[126.853179,37.510492],[126.852907,37.510643],[126.852552,37.510443],[126.852197,37.510425],[126.851382,37.510056],[126.850751,37.509975],[126.850113,37.510092],[126.849517,37.509558],[126.849093,37.509006],[126.848732,37.50882],[126.847903,37.509165],[126.847591,37.509384],[126.84727,37.509524],[126.846983,37.509387],[126.846655,37.509084],[126.846258,37.508968],[126.846194,37.508461],[126.84623,37.508376],[126.846191,37.508288],[126.845283,37.507969],[126.845346,37.507813],[126.845159,37.507784],[126.845035,37.507595],[126.844835,37.507401],[126.844533,37.506758],[126.844359,37.506537],[126.84468,37.505755],[126.844505,37.505723],[126.844494,37.505792],[126.844414,37.505701],[126.844422,37.505658],[126.843571,37.505789],[126.842724,37.505462],[126.84245,37.505449],[126.842133,37.505631],[126.841182,37.50582],[126.840762,37.506016],[126.840637,37.505827],[126.840508,37.505484],[126.840111,37.505383],[126.83998,37.504873],[126.83958,37.504458],[126.839293,37.504399],[126.838804,37.504499],[126.838402,37.504353],[126.838176,37.503796],[126.837861,37.503496],[126.837502,37.503242],[126.836898,37.503284],[126.836454,37.503029],[126.835304,37.502816],[126.833982,37.503356],[126.833635,37.503877],[126.833067,37.504034],[126.832976,37.504225],[126.832061,37.504619],[126.831649,37.505082],[126.831538,37.505448],[126.831262,37.505717],[126.83123,37.505865],[126.830615,37.506313],[126.83066,37.506871],[126.831018,37.507829],[126.831014,37.507977],[126.830649,37.508167],[126.830324,37.508248],[126.829898,37.508317],[126.82955,37.508293],[126.829347,37.508415],[126.828155,37.508775],[126.82774,37.508735],[126.826922,37.508491],[126.82646,37.50875],[126.826274,37.508768],[126.824694,37.508321],[126.82408,37.508876],[126.823904,37.509095],[126.824183,37.509679],[126.824345,37.510226],[126.82406,37.510481],[126.823857,37.510875],[126.824147,37.51244],[126.824408,37.513177],[126.824299,37.513668],[126.824256,37.514468],[126.823796,37.514664],[126.823401,37.514953],[126.823105,37.51622],[126.824496,37.517715],[126.824592,37.518046],[126.825139,37.519072],[126.825617,37.52008],[126.825654,37.52103],[126.825542,37.521451],[126.825589,37.521752],[126.82548,37.521753],[126.825661,37.522235],[126.825196,37.522808],[126.825137,37.523005],[126.825163,37.523055],[126.825821,37.523708],[126.826126,37.524295],[126.826479,37.524762],[126.826507,37.524932],[126.82675,37.525128],[126.827309,37.525276],[126.827959,37.525688],[126.828149,37.525833],[126.828146,37.526117],[126.828259,37.5263],[126.828837,37.526515],[126.828428,37.526702],[126.827939,37.528003],[126.827875,37.528364],[126.828214,37.529029],[126.827574,37.529364],[126.82707,37.529708],[126.826247,37.529826],[126.825558,37.529847],[126.825313,37.529959],[126.824735,37.5306],[126.824579,37.531217],[126.824218,37.531612],[126.824134,37.531646],[126.823961,37.531811],[126.823866,37.532061],[126.823431,37.532616],[126.823496,37.532947],[126.823475,37.533447],[126.823553,37.533763],[126.823281,37.533807],[126.822703,37.533755],[126.822623,37.534201],[126.821868,37.534903],[126.822434,37.536543],[126.822342,37.53698],[126.822334,37.537992],[126.821591,37.539712],[126.822054,37.540661],[126.822232,37.540688],[126.824148,37.541376],[126.824427,37.541378],[126.825427,37.541707],[126.825314,37.542058],[126.82607,37.542956],[126.825895,37.543575],[126.825628,37.543898],[126.825679,37.54423],[126.825962,37.544863],[126.826207,37.545152],[126.826555,37.545391],[126.826755,37.545801],[126.826959,37.545966],[126.827035,37.54656],[126.827094,37.546712],[126.827415,37.5469],[126.827384,37.547209],[126.827438,37.547448],[126.827625,37.547694],[126.827974,37.547551],[126.829763,37.547736],[126.829846,37.547171],[126.82995,37.546922],[126.82996,37.546555],[126.830092,37.546429],[126.830127,37.546198],[126.830238,37.546178],[126.830474,37.54578],[126.830443,37.545487],[126.830135,37.544942],[126.829965,37.544395],[126.829865,37.544438],[126.829754,37.544288],[126.829716,37.543726],[126.830249,37.542628],[126.830028,37.542599],[126.829985,37.541656],[126.83031,37.541482],[126.830544,37.541759],[126.832682,37.541832],[126.832737,37.5418],[126.833116,37.541851],[126.833734,37.539842],[126.834034,37.539406],[126.83516,37.537532],[126.835214,37.537126],[126.835111,37.536729],[126.834418,37.536452],[126.840484,37.526481],[126.848879,37.527898],[126.863977,37.529786],[126.86344,37.536104],[126.863786,37.540396],[126.863777,37.540711],[126.863671,37.541095],[126.863394,37.541614],[126.863522,37.541718],[126.862897,37.542518],[126.862276,37.543656],[126.862164,37.543922],[126.86211,37.544355],[126.862448,37.545564],[126.864203,37.55115],[126.864463,37.551241],[126.865809,37.550609],[126.870255,37.547945],[126.870808,37.547656],[126.871596,37.547342],[126.872644,37.547072],[126.873295,37.546978],[126.874175,37.546935],[126.877959,37.547099],[126.880256,37.547736],[126.879923,37.54814],[126.88038,37.548209],[126.880664,37.548196],[126.881252,37.547649],[126.881699,37.54713],[126.882135,37.546725],[126.882303,37.546491],[126.882362,37.546306],[126.882524,37.546032],[126.882746,37.545755],[126.883615,37.545072],[126.884092,37.544637],[126.884196,37.544483],[126.88424,37.544319],[126.884245,37.543565],[126.884436,37.543385],[126.884675,37.543346],[126.884714,37.543286],[126.885086,37.543305],[126.885423,37.542307],[126.885449,37.541839],[126.88551,37.541549],[126.886214,37.539926],[126.886718,37.539023],[126.88683,37.538832],[126.887067,37.538615],[126.887639,37.537564],[126.888489,37.536375],[126.888793,37.536114],[126.889616,37.535273],[126.889895,37.534837],[126.890101,37.534369],[126.890133,37.534079],[126.89,37.533655],[126.889768,37.533379],[126.888659,37.532808],[126.888481,37.532551],[126.888515,37.532217],[126.888564,37.532123],[126.888708,37.53201],[126.888924,37.531913],[126.890224,37.531849],[126.890648,37.531613],[126.889652,37.530236],[126.889548,37.530014],[126.889371,37.530194],[126.888943,37.530354],[126.888467,37.53043],[126.888125,37.530432],[126.887687,37.530375],[126.88715,37.530182],[126.885999,37.529448],[126.885215,37.529191],[126.884177,37.528668],[126.883918,37.528408],[126.883887,37.527909],[126.883732,37.527555],[126.883627,37.527441],[126.883346,37.527281],[126.883112,37.527224],[126.882718,37.527238],[126.881911,37.527618],[126.881347,37.527762],[126.881179,37.527781],[126.880802,37.527631],[126.880677,37.527538],[126.880605,37.527401],[126.880622,37.527267],[126.880674,37.527134],[126.881173,37.526545],[126.881184,37.526349],[126.881128,37.526143],[126.880941,37.525911],[126.880709,37.52578],[126.880545,37.525745],[126.879285,37.525715],[126.879049,37.525601],[126.878754,37.525355],[126.878609,37.525069],[126.878614,37.524684],[126.87886,37.524088],[126.878917,37.523678],[126.87889,37.523147],[126.878924,37.522918],[126.879057,37.522538],[126.879002,37.522457],[126.879154,37.522162],[126.879279,37.521658],[126.879429,37.520505],[126.8794,37.520364],[126.879104,37.520023],[126.878571,37.519709],[126.878351,37.519486],[126.8782,37.519096],[126.878196,37.518779],[126.878425,37.518246],[126.87874,37.517942],[126.879449,37.517764],[126.879547,37.517696],[126.879546,37.517656],[126.879422,37.517528],[126.879291,37.517515],[126.878743,37.517654],[126.878581,37.517627],[126.878478,37.517531],[126.878469,37.517386],[126.878655,37.517183],[126.878905,37.51707],[126.878957,37.516931],[126.878604,37.516513],[126.878334,37.516318],[126.87807,37.516223],[126.877492,37.516175],[126.877325,37.516035],[126.877307,37.515966],[126.877379,37.515815],[126.87771,37.515629],[126.877775,37.515555],[126.877797,37.515437],[126.877724,37.515356],[126.877664,37.515108],[126.877581,37.515025],[126.877515,37.514673],[126.877661,37.513806],[126.877859,37.513561],[126.877942,37.513377],[126.877912,37.513328],[126.877812,37.513273],[126.877734,37.513282],[126.877483,37.513584],[126.877261,37.513717],[126.876959,37.513746],[126.876651,37.513671],[126.876501,37.513548],[126.876387,37.513291],[126.876452,37.51292],[126.876333,37.512682],[126.876104,37.51241],[126.875734,37.512192],[126.875598,37.512167],[126.875324,37.512245],[126.875181,37.512447],[126.875125,37.512383],[126.8751,37.512418],[126.873997,37.511297],[126.874002,37.510807],[126.874035,37.510771],[126.874188,37.510654],[126.874311,37.510616],[126.874524,37.510632],[126.874672,37.510687],[126.874904,37.510899],[126.874964,37.511153],[126.874863,37.51141],[126.874866,37.511639],[126.875068,37.511801],[126.875199,37.51179],[126.875345,37.511737],[126.875459,37.511642],[126.875575,37.511453],[126.875837,37.511295],[126.87604,37.511228],[126.876566,37.511153],[126.876731,37.511026],[126.876845,37.510849],[126.876725,37.510678],[126.876644,37.510626],[126.876518,37.510627],[126.876437,37.510653],[126.876219,37.510985],[126.876115,37.511054],[126.875759,37.511145],[126.875522,37.511078],[126.875414,37.510996],[126.875205,37.510692],[126.875179,37.510526],[126.875266,37.510178],[126.875347,37.510022],[126.875447,37.50998],[126.875611,37.50974],[126.875606,37.509665],[126.875436,37.509461],[126.875195,37.509343],[126.87502,37.509313],[126.874793,37.509333],[126.874517,37.509472],[126.874323,37.509495],[126.874022,37.50939],[126.87385,37.509162],[126.873788,37.509022],[126.873793,37.508819],[126.873906,37.508676],[126.874766,37.508303],[126.874892,37.50812],[126.875041,37.507713],[126.875001,37.5076],[126.874852,37.5075],[126.874657,37.507468],[126.874474,37.507379],[126.874212,37.507178],[126.874181,37.506954],[126.874289,37.506775],[126.874457,37.506654],[126.874706,37.506629],[126.874687,37.506532],[126.874422,37.506091],[126.87411,37.505148],[126.873876,37.504947],[126.873742,37.504719],[126.873731,37.504506],[126.873787,37.504274],[126.87358,37.50356],[126.873179,37.503781],[126.872675,37.503882],[126.872307,37.504083],[126.871868,37.504128],[126.87185,37.504204],[126.871481,37.504697],[126.871434,37.504852],[126.871457,37.505069],[126.871205,37.505134],[126.871021,37.505275],[126.870649,37.505755],[126.870275,37.505834],[126.869153,37.504868],[126.86834,37.504877],[126.868308,37.504825],[126.868131,37.504842],[126.867965,37.504888],[126.867137,37.5053],[126.86679,37.505295],[126.866567,37.505206],[126.866448,37.505258],[126.866517,37.505384],[126.866347,37.505452],[126.866291,37.505432],[126.865968,37.50555],[126.865465,37.505583],[126.865246,37.505587],[126.864829,37.505504],[126.864803,37.505073],[126.8647,37.504886],[126.864648,37.504868],[126.863525,37.505051],[126.863313,37.505181],[126.862842,37.505805],[126.862731,37.50605],[126.862654,37.506451],[126.862921,37.506567],[126.862981,37.506518],[126.86288,37.506628],[126.862637,37.506791],[126.863151,37.507382],[126.863715,37.507823],[126.863775,37.507992],[126.864097,37.508355],[126.86354,37.508025],[126.863154,37.507857],[126.862691,37.507404],[126.862554,37.50741],[126.861861,37.507194],[126.861878,37.507168],[126.860433,37.506749],[126.860316,37.506609],[126.858344,37.509868],[126.858219,37.50984]]]}},{"type":"Feature","properties":{"code":"11160","name":"강서구","guCode":"11160","guName":"강서구","labelPoint":[126.818732,37.565683]},"geometry":{"type":"Polygon","coordinates":[[[126.848879,37.527898],[126.840484,37.526481],[126.834418,37.536452],[126.835111,37.536729],[126.835214,37.537126],[126.83516,37.537532],[126.834034,37.539406],[126.833734,37.539842],[126.833116,37.541851],[126.832737,37.5418],[126.832682,37.541832],[126.830544,37.541759],[126.83031,37.541482],[126.829985,37.541656],[126.830028,37.542599],[126.830249,37.542628],[126.829716,37.543726],[126.829754,37.544288],[126.829865,37.544438],[126.829965,37.544395],[126.830135,37.544942],[126.830443,37.545487],[126.830474,37.54578],[126.830238,37.546178],[126.830127,37.546198],[126.830092,37.546429],[126.82996,37.546555],[126.82995,37.546922],[126.829846,37.547171],[126.829763,37.547736],[126.827974,37.547551],[126.827625,37.547694],[126.827535,37.547595],[126.827438,37.547448],[126.827384,37.547209],[126.827415,37.5469],[126.827094,37.546712],[126.827035,37.54656],[126.826959,37.545966],[126.826755,37.545801],[126.826555,37.545391],[126.826207,37.545152],[126.825962,37.544863],[126.825679,37.54423],[126.825628,37.543898],[126.825895,37.543575],[126.82607,37.542956],[126.825314,37.542058],[126.825427,37.541707],[126.824427,37.541378],[126.824148,37.541376],[126.822232,37.540688],[126.822067,37.540672],[126.820936,37.540752],[126.81932,37.540744],[126.818168,37.54066],[126.817349,37.540661],[126.816312,37.540551],[126.815348,37.540575],[126.81464,37.540685],[126.813498,37.540703],[126.813513,37.540633],[126.813318,37.540641],[126.812334,37.540737],[126.810595,37.541496],[126.810204,37.541744],[126.80916,37.542517],[126.809198,37.542526],[126.80919,37.542566],[126.809132,37.542538],[126.808653,37.54288],[126.807887,37.543265],[126.807922,37.543265],[126.807394,37.543579],[126.806806,37.543596],[126.805262,37.543297],[126.804412,37.543247],[126.80441,37.543217],[126.803493,37.543091],[126.80185,37.542716],[126.801637,37.542601],[126.801571,37.542505],[126.800956,37.542088],[126.800674,37.541958],[126.800469,37.54177],[126.799654,37.541388],[126.800546,37.541469],[126.800662,37.54128],[126.8003,37.541187],[126.800333,37.540856],[126.800558,37.540997],[126.800782,37.541043],[126.800815,37.540812],[126.800389,37.540796],[126.799274,37.540632],[126.799417,37.540247],[126.799422,37.540211],[126.799362,37.540194],[126.799152,37.540207],[126.798862,37.540293],[126.798843,37.539832],[126.798736,37.539399],[126.798895,37.539393],[126.799243,37.539288],[126.799427,37.539019],[126.799442,37.538888],[126.799146,37.538891],[126.799282,37.538585],[126.799411,37.538134],[126.799462,37.537725],[126.799288,37.537726],[126.799088,37.537565],[126.798254,37.537705],[126.798239,37.537591],[126.79835,37.537252],[126.798255,37.537227],[126.798168,37.537325],[126.797927,37.537193],[126.79781,37.537048],[126.797006,37.53706],[126.796734,37.536941],[126.796732,37.536828],[126.796617,37.536774],[126.796308,37.536788],[126.796042,37.53675],[126.795426,37.536411],[126.794794,37.535964],[126.794425,37.535829],[126.794369,37.535955],[126.794373,37.536249],[126.793963,37.53736],[126.79404,37.537994],[126.794223,37.538292],[126.794174,37.538577],[126.793936,37.539017],[126.793936,37.539424],[126.793885,37.53955],[126.793263,37.539703],[126.794091,37.540174],[126.794268,37.540159],[126.794376,37.540234],[126.794405,37.540447],[126.794889,37.541051],[126.794944,37.541372],[126.793017,37.541594],[126.79213,37.541761],[126.79181,37.541902],[126.791754,37.542171],[126.791589,37.542454],[126.791536,37.542831],[126.791583,37.543065],[126.791777,37.54331],[126.791819,37.543746],[126.791432,37.543774],[126.791234,37.543731],[126.79076,37.543839],[126.789385,37.544463],[126.788711,37.544819],[126.788192,37.545165],[126.787731,37.545742],[126.787261,37.546076],[126.786946,37.545983],[126.785482,37.546004],[126.784847,37.546106],[126.784475,37.54612],[126.783947,37.546008],[126.783395,37.546008],[126.78256,37.546151],[126.782197,37.5463],[126.782038,37.546327],[126.78197,37.546304],[126.781836,37.546068],[126.781672,37.54614],[126.780486,37.546392],[126.779215,37.546549],[126.778747,37.546713],[126.778291,37.546717],[126.777834,37.546659],[126.777563,37.546712],[126.777451,37.546892],[126.777348,37.547198],[126.77697,37.547712],[126.776744,37.548204],[126.776184,37.548485],[126.775756,37.548767],[126.775293,37.548971],[126.773927,37.548902],[126.77258,37.548753],[126.772262,37.548509],[126.771957,37.548377],[126.771691,37.548307],[126.771552,37.548318],[126.771494,37.548356],[126.771352,37.548629],[126.771242,37.548618],[126.770993,37.548745],[126.771025,37.548893],[126.771007,37.549029],[126.770843,37.54935],[126.770636,37.549572],[126.770484,37.549646],[126.770327,37.549829],[126.770268,37.549999],[126.769922,37.550175],[126.769807,37.55054],[126.769841,37.550649],[126.770267,37.551086],[126.77016,37.551169],[126.770029,37.551152],[126.769895,37.551069],[126.769789,37.551066],[126.769389,37.551317],[126.769347,37.551363],[126.769383,37.551506],[126.769321,37.551572],[126.769046,37.55156],[126.76877,37.551489],[126.768559,37.551597],[126.768157,37.551636],[126.76813,37.551564],[126.768079,37.551571],[126.768108,37.551649],[126.768049,37.551795],[126.76755,37.551887],[126.767465,37.551951],[126.76768,37.552554],[126.76764,37.552564],[126.767624,37.552638],[126.767714,37.552833],[126.76754,37.552909],[126.76737,37.553132],[126.767471,37.553313],[126.767624,37.553435],[126.767625,37.55353],[126.767564,37.553572],[126.76735,37.553586],[126.767288,37.553627],[126.767288,37.553684],[126.767641,37.553955],[126.767639,37.554089],[126.767552,37.554175],[126.767407,37.554223],[126.766946,37.554056],[126.766727,37.554065],[126.76653,37.553811],[126.766365,37.553763],[126.766335,37.554019],[126.766204,37.554242],[126.766279,37.554312],[126.7664,37.554644],[126.766397,37.554792],[126.766337,37.554871],[126.766049,37.554994],[126.765393,37.554987],[126.764784,37.555075],[126.764495,37.555275],[126.764484,37.555369],[126.764559,37.555444],[126.765051,37.555618],[126.766009,37.556134],[126.766627,37.556258],[126.766725,37.556316],[126.766752,37.556504],[126.766275,37.556851],[126.766284,37.556917],[126.766619,37.556974],[126.767186,37.55665],[126.76735,37.556619],[126.767736,37.556703],[126.768273,37.556723],[126.768736,37.556817],[126.768893,37.556977],[126.768981,37.556952],[126.769036,37.557081],[126.768995,37.557096],[126.769149,37.557134],[126.769961,37.557237],[126.77098,37.557185],[126.771053,37.55736],[126.771431,37.557266],[126.771364,37.557115],[126.771502,37.557075],[126.771994,37.556965],[126.772431,37.557013],[126.773184,37.557528],[126.77289,37.557803],[126.771771,37.558632],[126.772203,37.558627],[126.772446,37.558723],[126.772571,37.55898],[126.772532,37.559008],[126.772742,37.559409],[126.773192,37.559286],[126.773283,37.559503],[126.773497,37.559765],[126.773601,37.560007],[126.773591,37.560057],[126.773786,37.559997],[126.774187,37.559695],[126.774289,37.559756],[126.77425,37.560059],[126.774165,37.560159],[126.774448,37.560436],[126.77455,37.560409],[126.774809,37.560457],[126.774663,37.560704],[126.774933,37.560902],[126.774947,37.56104],[126.774843,37.561208],[126.774679,37.561319],[126.775109,37.561378],[126.775175,37.561353],[126.775459,37.561433],[126.775535,37.561828],[126.775759,37.561941],[126.775886,37.56177],[126.776109,37.561864],[126.776669,37.561214],[126.777182,37.560703],[126.777348,37.560316],[126.777605,37.560178],[126.777842,37.559933],[126.777936,37.560155],[126.77793,37.560287],[126.777833,37.560776],[126.777702,37.560948],[126.777574,37.561504],[126.77751,37.562282],[126.776982,37.562289],[126.776949,37.56223],[126.776632,37.562374],[126.776609,37.562615],[126.776691,37.562639],[126.77673,37.562769],[126.776743,37.56324],[126.77697,37.563696],[126.777102,37.563719],[126.776107,37.564806],[126.775943,37.565206],[126.775751,37.56535],[126.775343,37.565344],[126.775575,37.565592],[126.775438,37.565774],[126.775132,37.565879],[126.774989,37.566912],[126.774752,37.56731],[126.774762,37.567708],[126.775382,37.568213],[126.775531,37.568261],[126.77556,37.56774],[126.775402,37.567318],[126.775617,37.567211],[126.775902,37.567203],[126.776334,37.567092],[126.776342,37.566942],[126.776382,37.566872],[126.776395,37.567005],[126.776496,37.5668],[126.7766,37.566233],[126.776549,37.566236],[126.776571,37.566107],[126.776723,37.566051],[126.776964,37.566209],[126.776992,37.566372],[126.777197,37.566629],[126.777808,37.566994],[126.778668,37.567174],[126.779003,37.567155],[126.77908,37.567331],[126.779021,37.567594],[126.779018,37.567992],[126.77906,37.568206],[126.779171,37.568317],[126.779706,37.567962],[126.78024,37.567445],[126.780318,37.567504],[126.780431,37.567615],[126.780543,37.567892],[126.780462,37.567955],[126.780474,37.568287],[126.780934,37.568714],[126.781361,37.568925],[126.781487,37.568871],[126.781626,37.568902],[126.781898,37.569236],[126.781804,37.569388],[126.781124,37.569601],[126.780996,37.569897],[126.780485,37.570275],[126.780458,37.570361],[126.780521,37.570464],[126.780563,37.570493],[126.781316,37.570175],[126.781487,37.570182],[126.782394,37.570301],[126.78263,37.570547],[126.78192,37.571114],[126.781486,37.571252],[126.781375,37.57135],[126.781451,37.571496],[126.7819,37.571808],[126.782181,37.572666],[126.782122,37.572762],[126.782101,37.572973],[126.78214,37.573169],[126.782408,37.573606],[126.783294,37.573963],[126.783994,37.574198],[126.784401,37.574469],[126.784714,37.574586],[126.785249,37.574862],[126.787614,37.575584],[126.787838,37.575859],[126.787915,37.576115],[126.788046,37.576169],[126.788143,37.576169],[126.788337,37.57605],[126.788595,37.575746],[126.789202,37.575581],[126.78847,37.576798],[126.789343,37.577723],[126.789955,37.577632],[126.790016,37.57735],[126.790595,37.577784],[126.790818,37.578972],[126.790686,37.579014],[126.790821,37.579542],[126.790728,37.580612],[126.790818,37.580765],[126.791182,37.580829],[126.79126,37.580921],[126.791349,37.581414],[126.791601,37.581318],[126.791807,37.580814],[126.792271,37.580052],[126.792374,37.579728],[126.792489,37.579144],[126.792537,37.578407],[126.792644,37.578024],[126.792724,37.57743],[126.792737,37.576839],[126.793219,37.576894],[126.793154,37.577958],[126.793188,37.578425],[126.793254,37.578534],[126.793067,37.578639],[126.793043,37.579198],[126.792872,37.579878],[126.792846,37.580168],[126.792865,37.580221],[126.79331,37.580247],[126.793292,37.580317],[126.793543,37.581191],[126.79374,37.581744],[126.793822,37.581828],[126.793891,37.582253],[126.793912,37.582961],[126.793732,37.583039],[126.79375,37.583458],[126.793674,37.583826],[126.793441,37.58452],[126.793783,37.584469],[126.794093,37.584253],[126.794224,37.584072],[126.794443,37.583646],[126.794504,37.583638],[126.794541,37.583548],[126.794515,37.583004],[126.794409,37.582685],[126.794501,37.582598],[126.794698,37.582622],[126.794928,37.583426],[126.794946,37.583758],[126.794871,37.584763],[126.794933,37.585203],[126.795244,37.585215],[126.795218,37.58535],[126.79554,37.585155],[126.795722,37.583121],[126.795848,37.583217],[126.7963,37.583738],[126.796871,37.58404],[126.797097,37.584273],[126.796294,37.584903],[126.796429,37.585031],[126.796685,37.584909],[126.797156,37.585394],[126.797227,37.585386],[126.797526,37.585977],[126.797598,37.586405],[126.798768,37.588073],[126.798963,37.588169],[126.799071,37.58815],[126.79914,37.588195],[126.799625,37.58802],[126.800272,37.587941],[126.800498,37.587794],[126.800593,37.587848],[126.800738,37.587835],[126.80094,37.588166],[126.800821,37.588277],[126.800999,37.58853],[126.800881,37.588575],[126.800773,37.589041],[126.801098,37.588967],[126.801227,37.589349],[126.801005,37.58957],[126.800959,37.589712],[126.800821,37.589795],[126.800663,37.59],[126.80052,37.590309],[126.800087,37.590352],[126.79945,37.591135],[126.799094,37.591194],[126.798801,37.591323],[126.798977,37.591981],[126.798978,37.592203],[126.799052,37.592301],[126.798993,37.592426],[126.799363,37.592478],[126.799612,37.592443],[126.79991,37.59223],[126.80005,37.592028],[126.800287,37.592042],[126.800407,37.592413],[126.800501,37.592413],[126.800093,37.592625],[126.799534,37.593074],[126.798659,37.593668],[126.798079,37.594241],[126.797608,37.594882],[126.797453,37.595251],[126.797444,37.595567],[126.797082,37.597739],[126.797224,37.597746],[126.797484,37.59767],[126.797536,37.597786],[126.797549,37.598763],[126.797642,37.599283],[126.797865,37.599896],[126.798053,37.600208],[126.798174,37.600336],[126.798535,37.600087],[126.79877,37.600387],[126.798672,37.600458],[126.799036,37.600761],[126.799125,37.600869],[126.799218,37.601119],[126.79969,37.601304],[126.799929,37.601444],[126.800016,37.601624],[126.799786,37.601912],[126.799941,37.602545],[126.802581,37.605033],[126.805864,37.60258],[126.80824,37.601208],[126.811369,37.598961],[126.813953,37.597619],[126.816556,37.595682],[126.817526,37.59533],[126.819303,37.59285],[126.820244,37.592287],[126.827812,37.587485],[126.83176,37.585843],[126.837149,37.582563],[126.838098,37.581793],[126.842334,37.579283],[126.84324,37.578879],[126.847297,37.576003],[126.848381,37.575157],[126.852347,37.572722],[126.853522,37.571896],[126.85502,37.570258],[126.856071,37.569443],[126.863825,37.56449],[126.866291,37.563053],[126.86906,37.561967],[126.874183,37.559484],[126.880464,37.55627],[126.879237,37.554747],[126.87924,37.553027],[126.878033,37.553031],[126.878076,37.551699],[126.879244,37.550324],[126.879244,37.550268],[126.879855,37.549358],[126.880356,37.548457],[126.880664,37.548196],[126.88038,37.548209],[126.879923,37.54814],[126.880256,37.547736],[126.877959,37.547099],[126.874175,37.546935],[126.873295,37.546978],[126.87243,37.547115],[126.871596,37.547342],[126.87062,37.547748],[126.865809,37.550609],[126.864463,37.551241],[126.864203,37.55115],[126.862448,37.545564],[126.86211,37.544355],[126.862164,37.543922],[126.862276,37.543656],[126.862897,37.542518],[126.863522,37.541718],[126.863394,37.541614],[126.863671,37.541095],[126.863777,37.540711],[126.863786,37.540396],[126.86344,37.536104],[126.863977,37.529786],[126.848879,37.527898]]]}},{"type":"Feature","properties":{"code":"11170","name":"구로구","guCode":"11170","guName":"구로구","labelPoint":[126.853924,37.495764]},"geometry":{"type":"Polygon","coordinates":[[[126.830126,37.477163],[126.829622,37.476895],[126.829537,37.476596],[126.829204,37.476195],[126.827872,37.475989],[126.826267,37.476201],[126.825421,37.476226],[126.82415,37.47616],[126.824108,37.476352],[126.823951,37.476472],[126.823817,37.476388],[126.823654,37.476131],[126.823474,37.476138],[126.823416,37.4761],[126.823148,37.476122],[126.82318,37.475946],[126.822948,37.475968],[126.822777,37.475932],[126.822633,37.475834],[126.822107,37.475748],[126.821949,37.475534],[126.821913,37.475286],[126.821718,37.47522],[126.821668,37.475481],[126.821733,37.476107],[126.821779,37.476203],[126.821571,37.476262],[126.82148,37.476216],[126.821236,37.476211],[126.821202,37.476283],[126.821069,37.476303],[126.820619,37.476253],[126.820161,37.476269],[126.820061,37.476204],[126.819866,37.476223],[126.819576,37.476355],[126.819423,37.476328],[126.819143,37.476206],[126.819079,37.476133],[126.819056,37.475937],[126.819069,37.475449],[126.819413,37.475179],[126.819283,37.475177],[126.818822,37.475327],[126.818807,37.47524],[126.818321,37.475299],[126.818633,37.474081],[126.817918,37.473689],[126.81764,37.473188],[126.817076,37.473288],[126.816953,37.473679],[126.816562,37.473994],[126.815473,37.47405],[126.814816,37.474553],[126.814629,37.474649],[126.814965,37.47586],[126.815296,37.476362],[126.816109,37.476745],[126.816072,37.47708],[126.816411,37.477537],[126.81721,37.478135],[126.818256,37.478164],[126.818997,37.479162],[126.819367,37.479863],[126.819543,37.480323],[126.819598,37.480614],[126.819578,37.480793],[126.819986,37.481644],[126.819963,37.481891],[126.819555,37.482517],[126.819502,37.483028],[126.819391,37.483309],[126.819573,37.483652],[126.819308,37.484183],[126.819327,37.484285],[126.819468,37.48452],[126.819492,37.484809],[126.81929,37.485475],[126.819785,37.485665],[126.819746,37.485734],[126.819928,37.485804],[126.819964,37.48577],[126.820115,37.485768],[126.820175,37.485787],[126.820134,37.485806],[126.820202,37.485892],[126.820328,37.485837],[126.821292,37.486177],[126.821637,37.486516],[126.822391,37.486723],[126.822483,37.486922],[126.823587,37.487742],[126.823561,37.487775],[126.823506,37.487735],[126.823383,37.487838],[126.823238,37.487799],[126.823198,37.487879],[126.823268,37.487908],[126.823246,37.487953],[126.823011,37.48815],[126.823039,37.488252],[126.823086,37.488272],[126.82304,37.488361],[126.823047,37.489291],[126.822834,37.489636],[126.822762,37.489979],[126.821513,37.49033],[126.821024,37.490587],[126.820932,37.490577],[126.820994,37.490648],[126.820963,37.490666],[126.820794,37.490527],[126.82081,37.490595],[126.820976,37.490793],[126.820339,37.490729],[126.82021,37.490748],[126.820045,37.490788],[126.819527,37.491052],[126.81932,37.491192],[126.819248,37.491314],[126.818574,37.491559],[126.817889,37.491535],[126.815873,37.492626],[126.815488,37.493201],[126.814875,37.493194],[126.814824,37.493136],[126.814696,37.493193],[126.814575,37.493193],[126.814307,37.493738],[126.814353,37.494425],[126.813867,37.494898],[126.813012,37.4964],[126.813247,37.496733],[126.814037,37.497351],[126.81414,37.498126],[126.814283,37.498268],[126.814642,37.498002],[126.815142,37.49801],[126.815772,37.497644],[126.816097,37.497644],[126.816583,37.497807],[126.81689,37.498018],[126.817583,37.498227],[126.818029,37.498724],[126.818209,37.498856],[126.818912,37.498749],[126.81964,37.49921],[126.819467,37.499783],[126.819381,37.500464],[126.819415,37.500789],[126.82,37.501434],[126.820612,37.501768],[126.821341,37.502021],[126.821564,37.502156],[126.821564,37.502902],[126.821652,37.503243],[126.821976,37.503896],[126.821973,37.504106],[126.821827,37.504538],[126.82202,37.505081],[126.822379,37.505348],[126.82255,37.505685],[126.822491,37.506102],[126.822383,37.506114],[126.822362,37.506225],[126.822224,37.507289],[126.822223,37.507687],[126.822639,37.507739],[126.823592,37.508138],[126.824457,37.508258],[126.826274,37.508768],[126.82646,37.50875],[126.826922,37.508491],[126.82774,37.508735],[126.828155,37.508775],[126.829347,37.508415],[126.82955,37.508293],[126.829898,37.508317],[126.830649,37.508167],[126.831014,37.507977],[126.831018,37.507829],[126.83066,37.506871],[126.830615,37.506313],[126.83123,37.505865],[126.831262,37.505717],[126.831538,37.505448],[126.831649,37.505082],[126.832061,37.504619],[126.832976,37.504225],[126.833067,37.504034],[126.833635,37.503877],[126.833982,37.503356],[126.835304,37.502816],[126.836454,37.503029],[126.836898,37.503284],[126.837502,37.503242],[126.837861,37.503496],[126.838176,37.503796],[126.838402,37.504353],[126.838804,37.504499],[126.839293,37.504399],[126.83958,37.504458],[126.83998,37.504873],[126.840111,37.505383],[126.840508,37.505484],[126.840637,37.505827],[126.840762,37.506016],[126.841182,37.50582],[126.842133,37.505631],[126.84245,37.505449],[126.842724,37.505462],[126.843571,37.505789],[126.844422,37.505658],[126.844414,37.505701],[126.844494,37.505792],[126.844505,37.505723],[126.84468,37.505755],[126.844359,37.506537],[126.844533,37.506758],[126.844835,37.507401],[126.845035,37.507595],[126.845159,37.507784],[126.845346,37.507813],[126.845283,37.507969],[126.846191,37.508288],[126.84623,37.508376],[126.846194,37.508461],[126.846258,37.508968],[126.846655,37.509084],[126.846983,37.509387],[126.84727,37.509524],[126.847591,37.509384],[126.847903,37.509165],[126.848732,37.50882],[126.849093,37.509006],[126.849517,37.509558],[126.850113,37.510092],[126.850751,37.509975],[126.851382,37.510056],[126.852197,37.510425],[126.852552,37.510443],[126.852907,37.510643],[126.853179,37.510492],[126.85518,37.509674],[126.855687,37.508968],[126.855998,37.509016],[126.856139,37.509099],[126.856074,37.509252],[126.85717,37.509562],[126.857155,37.509601],[126.858344,37.509868],[126.860316,37.506609],[126.860433,37.506749],[126.861878,37.507168],[126.861861,37.507194],[126.862554,37.50741],[126.862691,37.507404],[126.863154,37.507857],[126.86354,37.508025],[126.864097,37.508355],[126.863775,37.507992],[126.863715,37.507823],[126.863151,37.507382],[126.862637,37.506791],[126.86288,37.506628],[126.862981,37.506518],[126.862921,37.506567],[126.862654,37.506451],[126.862731,37.50605],[126.862842,37.505805],[126.863313,37.505181],[126.863525,37.505051],[126.864648,37.504868],[126.8647,37.504886],[126.864803,37.505073],[126.864829,37.505504],[126.865246,37.505587],[126.865465,37.505583],[126.865968,37.50555],[126.866291,37.505432],[126.866347,37.505452],[126.866517,37.505384],[126.866448,37.505258],[126.866567,37.505206],[126.86679,37.505295],[126.867137,37.5053],[126.867965,37.504888],[126.868131,37.504842],[126.868308,37.504825],[126.86834,37.504877],[126.869153,37.504868],[126.870275,37.505834],[126.870649,37.505755],[126.871021,37.505275],[126.871205,37.505134],[126.871457,37.505069],[126.871434,37.504852],[126.871481,37.504697],[126.87185,37.504204],[126.871868,37.504128],[126.872307,37.504083],[126.872675,37.503882],[126.873179,37.503781],[126.873571,37.503556],[126.873787,37.504274],[126.873731,37.504506],[126.873742,37.504719],[126.873876,37.504947],[126.87411,37.505148],[126.874422,37.506091],[126.874687,37.506532],[126.874706,37.506629],[126.874457,37.506654],[126.874289,37.506775],[126.874181,37.506954],[126.874212,37.507178],[126.874474,37.507379],[126.874657,37.507468],[126.874852,37.5075],[126.875001,37.5076],[126.875041,37.507713],[126.874892,37.50812],[126.874766,37.508303],[126.873906,37.508676],[126.873793,37.508819],[126.873788,37.509022],[126.87385,37.509162],[126.874022,37.50939],[126.874323,37.509495],[126.874517,37.509472],[126.874793,37.509333],[126.87502,37.509313],[126.875195,37.509343],[126.875436,37.509461],[126.875606,37.509665],[126.875611,37.50974],[126.875447,37.50998],[126.875347,37.510022],[126.875266,37.510178],[126.875179,37.510526],[126.875205,37.510692],[126.875414,37.510996],[126.875522,37.511078],[126.875759,37.511145],[126.876115,37.511054],[126.876219,37.510985],[126.876437,37.510653],[126.876518,37.510627],[126.876644,37.510626],[126.876725,37.510678],[126.876845,37.510849],[126.876731,37.511026],[126.876566,37.511153],[126.87604,37.511228],[126.875837,37.511295],[126.875575,37.511453],[126.875459,37.511642],[126.875345,37.511737],[126.875199,37.51179],[126.875068,37.511801],[126.874866,37.511639],[126.874863,37.51141],[126.874964,37.511153],[126.874904,37.510899],[126.874672,37.510687],[126.874524,37.510632],[126.874311,37.510616],[126.874188,37.510654],[126.874035,37.510771],[126.874002,37.510807],[126.873997,37.511297],[126.8751,37.512418],[126.875125,37.512383],[126.875181,37.512447],[126.875324,37.512245],[126.875598,37.512167],[126.875734,37.512192],[126.876104,37.51241],[126.876333,37.512682],[126.876452,37.51292],[126.876387,37.513291],[126.876501,37.513548],[126.876651,37.513671],[126.876959,37.513746],[126.877261,37.513717],[126.877483,37.513584],[126.877734,37.513282],[126.877812,37.513273],[126.877912,37.513328],[126.877942,37.513377],[126.877859,37.513561],[126.877661,37.513806],[126.877515,37.514673],[126.877581,37.515025],[126.877664,37.515108],[126.877724,37.515356],[126.877797,37.515437],[126.877775,37.515555],[126.87771,37.515629],[126.877379,37.515815],[126.877307,37.515966],[126.877325,37.516035],[126.877492,37.516175],[126.877929,37.516202],[126.878214,37.516266],[126.878489,37.516406],[126.878604,37.516513],[126.878957,37.516931],[126.878905,37.51707],[126.878655,37.517183],[126.878519,37.517309],[126.878452,37.517464],[126.878478,37.517531],[126.878581,37.517627],[126.878743,37.517654],[126.879291,37.517515],[126.879422,37.517528],[126.879523,37.517614],[126.879547,37.517696],[126.879449,37.517764],[126.879105,37.517839],[126.879302,37.517961],[126.881729,37.51642],[126.882016,37.516103],[126.882448,37.515968],[126.882727,37.515779],[126.882727,37.515172],[126.884104,37.514424],[126.884338,37.51439],[126.884299,37.514179],[126.884331,37.514008],[126.884433,37.513849],[126.884616,37.51375],[126.885085,37.513663],[126.885689,37.513616],[126.886354,37.513393],[126.886797,37.513301],[126.88752,37.513226],[126.887737,37.513143],[126.888005,37.512951],[126.888403,37.512345],[126.888777,37.512279],[126.88973,37.512273],[126.889827,37.5121],[126.889633,37.511812],[126.88975,37.511696],[126.889913,37.511637],[126.889922,37.511477],[126.890212,37.511331],[126.89039,37.511079],[126.890608,37.510867],[126.890646,37.510639],[126.891062,37.510311],[126.891445,37.510352],[126.891664,37.510284],[126.891853,37.510099],[126.891995,37.509799],[126.892105,37.509303],[126.89234,37.509089],[126.892284,37.509064],[126.893026,37.50726],[126.892977,37.50709],[126.893016,37.507049],[126.893016,37.506929],[126.893261,37.506698],[126.893533,37.506029],[126.893671,37.505863],[126.893762,37.505497],[126.893977,37.505012],[126.893931,37.50482],[126.893776,37.504728],[126.893169,37.5046],[126.893108,37.504454],[126.893303,37.504057],[126.893308,37.503965],[126.893153,37.503747],[126.893009,37.50367],[126.892693,37.503314],[126.893137,37.502678],[126.892734,37.502072],[126.892932,37.501577],[126.892779,37.501125],[126.892762,37.500833],[126.892931,37.50035],[126.893271,37.500042],[126.893624,37.499586],[126.89412,37.49784],[126.894069,37.497817],[126.894323,37.496666],[126.894309,37.496431],[126.89488,37.49412],[126.895052,37.494162],[126.895023,37.494262],[126.895089,37.494275],[126.89519,37.494017],[126.895114,37.49399],[126.895077,37.494069],[126.894901,37.494038],[126.894996,37.493651],[126.895337,37.492705],[126.895559,37.492757],[126.895512,37.492895],[126.895577,37.492907],[126.89571,37.492581],[126.895628,37.492554],[126.895579,37.492686],[126.895362,37.492633],[126.895463,37.492397],[126.895315,37.492361],[126.895684,37.490851],[126.896016,37.490212],[126.896101,37.489727],[126.896121,37.489343],[126.898144,37.486935],[126.898651,37.486642],[126.900155,37.485908],[126.90099,37.485626],[126.90109,37.485775],[126.90096,37.485825],[126.901005,37.485888],[126.901412,37.485715],[126.901372,37.485667],[126.901187,37.485746],[126.901073,37.485588],[126.901258,37.485496],[126.902058,37.485264],[126.902769,37.485121],[126.902752,37.485015],[126.903197,37.485002],[126.89974,37.480746],[126.899285,37.479972],[126.89899,37.479149],[126.896212,37.478672],[126.896212,37.478339],[126.895871,37.478339],[126.895851,37.478507],[126.895084,37.478505],[126.889882,37.47939],[126.888785,37.47979],[126.88773,37.480441],[126.886155,37.48235],[126.88573,37.482683],[126.884366,37.483587],[126.882724,37.48475],[126.881354,37.485563],[126.879439,37.486233],[126.878458,37.486672],[126.878145,37.48639],[126.87788,37.486227],[126.877943,37.486227],[126.877661,37.4861],[126.877655,37.486067],[126.876884,37.485945],[126.876899,37.485922],[126.87661,37.485835],[126.875226,37.485481],[126.874556,37.485367],[126.874656,37.485452],[126.874747,37.485418],[126.874944,37.485701],[126.87491,37.485785],[126.875023,37.486014],[126.874998,37.486491],[126.875139,37.486792],[126.875363,37.486901],[126.875974,37.486911],[126.876262,37.48724],[126.876689,37.487853],[126.8768,37.488357],[126.87679,37.488571],[126.876668,37.488732],[126.876382,37.488941],[126.876043,37.489047],[126.875817,37.489028],[126.875631,37.488895],[126.875372,37.488608],[126.875189,37.488507],[126.874997,37.488495],[126.874716,37.488577],[126.874495,37.488861],[126.874344,37.48886],[126.874072,37.488796],[126.873474,37.488525],[126.87327,37.488298],[126.873078,37.488253],[126.872748,37.488431],[126.872669,37.488554],[126.872683,37.488778],[126.87264,37.488981],[126.872458,37.489204],[126.872414,37.489331],[126.87244,37.489536],[126.872839,37.490014],[126.873276,37.490289],[126.873368,37.490387],[126.873577,37.490482],[126.873753,37.490476],[126.873933,37.490429],[126.874091,37.490214],[126.874149,37.489981],[126.87411,37.489777],[126.874322,37.489696],[126.874579,37.489769],[126.874651,37.489899],[126.87462,37.490025],[126.874428,37.490289],[126.874454,37.490427],[126.87484,37.490745],[126.874668,37.490844],[126.874535,37.491068],[126.874373,37.491221],[126.87413,37.491338],[126.873952,37.491308],[126.873768,37.491222],[126.873298,37.490845],[126.873083,37.490807],[126.872717,37.490819],[126.872255,37.490602],[126.871834,37.490776],[126.871568,37.490761],[126.87148,37.49068],[126.871473,37.490566],[126.871558,37.490361],[126.871577,37.490209],[126.871548,37.490085],[126.871342,37.489834],[126.87108,37.489683],[126.870658,37.489561],[126.870421,37.489536],[126.870228,37.489596],[126.870125,37.489757],[126.870233,37.490113],[126.870065,37.490237],[126.86976,37.490333],[126.86968,37.490431],[126.869726,37.490571],[126.869993,37.49087],[126.869993,37.491024],[126.869892,37.491253],[126.869799,37.491346],[126.869413,37.491563],[126.869346,37.491636],[126.869298,37.491852],[126.869366,37.492019],[126.869463,37.492113],[126.869665,37.492181],[126.869888,37.492177],[126.870022,37.492262],[126.870054,37.492435],[126.870014,37.492481],[126.869455,37.492595],[126.869369,37.492717],[126.869433,37.492913],[126.86958,37.493107],[126.870067,37.493486],[126.870017,37.493657],[126.8698,37.493816],[126.869709,37.494096],[126.869503,37.494328],[126.869243,37.494533],[126.868709,37.494811],[126.868349,37.495108],[126.868229,37.495128],[126.867991,37.495062],[126.867589,37.494816],[126.867589,37.494647],[126.867425,37.494595],[126.866787,37.494243],[126.866775,37.494197],[126.867036,37.493955],[126.867217,37.493994],[126.867473,37.494223],[126.867613,37.494258],[126.867781,37.494076],[126.867765,37.493582],[126.867537,37.493374],[126.867473,37.493204],[126.86737,37.493074],[126.867159,37.492922],[126.867042,37.492885],[126.866602,37.492892],[126.866686,37.492663],[126.866499,37.492604],[126.866304,37.492631],[126.866205,37.492555],[126.866081,37.492363],[126.865814,37.492145],[126.865404,37.491508],[126.865152,37.491593],[126.865054,37.491541],[126.864795,37.491324],[126.86477,37.491166],[126.864555,37.491021],[126.864497,37.491068],[126.864518,37.491203],[126.86403,37.491019],[126.862811,37.490828],[126.862175,37.490577],[126.861768,37.490326],[126.861384,37.489968],[126.857971,37.486085],[126.857449,37.485795],[126.856423,37.485702],[126.85573,37.485498],[126.855423,37.48536],[126.855165,37.485171],[126.854866,37.484786],[126.853864,37.482838],[126.853637,37.482622],[126.853155,37.482622],[126.852959,37.482478],[126.853128,37.482307],[126.8527,37.481819],[126.851668,37.481589],[126.850702,37.481526],[126.850418,37.481567],[126.848469,37.482087],[126.848134,37.482097],[126.847803,37.482083],[126.847016,37.48191],[126.846517,37.481599],[126.846219,37.48124],[126.846049,37.480925],[126.845987,37.480696],[126.845764,37.477811],[126.845361,37.473812],[126.844955,37.473472],[126.844915,37.473498],[126.844837,37.473725],[126.8447,37.473761],[126.844607,37.473845],[126.844553,37.473978],[126.844491,37.47398],[126.844447,37.474101],[126.844193,37.474015],[126.84396,37.474483],[126.843536,37.47454],[126.843264,37.474779],[126.842953,37.474925],[126.842782,37.474972],[126.842504,37.474961],[126.8423,37.474876],[126.841743,37.47482],[126.841032,37.474648],[126.840825,37.474658],[126.840109,37.474763],[126.839949,37.474862],[126.839695,37.475144],[126.839568,37.475192],[126.839234,37.475166],[126.838846,37.475309],[126.838512,37.475337],[126.838335,37.475414],[126.837987,37.475215],[126.837898,37.475209],[126.837755,37.47511],[126.837205,37.474881],[126.837124,37.474907],[126.836738,37.474864],[126.83662,37.474885],[126.83648,37.47483],[126.83618,37.474809],[126.836109,37.474676],[126.835947,37.47452],[126.835883,37.474461],[126.835768,37.474449],[126.835725,37.474384],[126.834834,37.474423],[126.83464,37.474363],[126.834614,37.47487],[126.834872,37.475751],[126.834496,37.476011],[126.83408,37.476415],[126.833932,37.476784],[126.83348,37.477156],[126.833327,37.477232],[126.833052,37.477246],[126.831748,37.477651],[126.830458,37.477339],[126.830126,37.477163]]]}},{"type":"Feature","properties":{"code":"11180","name":"금천구","guCode":"11180","guName":"금천구","labelPoint":[126.899892,37.460261]},"geometry":{"type":"Polygon","coordinates":[[[126.91319,37.439095],[126.912809,37.43872],[126.912309,37.438579],[126.911802,37.437766],[126.911432,37.437623],[126.9112,37.437187],[126.911333,37.436171],[126.910678,37.435498],[126.910611,37.435264],[126.910223,37.434824],[126.910028,37.434324],[126.909406,37.433865],[126.90914,37.433837],[126.908549,37.433682],[126.907934,37.433725],[126.907254,37.433518],[126.907089,37.433547],[126.907069,37.43363],[126.906928,37.433699],[126.906748,37.433673],[126.906591,37.433718],[126.906687,37.433678],[126.906603,37.433597],[126.906471,37.433707],[126.906505,37.433744],[126.90648,37.433794],[126.906368,37.433702],[126.906233,37.433881],[126.906084,37.433995],[126.904818,37.433994],[126.90375,37.434105],[126.903526,37.434162],[126.903386,37.434112],[126.902988,37.434068],[126.902789,37.434776],[126.902804,37.435642],[126.90276,37.435642],[126.902751,37.435862],[126.902459,37.436028],[126.902457,37.435996],[126.902342,37.435989],[126.90231,37.436123],[126.902206,37.436201],[126.901589,37.436551],[126.901068,37.436926],[126.900849,37.436984],[126.900547,37.437323],[126.900439,37.4376],[126.900337,37.437733],[126.899931,37.437986],[126.89965,37.43828],[126.899512,37.438351],[126.899145,37.438668],[126.898978,37.438702],[126.898756,37.439277],[126.898805,37.43935],[126.899281,37.439644],[126.899926,37.439556],[126.899358,37.440849],[126.899222,37.44106],[126.898999,37.441179],[126.898894,37.441481],[126.898779,37.442059],[126.897269,37.445437],[126.896991,37.445615],[126.896764,37.445704],[126.896333,37.445727],[126.895782,37.445633],[126.895505,37.445778],[126.89531,37.44621],[126.895018,37.446684],[126.894736,37.446561],[126.89465,37.446698],[126.894738,37.447089],[126.894697,37.44734],[126.894726,37.447631],[126.895004,37.448223],[126.895235,37.448374],[126.895581,37.448334],[126.89605,37.448043],[126.894815,37.450862],[126.894604,37.451159],[126.893983,37.452717],[126.893614,37.452823],[126.893255,37.452763],[126.893054,37.452593],[126.89276,37.452039],[126.892588,37.451949],[126.892391,37.451999],[126.892224,37.452205],[126.892104,37.45228],[126.891964,37.452304],[126.891365,37.452211],[126.891049,37.452242],[126.890724,37.45232],[126.890509,37.452441],[126.89021,37.452504],[126.88985,37.452277],[126.889642,37.452315],[126.889561,37.452432],[126.889504,37.452701],[126.889648,37.453319],[126.889653,37.453599],[126.889517,37.45377],[126.889085,37.453972],[126.889021,37.454167],[126.889265,37.454482],[126.889286,37.454575],[126.889203,37.454724],[126.88888,37.454728],[126.888764,37.454766],[126.888341,37.45509],[126.888199,37.4554],[126.888115,37.455524],[126.888017,37.455579],[126.887373,37.455463],[126.887242,37.455504],[126.886682,37.455928],[126.886532,37.45613],[126.886403,37.456173],[126.886265,37.456363],[126.886185,37.456523],[126.886109,37.456948],[126.885869,37.457588],[126.885947,37.457894],[126.886322,37.458451],[126.886374,37.458715],[126.886337,37.458957],[126.886229,37.45921],[126.886104,37.459297],[126.885511,37.459373],[126.885418,37.459417],[126.88534,37.459637],[126.88535,37.459863],[126.885399,37.460009],[126.885367,37.460056],[126.885431,37.460091],[126.88565,37.460431],[126.886128,37.4609],[126.886826,37.46093],[126.887474,37.461066],[126.887859,37.460997],[126.888336,37.460781],[126.888631,37.460788],[126.888769,37.460833],[126.888876,37.460947],[126.887122,37.462904],[126.886245,37.462798],[126.885836,37.462702],[126.885457,37.462526],[126.885141,37.462468],[126.884317,37.462724],[126.883782,37.463182],[126.883419,37.463674],[126.882746,37.464391],[126.882774,37.464829],[126.882873,37.464962],[126.883148,37.465128],[126.884185,37.465385],[126.884345,37.465457],[126.884574,37.465648],[126.884618,37.466012],[126.884321,37.466474],[126.88425,37.46653],[126.883994,37.466669],[126.883276,37.466857],[126.883014,37.467064],[126.882722,37.467712],[126.88253,37.467934],[126.881947,37.468214],[126.881631,37.468459],[126.881511,37.468721],[126.881447,37.468996],[126.881468,37.469157],[126.881593,37.469417],[126.880443,37.470717],[126.880204,37.470935],[126.88004,37.471215],[126.878011,37.473828],[126.875986,37.477104],[126.874266,37.480417],[126.874199,37.48048],[126.874179,37.480552],[126.874208,37.480606],[126.873379,37.482434],[126.873189,37.482284],[126.872971,37.48227],[126.872744,37.482425],[126.872787,37.483489],[126.872858,37.483657],[126.873234,37.484001],[126.873295,37.484092],[126.873297,37.484181],[126.872784,37.48437],[126.872208,37.484433],[126.871797,37.484997],[126.871763,37.485269],[126.872031,37.4856],[126.872232,37.485762],[126.872445,37.48611],[126.872735,37.48624],[126.872895,37.486252],[126.873137,37.486152],[126.873625,37.48564],[126.873813,37.485322],[126.87394,37.485249],[126.874219,37.485188],[126.874556,37.485367],[126.875226,37.485481],[126.87661,37.485835],[126.876899,37.485922],[126.876884,37.485945],[126.877655,37.486067],[126.877661,37.4861],[126.877943,37.486227],[126.87788,37.486227],[126.878145,37.48639],[126.878458,37.486672],[126.879439,37.486233],[126.881354,37.485563],[126.882724,37.48475],[126.884366,37.483587],[126.88573,37.482683],[126.886155,37.48235],[126.88773,37.480441],[126.888785,37.47979],[126.889882,37.47939],[126.895084,37.478505],[126.895851,37.478507],[126.895871,37.478339],[126.896212,37.478339],[126.896212,37.478672],[126.89899,37.479149],[126.898943,37.47894],[126.905239,37.480113],[126.905516,37.479984],[126.909786,37.480766],[126.909935,37.480252],[126.908999,37.480078],[126.909104,37.479639],[126.908821,37.479554],[126.90877,37.479507],[126.908693,37.479404],[126.908779,37.479266],[126.908651,37.47908],[126.90946,37.478027],[126.909824,37.478208],[126.910471,37.478355],[126.910512,37.478166],[126.910641,37.478052],[126.911072,37.478133],[126.9116,37.478117],[126.911834,37.477821],[126.911808,37.476854],[126.911616,37.476302],[126.911355,37.475982],[126.911362,37.47579],[126.911181,37.475212],[126.911313,37.474939],[126.911294,37.474798],[126.911359,37.474507],[126.911073,37.474213],[126.911024,37.473916],[126.910745,37.47362],[126.910526,37.473596],[126.910023,37.473418],[126.909942,37.473298],[126.909608,37.473201],[126.909286,37.473173],[126.908658,37.472969],[126.908197,37.472683],[126.908436,37.472276],[126.908624,37.472148],[126.908772,37.471801],[126.909588,37.4707],[126.909544,37.470472],[126.909799,37.470067],[126.909816,37.469912],[126.90995,37.469803],[126.910253,37.46925],[126.909963,37.468774],[126.911041,37.468084],[126.911112,37.46775],[126.911638,37.467142],[126.911654,37.466831],[126.9124,37.466274],[126.912398,37.465906],[126.912552,37.465762],[126.913067,37.465693],[126.913565,37.465455],[126.913724,37.465469],[126.913237,37.46462],[126.912948,37.464241],[126.912902,37.46401],[126.912969,37.463622],[126.913298,37.463116],[126.913734,37.462851],[126.913952,37.461998],[126.914412,37.461613],[126.914381,37.46143],[126.914192,37.460998],[126.914266,37.459931],[126.91404,37.45947],[126.914278,37.458913],[126.914025,37.458457],[126.91403,37.457905],[126.914577,37.457457],[126.914981,37.457313],[126.915577,37.457404],[126.916466,37.457384],[126.916916,37.457509],[126.91729,37.457338],[126.917481,37.457112],[126.918334,37.456909],[126.919141,37.456898],[126.919635,37.456759],[126.920874,37.45683],[126.922187,37.456624],[126.92251,37.456332],[126.922823,37.455156],[126.923083,37.454529],[126.923308,37.454224],[126.923821,37.453937],[126.924183,37.45368],[126.924247,37.453399],[126.924779,37.452844],[126.925424,37.45301],[126.925655,37.452931],[126.926263,37.45254],[126.926659,37.451774],[126.92729,37.451008],[126.927869,37.451099],[126.928366,37.451012],[126.92851,37.450545],[126.928399,37.450212],[126.92828,37.449353],[126.927745,37.448978],[126.926518,37.448391],[126.926018,37.447702],[126.924982,37.446782],[126.923996,37.44621],[126.923993,37.446141],[126.923253,37.445773],[126.922897,37.445173],[126.922947,37.444873],[126.922763,37.444041],[126.922358,37.443704],[126.921657,37.442806],[126.921169,37.442546],[126.920699,37.44152],[126.920382,37.440598],[126.920275,37.440466],[126.919264,37.439852],[126.917857,37.44015],[126.916125,37.440053],[126.914829,37.439379],[126.913891,37.439307],[126.91319,37.439095]]]}},{"type":"Feature","properties":{"code":"11190","name":"영등포구","guCode":"11190","guName":"영등포구","labelPoint":[126.914597,37.521331]},"geometry":{"type":"Polygon","coordinates":[[[126.903836,37.485779],[126.903198,37.485001],[126.902752,37.485015],[126.902769,37.485121],[126.901618,37.485378],[126.901073,37.485588],[126.901187,37.485746],[126.901372,37.485667],[126.901413,37.485712],[126.901007,37.485887],[126.90096,37.485825],[126.90109,37.485775],[126.90099,37.485626],[126.90009,37.485937],[126.898651,37.486642],[126.898144,37.486935],[126.896121,37.489343],[126.896101,37.489727],[126.896016,37.490212],[126.895684,37.490851],[126.895315,37.492361],[126.895463,37.492397],[126.895362,37.492633],[126.895579,37.492686],[126.895628,37.492554],[126.89571,37.492581],[126.895577,37.492907],[126.895512,37.492895],[126.895559,37.492757],[126.895337,37.492705],[126.894996,37.493651],[126.894901,37.494038],[126.895077,37.494069],[126.895114,37.49399],[126.89519,37.494017],[126.895089,37.494275],[126.895023,37.494262],[126.895052,37.494162],[126.89488,37.49412],[126.894309,37.496431],[126.894323,37.496666],[126.894069,37.497817],[126.89412,37.49784],[126.893624,37.499586],[126.893271,37.500042],[126.892931,37.50035],[126.892762,37.500833],[126.892779,37.501125],[126.892932,37.501577],[126.892734,37.502072],[126.893137,37.502678],[126.892693,37.503314],[126.893009,37.50367],[126.893153,37.503747],[126.893308,37.503965],[126.893303,37.504057],[126.893108,37.504454],[126.893169,37.5046],[126.893776,37.504728],[126.893931,37.50482],[126.893977,37.505012],[126.893762,37.505497],[126.893671,37.505863],[126.893533,37.506029],[126.893261,37.506698],[126.893016,37.506929],[126.893016,37.507049],[126.892977,37.50709],[126.893026,37.50726],[126.892284,37.509064],[126.89234,37.509089],[126.892105,37.509303],[126.891995,37.509799],[126.891853,37.510099],[126.891664,37.510284],[126.891445,37.510352],[126.891062,37.510311],[126.890646,37.510639],[126.890608,37.510867],[126.89039,37.511079],[126.890212,37.511331],[126.889922,37.511477],[126.889913,37.511637],[126.88975,37.511696],[126.889633,37.511812],[126.889827,37.5121],[126.88973,37.512273],[126.888777,37.512279],[126.888403,37.512345],[126.888005,37.512951],[126.887737,37.513143],[126.88752,37.513226],[126.886797,37.513301],[126.886354,37.513393],[126.885689,37.513616],[126.885085,37.513663],[126.884616,37.51375],[126.884433,37.513849],[126.884331,37.514008],[126.884299,37.514179],[126.884338,37.51439],[126.884104,37.514424],[126.882727,37.515172],[126.882727,37.515779],[126.882448,37.515968],[126.882016,37.516103],[126.881729,37.51642],[126.879302,37.517961],[126.879135,37.517858],[126.87874,37.517942],[126.878425,37.518246],[126.878205,37.518749],[126.8782,37.519096],[126.878351,37.519486],[126.878571,37.519709],[126.879104,37.520023],[126.8794,37.520364],[126.879437,37.520598],[126.879187,37.522064],[126.879002,37.522457],[126.879057,37.522538],[126.878924,37.522918],[126.87889,37.523147],[126.878917,37.523678],[126.878892,37.523895],[126.878776,37.524323],[126.878621,37.524643],[126.878609,37.525069],[126.87882,37.525427],[126.879049,37.525601],[126.879285,37.525715],[126.880545,37.525745],[126.880709,37.52578],[126.880941,37.525911],[126.881128,37.526143],[126.881184,37.526349],[126.881173,37.526545],[126.880674,37.527134],[126.880605,37.527401],[126.880677,37.527538],[126.881006,37.527734],[126.881179,37.527781],[126.881911,37.527618],[126.882718,37.527238],[126.883112,37.527224],[126.883346,37.527281],[126.883627,37.527441],[126.883732,37.527555],[126.883887,37.527909],[126.883918,37.528408],[126.884177,37.528668],[126.885215,37.529191],[126.885999,37.529448],[126.88715,37.530182],[126.887687,37.530375],[126.888125,37.530432],[126.888467,37.53043],[126.888943,37.530354],[126.889371,37.530194],[126.889548,37.530014],[126.889652,37.530236],[126.890648,37.531613],[126.890224,37.531849],[126.88894,37.53191],[126.888732,37.531996],[126.888564,37.532123],[126.8885,37.532269],[126.88848,37.532543],[126.888659,37.532808],[126.889768,37.533379],[126.89,37.533655],[126.890133,37.534079],[126.89013,37.534226],[126.889895,37.534837],[126.889616,37.535273],[126.888793,37.536114],[126.888548,37.5363],[126.88824,37.536698],[126.887639,37.537564],[126.887067,37.538615],[126.88683,37.538832],[126.88652,37.539362],[126.886214,37.539926],[126.88551,37.541549],[126.885449,37.541839],[126.885423,37.542307],[126.885086,37.543305],[126.884714,37.543286],[126.884675,37.543346],[126.884436,37.543385],[126.884245,37.543565],[126.88424,37.544319],[126.884196,37.544483],[126.884092,37.544637],[126.883615,37.545072],[126.882746,37.545755],[126.882524,37.546032],[126.882362,37.546306],[126.882303,37.546491],[126.882135,37.546725],[126.881699,37.54713],[126.881252,37.547649],[126.880356,37.548457],[126.879855,37.549358],[126.879244,37.550268],[126.879244,37.550324],[126.878076,37.551699],[126.878033,37.553031],[126.87924,37.553027],[126.879237,37.554747],[126.880467,37.556273],[126.886825,37.55309],[126.888257,37.552214],[126.894684,37.549393],[126.898943,37.548008],[126.901818,37.545034],[126.902191,37.544128],[126.903802,37.542635],[126.904831,37.541417],[126.922414,37.54143],[126.922834,37.540619],[126.923076,37.540455],[126.924823,37.539744],[126.924859,37.539769],[126.925368,37.539625],[126.925864,37.539458],[126.92618,37.539284],[126.9271,37.539035],[126.927282,37.539135],[126.927665,37.539076],[126.930338,37.541363],[126.932898,37.540531],[126.938558,37.537835],[126.944218,37.534239],[126.947172,37.530632],[126.947416,37.530163],[126.949877,37.527029],[126.949887,37.517508],[126.94956,37.517614],[126.939283,37.516077],[126.935487,37.51595],[126.934708,37.515893],[126.934138,37.515913],[126.932386,37.515575],[126.929708,37.515448],[126.928996,37.515419],[126.926867,37.515544],[126.926806,37.514709],[126.926906,37.514524],[126.926874,37.514409],[126.926767,37.514461],[126.926671,37.5144],[126.926705,37.514267],[126.926872,37.514116],[126.926868,37.514055],[126.926987,37.514011],[126.927024,37.513874],[126.927036,37.513653],[126.926985,37.513498],[126.926971,37.51322],[126.926754,37.513136],[126.92679,37.512801],[126.92539,37.512529],[126.920353,37.500034],[126.920294,37.500033],[126.920249,37.498508],[126.920214,37.498336],[126.919815,37.497799],[126.919408,37.4976],[126.914854,37.49661],[126.912524,37.496353],[126.912155,37.496179],[126.911959,37.496042],[126.911605,37.495613],[126.910234,37.493483],[126.909732,37.492863],[126.909524,37.492642],[126.909502,37.492663],[126.908423,37.491352],[126.907521,37.490002],[126.906814,37.489207],[126.906745,37.489203],[126.906698,37.489281],[126.903836,37.485779]]]}},{"type":"Feature","properties":{"code":"11200","name":"동작구","guCode":"11200","guName":"동작구","labelPoint":[126.948302,37.496481]},"geometry":{"type":"Polygon","coordinates":[[[126.915733,37.489109],[126.91356,37.488017],[126.913363,37.487755],[126.913451,37.48765],[126.913122,37.487446],[126.912496,37.486968],[126.912313,37.486774],[126.911923,37.486516],[126.911274,37.486268],[126.910614,37.486058],[126.909889,37.485903],[126.909393,37.485898],[126.906098,37.484961],[126.905527,37.484913],[126.903199,37.485003],[126.906698,37.489281],[126.906745,37.489203],[126.906814,37.489207],[126.907521,37.490002],[126.908423,37.491352],[126.909502,37.492663],[126.909524,37.492642],[126.909732,37.492863],[126.910234,37.493483],[126.911605,37.495613],[126.911959,37.496042],[126.912155,37.496179],[126.912524,37.496353],[126.914854,37.49661],[126.919408,37.4976],[126.919815,37.497799],[126.920214,37.498336],[126.920249,37.498508],[126.920294,37.500033],[126.920353,37.500034],[126.92539,37.512529],[126.92679,37.512801],[126.926754,37.513136],[126.926971,37.51322],[126.926985,37.513498],[126.927036,37.513653],[126.927024,37.513874],[126.926987,37.514011],[126.926868,37.514055],[126.926872,37.514116],[126.926705,37.514267],[126.926671,37.5144],[126.926767,37.514461],[126.926874,37.514409],[126.926906,37.514524],[126.926806,37.514709],[126.926867,37.515544],[126.928996,37.515419],[126.929708,37.515448],[126.932386,37.515575],[126.934138,37.515913],[126.934708,37.515893],[126.935487,37.51595],[126.939283,37.516077],[126.94956,37.517614],[126.953489,37.516384],[126.954704,37.516065],[126.96191,37.513117],[126.965012,37.510804],[126.966921,37.509875],[126.970092,37.509016],[126.975259,37.507013],[126.978189,37.506555],[126.979009,37.506551],[126.97903,37.506659],[126.979498,37.506645],[126.979507,37.506546],[126.980407,37.506536],[126.980397,37.50459],[126.98013,37.504453],[126.980067,37.504364],[126.979854,37.504372],[126.979849,37.504173],[126.980071,37.503823],[126.980243,37.503818],[126.980285,37.503373],[126.980331,37.503369],[126.980401,37.503031],[126.980595,37.502667],[126.982027,37.502045],[126.983426,37.501248],[126.984283,37.500714],[126.985387,37.499859],[126.983196,37.497374],[126.98293,37.496994],[126.982803,37.492672],[126.98265,37.491883],[126.982682,37.491666],[126.982639,37.490087],[126.982531,37.489393],[126.982319,37.488537],[126.982203,37.486888],[126.981693,37.47754],[126.981696,37.47653],[126.978423,37.47665],[126.974286,37.476201],[126.972261,37.475788],[126.970523,37.475376],[126.970306,37.475875],[126.97029,37.476499],[126.968897,37.476568],[126.967764,37.477872],[126.967257,37.478057],[126.966894,37.478464],[126.966326,37.47896],[126.965648,37.479233],[126.964795,37.479512],[126.964427,37.479819],[126.963939,37.480994],[126.963293,37.481345],[126.96269,37.482044],[126.962049,37.482431],[126.961822,37.482938],[126.961069,37.483558],[126.961078,37.483704],[126.961633,37.484205],[126.961703,37.484505],[126.96163,37.484684],[126.961987,37.485177],[126.961767,37.48574],[126.961714,37.485737],[126.961675,37.485978],[126.961814,37.486315],[126.961851,37.487136],[126.961723,37.487224],[126.961796,37.487806],[126.961967,37.488628],[126.961838,37.488682],[126.961765,37.489005],[126.961397,37.489152],[126.960999,37.490035],[126.960868,37.490175],[126.960779,37.490823],[126.9614,37.491483],[126.961336,37.492455],[126.961378,37.492874],[126.960947,37.492922],[126.961052,37.493258],[126.960289,37.493744],[126.959364,37.493803],[126.958933,37.493583],[126.958757,37.49306],[126.958638,37.492851],[126.958684,37.49277],[126.958507,37.492693],[126.958453,37.492625],[126.958114,37.492557],[126.9576,37.492355],[126.957478,37.491977],[126.957125,37.491754],[126.956702,37.491593],[126.956655,37.49166],[126.956224,37.491503],[126.955421,37.491454],[126.955165,37.491307],[126.95488,37.490992],[126.954177,37.490946],[126.953727,37.490642],[126.952847,37.491351],[126.952805,37.491492],[126.952239,37.491687],[126.952066,37.491954],[126.951697,37.492205],[126.950249,37.492518],[126.94996,37.492613],[126.949565,37.492777],[126.949424,37.493001],[126.948823,37.493179],[126.948793,37.493856],[126.948337,37.493721],[126.94755,37.493761],[126.947183,37.494039],[126.946964,37.494126],[126.946952,37.494063],[126.946784,37.493903],[126.946091,37.493534],[126.945874,37.493559],[126.945425,37.493346],[126.944542,37.493145],[126.944512,37.492499],[126.943944,37.492494],[126.94366,37.492379],[126.943531,37.492366],[126.943392,37.492241],[126.94296,37.492217],[126.942853,37.492164],[126.942622,37.492143],[126.942545,37.492216],[126.942296,37.492245],[126.941732,37.492171],[126.941589,37.492202],[126.941539,37.492275],[126.941082,37.492417],[126.940967,37.492754],[126.940849,37.492894],[126.940579,37.492859],[126.940388,37.492972],[126.939926,37.492904],[126.939734,37.492793],[126.939736,37.492635],[126.939598,37.492596],[126.939486,37.492467],[126.939479,37.492342],[126.939255,37.492197],[126.938889,37.49233],[126.938304,37.492392],[126.93811,37.492263],[126.937825,37.492249],[126.937614,37.492089],[126.93735,37.492019],[126.937259,37.491911],[126.936534,37.49197],[126.936332,37.49204],[126.936135,37.492293],[126.935823,37.492392],[126.935371,37.492729],[126.934651,37.492957],[126.934601,37.493012],[126.934316,37.493051],[126.934313,37.493086],[126.933871,37.493115],[126.932415,37.492873],[126.932404,37.492973],[126.932342,37.492998],[126.931339,37.493226],[126.931338,37.493263],[126.930071,37.493998],[126.929859,37.494003],[126.928416,37.494865],[126.927913,37.495078],[126.927479,37.495015],[126.927226,37.494723],[126.927168,37.494557],[126.926964,37.494414],[126.926836,37.494217],[126.926692,37.49422],[126.926572,37.494059],[126.926558,37.494016],[126.926595,37.493999],[126.926548,37.49401],[126.926521,37.493914],[126.926576,37.493894],[126.926573,37.493664],[126.926454,37.493383],[126.926172,37.493249],[126.925974,37.493052],[126.9259,37.493044],[126.925622,37.492856],[126.925518,37.492682],[126.925357,37.492706],[126.924896,37.490893],[126.924573,37.490938],[126.92451,37.490713],[126.924351,37.490601],[126.924279,37.490452],[126.924109,37.490352],[126.924169,37.490346],[126.924151,37.489978],[126.923584,37.489986],[126.922449,37.490111],[126.922508,37.490368],[126.922336,37.490458],[126.922,37.490472],[126.921736,37.490544],[126.921015,37.490637],[126.920276,37.490617],[126.917856,37.490256],[126.917858,37.489921],[126.916651,37.489558],[126.915733,37.489109]]]}},{"type":"Feature","properties":{"code":"11210","name":"관악구","guCode":"11210","guName":"관악구","labelPoint":[126.950833,37.465194]},"geometry":{"type":"Polygon","coordinates":[[[126.930365,37.447393],[126.930368,37.447698],[126.930166,37.448384],[126.929286,37.449472],[126.928992,37.449634],[126.928911,37.449866],[126.928399,37.450212],[126.92851,37.450545],[126.928366,37.451012],[126.927869,37.451099],[126.92729,37.451008],[126.926659,37.451774],[126.926263,37.45254],[126.925655,37.452931],[126.925424,37.45301],[126.924779,37.452844],[126.924247,37.453399],[126.924183,37.45368],[126.923821,37.453937],[126.923308,37.454224],[126.923083,37.454529],[126.922823,37.455156],[126.92251,37.456332],[126.922187,37.456624],[126.920874,37.45683],[126.919635,37.456759],[126.919141,37.456898],[126.918334,37.456909],[126.917481,37.457112],[126.91729,37.457338],[126.916916,37.457509],[126.916466,37.457384],[126.915577,37.457404],[126.914981,37.457313],[126.914577,37.457457],[126.91403,37.457905],[126.914025,37.458457],[126.914278,37.458913],[126.91404,37.45947],[126.914266,37.459931],[126.914192,37.460998],[126.914381,37.46143],[126.914412,37.461613],[126.913952,37.461998],[126.913734,37.462851],[126.913298,37.463116],[126.912969,37.463622],[126.912902,37.46401],[126.912948,37.464241],[126.913237,37.46462],[126.913724,37.465469],[126.913565,37.465455],[126.913067,37.465693],[126.912552,37.465762],[126.912398,37.465906],[126.9124,37.466274],[126.911654,37.466831],[126.911638,37.467142],[126.911112,37.46775],[126.911041,37.468084],[126.909963,37.468774],[126.910253,37.46925],[126.90995,37.469803],[126.909816,37.469912],[126.909799,37.470067],[126.909544,37.470472],[126.909588,37.4707],[126.908772,37.471801],[126.908624,37.472148],[126.908436,37.472276],[126.908197,37.472683],[126.908658,37.472969],[126.909286,37.473173],[126.909608,37.473201],[126.909942,37.473298],[126.910023,37.473418],[126.910526,37.473596],[126.910745,37.47362],[126.911024,37.473916],[126.911073,37.474213],[126.911359,37.474507],[126.911294,37.474798],[126.911313,37.474939],[126.911181,37.475212],[126.911362,37.47579],[126.911355,37.475982],[126.911616,37.476302],[126.911808,37.476854],[126.911834,37.477821],[126.9116,37.478117],[126.911072,37.478133],[126.910641,37.478052],[126.910512,37.478166],[126.910471,37.478355],[126.909824,37.478208],[126.90946,37.478027],[126.908651,37.47908],[126.908779,37.479266],[126.908693,37.479404],[126.90877,37.479507],[126.908821,37.479554],[126.909104,37.479639],[126.908999,37.480078],[126.909935,37.480252],[126.909786,37.480766],[126.905516,37.479984],[126.905239,37.480113],[126.898943,37.47894],[126.899224,37.479838],[126.899696,37.480684],[126.903197,37.485002],[126.905527,37.484913],[126.906098,37.484961],[126.909393,37.485898],[126.909889,37.485903],[126.910614,37.486058],[126.911274,37.486268],[126.911923,37.486516],[126.912313,37.486774],[126.912496,37.486968],[126.913122,37.487446],[126.913451,37.48765],[126.913363,37.487755],[126.91356,37.488017],[126.916651,37.489558],[126.917858,37.489921],[126.917856,37.490256],[126.920276,37.490617],[126.921015,37.490637],[126.921736,37.490544],[126.922,37.490472],[126.922336,37.490458],[126.922508,37.490368],[126.922449,37.490111],[126.923584,37.489986],[126.924151,37.489978],[126.924169,37.490346],[126.924109,37.490352],[126.924279,37.490452],[126.924351,37.490601],[126.92451,37.490713],[126.924573,37.490938],[126.924896,37.490893],[126.925357,37.492706],[126.925518,37.492682],[126.925622,37.492856],[126.9259,37.493044],[126.925974,37.493052],[126.926172,37.493249],[126.92649,37.493418],[126.926573,37.493664],[126.926576,37.493894],[126.926521,37.493914],[126.926548,37.49401],[126.926595,37.493999],[126.926558,37.494016],[126.926601,37.494108],[126.926692,37.49422],[126.926836,37.494217],[126.926964,37.494414],[126.927168,37.494557],[126.927226,37.494723],[126.927479,37.495015],[126.927913,37.495078],[126.928253,37.494942],[126.929859,37.494003],[126.930071,37.493998],[126.931338,37.493263],[126.931339,37.493226],[126.932342,37.492998],[126.932404,37.492973],[126.932415,37.492873],[126.933871,37.493115],[126.934313,37.493086],[126.934316,37.493051],[126.934601,37.493012],[126.934651,37.492957],[126.935371,37.492729],[126.935823,37.492392],[126.936135,37.492293],[126.936332,37.49204],[126.936534,37.49197],[126.937259,37.491911],[126.93735,37.492019],[126.937614,37.492089],[126.937825,37.492249],[126.93811,37.492263],[126.938304,37.492392],[126.938889,37.49233],[126.939255,37.492197],[126.939479,37.492342],[126.939486,37.492467],[126.939598,37.492596],[126.939736,37.492635],[126.939734,37.492793],[126.939926,37.492904],[126.940388,37.492972],[126.940579,37.492859],[126.940849,37.492894],[126.940967,37.492754],[126.941082,37.492417],[126.941539,37.492275],[126.941589,37.492202],[126.941732,37.492171],[126.942296,37.492245],[126.942545,37.492216],[126.942622,37.492143],[126.942853,37.492164],[126.94296,37.492217],[126.943392,37.492241],[126.943531,37.492366],[126.94366,37.492379],[126.943944,37.492494],[126.944512,37.492499],[126.944542,37.493145],[126.945425,37.493346],[126.945874,37.493559],[126.946091,37.493534],[126.946784,37.493903],[126.946952,37.494063],[126.946964,37.494126],[126.947183,37.494039],[126.94755,37.493761],[126.948337,37.493721],[126.948793,37.493856],[126.948823,37.493179],[126.949424,37.493001],[126.949565,37.492777],[126.94996,37.492613],[126.950249,37.492518],[126.951697,37.492205],[126.952066,37.491954],[126.952239,37.491687],[126.952805,37.491492],[126.952847,37.491351],[126.953727,37.490642],[126.954177,37.490946],[126.95488,37.490992],[126.955165,37.491307],[126.955421,37.491454],[126.956224,37.491503],[126.956655,37.49166],[126.956702,37.491593],[126.957125,37.491754],[126.957478,37.491977],[126.9576,37.492355],[126.958114,37.492557],[126.958453,37.492625],[126.958507,37.492693],[126.958684,37.49277],[126.958638,37.492851],[126.958757,37.49306],[126.958933,37.493583],[126.959364,37.493803],[126.960289,37.493744],[126.961052,37.493258],[126.960947,37.492922],[126.961378,37.492874],[126.961336,37.492455],[126.9614,37.491483],[126.960779,37.490823],[126.960868,37.490175],[126.960999,37.490035],[126.961397,37.489152],[126.961765,37.489005],[126.961838,37.488682],[126.961967,37.488628],[126.961796,37.487806],[126.961723,37.487224],[126.961851,37.487136],[126.961814,37.486315],[126.961675,37.485978],[126.961714,37.485737],[126.961767,37.48574],[126.961987,37.485177],[126.96163,37.484684],[126.961703,37.484505],[126.961633,37.484205],[126.961078,37.483704],[126.961069,37.483558],[126.961822,37.482938],[126.962049,37.482431],[126.96269,37.482044],[126.963293,37.481345],[126.963939,37.480994],[126.964427,37.479819],[126.964795,37.479512],[126.965648,37.479233],[126.966326,37.47896],[126.966894,37.478464],[126.967257,37.478057],[126.967764,37.477872],[126.968897,37.476568],[126.97029,37.476499],[126.970306,37.475875],[126.970523,37.475376],[126.972261,37.475788],[126.974286,37.476201],[126.978423,37.47665],[126.981696,37.47653],[126.981844,37.475092],[126.982172,37.473719],[126.983214,37.471575],[126.98452,37.469801],[126.984692,37.469854],[126.984658,37.469932],[126.985336,37.469283],[126.985622,37.469129],[126.986075,37.468963],[126.985532,37.469046],[126.986362,37.468438],[126.987303,37.467614],[126.987119,37.467347],[126.987105,37.467228],[126.987237,37.467228],[126.987364,37.467032],[126.987728,37.466411],[126.987935,37.465939],[126.988157,37.464932],[126.988221,37.464228],[126.988344,37.463999],[126.988262,37.463445],[126.987579,37.460909],[126.987529,37.460339],[126.98761,37.459866],[126.98773,37.459538],[126.987966,37.459134],[126.988457,37.458541],[126.988636,37.458166],[126.986781,37.457403],[126.986613,37.457212],[126.985264,37.457182],[126.984903,37.457043],[126.984388,37.457106],[126.982888,37.456827],[126.981904,37.456936],[126.982398,37.455891],[126.97979,37.455647],[126.978477,37.455735],[126.977757,37.455199],[126.97458,37.454413],[126.973372,37.453238],[126.972844,37.452382],[126.971753,37.451737],[126.971068,37.45047],[126.970569,37.449453],[126.967663,37.448381],[126.96429,37.446267],[126.963934,37.445215],[126.964419,37.444313],[126.964303,37.44377],[126.964382,37.442577],[126.964634,37.44204],[126.963784,37.441287],[126.963803,37.440787],[126.962943,37.44028],[126.961762,37.440279],[126.960056,37.440401],[126.959543,37.439979],[126.958966,37.43907],[126.957567,37.43893],[126.956368,37.438754],[126.955109,37.438692],[126.954631,37.438857],[126.953904,37.43901],[126.952411,37.43919],[126.951467,37.438577],[126.951158,37.438444],[126.950925,37.438734],[126.950032,37.438622],[126.949843,37.43838],[126.949284,37.43825],[126.948766,37.438646],[126.948363,37.438713],[126.947854,37.438492],[126.946789,37.438167],[126.94659,37.43793],[126.945676,37.437305],[126.94509,37.437088],[126.943385,37.437283],[126.941979,37.437506],[126.941424,37.437404],[126.941103,37.436918],[126.94053,37.43628],[126.940427,37.435802],[126.94022,37.435712],[126.939364,37.436026],[126.938622,37.436029],[126.938575,37.43642],[126.938326,37.436653],[126.938012,37.437189],[126.937746,37.437386],[126.937744,37.437879],[126.937563,37.438327],[126.937273,37.438632],[126.937247,37.439213],[126.937694,37.439684],[126.937864,37.440198],[126.937354,37.440872],[126.936812,37.441438],[126.936735,37.441635],[126.936647,37.441746],[126.936202,37.441954],[126.935986,37.442142],[126.935643,37.442178],[126.935441,37.442497],[126.935255,37.44266],[126.935032,37.443064],[126.934895,37.443212],[126.934564,37.443197],[126.934027,37.443485],[126.933219,37.444079],[126.93175,37.444976],[126.930554,37.445468],[126.930163,37.446378],[126.930278,37.446621],[126.930365,37.447393]]]}},{"type":"Feature","properties":{"code":"11220","name":"서초구","guCode":"11220","guName":"서초구","labelPoint":[127.013755,37.476836]},"geometry":{"type":"Polygon","coordinates":[[[127.00361,37.467679],[127.002735,37.467125],[127.001963,37.467087],[127.001486,37.467323],[127.000477,37.467063],[126.99878,37.467234],[126.998085,37.467055],[126.997802,37.467023],[126.997427,37.467242],[126.996986,37.46718],[126.996752,37.467072],[126.996231,37.466608],[126.996524,37.465917],[126.996455,37.465685],[126.996643,37.465428],[126.996619,37.464779],[126.997194,37.464184],[126.997371,37.463687],[126.996985,37.463159],[126.996769,37.461873],[126.99429,37.461421],[126.993354,37.461496],[126.992895,37.460948],[126.992655,37.460344],[126.992028,37.460546],[126.991698,37.460519],[126.991332,37.460136],[126.989995,37.459463],[126.989499,37.458523],[126.988646,37.458145],[126.988457,37.458541],[126.987873,37.459272],[126.98761,37.459866],[126.987547,37.460148],[126.987525,37.460574],[126.987568,37.460646],[126.987639,37.461165],[126.988262,37.463445],[126.988344,37.463999],[126.988221,37.464228],[126.988157,37.464932],[126.987935,37.465939],[126.987728,37.466411],[126.987364,37.467032],[126.987237,37.467228],[126.987105,37.467228],[126.987119,37.467347],[126.987303,37.467614],[126.986362,37.468438],[126.985532,37.469046],[126.986075,37.468963],[126.985622,37.469129],[126.985336,37.469283],[126.984658,37.469932],[126.984692,37.469854],[126.98452,37.469801],[126.983214,37.471575],[126.982172,37.473719],[126.981844,37.475092],[126.981708,37.476292],[126.981693,37.47754],[126.982192,37.486717],[126.982319,37.488537],[126.982531,37.489393],[126.982639,37.490087],[126.982682,37.491666],[126.98265,37.491883],[126.982803,37.492672],[126.98293,37.496994],[126.983196,37.497374],[126.985387,37.499859],[126.984283,37.500714],[126.983426,37.501248],[126.982027,37.502045],[126.980595,37.502667],[126.980401,37.503031],[126.980331,37.503369],[126.980285,37.503373],[126.980243,37.503818],[126.980071,37.503823],[126.979849,37.504173],[126.979854,37.504372],[126.980067,37.504364],[126.98013,37.504453],[126.980397,37.50459],[126.980407,37.506536],[126.985548,37.506543],[126.990702,37.51309],[127.000994,37.519631],[127.006456,37.52344],[127.008577,37.525596],[127.013187,37.522583],[127.013386,37.522907],[127.013863,37.523335],[127.015231,37.524845],[127.01694,37.523025],[127.017822,37.521812],[127.020515,37.512799],[127.034087,37.484369],[127.04175,37.485437],[127.041608,37.485239],[127.042951,37.482272],[127.043063,37.482259],[127.043038,37.482231],[127.043158,37.481976],[127.043137,37.481866],[127.043547,37.481222],[127.043889,37.480561],[127.043544,37.480168],[127.044005,37.479942],[127.04519,37.477355],[127.045404,37.477113],[127.045641,37.476997],[127.045974,37.476676],[127.046069,37.476471],[127.0509,37.47181],[127.051182,37.471789],[127.049809,37.470878],[127.048669,37.47006],[127.048859,37.469893],[127.049522,37.469838],[127.050308,37.46968],[127.050446,37.469735],[127.05105,37.469365],[127.05112,37.468538],[127.050952,37.467585],[127.050773,37.467399],[127.050799,37.467246],[127.051327,37.467427],[127.051968,37.467746],[127.053079,37.468012],[127.053313,37.468128],[127.053587,37.468011],[127.054238,37.468055],[127.054937,37.468565],[127.055056,37.468797],[127.05537,37.468761],[127.056118,37.468373],[127.056591,37.46843],[127.057186,37.468944],[127.057808,37.468846],[127.058727,37.468852],[127.05911,37.469159],[127.059994,37.469076],[127.060414,37.469098],[127.060919,37.468918],[127.061041,37.468993],[127.061656,37.469],[127.06185,37.469081],[127.062153,37.469119],[127.062423,37.46936],[127.062606,37.469378],[127.063247,37.469079],[127.063866,37.469034],[127.064187,37.469242],[127.065113,37.469371],[127.065678,37.46959],[127.065941,37.469841],[127.066267,37.469937],[127.066468,37.470175],[127.067891,37.470466],[127.068591,37.471062],[127.069656,37.471106],[127.069931,37.470991],[127.07041,37.471093],[127.070748,37.471417],[127.071352,37.471578],[127.071744,37.471769],[127.071901,37.471923],[127.072689,37.471995],[127.073854,37.472983],[127.074226,37.47299],[127.075367,37.473496],[127.076506,37.474494],[127.076924,37.475243],[127.077963,37.474854],[127.07853,37.475096],[127.078993,37.474916],[127.08176,37.475444],[127.082745,37.475474],[127.083239,37.475703],[127.083853,37.475591],[127.084478,37.475797],[127.084939,37.475661],[127.084461,37.475144],[127.084446,37.474605],[127.084521,37.474277],[127.084136,37.473],[127.085017,37.4713],[127.085886,37.471215],[127.086604,37.47085],[127.086761,37.470702],[127.087163,37.469979],[127.087564,37.469845],[127.087558,37.469427],[127.087794,37.469248],[127.088128,37.468489],[127.088422,37.468203],[127.088976,37.468149],[127.089038,37.468241],[127.089447,37.467672],[127.089708,37.46742],[127.090135,37.467145],[127.09043,37.467148],[127.091117,37.466179],[127.091618,37.465719],[127.091947,37.465226],[127.092042,37.464918],[127.092053,37.463951],[127.092087,37.463892],[127.092021,37.463634],[127.09191,37.462306],[127.093089,37.46128],[127.093872,37.461176],[127.094355,37.460977],[127.095657,37.461015],[127.095718,37.460695],[127.095556,37.460257],[127.095236,37.460078],[127.095011,37.459797],[127.095142,37.459479],[127.094845,37.458516],[127.095372,37.457816],[127.09544,37.45756],[127.095214,37.456321],[127.094312,37.456225],[127.093774,37.456077],[127.09354,37.455888],[127.093458,37.455549],[127.093143,37.454906],[127.093218,37.454716],[127.092815,37.453759],[127.092726,37.453634],[127.091882,37.453467],[127.091129,37.452956],[127.090959,37.452783],[127.090303,37.451267],[127.090141,37.451096],[127.08962,37.450887],[127.089543,37.450166],[127.088821,37.449749],[127.08896,37.449462],[127.088432,37.448995],[127.088327,37.448628],[127.088415,37.448075],[127.088642,37.447597],[127.088369,37.44724],[127.088277,37.446554],[127.088386,37.446397],[127.088238,37.446178],[127.088161,37.445385],[127.087855,37.444894],[127.087477,37.444802],[127.087304,37.444642],[127.086421,37.444262],[127.085703,37.444417],[127.083862,37.443921],[127.083805,37.443416],[127.083335,37.442957],[127.083208,37.442568],[127.082975,37.44232],[127.082905,37.442174],[127.082432,37.441579],[127.082097,37.441351],[127.081444,37.441231],[127.08125,37.441119],[127.080701,37.441151],[127.080172,37.441051],[127.079961,37.441212],[127.079575,37.441387],[127.079083,37.441299],[127.078531,37.441558],[127.078179,37.441552],[127.077748,37.441863],[127.077602,37.441709],[127.077358,37.441631],[127.077078,37.441651],[127.076936,37.441715],[127.076721,37.441937],[127.076011,37.442139],[127.075243,37.441942],[127.074756,37.442219],[127.073853,37.442213],[127.072993,37.442017],[127.072759,37.442051],[127.072138,37.442263],[127.071915,37.441925],[127.071703,37.441703],[127.071626,37.441524],[127.071861,37.44103],[127.072212,37.439383],[127.072008,37.438857],[127.07249,37.438593],[127.072966,37.438208],[127.07376,37.437789],[127.073843,37.437408],[127.07356,37.436964],[127.073204,37.43667],[127.073024,37.436407],[127.072779,37.436299],[127.072094,37.436161],[127.071965,37.436054],[127.071689,37.435981],[127.07144,37.435864],[127.071272,37.435601],[127.071274,37.435349],[127.071446,37.435037],[127.071485,37.434637],[127.071546,37.434529],[127.071503,37.434445],[127.07152,37.434117],[127.071119,37.433402],[127.071004,37.433341],[127.07091,37.433095],[127.070731,37.432941],[127.070571,37.432417],[127.070629,37.432045],[127.07096,37.431696],[127.071207,37.430818],[127.07122,37.430661],[127.07117,37.43042],[127.071105,37.430419],[127.070952,37.430213],[127.070884,37.430189],[127.070335,37.43048],[127.070032,37.43091],[127.069874,37.430972],[127.06982,37.430969],[127.069911,37.430863],[127.069615,37.430612],[127.068964,37.430432],[127.068751,37.430456],[127.068372,37.430664],[127.06827,37.430679],[127.06783,37.430407],[127.0667,37.430129],[127.066586,37.430053],[127.066577,37.429973],[127.065961,37.429532],[127.065698,37.429158],[127.065682,37.428985],[127.065393,37.429011],[127.065074,37.428987],[127.064669,37.429172],[127.064386,37.429114],[127.063656,37.429532],[127.063462,37.429593],[127.063316,37.429752],[127.062881,37.429703],[127.061145,37.429985],[127.060518,37.429764],[127.060207,37.429714],[127.059961,37.429569],[127.059057,37.429664],[127.05807,37.430011],[127.056808,37.429731],[127.056395,37.429581],[127.056108,37.429611],[127.055547,37.429361],[127.055338,37.429398],[127.055121,37.429293],[127.054769,37.429273],[127.05389,37.428982],[127.053684,37.428975],[127.05338,37.428752],[127.052911,37.428536],[127.052501,37.428446],[127.052396,37.428319],[127.052325,37.428297],[127.052169,37.42834],[127.051418,37.429054],[127.051359,37.429198],[127.050918,37.429451],[127.050554,37.429729],[127.050194,37.429902],[127.049865,37.43031],[127.04958,37.43027],[127.047555,37.430607],[127.047369,37.430702],[127.047181,37.431732],[127.047225,37.43204],[127.046536,37.432651],[127.046312,37.433447],[127.045906,37.433481],[127.044951,37.433847],[127.044626,37.434069],[127.044364,37.434424],[127.044186,37.435055],[127.042646,37.436372],[127.041443,37.43711],[127.04114,37.437415],[127.04109,37.437769],[127.04048,37.438082],[127.040053,37.438237],[127.039032,37.438151],[127.038437,37.438361],[127.0378,37.438268],[127.037395,37.438313],[127.037068,37.438275],[127.036856,37.438365],[127.036323,37.438778],[127.036056,37.438823],[127.035574,37.439004],[127.035579,37.439404],[127.035492,37.439762],[127.03532,37.439967],[127.035169,37.440606],[127.035172,37.440942],[127.035619,37.441328],[127.036072,37.441551],[127.036431,37.441833],[127.036654,37.44208],[127.036837,37.44236],[127.036819,37.442587],[127.036975,37.442897],[127.037483,37.443267],[127.037568,37.443838],[127.037935,37.444179],[127.03823,37.44518],[127.038206,37.445859],[127.037351,37.446301],[127.037254,37.446448],[127.037532,37.447361],[127.037159,37.44801],[127.037375,37.448564],[127.037812,37.448922],[127.037744,37.449419],[127.037296,37.45001],[127.036914,37.450808],[127.036809,37.45088],[127.036543,37.45121],[127.03641,37.451497],[127.036077,37.451663],[127.035861,37.451991],[127.035776,37.452196],[127.035371,37.452227],[127.035147,37.452439],[127.034755,37.452617],[127.034824,37.453106],[127.034998,37.453239],[127.035469,37.453437],[127.035588,37.454088],[127.035738,37.454186],[127.036267,37.454262],[127.036425,37.454651],[127.036825,37.454934],[127.037128,37.455208],[127.037067,37.455474],[127.03685,37.455823],[127.036741,37.456444],[127.035763,37.457481],[127.035016,37.457894],[127.034968,37.457989],[127.034925,37.458444],[127.035011,37.458868],[127.035057,37.458739],[127.034924,37.460175],[127.034643,37.46013],[127.034504,37.460065],[127.033892,37.460077],[127.033793,37.460163],[127.033844,37.460206],[127.033715,37.460285],[127.033822,37.460369],[127.033791,37.460406],[127.033963,37.460535],[127.033899,37.460832],[127.033845,37.460944],[127.033656,37.460812],[127.03347,37.46097],[127.033749,37.461184],[127.033748,37.46135],[127.033877,37.46168],[127.033957,37.462229],[127.034106,37.462573],[127.034533,37.463335],[127.034553,37.463553],[127.034463,37.463501],[127.034394,37.463572],[127.034605,37.463711],[127.034672,37.464089],[127.034603,37.464174],[127.03348,37.464636],[127.033141,37.465017],[127.032758,37.465193],[127.03224,37.46533],[127.031922,37.465519],[127.031196,37.465626],[127.030397,37.465486],[127.030166,37.465362],[127.029527,37.465374],[127.029489,37.464844],[127.029511,37.46447],[127.029671,37.464164],[127.029694,37.463906],[127.029606,37.463275],[127.029316,37.462701],[127.028924,37.462215],[127.028427,37.461725],[127.028043,37.461245],[127.028157,37.460622],[127.028462,37.460131],[127.028362,37.459894],[127.028222,37.459855],[127.027975,37.459888],[127.027956,37.459833],[127.027834,37.459832],[127.027833,37.459866],[127.027494,37.459914],[127.027451,37.45981],[127.026572,37.459642],[127.026401,37.459454],[127.026445,37.458337],[127.026347,37.458104],[127.025995,37.457817],[127.025278,37.457494],[127.02521,37.45749],[127.025136,37.457577],[127.025032,37.457482],[127.024126,37.457447],[127.023713,37.457319],[127.022793,37.457251],[127.022432,37.456916],[127.022203,37.456616],[127.021695,37.456315],[127.021348,37.456197],[127.020366,37.456158],[127.019692,37.455787],[127.019201,37.455731],[127.01906,37.455749],[127.017545,37.456135],[127.016946,37.45597],[127.016288,37.45523],[127.015575,37.454916],[127.015065,37.454832],[127.01451,37.454861],[127.014156,37.454978],[127.013387,37.455348],[127.012373,37.455549],[127.011368,37.455408],[127.011151,37.455447],[127.011151,37.455382],[127.010823,37.455423],[127.010714,37.456051],[127.010657,37.456151],[127.010396,37.456323],[127.010288,37.456483],[127.009846,37.456927],[127.009612,37.457078],[127.009233,37.457221],[127.008711,37.457765],[127.008532,37.458052],[127.008599,37.458123],[127.008548,37.458397],[127.008577,37.458411],[127.008328,37.458492],[127.008315,37.458646],[127.008218,37.458773],[127.008214,37.4591],[127.008021,37.459163],[127.007876,37.459545],[127.007312,37.460038],[127.007269,37.460141],[127.007041,37.460215],[127.006809,37.46055],[127.006139,37.461713],[127.006024,37.461825],[127.006157,37.461888],[127.005769,37.462548],[127.005457,37.462758],[127.005329,37.462795],[127.004969,37.463187],[127.004765,37.46358],[127.004748,37.463836],[127.00447,37.464073],[127.004805,37.464881],[127.004684,37.465172],[127.004905,37.465843],[127.004489,37.466328],[127.004525,37.466798],[127.00413,37.467287],[127.003675,37.46772],[127.00361,37.467679]]]}},{"type":"Feature","properties":{"code":"11230","name":"강남구","guCode":"11230","guName":"강남구","labelPoint":[127.062189,37.496259]},"geometry":{"type":"Polygon","coordinates":[[[127.065505,37.469522],[127.065113,37.469371],[127.064187,37.469242],[127.063866,37.469034],[127.063247,37.469079],[127.062606,37.469378],[127.062423,37.46936],[127.062153,37.469119],[127.06185,37.469081],[127.061656,37.469],[127.061041,37.468993],[127.060919,37.468918],[127.060414,37.469098],[127.059994,37.469076],[127.05911,37.469159],[127.058727,37.468852],[127.057808,37.468846],[127.057186,37.468944],[127.056591,37.46843],[127.056118,37.468373],[127.05537,37.468761],[127.055056,37.468797],[127.054937,37.468565],[127.054238,37.468055],[127.053587,37.468011],[127.053313,37.468128],[127.053079,37.468012],[127.051968,37.467746],[127.051327,37.467427],[127.050799,37.467246],[127.050773,37.467399],[127.050952,37.467585],[127.05112,37.468538],[127.05105,37.469365],[127.050446,37.469735],[127.050308,37.46968],[127.049522,37.469838],[127.048859,37.469893],[127.048669,37.47006],[127.049809,37.470878],[127.051182,37.471789],[127.0509,37.47181],[127.046069,37.476471],[127.045974,37.476676],[127.045641,37.476997],[127.045404,37.477113],[127.04519,37.477355],[127.044005,37.479942],[127.043544,37.480168],[127.043889,37.480561],[127.043547,37.481222],[127.043137,37.481866],[127.043158,37.481976],[127.043038,37.482231],[127.043063,37.482259],[127.042951,37.482272],[127.041608,37.485239],[127.04175,37.485437],[127.034087,37.484369],[127.020515,37.512799],[127.017822,37.521812],[127.01694,37.523025],[127.015231,37.524845],[127.013863,37.523335],[127.013386,37.522907],[127.013187,37.522583],[127.008577,37.525596],[127.010003,37.52704],[127.011947,37.529139],[127.013402,37.530644],[127.013707,37.530899],[127.014896,37.532208],[127.015532,37.532435],[127.017742,37.534251],[127.021179,37.535818],[127.040388,37.535823],[127.040388,37.53575],[127.046044,37.53424],[127.051699,37.530865],[127.055116,37.528661],[127.060324,37.527026],[127.065432,37.525056],[127.067456,37.524596],[127.067589,37.520876],[127.067668,37.519869],[127.067731,37.519319],[127.067813,37.519192],[127.067901,37.518579],[127.067896,37.518311],[127.068418,37.51428],[127.069684,37.50347],[127.069815,37.502739],[127.076987,37.502072],[127.084154,37.499673],[127.094794,37.496683],[127.097138,37.495835],[127.097798,37.49548],[127.097403,37.49519],[127.098796,37.494894],[127.099763,37.494509],[127.099828,37.4944],[127.100354,37.494219],[127.10046,37.494087],[127.100569,37.494069],[127.103512,37.492705],[127.107007,37.490295],[127.11151,37.484026],[127.112966,37.481724],[127.116031,37.477598],[127.118242,37.474699],[127.119719,37.472581],[127.119703,37.472761],[127.124207,37.46652],[127.123767,37.466333],[127.123427,37.466078],[127.122938,37.465819],[127.122831,37.465714],[127.122785,37.465602],[127.122689,37.465599],[127.12218,37.465222],[127.121859,37.465138],[127.121439,37.464372],[127.120104,37.463493],[127.119204,37.463127],[127.11795,37.462531],[127.117522,37.462532],[127.117527,37.462267],[127.116989,37.461485],[127.1169,37.460401],[127.116896,37.458641],[127.115893,37.458592],[127.115496,37.458698],[127.115285,37.458966],[127.115149,37.45906],[127.114592,37.459239],[127.114362,37.459379],[127.113955,37.459517],[127.113738,37.459721],[127.113634,37.459732],[127.113536,37.459802],[127.113271,37.460055],[127.113233,37.460353],[127.112763,37.46053],[127.113292,37.460836],[127.113335,37.460905],[127.113334,37.461087],[127.112975,37.461134],[127.11223,37.461505],[127.11182,37.461644],[127.110638,37.461793],[127.109891,37.461941],[127.109459,37.46187],[127.108686,37.462156],[127.108153,37.462274],[127.107302,37.46218],[127.10688,37.46237],[127.106672,37.462411],[127.106167,37.462406],[127.105925,37.462354],[127.105656,37.462236],[127.105608,37.462178],[127.10503,37.462141],[127.104341,37.462174],[127.104471,37.461756],[127.10478,37.46116],[127.104472,37.46103],[127.104023,37.460557],[127.10398,37.460454],[127.103942,37.460051],[127.103811,37.459928],[127.103443,37.459751],[127.102692,37.459724],[127.102634,37.459867],[127.102288,37.459538],[127.101954,37.459349],[127.101853,37.459178],[127.101626,37.459051],[127.101381,37.458972],[127.101165,37.45854],[127.101278,37.458242],[127.10106,37.45799],[127.100766,37.45776],[127.099739,37.457355],[127.099506,37.456913],[127.099306,37.456678],[127.099136,37.45637],[127.099096,37.456219],[127.098893,37.456116],[127.098685,37.456148],[127.098237,37.456371],[127.096365,37.456347],[127.095769,37.45652],[127.095223,37.456394],[127.09544,37.45756],[127.095372,37.457816],[127.094845,37.458516],[127.095142,37.459479],[127.095011,37.459797],[127.095236,37.460078],[127.095556,37.460257],[127.095718,37.460695],[127.095657,37.461015],[127.094355,37.460977],[127.093872,37.461176],[127.093089,37.46128],[127.09191,37.462306],[127.092021,37.463634],[127.092087,37.463892],[127.092053,37.463951],[127.092042,37.464918],[127.091947,37.465226],[127.091618,37.465719],[127.091117,37.466179],[127.09043,37.467148],[127.090135,37.467145],[127.089708,37.46742],[127.089447,37.467672],[127.089038,37.468241],[127.088976,37.468149],[127.088422,37.468203],[127.088128,37.468489],[127.087794,37.469248],[127.087558,37.469427],[127.087564,37.469845],[127.087163,37.469979],[127.086761,37.470702],[127.086604,37.47085],[127.085886,37.471215],[127.085017,37.4713],[127.084136,37.473],[127.084521,37.474277],[127.084446,37.474605],[127.084461,37.475144],[127.084939,37.475661],[127.084478,37.475797],[127.083853,37.475591],[127.083239,37.475703],[127.082745,37.475474],[127.08176,37.475444],[127.078993,37.474916],[127.07853,37.475096],[127.077963,37.474854],[127.076924,37.475243],[127.076506,37.474494],[127.075367,37.473496],[127.074226,37.47299],[127.073854,37.472983],[127.072689,37.471995],[127.071901,37.471923],[127.071744,37.471769],[127.071352,37.471578],[127.070748,37.471417],[127.07041,37.471093],[127.069931,37.470991],[127.069656,37.471106],[127.068591,37.471062],[127.067891,37.470466],[127.066468,37.470175],[127.066267,37.469937],[127.065941,37.469841],[127.065678,37.46959],[127.065505,37.469522]]]}},{"type":"Feature","properties":{"code":"11240","name":"송파구","guCode":"11240","guName":"송파구","labelPoint":[127.10597,37.504813]},"geometry":{"type":"Polygon","coordinates":[[[127.107853,37.4891],[127.107007,37.490295],[127.103512,37.492705],[127.100569,37.494069],[127.10046,37.494087],[127.100354,37.494219],[127.099828,37.4944],[127.099763,37.494509],[127.098796,37.494894],[127.097403,37.49519],[127.097798,37.49548],[127.097138,37.495835],[127.095867,37.496299],[127.094794,37.496683],[127.084154,37.499673],[127.076987,37.502072],[127.069815,37.502739],[127.069684,37.50347],[127.068418,37.51428],[127.067896,37.518311],[127.067901,37.518579],[127.067813,37.519192],[127.067731,37.519319],[127.067668,37.519869],[127.067589,37.520876],[127.067479,37.524582],[127.068663,37.523871],[127.07205,37.523415],[127.074318,37.522866],[127.076954,37.522514],[127.079975,37.522948],[127.081102,37.523409],[127.085633,37.524762],[127.090137,37.527007],[127.108282,37.541408],[127.10924,37.543167],[127.113105,37.543171],[127.113044,37.542983],[127.116525,37.54196],[127.117334,37.541489],[127.117365,37.541529],[127.118872,37.541076],[127.118949,37.541125],[127.118846,37.540997],[127.119734,37.540626],[127.12026,37.540329],[127.121859,37.539285],[127.122405,37.539014],[127.123442,37.538646],[127.121172,37.532368],[127.120605,37.530629],[127.120135,37.529663],[127.119093,37.52796],[127.138157,37.519525],[127.138189,37.519406],[127.138264,37.519372],[127.138477,37.519305],[127.138569,37.519355],[127.143827,37.517026],[127.145112,37.516833],[127.145329,37.516607],[127.145434,37.516429],[127.145439,37.516065],[127.145024,37.515862],[127.144854,37.515678],[127.144604,37.515606],[127.143883,37.515639],[127.143374,37.515578],[127.142625,37.515584],[127.142136,37.515653],[127.14183,37.515653],[127.141746,37.515646],[127.141705,37.515599],[127.141187,37.515547],[127.140614,37.515589],[127.140616,37.515548],[127.14121,37.515044],[127.141668,37.514892],[127.142642,37.514334],[127.142919,37.514098],[127.14343,37.51388],[127.143395,37.51387],[127.143373,37.513695],[127.143433,37.513613],[127.143363,37.513451],[127.143528,37.512657],[127.142885,37.512733],[127.142211,37.512528],[127.14144,37.5124],[127.141278,37.512152],[127.141238,37.511677],[127.141105,37.511127],[127.14122,37.511046],[127.141217,37.510823],[127.140947,37.510398],[127.14072,37.51035],[127.140551,37.510256],[127.140343,37.510225],[127.140367,37.510109],[127.140238,37.509854],[127.140245,37.509586],[127.14017,37.509238],[127.139935,37.508524],[127.140014,37.508525],[127.140309,37.508305],[127.140381,37.508105],[127.140315,37.507826],[127.140347,37.507752],[127.14051,37.50764],[127.140687,37.507592],[127.140885,37.507438],[127.141256,37.50706],[127.141517,37.506708],[127.141178,37.506319],[127.140813,37.505979],[127.141044,37.505643],[127.141012,37.505484],[127.141048,37.505407],[127.141132,37.505464],[127.142123,37.505076],[127.142233,37.504884],[127.143424,37.504414],[127.144103,37.504396],[127.144547,37.504216],[127.144874,37.50403],[127.145126,37.503691],[127.145126,37.503556],[127.145201,37.503557],[127.145203,37.503641],[127.145277,37.503557],[127.145416,37.503614],[127.145583,37.503416],[127.145503,37.503306],[127.145952,37.503227],[127.146239,37.503229],[127.146341,37.503351],[127.146542,37.503358],[127.146578,37.503317],[127.146509,37.503237],[127.146865,37.50326],[127.147194,37.503384],[127.147695,37.503212],[127.148054,37.503577],[127.148602,37.503723],[127.150205,37.504742],[127.150824,37.504062],[127.151654,37.503396],[127.152109,37.50297],[127.15226,37.502979],[127.152501,37.503092],[127.152844,37.503055],[127.153231,37.502679],[127.153954,37.502664],[127.156438,37.501859],[127.156555,37.501894],[127.157729,37.503179],[127.158866,37.50239],[127.159074,37.501879],[127.159397,37.501363],[127.160504,37.501095],[127.161219,37.500395],[127.161258,37.500276],[127.16139,37.500201],[127.161431,37.500022],[127.161388,37.49971],[127.16142,37.499705],[127.161354,37.499537],[127.161251,37.499391],[127.161069,37.499245],[127.160953,37.498982],[127.160808,37.498845],[127.160633,37.498549],[127.160567,37.497555],[127.160271,37.497239],[127.160008,37.497082],[127.159779,37.496824],[127.159737,37.496547],[127.159851,37.496155],[127.15983,37.496001],[127.159865,37.495684],[127.159974,37.495423],[127.160026,37.494375],[127.159811,37.493924],[127.159757,37.493641],[127.159652,37.493434],[127.159517,37.493275],[127.159184,37.493064],[127.159055,37.492938],[127.158651,37.492427],[127.158479,37.492048],[127.15826,37.491149],[127.158327,37.490663],[127.158258,37.490664],[127.15817,37.490519],[127.157649,37.490183],[127.157605,37.490095],[127.157511,37.490086],[127.157473,37.49002],[127.157282,37.48995],[127.157591,37.489909],[127.158382,37.489894],[127.158407,37.489799],[127.158514,37.489666],[127.155452,37.48806],[127.155505,37.487993],[127.155341,37.487937],[127.153741,37.48706],[127.153587,37.486921],[127.153162,37.486688],[127.15043,37.485249],[127.149922,37.484906],[127.149466,37.484427],[127.149095,37.483883],[127.148683,37.484043],[127.14777,37.482624],[127.147525,37.482014],[127.147459,37.481589],[127.147282,37.47874],[127.147242,37.478633],[127.147145,37.477222],[127.14437,37.477331],[127.144321,37.476612],[127.144269,37.476395],[127.144124,37.476084],[127.143715,37.475426],[127.143619,37.475171],[127.143527,37.47393],[127.1401,37.474038],[127.138334,37.474135],[127.136397,37.47417],[127.135287,37.474257],[127.133661,37.474531],[127.132856,37.474626],[127.132739,37.474555],[127.132687,37.474286],[127.132593,37.472795],[127.132624,37.472395],[127.132829,37.471703],[127.132824,37.471201],[127.132657,37.471208],[127.132616,37.47096],[127.132491,37.470618],[127.131983,37.469798],[127.132105,37.469546],[127.132113,37.469596],[127.132786,37.469599],[127.132821,37.469196],[127.132794,37.469119],[127.132658,37.46911],[127.13265,37.469059],[127.1324,37.469055],[127.1328,37.468394],[127.131959,37.468177],[127.13083,37.467745],[127.130592,37.467732],[127.129303,37.467967],[127.128628,37.468273],[127.128229,37.468398],[127.12692,37.468641],[127.126833,37.468586],[127.126666,37.468625],[127.126373,37.468792],[127.126025,37.469106],[127.125203,37.46962],[127.124878,37.469597],[127.124851,37.469523],[127.124937,37.469491],[127.124898,37.469386],[127.125016,37.46903],[127.125168,37.468751],[127.125138,37.468469],[127.125182,37.468352],[127.125199,37.467833],[127.125072,37.467679],[127.12506,37.467476],[127.125103,37.467447],[127.125048,37.467265],[127.124938,37.467199],[127.124759,37.466916],[127.124531,37.466755],[127.124488,37.466644],[127.12421,37.466517],[127.119703,37.472761],[127.119719,37.472581],[127.118242,37.474699],[127.116031,37.477598],[127.112966,37.481724],[127.11151,37.484026],[127.109264,37.487116],[127.109146,37.487287],[127.109175,37.487316],[127.109121,37.487321],[127.107853,37.4891]]]}},{"type":"Feature","properties":{"code":"11250","name":"강동구","guCode":"11250","guName":"강동구","labelPoint":[127.147234,37.549069]},"geometry":{"type":"Polygon","coordinates":[[[127.144838,37.518868],[127.144805,37.518774],[127.144902,37.51839],[127.144827,37.517974],[127.144856,37.517748],[127.145083,37.517144],[127.145092,37.516835],[127.143827,37.517026],[127.138569,37.519355],[127.138477,37.519305],[127.138264,37.519372],[127.138189,37.519406],[127.138157,37.519525],[127.119093,37.52796],[127.120135,37.529663],[127.120605,37.530629],[127.121172,37.532368],[127.123442,37.538646],[127.122405,37.539014],[127.121859,37.539285],[127.12026,37.540329],[127.119734,37.540626],[127.118846,37.540997],[127.118949,37.541125],[127.118872,37.541076],[127.117365,37.541529],[127.117334,37.541489],[127.116525,37.54196],[127.113044,37.542983],[127.113105,37.543171],[127.10924,37.543167],[127.110244,37.54501],[127.111471,37.546927],[127.11155,37.550513],[127.114088,37.554085],[127.115646,37.5577],[127.117339,37.559464],[127.120096,37.5612],[127.122956,37.56349],[127.12861,37.56616],[127.134266,37.567954],[127.137666,37.568424],[127.14895,37.568434],[127.154981,37.572044],[127.156899,37.572954],[127.160845,37.575653],[127.162555,37.57673],[127.166747,37.578976],[127.170251,37.579016],[127.171837,37.579262],[127.175106,37.580267],[127.176519,37.581034],[127.177155,37.5812],[127.177121,37.580572],[127.177083,37.580477],[127.177137,37.580186],[127.177143,37.579858],[127.17706,37.579544],[127.176989,37.579416],[127.176883,37.579265],[127.176537,37.578932],[127.176179,37.578743],[127.175962,37.578559],[127.175591,37.578455],[127.175442,37.578363],[127.175415,37.578299],[127.175331,37.577705],[127.17536,37.577523],[127.175328,37.577235],[127.175498,37.57702],[127.175529,37.576681],[127.175584,37.576564],[127.175764,37.575661],[127.175683,37.574899],[127.176027,37.574359],[127.176132,37.574089],[127.176498,37.573801],[127.176637,37.573586],[127.176944,37.573294],[127.177114,37.572945],[127.177387,37.572523],[127.177819,37.572058],[127.177877,37.57187],[127.177795,37.571795],[127.17784,37.571464],[127.177982,37.571153],[127.178321,37.570707],[127.178397,37.570374],[127.178654,37.569769],[127.179063,37.569237],[127.179216,37.568918],[127.17934,37.568137],[127.179436,37.567814],[127.179497,37.567731],[127.179439,37.567601],[127.179432,37.567342],[127.179469,37.56627],[127.179512,37.565837],[127.179665,37.565279],[127.179784,37.565055],[127.180194,37.564588],[127.180457,37.564129],[127.180625,37.56392],[127.180846,37.563469],[127.180995,37.563323],[127.181186,37.563017],[127.181514,37.562268],[127.181506,37.562145],[127.181622,37.561814],[127.18191,37.561249],[127.181995,37.560992],[127.18197,37.560722],[127.182041,37.560406],[127.181984,37.559656],[127.181812,37.558989],[127.181769,37.558451],[127.181554,37.557553],[127.181675,37.556827],[127.181684,37.555996],[127.181487,37.555443],[127.181392,37.554922],[127.181488,37.554695],[127.181495,37.554332],[127.18134,37.552965],[127.181422,37.552757],[127.181704,37.552508],[127.182933,37.551753],[127.183119,37.551081],[127.183103,37.550658],[127.183023,37.550664],[127.182927,37.550236],[127.182897,37.549571],[127.182845,37.549429],[127.183056,37.548709],[127.182865,37.548695],[127.182842,37.548356],[127.182925,37.548345],[127.182781,37.548301],[127.182768,37.548109],[127.182796,37.548101],[127.182676,37.547875],[127.182657,37.547524],[127.182723,37.54741],[127.182759,37.546784],[127.182725,37.546704],[127.182825,37.546344],[127.183795,37.545574],[127.183539,37.54517],[127.183137,37.545356],[127.182847,37.54558],[127.182745,37.545514],[127.18244,37.545601],[127.182202,37.545725],[127.181963,37.546151],[127.181693,37.546445],[127.181256,37.54658],[127.179331,37.546567],[127.178418,37.54628],[127.178292,37.546317],[127.177006,37.545832],[127.176902,37.545823],[127.176793,37.545754],[127.176784,37.545433],[127.176724,37.545368],[127.176648,37.545393],[127.176638,37.545336],[127.176467,37.545401],[127.176201,37.545579],[127.175981,37.545637],[127.175768,37.545404],[127.175717,37.545208],[127.175471,37.54524],[127.175383,37.545202],[127.174315,37.545297],[127.174207,37.545411],[127.174138,37.545712],[127.173906,37.545582],[127.173615,37.54554],[127.173236,37.54557],[127.172107,37.545534],[127.171572,37.545386],[127.171514,37.545307],[127.171065,37.545121],[127.17037,37.544908],[127.169764,37.544805],[127.169387,37.544896],[127.168823,37.545148],[127.168248,37.545123],[127.16817,37.545079],[127.16795,37.54506],[127.167715,37.545078],[127.16764,37.544936],[127.167548,37.544976],[127.167607,37.545086],[127.167571,37.545094],[127.167582,37.545136],[127.166978,37.545202],[127.166853,37.545045],[127.166852,37.544842],[127.166746,37.544818],[127.166801,37.544588],[127.166924,37.544322],[127.166894,37.544273],[127.166637,37.544253],[127.165296,37.544401],[127.165188,37.544487],[127.165168,37.544632],[127.164885,37.544694],[127.164727,37.544689],[127.16437,37.544843],[127.164241,37.544825],[127.164046,37.5449],[127.163914,37.544895],[127.163488,37.545015],[127.163163,37.544991],[127.162789,37.544524],[127.162715,37.544485],[127.162481,37.544141],[127.162181,37.543827],[127.161709,37.54346],[127.161263,37.542949],[127.16031,37.541626],[127.159924,37.541392],[127.159723,37.541357],[127.159647,37.541283],[127.159573,37.540987],[127.159102,37.540726],[127.158959,37.540484],[127.158452,37.540003],[127.158247,37.53975],[127.157651,37.53927],[127.157396,37.538951],[127.157315,37.538698],[127.157175,37.538441],[127.156941,37.538371],[127.156941,37.537967],[127.156789,37.537658],[127.156541,37.537446],[127.156338,37.53737],[127.156033,37.537342],[127.15594,37.537059],[127.155262,37.536216],[127.154865,37.535358],[127.154526,37.534869],[127.154021,37.534514],[127.153817,37.533971],[127.153567,37.533665],[127.153934,37.53192],[127.153725,37.531562],[127.153377,37.531331],[127.153325,37.531034],[127.153432,37.530914],[127.153539,37.530437],[127.153129,37.529948],[127.15329,37.529469],[127.153164,37.529109],[127.152779,37.528802],[127.152687,37.528529],[127.151638,37.527704],[127.150783,37.526857],[127.150402,37.526372],[127.149869,37.526207],[127.149455,37.525751],[127.149596,37.525294],[127.149476,37.525021],[127.149236,37.52483],[127.149025,37.524334],[127.149009,37.524119],[127.148596,37.523561],[127.148598,37.523192],[127.148179,37.522922],[127.14783,37.522393],[127.147797,37.522149],[127.145666,37.521932],[127.145643,37.521581],[127.145271,37.520879],[127.145078,37.520304],[127.144978,37.520135],[127.144786,37.519624],[127.144838,37.518868]]]}}]}