{"type":"FeatureCollection","features":[{"type":"Feature","properties":{"code":"11110171","name":"명륜2가","guCode":"11010","guName":"종로구","labelPoint":[126.998875,37.584705],"legalGuCode":"11110"},"geometry":{"type":"Polygon","coordinates":[[[127.00031,37.586436],[127.000423,37.586174],[127.00071,37.5848],[127.000816,37.58461],[127.000989,37.584499],[127.001074,37.584393],[127.00138,37.583641],[127.000984,37.583548],[127.000424,37.583321],[127.000107,37.583238],[126.999254,37.582856],[126.998918,37.582794],[126.998625,37.582969],[126.998428,37.583001],[126.998368,37.583049],[126.998323,37.583277],[126.998202,37.5834],[126.997532,37.583871],[126.997251,37.584188],[126.996944,37.584387],[126.997016,37.584919],[126.996931,37.585508],[126.997008,37.58553],[126.997003,37.585564],[126.99721,37.585717],[126.997153,37.58583],[126.997745,37.586252],[126.998115,37.586394],[126.998378,37.586346],[126.99901,37.586366],[126.999667,37.586136],[126.999924,37.586227],[127.00031,37.586436]]]}},{"type":"Feature","properties":{"code":"11110170","name":"명륜1가","guCode":"11010","guName":"종로구","labelPoint":[126.997722,37.589031],"legalGuCode":"11110"},"geometry":{"type":"Polygon","coordinates":[[[126.998063,37.592395],[126.998072,37.59205],[126.997966,37.591635],[126.997989,37.591523],[126.998137,37.591459],[126.998166,37.591381],[126.998315,37.591333],[126.998328,37.591144],[126.998467,37.591074],[126.998507,37.590932],[126.998412,37.590723],[126.99831,37.59029],[126.998401,37.590205],[126.998505,37.589876],[126.998808,37.589834],[126.999217,37.589597],[126.999977,37.586944],[127.00031,37.586436],[126.999924,37.586227],[126.999667,37.586136],[126.99901,37.586366],[126.998378,37.586346],[126.998115,37.586394],[126.997745,37.586252],[126.997153,37.58583],[126.99721,37.585717],[126.997003,37.585564],[126.997008,37.58553],[126.996931,37.585508],[126.996738,37.586272],[126.996592,37.586636],[126.996578,37.58698],[126.996474,37.587197],[126.996488,37.587352],[126.996593,37.587458],[126.996648,37.587592],[126.996609,37.587681],[126.996396,37.587894],[126.99581,37.588173],[126.995473,37.588383],[126.995859,37.588843],[126.996269,37.589219],[126.996011,37.589733],[126.995876,37.589795],[126.995631,37.590125],[126.99567,37.590422],[126.995661,37.590767],[126.995566,37.590921],[126.995328,37.590907],[126.99498,37.591087],[126.994773,37.591135],[126.994463,37.591532],[126.994748,37.591682],[126.995144,37.592062],[126.995257,37.592218],[126.995362,37.59228],[126.996414,37.592101],[126.996771,37.592221],[126.997436,37.592218],[126.998063,37.592395]]]}},{"type":"Feature","properties":{"code":"11110169","name":"혜화동","guCode":"11010","guName":"종로구","labelPoint":[127.001832,37.587874],"legalGuCode":"11110"},"geometry":{"type":"Polygon","coordinates":[[[127.006551,37.585546],[127.006262,37.585335],[127.005851,37.58533],[127.005118,37.585675],[127.004921,37.585651],[127.004681,37.585772],[127.004541,37.585603],[127.004456,37.585335],[127.004213,37.585057],[127.004143,37.585032],[127.004075,37.584866],[127.003942,37.58477],[127.003931,37.58455],[127.003813,37.584492],[127.003428,37.584109],[127.003268,37.584085],[127.002885,37.583912],[127.002253,37.583309],[127.002052,37.58329],[127.001706,37.583168],[127.001657,37.583426],[127.001542,37.58355],[127.00138,37.583641],[127.001074,37.584393],[127.000989,37.584499],[127.000816,37.58461],[127.00071,37.5848],[127.000423,37.586174],[127.000305,37.586451],[126.999977,37.586944],[126.999217,37.589597],[126.998808,37.589834],[126.998505,37.589876],[126.998401,37.590205],[126.99831,37.59029],[126.998412,37.590723],[126.998507,37.590932],[126.998467,37.591074],[126.998328,37.591144],[126.998315,37.591333],[126.998166,37.591381],[126.998137,37.591459],[126.997989,37.591523],[126.997966,37.591635],[126.998072,37.59205],[126.998063,37.592395],[126.998469,37.592471],[126.998728,37.592468],[126.999452,37.592229],[126.999906,37.592213],[127.00044,37.592307],[127.000953,37.592301],[127.001126,37.592095],[127.001445,37.591828],[127.001732,37.591352],[127.001783,37.591019],[127.001649,37.590876],[127.001463,37.590551],[127.001469,37.590149],[127.001821,37.589909],[127.002006,37.589684],[127.002147,37.589468],[127.002217,37.589172],[127.002345,37.589044],[127.002823,37.588772],[127.003285,37.588663],[127.003393,37.588569],[127.003472,37.588415],[127.003517,37.588145],[127.00369,37.588043],[127.00392,37.588032],[127.003988,37.587945],[127.003892,37.587747],[127.004002,37.587803],[127.004081,37.587734],[127.004024,37.587716],[127.004127,37.587613],[127.004252,37.587177],[127.005117,37.586991],[127.005866,37.586972],[127.005982,37.586895],[127.006626,37.586125],[127.006641,37.585975],[127.006551,37.585546]]]}},{"type":"Feature","properties":{"code":"11110168","name":"동숭동","guCode":"11010","guName":"종로구","labelPoint":[127.004827,37.581579],"legalGuCode":"11110"},"geometry":{"type":"Polygon","coordinates":[[[127.001662,37.582901],[127.001706,37.583168],[127.002052,37.583289],[127.002253,37.583309],[127.002885,37.583912],[127.003268,37.584084],[127.003428,37.584109],[127.003813,37.584492],[127.003931,37.58455],[127.003942,37.58477],[127.004075,37.584866],[127.004143,37.585032],[127.004213,37.585056],[127.004455,37.585334],[127.004541,37.585603],[127.004681,37.585772],[127.004921,37.585651],[127.005118,37.585675],[127.005851,37.58533],[127.006262,37.585335],[127.006625,37.585595],[127.006691,37.585523],[127.006887,37.585488],[127.007018,37.585353],[127.006999,37.585146],[127.006905,37.584917],[127.006991,37.584703],[127.006889,37.584703],[127.00707,37.584091],[127.007195,37.583467],[127.007271,37.583333],[127.007266,37.58321],[127.00726,37.583117],[127.007155,37.582904],[127.006753,37.582336],[127.006909,37.582224],[127.007021,37.582012],[127.007324,37.581865],[127.007479,37.581653],[127.0078,37.581505],[127.008009,37.581229],[127.008327,37.581057],[127.008442,37.580799],[127.00859,37.580644],[127.008638,37.580478],[127.008623,37.580021],[127.008472,37.579735],[127.008087,37.579384],[127.008053,37.579199],[127.007022,37.579063],[127.006587,37.578813],[127.006512,37.578645],[127.006191,37.5785],[127.006011,37.578369],[127.005522,37.578291],[127.005216,37.578138],[127.004959,37.578064],[127.004127,37.578057],[127.004157,37.57754],[127.003942,37.577519],[127.003272,37.577574],[127.003189,37.577525],[127.002276,37.577439],[127.002295,37.57838],[127.002137,37.579052],[127.00218,37.579268],[127.002267,37.579437],[127.002177,37.581099],[127.001758,37.582331],[127.001662,37.582901]]]}},{"type":"Feature","properties":{"code":"11110167","name":"충신동","guCode":"11010","guName":"종로구","labelPoint":[127.005935,37.574771],"legalGuCode":"11110"},"geometry":{"type":"Polygon","coordinates":[[[127.008559,37.576743],[127.008578,37.576592],[127.008396,37.576101],[127.008417,37.575768],[127.008792,37.575131],[127.008871,37.574835],[127.008495,37.574708],[127.008234,37.574561],[127.008183,37.574473],[127.007782,37.574201],[127.006235,37.573692],[127.005881,37.573492],[127.005368,37.573298],[127.004719,37.572955],[127.004477,37.572784],[127.00416,37.573565],[127.003902,37.57388],[127.003383,37.57437],[127.003272,37.574545],[127.002933,37.575445],[127.003308,37.575564],[127.004221,37.575761],[127.00439,37.575886],[127.005256,37.57597],[127.005828,37.576157],[127.006009,37.576278],[127.006399,37.576322],[127.006508,37.576433],[127.007066,37.576508],[127.007407,37.576628],[127.008559,37.576743]]]}},{"type":"Feature","properties":{"code":"11110166","name":"연건동","guCode":"11010","guName":"종로구","labelPoint":[126.999469,37.578574],"legalGuCode":"11110"},"geometry":{"type":"Polygon","coordinates":[[[127.002056,37.581478],[127.002177,37.5811],[127.002252,37.580045],[127.002267,37.579437],[127.00218,37.579268],[127.002137,37.579053],[127.002295,37.57838],[127.002272,37.577358],[127.002339,37.577262],[127.002633,37.577115],[127.002837,37.575694],[127.003001,37.575285],[127.002407,37.575244],[127.001873,37.575073],[127.001731,37.57507],[127.001571,37.574965],[127.001366,37.574977],[127.001322,37.575322],[127.001337,37.575555],[127.00127,37.575781],[127.001284,37.576081],[127.000995,37.576109],[127.000958,37.575888],[127.000693,37.575938],[127.000679,37.576056],[127.000548,37.576063],[127.000418,37.576032],[127.000301,37.575876],[127.000167,37.575828],[127.000033,37.575848],[126.99996,37.575773],[126.999498,37.575973],[126.999599,37.576015],[126.999545,37.576126],[126.999416,37.576164],[126.999341,37.576124],[126.999145,37.576144],[126.999047,37.576326],[126.99904,37.576412],[126.998808,37.57669],[126.998787,37.576818],[126.998845,37.57683],[126.998811,37.576952],[126.99841,37.57688],[126.99847,37.576675],[126.99822,37.576633],[126.998084,37.576564],[126.998003,37.576694],[126.997896,37.576673],[126.997727,37.577054],[126.997639,37.577033],[126.997663,37.57698],[126.997476,37.576933],[126.997165,37.576917],[126.996632,37.578769],[126.996323,37.580555],[126.996355,37.580999],[126.996633,37.58131],[126.99752,37.58201],[126.997597,37.58196],[126.997571,37.581929],[126.997795,37.581805],[126.997892,37.581209],[126.998761,37.581278],[126.999717,37.581236],[126.999857,37.581136],[127.000689,37.581338],[127.00069,37.581394],[127.001759,37.581415],[127.002056,37.581478]]]}},{"type":"Feature","properties":{"code":"11110165","name":"이화동","guCode":"11010","guName":"종로구","labelPoint":[127.005396,37.57735],"legalGuCode":"11110"},"geometry":{"type":"Polygon","coordinates":[[[127.008053,37.5792],[127.007991,37.578646],[127.008055,37.578478],[127.008356,37.578072],[127.008319,37.577576],[127.008366,37.577477],[127.008649,37.577189],[127.008638,37.576987],[127.008559,37.576743],[127.007407,37.576628],[127.007066,37.576508],[127.006508,37.576433],[127.006399,37.576322],[127.006009,37.576278],[127.005828,37.576157],[127.005256,37.57597],[127.00439,37.575886],[127.004221,37.575761],[127.003308,37.575564],[127.002933,37.575445],[127.002785,37.575951],[127.002633,37.577115],[127.002339,37.577262],[127.002261,37.577438],[127.003189,37.577526],[127.003272,37.577575],[127.003942,37.577519],[127.004158,37.57754],[127.004127,37.578057],[127.004959,37.578065],[127.005216,37.578138],[127.005522,37.578292],[127.006011,37.57837],[127.006191,37.5785],[127.006512,37.578645],[127.006587,37.578814],[127.007022,37.579063],[127.008053,37.5792]]]}},{"type":"Feature","properties":{"code":"11110164","name":"종로6가","guCode":"11010","guName":"종로구","labelPoint":[127.007315,37.572335],"legalGuCode":"11110"},"geometry":{"type":"Polygon","coordinates":[[[127.004477,37.572784],[127.004719,37.572955],[127.005368,37.573298],[127.005881,37.573492],[127.006235,37.573692],[127.007782,37.574201],[127.008183,37.574473],[127.008234,37.574561],[127.008495,37.574708],[127.008871,37.574835],[127.008906,37.574716],[127.008775,37.574215],[127.008767,37.574044],[127.008808,37.57382],[127.008905,37.573647],[127.008831,37.573404],[127.008857,37.573118],[127.008816,37.572857],[127.008922,37.572626],[127.009305,37.572431],[127.009497,37.572238],[127.009595,37.571963],[127.009704,37.571938],[127.009655,37.571586],[127.009768,37.571387],[127.009924,37.571274],[127.009969,37.571178],[127.009886,37.571005],[127.009665,37.570939],[127.009879,37.570179],[127.010014,37.570194],[127.010019,37.570067],[127.009844,37.570028],[127.01002,37.570029],[127.010035,37.569771],[127.006906,37.569644],[127.006673,37.570113],[127.006449,37.570766],[127.006233,37.571576],[127.006081,37.571812],[127.005526,37.572184],[127.004637,37.572634],[127.004477,37.572784]]]}},{"type":"Feature","properties":{"code":"11110163","name":"종로5가","guCode":"11010","guName":"종로구","labelPoint":[127.003661,37.570467],"legalGuCode":"11110"},"geometry":{"type":"Polygon","coordinates":[[[127.006211,37.571615],[127.006673,37.570113],[127.006906,37.569644],[127.005965,37.569606],[127.002453,37.569623],[127.001446,37.569509],[127.001505,37.569715],[127.000406,37.570822],[127.00036,37.570821],[127.00018,37.571235],[127.000044,37.571351],[126.999758,37.571778],[127.000546,37.571948],[127.00062,37.571759],[127.000715,37.571704],[127.000764,37.571507],[127.001054,37.571532],[127.001076,37.571455],[127.00112,37.571457],[127.001161,37.571379],[127.002153,37.571449],[127.002837,37.571561],[127.004033,37.571495],[127.00495,37.571493],[127.005247,37.571542],[127.005928,37.57156],[127.006211,37.571615]]]}},{"type":"Feature","properties":{"code":"11110162","name":"효제동","guCode":"11010","guName":"종로구","labelPoint":[127.003216,37.573229],"legalGuCode":"11110"},"geometry":{"type":"Polygon","coordinates":[[[127.003001,37.575285],[127.003272,37.574545],[127.003383,37.57437],[127.003902,37.57388],[127.00416,37.573565],[127.004477,37.572784],[127.004754,37.572566],[127.005842,37.572],[127.006081,37.571812],[127.006211,37.571615],[127.005928,37.57156],[127.005247,37.571542],[127.00495,37.571493],[127.004033,37.571495],[127.002837,37.571561],[127.002153,37.571449],[127.001477,37.571396],[127.001484,37.571709],[127.001587,37.572344],[127.001698,37.572602],[127.002102,37.573055],[127.002171,37.573404],[127.00224,37.573439],[127.00225,37.573489],[127.00119,37.574248],[127.000846,37.574414],[127.000696,37.574798],[127.001075,37.574873],[127.001067,37.574962],[127.001571,37.574965],[127.001731,37.57507],[127.001873,37.575073],[127.002407,37.575244],[127.003001,37.575285]]]}},{"type":"Feature","properties":{"code":"11110145","name":"송현동","guCode":"11010","guName":"종로구","labelPoint":[126.981735,37.577036],"legalGuCode":"11110"},"geometry":{"type":"Polygon","coordinates":[[[126.982115,37.578632],[126.982432,37.577757],[126.982583,37.576777],[126.982878,37.576184],[126.983172,37.575692],[126.983236,37.57567],[126.98327,37.575597],[126.982764,37.575455],[126.981968,37.575511],[126.981299,37.575716],[126.980956,37.575937],[126.980551,37.576106],[126.980617,37.576169],[126.980829,37.576615],[126.980988,37.577296],[126.981121,37.57746],[126.981194,37.577427],[126.981397,37.577682],[126.981532,37.578627],[126.982115,37.578632]]]}},{"type":"Feature","properties":{"code":"11110144","name":"사간동","guCode":"11010","guName":"종로구","labelPoint":[126.98028,37.576996],"legalGuCode":"11110"},"geometry":{"type":"Polygon","coordinates":[[[126.981474,37.578283],[126.981502,37.578273],[126.981441,37.578075],[126.981397,37.577682],[126.981194,37.577427],[126.981121,37.57746],[126.980988,37.577296],[126.980878,37.576759],[126.980617,37.576169],[126.980544,37.576096],[126.980244,37.576138],[126.979861,37.576053],[126.97962,37.576043],[126.979654,37.576263],[126.979627,37.577234],[126.979649,37.578131],[126.980208,37.578081],[126.980199,37.578035],[126.980403,37.578026],[126.980413,37.578098],[126.980528,37.578084],[126.980547,37.578183],[126.980876,37.578149],[126.980977,37.578424],[126.981474,37.578283]]]}},{"type":"Feature","properties":{"code":"11440106","name":"토정동","guCode":"11140","guName":"마포구","labelPoint":[126.939689,37.539142],"legalGuCode":"11440"},"geometry":{"type":"Polygon","coordinates":[[[126.942134,37.539543],[126.941244,37.538741],[126.941704,37.538142],[126.941592,37.538042],[126.941626,37.537959],[126.940346,37.536701],[126.938558,37.537835],[126.937199,37.538474],[126.938556,37.540323],[126.939423,37.540427],[126.939594,37.54083],[126.939648,37.540788],[126.939978,37.541064],[126.942134,37.539543]]]}},{"type":"Feature","properties":{"code":"11440105","name":"용강동","guCode":"11140","guName":"마포구","labelPoint":[126.940946,37.541251],"legalGuCode":"11440"},"geometry":{"type":"Polygon","coordinates":[[[126.935335,37.539347],[126.936724,37.541438],[126.93692,37.54182],[126.937048,37.541846],[126.937119,37.541947],[126.93717,37.542078],[126.93708,37.542117],[126.937315,37.542655],[126.938553,37.543999],[126.938578,37.544109],[126.939192,37.544032],[126.939452,37.54404],[126.93994,37.543849],[126.940221,37.543893],[126.940478,37.543819],[126.940574,37.543843],[126.94079,37.543801],[126.941161,37.544068],[126.941466,37.544156],[126.942126,37.543688],[126.942416,37.543624],[126.942622,37.543453],[126.942885,37.543361],[126.942895,37.54323],[126.943191,37.543167],[126.943222,37.543023],[126.943439,37.542944],[126.943695,37.543003],[126.943913,37.542995],[126.94365,37.542756],[126.945535,37.541454],[126.944965,37.540977],[126.94487,37.540858],[126.944809,37.540652],[126.944817,37.540136],[126.944764,37.539992],[126.943874,37.539092],[126.942615,37.539975],[126.942134,37.539542],[126.939978,37.541064],[126.939648,37.540788],[126.939594,37.54083],[126.939423,37.540427],[126.938556,37.540323],[126.937198,37.538472],[126.935335,37.539347]]]}},{"type":"Feature","properties":{"code":"11440104","name":"도화동","guCode":"11140","guName":"마포구","labelPoint":[126.950343,37.539631],"legalGuCode":"11440"},"geometry":{"type":"Polygon","coordinates":[[[126.956429,37.540786],[126.956587,37.54076],[126.956521,37.540703],[126.95664,37.540591],[126.956262,37.540126],[126.956066,37.539964],[126.955734,37.53947],[126.955186,37.539185],[126.954323,37.539013],[126.954096,37.538932],[126.953652,37.538335],[126.953403,37.537578],[126.95285,37.537262],[126.95281,37.537192],[126.951972,37.536699],[126.95155,37.53654],[126.951464,37.536394],[126.951284,37.536288],[126.950604,37.536097],[126.949909,37.536047],[126.948998,37.535749],[126.948902,37.535627],[126.948786,37.535581],[126.948408,37.535595],[126.948282,37.535654],[126.947846,37.535618],[126.947719,37.535663],[126.947586,37.535838],[126.947485,37.535827],[126.947386,37.535384],[126.947474,37.535304],[126.94738,37.53522],[126.947185,37.535374],[126.946525,37.535581],[126.946423,37.535736],[126.946727,37.53596],[126.946821,37.536087],[126.946868,37.536282],[126.946812,37.536473],[126.946564,37.536968],[126.946571,37.537115],[126.946532,37.537119],[126.94651,37.537277],[126.946316,37.53757],[126.94629,37.537731],[126.946219,37.537858],[126.946203,37.53834],[126.94637,37.538789],[126.94614,37.538958],[126.945678,37.53906],[126.945532,37.539151],[126.945478,37.539245],[126.944579,37.539792],[126.944793,37.540041],[126.944815,37.540693],[126.944922,37.540935],[126.948119,37.543621],[126.948286,37.54364],[126.948913,37.543351],[126.949098,37.543319],[126.949225,37.543392],[126.949582,37.543895],[126.949667,37.543816],[126.950464,37.543447],[126.950542,37.543512],[126.950796,37.543403],[126.954685,37.541578],[126.95519,37.541454],[126.955673,37.541211],[126.956122,37.540889],[126.956429,37.540786]]]}},{"type":"Feature","properties":{"code":"11440103","name":"신공덕동","guCode":"11140","guName":"마포구","labelPoint":[126.955684,37.544338],"legalGuCode":"11440"},"geometry":{"type":"Polygon","coordinates":[[[126.957935,37.547224],[126.958094,37.547192],[126.958297,37.547255],[126.958508,37.547248],[126.958491,37.546903],[126.958648,37.546778],[126.958967,37.546718],[126.958949,37.546597],[126.959132,37.546562],[126.959141,37.546459],[126.959187,37.546472],[126.959189,37.546428],[126.959147,37.546223],[126.958978,37.546232],[126.959264,37.545999],[126.959098,37.545901],[126.959122,37.545885],[126.958971,37.545745],[126.958718,37.545683],[126.958413,37.545508],[126.957905,37.545453],[126.957819,37.545142],[126.958107,37.544424],[126.957574,37.544223],[126.95745,37.544004],[126.957457,37.543839],[126.957536,37.543704],[126.957408,37.543226],[126.957585,37.542974],[126.958078,37.542913],[126.95835,37.542759],[126.958207,37.542515],[126.958176,37.542312],[126.957874,37.542096],[126.957313,37.541867],[126.956987,37.541637],[126.956935,37.541488],[126.956965,37.541482],[126.956951,37.541356],[126.956854,37.541136],[126.956718,37.540864],[126.956587,37.54076],[126.956122,37.540889],[126.955673,37.541211],[126.95519,37.541454],[126.954685,37.541578],[126.951917,37.542866],[126.95257,37.543691],[126.952959,37.543847],[126.953501,37.544252],[126.953369,37.544242],[126.953803,37.54459],[126.953956,37.544604],[126.954634,37.54518],[126.955167,37.545718],[126.955525,37.546102],[126.95605,37.546838],[126.956076,37.546907],[126.956054,37.54708],[126.956104,37.547186],[126.956868,37.548035],[126.957153,37.547822],[126.957336,37.547569],[126.957935,37.547224]]]}},{"type":"Feature","properties":{"code":"11440102","name":"공덕동","guCode":"11140","guName":"마포구","labelPoint":[126.952963,37.547356],"legalGuCode":"11440"},"geometry":{"type":"Polygon","coordinates":[[[126.947449,37.545307],[126.94753,37.545418],[126.947807,37.545295],[126.947898,37.545424],[126.947948,37.5454],[126.948499,37.545909],[126.949277,37.54703],[126.949972,37.547606],[126.94948,37.54911],[126.949222,37.549631],[126.949374,37.549954],[126.949534,37.550557],[126.950071,37.551034],[126.950374,37.551381],[126.950536,37.551888],[126.950606,37.551904],[126.95179,37.551504],[126.952713,37.551371],[126.952478,37.551036],[126.952635,37.550969],[126.952597,37.550862],[126.952633,37.550821],[126.952893,37.550829],[126.954844,37.550217],[126.954686,37.549891],[126.954985,37.549857],[126.955392,37.550537],[126.955587,37.551139],[126.955837,37.551094],[126.957196,37.550653],[126.95744,37.550988],[126.95756,37.551111],[126.957727,37.551204],[126.957793,37.551332],[126.95797,37.551514],[126.958136,37.551409],[126.958416,37.551509],[126.958446,37.551425],[126.958518,37.551376],[126.958521,37.551293],[126.958567,37.551274],[126.958898,37.551397],[126.958999,37.551504],[126.959484,37.551652],[126.959668,37.551601],[126.959727,37.551658],[126.959897,37.551588],[126.960297,37.551723],[126.960624,37.551643],[126.961112,37.551338],[126.961108,37.551221],[126.961215,37.551107],[126.961186,37.551058],[126.962349,37.551513],[126.962397,37.551379],[126.962842,37.551024],[126.963187,37.550661],[126.963234,37.55046],[126.963488,37.550179],[126.963549,37.549948],[126.963772,37.549796],[126.963898,37.549763],[126.963711,37.549254],[126.96371,37.548763],[126.963339,37.548642],[126.962937,37.548693],[126.962241,37.548623],[126.962202,37.548559],[126.962222,37.548128],[126.961701,37.547593],[126.96133,37.547518],[126.961077,37.547419],[126.960754,37.546994],[126.960132,37.546375],[126.960044,37.546159],[126.960051,37.546067],[126.959533,37.545973],[126.959339,37.546046],[126.959264,37.545999],[126.958977,37.546232],[126.959146,37.546223],[126.959189,37.546428],[126.959187,37.546472],[126.95914,37.54646],[126.959131,37.546562],[126.958949,37.546597],[126.958966,37.546719],[126.958648,37.546779],[126.958491,37.546903],[126.958508,37.547249],[126.958296,37.547255],[126.958052,37.547192],[126.957789,37.547293],[126.957336,37.547569],[126.957153,37.547823],[126.956868,37.548035],[126.956104,37.547187],[126.956054,37.547081],[126.956076,37.546907],[126.956049,37.546839],[126.955525,37.546102],[126.955167,37.545719],[126.954634,37.545181],[126.953956,37.544604],[126.953803,37.544591],[126.953369,37.544242],[126.953501,37.544252],[126.952959,37.543848],[126.952569,37.543691],[126.951917,37.542867],[126.950542,37.543513],[126.950464,37.543448],[126.949667,37.543817],[126.949582,37.543895],[126.946054,37.545442],[126.946326,37.545816],[126.947449,37.545307]]]}},{"type":"Feature","properties":{"code":"11440101","name":"아현동","guCode":"11140","guName":"마포구","labelPoint":[126.956054,37.554355],"legalGuCode":"11440"},"geometry":{"type":"Polygon","coordinates":[[[126.94894,37.556993],[126.956191,37.557407],[126.959134,37.557242],[126.959642,37.557663],[126.959796,37.557549],[126.959917,37.557578],[126.960116,37.5577],[126.960758,37.558331],[126.960903,37.558546],[126.961152,37.558754],[126.961689,37.558982],[126.961736,37.558813],[126.96155,37.558617],[126.961596,37.558453],[126.961567,37.558422],[126.962076,37.558457],[126.962804,37.558067],[126.962859,37.558132],[126.963078,37.558203],[126.963041,37.55803],[126.963052,37.557415],[126.963254,37.557265],[126.963409,37.556994],[126.963437,37.556854],[126.963357,37.556685],[126.963157,37.556533],[126.962791,37.55611],[126.962748,37.556053],[126.962772,37.556005],[126.962477,37.555911],[126.962363,37.555726],[126.962142,37.555531],[126.961978,37.555127],[126.961777,37.554982],[126.961774,37.554795],[126.961931,37.554448],[126.96204,37.554063],[126.962007,37.554035],[126.962289,37.552906],[126.962327,37.551991],[126.962287,37.551881],[126.962405,37.551648],[126.962351,37.551513],[126.961186,37.551058],[126.961216,37.551107],[126.961108,37.551221],[126.961113,37.551338],[126.960624,37.551643],[126.960297,37.551723],[126.959897,37.551588],[126.959727,37.551658],[126.959668,37.551601],[126.959485,37.551652],[126.958999,37.551504],[126.958898,37.551397],[126.958568,37.551274],[126.958521,37.551293],[126.958519,37.551376],[126.958447,37.551425],[126.958416,37.551509],[126.958136,37.551409],[126.957971,37.551514],[126.957793,37.551332],[126.957727,37.551204],[126.957561,37.551111],[126.95744,37.550988],[126.957196,37.550653],[126.955838,37.551094],[126.955587,37.551139],[126.955393,37.550537],[126.954985,37.549857],[126.954686,37.549891],[126.954845,37.550217],[126.952893,37.550829],[126.952633,37.550821],[126.952597,37.550862],[126.952635,37.550969],[126.952478,37.551036],[126.952714,37.551371],[126.951791,37.551504],[126.950606,37.551904],[126.950536,37.551888],[126.950748,37.553164],[126.950539,37.553549],[126.950538,37.553654],[126.95058,37.55366],[126.950524,37.554053],[126.949978,37.55393],[126.949834,37.55417],[126.950302,37.554262],[126.949717,37.554618],[126.949623,37.554915],[126.949588,37.555329],[126.949069,37.555547],[126.948945,37.555538],[126.948752,37.555426],[126.948566,37.555729],[126.94853,37.556447],[126.948468,37.556448],[126.948457,37.556581],[126.948937,37.556793],[126.94894,37.556993]]]}},{"type":"Feature","properties":{"code":"11410120","name":"남가좌동","guCode":"11130","guName":"서대문구","labelPoint":[126.921043,37.57651],"legalGuCode":"11410"},"geometry":{"type":"Polygon","coordinates":[[[126.920859,37.582939],[126.921186,37.583305],[126.92175,37.583455],[126.92172,37.583727],[126.921993,37.584079],[126.921846,37.584686],[126.922215,37.585045],[126.922419,37.585345],[126.922735,37.585466],[126.922768,37.585573],[126.923114,37.584692],[126.923148,37.584411],[126.923215,37.584183],[126.923248,37.584205],[126.923228,37.584038],[126.923385,37.583955],[126.923979,37.583851],[126.924437,37.58303],[126.924615,37.582617],[126.924778,37.582416],[126.92457,37.58229],[126.924503,37.582425],[126.924339,37.582549],[126.923887,37.582365],[126.923883,37.582316],[126.92382,37.582284],[126.924493,37.581838],[126.924921,37.581238],[126.925183,37.579531],[126.927219,37.57606],[126.927133,37.57601],[126.927259,37.57571],[126.926527,37.575354],[126.924716,37.574205],[126.923843,37.573287],[126.92288,37.573011],[126.922472,37.572856],[126.921549,37.572346],[126.921072,37.572002],[126.920148,37.571158],[126.919489,37.570069],[126.919057,37.569606],[126.918686,37.569264],[126.917629,37.568616],[126.916773,37.567811],[126.91378,37.569144],[126.911634,37.570192],[126.910939,37.570463],[126.909789,37.570987],[126.909999,37.571246],[126.909715,37.571399],[126.910034,37.571667],[126.910079,37.571777],[126.911911,37.570865],[126.912865,37.570443],[126.913049,37.570507],[126.913375,37.570849],[126.913579,37.571105],[126.913673,37.5713],[126.913735,37.571503],[126.913666,37.571569],[126.913453,37.5714],[126.913401,37.571471],[126.912921,37.571283],[126.912958,37.571214],[126.912844,37.571164],[126.912921,37.571039],[126.912641,37.570912],[126.912588,37.571016],[126.912477,37.570976],[126.912405,37.571133],[126.912487,37.571165],[126.912401,37.57127],[126.91234,37.571223],[126.912186,37.571353],[126.912241,37.5714],[126.912187,37.571425],[126.912163,37.571498],[126.911915,37.571462],[126.911344,37.572107],[126.911622,37.572327],[126.911783,37.572165],[126.911967,37.572269],[126.912029,37.572324],[126.91196,37.572403],[126.912011,37.572463],[126.911881,37.572519],[126.912198,37.572698],[126.912969,37.572919],[126.913405,37.572874],[126.913276,37.573247],[126.913151,37.573452],[126.913145,37.573618],[126.913189,37.573871],[126.913177,37.574057],[126.91323,37.574086],[126.91339,37.574397],[126.914234,37.57532],[126.915129,37.575217],[126.914951,37.575375],[126.915018,37.575639],[126.915188,37.576959],[126.915233,37.577023],[126.915191,37.577034],[126.915195,37.577102],[126.915357,37.577382],[126.915618,37.578451],[126.9157,37.578545],[126.915679,37.578656],[126.91607,37.579156],[126.915993,37.579153],[126.916094,37.579305],[126.916446,37.579193],[126.916534,37.579305],[126.916611,37.579277],[126.91676,37.579436],[126.917065,37.579272],[126.91711,37.579381],[126.91742,37.579765],[126.917788,37.579859],[126.91763,37.579992],[126.918076,37.580472],[126.918018,37.58049],[126.918132,37.580648],[126.917968,37.580714],[126.917865,37.580543],[126.917326,37.580715],[126.917436,37.580908],[126.917656,37.580938],[126.917855,37.581039],[126.919374,37.5804],[126.919632,37.580568],[126.91963,37.580691],[126.919535,37.580793],[126.919963,37.580895],[126.920064,37.580976],[126.920809,37.581012],[126.921512,37.580775],[126.921567,37.580983],[126.921161,37.581696],[126.921304,37.58221],[126.920859,37.582939]]]}},{"type":"Feature","properties":{"code":"11410119","name":"북가좌동","guCode":"11130","guName":"서대문구","labelPoint":[126.910259,37.578948],"legalGuCode":"11410"},"geometry":{"type":"Polygon","coordinates":[[[126.911344,37.572107],[126.911915,37.571462],[126.912164,37.571498],[126.912187,37.571425],[126.912241,37.5714],[126.912186,37.571353],[126.91234,37.571223],[126.912401,37.57127],[126.912487,37.571165],[126.912405,37.571133],[126.912477,37.570976],[126.912588,37.571016],[126.912641,37.570912],[126.912921,37.571039],[126.912844,37.571164],[126.912958,37.571214],[126.912921,37.571283],[126.913401,37.571471],[126.913453,37.5714],[126.913666,37.571569],[126.913735,37.571503],[126.9137,37.571371],[126.913579,37.571105],[126.913454,37.570935],[126.913049,37.570507],[126.912865,37.570443],[126.911911,37.570865],[126.910079,37.571777],[126.910034,37.571667],[126.909715,37.571399],[126.909999,37.571246],[126.909789,37.570987],[126.909101,37.571285],[126.908785,37.571446],[126.907757,37.57212],[126.906662,37.572958],[126.903114,37.5753],[126.903044,37.575314],[126.902993,37.575386],[126.902081,37.576005],[126.902635,37.576391],[126.901829,37.576543],[126.90417,37.578744],[126.904118,37.578486],[126.911904,37.585811],[126.912442,37.586472],[126.912845,37.587224],[126.915698,37.58598],[126.915311,37.585416],[126.916015,37.585615],[126.916373,37.58588],[126.916393,37.585838],[126.916027,37.585309],[126.91568,37.58499],[126.915714,37.584875],[126.915677,37.584356],[126.915596,37.584196],[126.915765,37.583969],[126.915755,37.583902],[126.915828,37.583753],[126.915817,37.583462],[126.915896,37.58343],[126.91594,37.583092],[126.917033,37.583262],[126.917747,37.583231],[126.918889,37.583384],[126.91955,37.583205],[126.919859,37.5833],[126.920254,37.582957],[126.920859,37.582939],[126.921304,37.58221],[126.921161,37.581696],[126.921567,37.580983],[126.921512,37.580775],[126.920809,37.581012],[126.920064,37.580976],[126.919963,37.580895],[126.919535,37.580793],[126.91963,37.580691],[126.919632,37.580568],[126.919374,37.5804],[126.917855,37.581039],[126.917656,37.580938],[126.917436,37.580908],[126.917326,37.580715],[126.917865,37.580543],[126.917968,37.580714],[126.918132,37.580648],[126.918018,37.58049],[126.918076,37.580472],[126.91763,37.579992],[126.917788,37.579859],[126.91742,37.579765],[126.91711,37.579381],[126.917065,37.579272],[126.91676,37.579436],[126.916611,37.579277],[126.916534,37.579305],[126.916446,37.579193],[126.916094,37.579305],[126.915993,37.579153],[126.91607,37.579156],[126.915679,37.578656],[126.9157,37.578545],[126.915618,37.578451],[126.915357,37.577382],[126.915195,37.577102],[126.915191,37.577034],[126.915233,37.577023],[126.915188,37.576959],[126.915018,37.575639],[126.914951,37.575375],[126.915129,37.575217],[126.914234,37.57532],[126.91339,37.574397],[126.91323,37.574086],[126.913177,37.574057],[126.913189,37.573871],[126.913145,37.573618],[126.913151,37.573452],[126.913276,37.573247],[126.913405,37.572874],[126.912969,37.572919],[126.912198,37.572698],[126.911881,37.572519],[126.912011,37.572463],[126.91196,37.572403],[126.912029,37.572324],[126.911967,37.572269],[126.911783,37.572165],[126.911622,37.572327],[126.911344,37.572107]]]}},{"type":"Feature","properties":{"code":"11410118","name":"홍은동","guCode":"11130","guName":"서대문구","labelPoint":[126.937984,37.593747],"legalGuCode":"11410"},"geometry":{"type":"Polygon","coordinates":[[[126.948178,37.60862],[126.948723,37.609025],[126.948896,37.609461],[126.949121,37.609804],[126.949343,37.610021],[126.949679,37.610263],[126.950362,37.610617],[126.95033,37.609109],[126.950542,37.608866],[126.950596,37.608361],[126.951448,37.608015],[126.951744,37.607385],[126.952247,37.606886],[126.952586,37.606657],[126.952703,37.606315],[126.95271,37.605914],[126.953096,37.605503],[126.954061,37.605073],[126.953957,37.6048],[126.953763,37.60469],[126.953567,37.604479],[126.953415,37.604215],[126.953276,37.603663],[126.952707,37.602895],[126.95267,37.602713],[126.952375,37.602476],[126.952451,37.602318],[126.952495,37.601999],[126.95255,37.601887],[126.952469,37.601623],[126.952597,37.601229],[126.952888,37.60085],[126.952905,37.600711],[126.95323,37.600436],[126.953362,37.600168],[126.953321,37.599767],[126.953379,37.599643],[126.953381,37.599531],[126.953299,37.599365],[126.953046,37.599074],[126.953011,37.598936],[126.953061,37.598759],[126.953238,37.598595],[126.953509,37.598579],[126.953841,37.598673],[126.953922,37.59877],[126.953943,37.598862],[126.954032,37.598916],[126.954141,37.599098],[126.954201,37.599084],[126.954881,37.599309],[126.955411,37.599274],[126.955493,37.599217],[126.956011,37.599111],[126.956342,37.598921],[126.95627,37.598742],[126.956262,37.598585],[126.956278,37.597569],[126.956242,37.597171],[126.95613,37.596727],[126.956099,37.596212],[126.955497,37.595837],[126.954711,37.596113],[126.953746,37.596585],[126.953234,37.59667],[126.953012,37.596646],[126.952348,37.596269],[126.952051,37.596035],[126.951542,37.59595],[126.951306,37.595962],[126.951149,37.596114],[126.950547,37.596979],[126.950332,37.597387],[126.949831,37.597998],[126.94966,37.598102],[126.948866,37.598381],[126.948057,37.598492],[126.947649,37.598502],[126.947333,37.598426],[126.947086,37.598272],[126.946551,37.597691],[126.946407,37.59698],[126.946605,37.596274],[126.946919,37.595503],[126.946927,37.594475],[126.945097,37.592254],[126.94417,37.592134],[126.943749,37.592128],[126.942121,37.591651],[126.940745,37.590674],[126.939984,37.59032],[126.93909,37.589705],[126.938365,37.589512],[126.937844,37.589271],[126.93733,37.588957],[126.937236,37.589134],[126.936743,37.588782],[126.936316,37.588292],[126.935851,37.587424],[126.935543,37.586522],[126.935468,37.585821],[126.935786,37.584685],[126.935994,37.584219],[126.936318,37.583799],[126.936902,37.582852],[126.937275,37.582596],[126.937436,37.582165],[126.937498,37.581652],[126.937241,37.581105],[126.936961,37.580728],[126.936751,37.580269],[126.932742,37.578774],[126.93118,37.578142],[126.929887,37.577474],[126.927927,37.576543],[126.927219,37.576061],[126.925183,37.579531],[126.924921,37.581238],[126.924493,37.581839],[126.92382,37.582284],[126.923883,37.582316],[126.923887,37.582365],[126.924339,37.582549],[126.924503,37.582425],[126.92457,37.58229],[126.924778,37.582416],[126.924615,37.582617],[126.924437,37.583031],[126.923979,37.583852],[126.923385,37.583956],[126.923228,37.584038],[126.923248,37.584205],[126.923215,37.584183],[126.923148,37.584411],[126.923114,37.584693],[126.922768,37.585573],[126.923651,37.586151],[126.923856,37.587098],[126.92448,37.587214],[126.925066,37.587241],[126.925732,37.587135],[126.926411,37.587331],[126.926749,37.587555],[126.927745,37.588079],[126.927997,37.588387],[126.927756,37.588872],[126.927603,37.589393],[126.927942,37.58994],[126.927652,37.590522],[126.92797,37.591045],[126.927764,37.591576],[126.928537,37.592276],[126.928841,37.592849],[126.929318,37.593328],[126.929964,37.594165],[126.930391,37.594338],[126.930246,37.59455],[126.931311,37.595024],[126.931597,37.595413],[126.93221,37.595801],[126.932794,37.596312],[126.933838,37.596645],[126.934518,37.596633],[126.936711,37.597625],[126.937542,37.597868],[126.93863,37.5975],[126.938716,37.597522],[126.939682,37.597977],[126.940878,37.598716],[126.941199,37.600053],[126.941392,37.600652],[126.941067,37.601152],[126.940373,37.601567],[126.940103,37.601785],[126.939836,37.60187],[126.939813,37.602767],[126.939957,37.603076],[126.941242,37.603134],[126.942131,37.604941],[126.943666,37.605043],[126.943744,37.606209],[126.943856,37.60629],[126.944115,37.606345],[126.94418,37.606463],[126.945388,37.606954],[126.946212,37.607391],[126.947049,37.608135],[126.948178,37.60862]]]}},{"type":"Feature","properties":{"code":"11410117","name":"연희동","guCode":"11130","guName":"서대문구","labelPoint":[126.932876,37.572478],"legalGuCode":"11410"},"geometry":{"type":"Polygon","coordinates":[[[126.945721,37.577361],[126.945466,37.577008],[126.945202,37.576514],[126.94443,37.575619],[126.94402,37.575426],[126.943617,37.574735],[126.943453,37.574573],[126.943465,37.573611],[126.943979,37.573062],[126.94403,37.572609],[126.943888,37.572318],[126.943999,37.572162],[126.943768,37.571996],[126.943662,37.571833],[126.943566,37.571577],[126.943576,37.571492],[126.943448,37.571004],[126.943127,37.570765],[126.942809,37.570315],[126.942183,37.570387],[126.941658,37.570381],[126.94134,37.570064],[126.940794,37.570014],[126.940175,37.569688],[126.939025,37.569269],[126.938561,37.569173],[126.938305,37.568355],[126.937205,37.568161],[126.936482,37.567519],[126.936467,37.567203],[126.936109,37.56698],[126.935878,37.566457],[126.935962,37.565535],[126.935712,37.565097],[126.93538,37.564815],[126.93511,37.564727],[126.934786,37.564433],[126.934955,37.563083],[126.935451,37.562715],[126.935209,37.562155],[126.935209,37.561911],[126.935071,37.561688],[126.935021,37.561341],[126.934935,37.561476],[126.934065,37.561891],[126.933143,37.56197],[126.932376,37.562181],[126.931945,37.562518],[126.931603,37.561975],[126.931386,37.561725],[126.931418,37.561225],[126.931141,37.561033],[126.930206,37.56089],[126.929737,37.56092],[126.929575,37.560889],[126.928802,37.561082],[126.928483,37.560996],[126.928142,37.561208],[126.927866,37.561645],[126.927583,37.561694],[126.927313,37.561802],[126.927188,37.56179],[126.928282,37.563332],[126.926014,37.565105],[126.925304,37.565452],[126.924733,37.565674],[126.923581,37.565998],[126.92156,37.566443],[126.920177,37.566641],[126.91844,37.56711],[126.917251,37.56764],[126.916773,37.567811],[126.917629,37.568616],[126.918686,37.569264],[126.919057,37.569606],[126.919489,37.57007],[126.920148,37.571158],[126.921072,37.572002],[126.92155,37.572347],[126.922472,37.572856],[126.92288,37.573012],[126.923843,37.573287],[126.924716,37.574206],[126.926527,37.575355],[126.927259,37.57571],[126.927133,37.57601],[126.927927,37.576543],[126.929887,37.577474],[126.93118,37.578142],[126.932742,37.578774],[126.936751,37.580269],[126.936961,37.580728],[126.937241,37.581105],[126.937498,37.581652],[126.937436,37.582165],[126.937275,37.582596],[126.937507,37.582776],[126.937777,37.582869],[126.937957,37.583218],[126.938069,37.583299],[126.938361,37.583389],[126.938822,37.583626],[126.938963,37.583872],[126.939135,37.584055],[126.939256,37.584121],[126.939405,37.584166],[126.940079,37.584143],[126.940064,37.584029],[126.941195,37.583847],[126.941494,37.583853],[126.942,37.583959],[126.941973,37.584138],[126.942062,37.58416],[126.942062,37.583929],[126.941835,37.583681],[126.941793,37.583386],[126.941928,37.583127],[126.941934,37.583038],[126.941848,37.582836],[126.9417,37.582678],[126.941467,37.582307],[126.941846,37.581054],[126.942965,37.580701],[126.943038,37.580529],[126.943279,37.580324],[126.943873,37.580286],[126.943842,37.579653],[126.944296,37.578023],[126.944712,37.577542],[126.945721,37.577361]]]}},{"type":"Feature","properties":{"code":"11410116","name":"창천동","guCode":"11130","guName":"서대문구","labelPoint":[126.9351,37.55813],"legalGuCode":"11410"},"geometry":{"type":"Polygon","coordinates":[[[126.927188,37.56179],[126.927313,37.561802],[126.927583,37.561694],[126.927866,37.561645],[126.928142,37.561208],[126.928483,37.560996],[126.928802,37.561082],[126.929575,37.560889],[126.929737,37.56092],[126.930206,37.56089],[126.931141,37.561033],[126.931418,37.561225],[126.931386,37.561725],[126.931603,37.561975],[126.931945,37.562518],[126.932376,37.562181],[126.933143,37.56197],[126.934065,37.561891],[126.934935,37.561476],[126.935241,37.561068],[126.935425,37.560911],[126.936137,37.56043],[126.936721,37.559946],[126.936812,37.559993],[126.937296,37.559683],[126.937683,37.559844],[126.937949,37.559901],[126.938826,37.559859],[126.939162,37.559998],[126.939846,37.55958],[126.940079,37.559491],[126.940649,37.559375],[126.940403,37.559331],[126.940429,37.559076],[126.941578,37.559111],[126.941672,37.55741],[126.940747,37.557307],[126.941068,37.556484],[126.936857,37.555102],[126.926597,37.55885],[126.926693,37.560832],[126.926849,37.561281],[126.927188,37.56179]]]}},{"type":"Feature","properties":{"code":"11140172","name":"의주로2가","guCode":"11020","guName":"중구","labelPoint":[126.969514,37.560683],"legalGuCode":"11140"},"geometry":{"type":"Polygon","coordinates":[[[126.96997,37.562083],[126.970063,37.561809],[126.970165,37.561694],[126.970628,37.560053],[126.970778,37.559749],[126.970723,37.559715],[126.970794,37.559568],[126.970828,37.559569],[126.970879,37.559367],[126.969484,37.559286],[126.969483,37.559244],[126.969474,37.559629],[126.969541,37.559904],[126.969508,37.560343],[126.969391,37.560454],[126.969196,37.560552],[126.968743,37.560621],[126.968413,37.560745],[126.968256,37.56102],[126.968219,37.561205],[126.968312,37.561035],[126.968112,37.561531],[126.96997,37.562083]]]}},{"type":"Feature","properties":{"code":"11140171","name":"중림동","guCode":"11020","guName":"중구","labelPoint":[126.965961,37.559111],"legalGuCode":"11140"},"geometry":{"type":"Polygon","coordinates":[[[126.968112,37.561531],[126.968312,37.561035],[126.968219,37.561205],[126.968256,37.56102],[126.968413,37.560745],[126.968743,37.560621],[126.969196,37.560552],[126.969391,37.560454],[126.969533,37.560299],[126.969541,37.559904],[126.969474,37.559629],[126.969496,37.558129],[126.969446,37.557875],[126.969276,37.557398],[126.969227,37.556835],[126.968809,37.556967],[126.968853,37.557059],[126.968386,37.557279],[126.968256,37.557205],[126.96828,37.557178],[126.968129,37.557112],[126.96801,37.557111],[126.967819,37.557039],[126.96765,37.55724],[126.967114,37.556988],[126.966954,37.556993],[126.966803,37.557105],[126.966411,37.55706],[126.965876,37.557345],[126.965772,37.55727],[126.965777,37.557233],[126.965632,37.557331],[126.965604,37.557106],[126.965032,37.556879],[126.964878,37.556725],[126.964709,37.556722],[126.964739,37.556672],[126.96434,37.556778],[126.963826,37.556828],[126.963424,37.556957],[126.963219,37.557316],[126.963052,37.557415],[126.963041,37.55803],[126.963078,37.558203],[126.962859,37.558132],[126.962804,37.558067],[126.962076,37.558457],[126.961567,37.558422],[126.961596,37.558453],[126.96155,37.558617],[126.961736,37.558813],[126.961673,37.559026],[126.96321,37.559196],[126.963983,37.559462],[126.965578,37.560365],[126.966834,37.561273],[126.96744,37.561508],[126.968078,37.561652],[126.968112,37.561531]]]}},{"type":"Feature","properties":{"code":"11140170","name":"충정로1가","guCode":"11020","guName":"중구","labelPoint":[126.968408,37.566788],"legalGuCode":"11140"},"geometry":{"type":"Polygon","coordinates":[[[126.969275,37.568134],[126.969205,37.568002],[126.968973,37.567741],[126.968943,37.567636],[126.969029,37.567207],[126.969198,37.56694],[126.969125,37.566636],[126.969158,37.56643],[126.969311,37.566056],[126.969447,37.565934],[126.969361,37.565975],[126.96828,37.565505],[126.967729,37.565877],[126.96756,37.565691],[126.967483,37.565693],[126.967355,37.565796],[126.967297,37.565798],[126.967232,37.565613],[126.966979,37.565514],[126.966698,37.56582],[126.969099,37.568248],[126.969275,37.568134]]]}},{"type":"Feature","properties":{"code":"11110143","name":"화동","guCode":"11010","guName":"종로구","labelPoint":[126.982543,37.580727],"legalGuCode":"11110"},"geometry":{"type":"Polygon","coordinates":[[[126.983001,37.582055],[126.983135,37.582097],[126.983299,37.582082],[126.983284,37.582045],[126.98354,37.5819],[126.983609,37.581942],[126.983627,37.582131],[126.983718,37.582016],[126.983662,37.581965],[126.983759,37.581762],[126.983629,37.581685],[126.983647,37.581646],[126.983835,37.581527],[126.983819,37.581568],[126.983902,37.58163],[126.983878,37.581571],[126.983949,37.581539],[126.984013,37.581402],[126.984059,37.581148],[126.984012,37.581137],[126.98396,37.581037],[126.983716,37.58108],[126.983635,37.580856],[126.983743,37.580821],[126.983732,37.580771],[126.983398,37.580847],[126.983342,37.580821],[126.983342,37.580683],[126.983406,37.580504],[126.983644,37.580326],[126.983917,37.580233],[126.983831,37.579919],[126.983909,37.579795],[126.983826,37.579783],[126.983846,37.579649],[126.983901,37.579594],[126.983774,37.579475],[126.983823,37.579352],[126.983609,37.579296],[126.983457,37.57921],[126.983248,37.578982],[126.983171,37.578952],[126.982901,37.578914],[126.982129,37.57891],[126.982152,37.579443],[126.982339,37.579965],[126.982036,37.580263],[126.981978,37.580399],[126.981654,37.580854],[126.981509,37.581236],[126.981335,37.5814],[126.981122,37.58153],[126.981273,37.58172],[126.981351,37.581896],[126.981886,37.582458],[126.981969,37.58235],[126.982025,37.582346],[126.982032,37.582192],[126.982134,37.582194],[126.982091,37.582044],[126.98211,37.581741],[126.982159,37.581661],[126.982323,37.58183],[126.982638,37.582052],[126.983001,37.582055]]]}},{"type":"Feature","properties":{"code":"11110142","name":"소격동","guCode":"11010","guName":"종로구","labelPoint":[126.981076,37.579704],"legalGuCode":"11110"},"geometry":{"type":"Polygon","coordinates":[[[126.981122,37.58153],[126.981335,37.5814],[126.981509,37.581236],[126.981654,37.580854],[126.981978,37.580399],[126.982036,37.580263],[126.982339,37.579965],[126.982152,37.579443],[126.982115,37.578632],[126.981532,37.578627],[126.981474,37.578283],[126.980977,37.578424],[126.980876,37.578149],[126.980547,37.578183],[126.980528,37.578084],[126.980413,37.578098],[126.980403,37.578026],[126.980199,37.578035],[126.980208,37.578081],[126.979649,37.578131],[126.979707,37.578971],[126.980218,37.580847],[126.980362,37.581047],[126.980976,37.581383],[126.981038,37.581495],[126.981122,37.58153]]]}},{"type":"Feature","properties":{"code":"11110141","name":"안국동","guCode":"11010","guName":"종로구","labelPoint":[126.983485,37.577582],"legalGuCode":"11110"},"geometry":{"type":"Polygon","coordinates":[[[126.983823,37.579352],[126.98426,37.579011],[126.984151,37.578971],[126.984173,37.578881],[126.98403,37.578855],[126.984014,37.578884],[126.983785,37.578827],[126.983915,37.578429],[126.984143,37.57839],[126.984187,37.578154],[126.984312,37.578081],[126.984614,37.577324],[126.985071,37.577408],[126.985076,37.577366],[126.985326,37.577391],[126.985389,37.577146],[126.9855,37.576928],[126.985396,37.576878],[126.98554,37.576638],[126.985014,37.576405],[126.984315,37.576016],[126.98327,37.575597],[126.983236,37.57567],[126.983172,37.575692],[126.982878,37.576184],[126.982583,37.576777],[126.982432,37.577757],[126.982115,37.578616],[126.982129,37.57891],[126.982901,37.578914],[126.983171,37.578952],[126.983248,37.578982],[126.983457,37.57921],[126.983609,37.579296],[126.983823,37.579352]]]}},{"type":"Feature","properties":{"code":"11110140","name":"삼청동","guCode":"11010","guName":"종로구","labelPoint":[126.981645,37.589939],"legalGuCode":"11110"},"geometry":{"type":"Polygon","coordinates":[[[126.976719,37.597906],[126.976905,37.597716],[126.977301,37.59766],[126.977954,37.597684],[126.978165,37.5975],[126.978353,37.597441],[126.978571,37.597252],[126.978628,37.597064],[126.978551,37.596987],[126.978572,37.596786],[126.97874,37.596635],[126.979111,37.596394],[126.979358,37.596352],[126.979546,37.596249],[126.97979,37.596224],[126.980261,37.595953],[126.98091,37.595839],[126.981299,37.595455],[126.981488,37.595336],[126.982481,37.595197],[126.982759,37.594867],[126.982921,37.594776],[126.983249,37.594759],[126.983467,37.594685],[126.983844,37.594435],[126.984504,37.594375],[126.985148,37.594502],[126.985429,37.594449],[126.985779,37.594255],[126.985914,37.594066],[126.985898,37.594011],[126.986119,37.593777],[126.986268,37.593276],[126.986698,37.59275],[126.987173,37.592718],[126.987316,37.592649],[126.987755,37.592255],[126.988517,37.591941],[126.989084,37.591409],[126.989012,37.591342],[126.989134,37.590849],[126.988775,37.590641],[126.988109,37.590043],[126.987678,37.589835],[126.987352,37.589607],[126.987109,37.589562],[126.986825,37.589188],[126.986393,37.588862],[126.986225,37.588634],[126.986067,37.588554],[126.98592,37.588344],[126.986081,37.587599],[126.985959,37.58733],[126.986036,37.587132],[126.985775,37.58676],[126.985435,37.58657],[126.985289,37.586557],[126.985236,37.586303],[126.985307,37.586124],[126.985038,37.585962],[126.984954,37.58572],[126.984498,37.585392],[126.983748,37.585017],[126.983426,37.584384],[126.983527,37.584148],[126.983719,37.583909],[126.983695,37.583796],[126.98344,37.583729],[126.983098,37.58353],[126.982858,37.583299],[126.982834,37.582623],[126.982941,37.582417],[126.983001,37.582055],[126.982638,37.582052],[126.982323,37.58183],[126.982159,37.581661],[126.98211,37.581741],[126.982091,37.582044],[126.982134,37.582194],[126.982032,37.582192],[126.982025,37.582346],[126.981969,37.58235],[126.981888,37.582458],[126.981894,37.582705],[126.98181,37.583117],[126.981817,37.583515],[126.981618,37.583502],[126.98133,37.583547],[126.980923,37.583717],[126.980724,37.584024],[126.980627,37.584555],[126.980481,37.584554],[126.980428,37.584008],[126.980291,37.583855],[126.979778,37.583865],[126.979603,37.583803],[126.979523,37.583698],[126.979246,37.583712],[126.979183,37.58408],[126.979198,37.584299],[126.979162,37.584475],[126.979054,37.584701],[126.979069,37.584854],[126.979111,37.584962],[126.979218,37.585073],[126.979586,37.585382],[126.979614,37.585492],[126.979551,37.585974],[126.979184,37.586543],[126.979184,37.587123],[126.979096,37.587315],[126.978656,37.587584],[126.978543,37.587802],[126.978306,37.58782],[126.978085,37.587979],[126.977873,37.58824],[126.977551,37.5885],[126.977183,37.588527],[126.977037,37.588579],[126.976902,37.588807],[126.976896,37.588884],[126.97683,37.588946],[126.976787,37.589292],[126.976716,37.589439],[126.976374,37.589691],[126.976089,37.589735],[126.97556,37.589681],[126.974683,37.591075],[126.974411,37.591908],[126.973645,37.592608],[126.973766,37.592968],[126.973685,37.593027],[126.973587,37.593271],[126.973602,37.593364],[126.974116,37.593842],[126.97416,37.594003],[126.974249,37.594129],[126.974566,37.594398],[126.974618,37.594534],[126.975152,37.594757],[126.975154,37.594995],[126.975083,37.595485],[126.97503,37.595595],[126.975037,37.595735],[126.975091,37.59583],[126.975537,37.596029],[126.975884,37.596548],[126.975971,37.596832],[126.976202,37.597152],[126.976561,37.597495],[126.976684,37.597719],[126.976417,37.598037],[126.976556,37.59809],[126.976719,37.597906]]]}},{"type":"Feature","properties":{"code":"11110139","name":"팔판동","guCode":"11010","guName":"종로구","labelPoint":[126.980995,37.58277],"legalGuCode":"11110"},"geometry":{"type":"Polygon","coordinates":[[[126.981888,37.582458],[126.981351,37.581896],[126.981273,37.58172],[126.981122,37.58153],[126.981038,37.581495],[126.980976,37.581383],[126.980362,37.581047],[126.980244,37.580899],[126.98007,37.580992],[126.980353,37.581796],[126.980473,37.582476],[126.980345,37.582631],[126.98,37.582835],[126.979223,37.583427],[126.979261,37.583433],[126.9793,37.583519],[126.979268,37.583529],[126.979246,37.583712],[126.979523,37.583698],[126.979603,37.583803],[126.979778,37.583865],[126.980291,37.583855],[126.980428,37.584008],[126.980481,37.584554],[126.980627,37.584555],[126.980724,37.584024],[126.980923,37.583717],[126.98133,37.583547],[126.981618,37.583502],[126.981817,37.583515],[126.98181,37.583117],[126.981894,37.582705],[126.981888,37.582458]]]}},{"type":"Feature","properties":{"code":"11410115","name":"봉원동","guCode":"11130","guName":"서대문구","labelPoint":[126.947119,37.572685],"legalGuCode":"11410"},"geometry":{"type":"Polygon","coordinates":[[[126.94895,37.575726],[126.949017,37.57555],[126.948975,37.57523],[126.949028,37.574651],[126.94968,37.57418],[126.949848,37.573666],[126.950167,37.573215],[126.950178,37.572762],[126.95035,37.572417],[126.950627,37.572161],[126.950929,37.571111],[126.951031,37.570938],[126.950929,37.57095],[126.948991,37.569381],[126.948747,37.56926],[126.948592,37.569242],[126.948542,37.569063],[126.948322,37.568976],[126.948337,37.568904],[126.948361,37.568917],[126.948352,37.568837],[126.948085,37.568675],[126.947885,37.568463],[126.947721,37.568457],[126.947588,37.568268],[126.947288,37.568142],[126.947003,37.567941],[126.946791,37.567942],[126.946772,37.567903],[126.946423,37.568381],[126.946105,37.56924],[126.945603,37.569149],[126.945373,37.569421],[126.945357,37.569664],[126.945294,37.569862],[126.945336,37.570087],[126.944216,37.570371],[126.943393,37.570959],[126.943448,37.571004],[126.943576,37.571492],[126.943566,37.571577],[126.943662,37.571833],[126.943768,37.571996],[126.943999,37.572162],[126.943888,37.572318],[126.94403,37.572608],[126.943979,37.573062],[126.943465,37.57361],[126.943453,37.574572],[126.943617,37.574735],[126.94402,37.575426],[126.94443,37.575618],[126.945202,37.576514],[126.945466,37.577008],[126.945721,37.57736],[126.94721,37.576849],[126.947934,37.575892],[126.948446,37.575755],[126.94895,37.575726]]]}},{"type":"Feature","properties":{"code":"11410114","name":"신촌동","guCode":"11130","guName":"서대문구","labelPoint":[126.939289,37.565316],"legalGuCode":"11410"},"geometry":{"type":"MultiPolygon","coordinates":[[[[126.934786,37.564433],[126.93511,37.564726],[126.93538,37.564815],[126.935712,37.565097],[126.935962,37.565535],[126.935878,37.566457],[126.936109,37.56698],[126.936467,37.567203],[126.936481,37.567519],[126.937204,37.56816],[126.938305,37.568355],[126.938561,37.569173],[126.939025,37.569269],[126.940175,37.569687],[126.940794,37.570014],[126.94134,37.570064],[126.941658,37.570381],[126.942182,37.570387],[126.942809,37.570315],[126.943127,37.570765],[126.943393,37.570959],[126.944216,37.570372],[126.945336,37.570087],[126.945294,37.569862],[126.945357,37.569664],[126.945373,37.569421],[126.945603,37.569149],[126.94476,37.569115],[126.94471,37.568987],[126.945032,37.568147],[126.945203,37.56756],[126.945771,37.566666],[126.945789,37.56591],[126.945208,37.565688],[126.944774,37.565817],[126.944424,37.566576],[126.944303,37.566648],[126.944245,37.566623],[126.944193,37.56667],[126.943279,37.566975],[126.943111,37.566943],[126.94287,37.566777],[126.94275,37.566628],[126.942544,37.56651],[126.942391,37.566329],[126.942397,37.566206],[126.943233,37.564036],[126.942757,37.563758],[126.942729,37.563614],[126.942815,37.56344],[126.942805,37.563202],[126.942564,37.56274],[126.9419,37.562275],[126.941619,37.562141],[126.941277,37.562088],[126.941148,37.562007],[126.941125,37.561908],[126.940745,37.561598],[126.940449,37.561458],[126.940612,37.561006],[126.940545,37.560909],[126.940423,37.560536],[126.940396,37.560437],[126.940445,37.560417],[126.940408,37.56031],[126.941044,37.560343],[126.941142,37.560264],[126.941153,37.560092],[126.941199,37.560044],[126.941323,37.560047],[126.941374,37.560138],[126.941373,37.560282],[126.941526,37.560374],[126.943408,37.560513],[126.943428,37.560289],[126.943367,37.560006],[126.943103,37.559521],[126.943112,37.559445],[126.94103,37.559408],[126.941032,37.559363],[126.940611,37.559347],[126.940648,37.559375],[126.940079,37.55949],[126.939846,37.559579],[126.939162,37.559998],[126.938826,37.559858],[126.937949,37.5599],[126.937683,37.559843],[126.937296,37.559683],[126.936812,37.559993],[126.936721,37.559946],[126.936137,37.56043],[126.935425,37.560911],[126.935241,37.561068],[126.935021,37.561341],[126.935071,37.561687],[126.935209,37.56191],[126.935209,37.562154],[126.935451,37.562715],[126.934955,37.563083],[126.934786,37.564433]]],[[[126.946896,37.56793],[126.947003,37.567941],[126.947288,37.568142],[126.947588,37.568268],[126.947721,37.568457],[126.947886,37.568463],[126.948085,37.568675],[126.948352,37.568837],[126.948361,37.568917],[126.948337,37.568904],[126.948322,37.568976],[126.948542,37.569063],[126.948592,37.569242],[126.948747,37.56926],[126.948991,37.569381],[126.950929,37.570949],[126.95145,37.570778],[126.951874,37.570231],[126.951678,37.569374],[126.95124,37.568933],[126.951235,37.56849],[126.950752,37.567932],[126.950208,37.567034],[126.950266,37.566793],[126.950247,37.566536],[126.949692,37.565981],[126.94955,37.565623],[126.94873,37.565881],[126.947974,37.566052],[126.947377,37.566312],[126.947292,37.566755],[126.946896,37.56793]]]]}},{"type":"Feature","properties":{"code":"11410113","name":"대신동","guCode":"11130","guName":"서대문구","labelPoint":[126.944913,37.564577],"legalGuCode":"11410"},"geometry":{"type":"Polygon","coordinates":[[[126.946896,37.567931],[126.947292,37.566756],[126.947378,37.56631],[126.94739,37.566113],[126.947352,37.565932],[126.947068,37.565325],[126.947196,37.565251],[126.94696,37.564974],[126.946995,37.564947],[126.94656,37.564114],[126.946508,37.564104],[126.946517,37.564152],[126.94647,37.564208],[126.946333,37.564049],[126.946319,37.563923],[126.94623,37.563857],[126.946247,37.563811],[126.946172,37.563781],[126.946169,37.56351],[126.945866,37.563026],[126.945662,37.56279],[126.945597,37.562763],[126.945598,37.56272],[126.945174,37.56248],[126.945063,37.562516],[126.944774,37.562505],[126.944237,37.562066],[126.94442,37.56193],[126.944836,37.561943],[126.944679,37.561682],[126.944994,37.561484],[126.944675,37.56084],[126.944687,37.560757],[126.944617,37.560562],[126.944322,37.560575],[126.941526,37.560375],[126.941373,37.560282],[126.941374,37.560138],[126.941323,37.560047],[126.941199,37.560044],[126.941153,37.560093],[126.941142,37.560264],[126.941044,37.560343],[126.940408,37.56031],[126.940445,37.560417],[126.940396,37.560437],[126.940423,37.560536],[126.940545,37.560909],[126.940612,37.561006],[126.940449,37.561458],[126.940745,37.561598],[126.941125,37.561909],[126.941148,37.562008],[126.941277,37.562089],[126.941619,37.562141],[126.9419,37.562275],[126.942564,37.56274],[126.942805,37.563202],[126.942815,37.563441],[126.942729,37.563615],[126.942757,37.563758],[126.943233,37.564036],[126.942397,37.566206],[126.942391,37.566329],[126.942425,37.566381],[126.942544,37.566511],[126.942751,37.566629],[126.94287,37.566777],[126.943111,37.566943],[126.943279,37.566976],[126.944193,37.56667],[126.944245,37.566624],[126.944303,37.566649],[126.944424,37.566577],[126.944774,37.565817],[126.945208,37.565689],[126.945789,37.56591],[126.945771,37.566666],[126.945204,37.567561],[126.945032,37.568147],[126.944732,37.568875],[126.94471,37.568988],[126.94476,37.569116],[126.945464,37.569124],[126.946106,37.569241],[126.946423,37.568381],[126.946772,37.567903],[126.946791,37.567943],[126.946896,37.567931]]]}},{"type":"Feature","properties":{"code":"11410112","name":"대현동","guCode":"11130","guName":"서대문구","labelPoint":[126.947501,37.561325],"legalGuCode":"11410"},"geometry":{"type":"Polygon","coordinates":[[[126.949481,37.559751],[126.949118,37.558947],[126.948487,37.558817],[126.94803,37.558792],[126.947987,37.558747],[126.948071,37.55855],[126.948147,37.558486],[126.948079,37.558484],[126.948427,37.558214],[126.948515,37.558099],[126.948936,37.556993],[126.941372,37.556546],[126.941067,37.556484],[126.940747,37.557307],[126.941672,37.55741],[126.941577,37.559111],[126.940429,37.559076],[126.940403,37.559331],[126.941032,37.559363],[126.941029,37.559409],[126.943112,37.559445],[126.943103,37.559521],[126.943367,37.560006],[126.943428,37.56029],[126.943408,37.560514],[126.944383,37.560579],[126.944617,37.560562],[126.944686,37.560757],[126.944675,37.56084],[126.944994,37.561484],[126.944679,37.561682],[126.944836,37.561943],[126.94442,37.56193],[126.944237,37.562066],[126.944774,37.562505],[126.945063,37.562516],[126.945174,37.56248],[126.945598,37.56272],[126.945597,37.562763],[126.945662,37.56279],[126.945865,37.563026],[126.946168,37.56351],[126.946172,37.563781],[126.946247,37.563811],[126.94623,37.563857],[126.946318,37.563923],[126.946333,37.564049],[126.946469,37.564208],[126.946517,37.564152],[126.946507,37.564104],[126.94656,37.564114],[126.946995,37.564947],[126.946959,37.564974],[126.947196,37.565251],[126.947068,37.565325],[126.947352,37.565932],[126.94739,37.566113],[126.947377,37.566312],[126.947974,37.566053],[126.94873,37.565881],[126.94955,37.565623],[126.949131,37.565131],[126.949519,37.564481],[126.949542,37.564229],[126.94976,37.56378],[126.949634,37.562893],[126.949739,37.562481],[126.949745,37.562241],[126.949795,37.562065],[126.949751,37.562057],[126.949941,37.561561],[126.950185,37.561167],[126.9501,37.560965],[126.949999,37.560835],[126.949925,37.560815],[126.94987,37.560691],[126.949638,37.560651],[126.949561,37.560587],[126.949617,37.560431],[126.949544,37.560415],[126.949575,37.560352],[126.949872,37.560256],[126.949837,37.56001],[126.949871,37.559853],[126.949533,37.559729],[126.949481,37.559751]]]}},{"type":"Feature","properties":{"code":"11410111","name":"홍제동","guCode":"11130","guName":"서대문구","labelPoint":[126.946584,37.587197],"legalGuCode":"11410"},"geometry":{"type":"Polygon","coordinates":[[[126.956342,37.598921],[126.956541,37.598828],[126.956599,37.598869],[126.956781,37.598747],[126.956738,37.59869],[126.956747,37.598575],[126.957308,37.598531],[126.957714,37.598367],[126.958042,37.598156],[126.958269,37.597789],[126.958398,37.597143],[126.95853,37.596722],[126.958707,37.596379],[126.958645,37.595863],[126.959051,37.595034],[126.959034,37.594789],[126.958854,37.594569],[126.958654,37.594463],[126.958541,37.594183],[126.958085,37.59394],[126.957517,37.593529],[126.957512,37.593061],[126.95781,37.592565],[126.95782,37.59146],[126.957483,37.590075],[126.957462,37.589516],[126.957327,37.588722],[126.957464,37.587954],[126.957374,37.58697],[126.957464,37.586025],[126.957823,37.585003],[126.957761,37.584912],[126.957986,37.584431],[126.957979,37.584119],[126.957648,37.583172],[126.957586,37.582864],[126.957678,37.582618],[126.95755,37.582303],[126.957642,37.582045],[126.957924,37.581539],[126.95802,37.58146],[126.958161,37.58117],[126.958173,37.580985],[126.958032,37.580735],[126.957792,37.580587],[126.957303,37.580444],[126.957224,37.580351],[126.957202,37.579819],[126.955678,37.579684],[126.955231,37.579427],[126.955107,37.579296],[126.954385,37.579096],[126.95363,37.578818],[126.952849,37.578098],[126.952402,37.577872],[126.952366,37.577636],[126.952206,37.577408],[126.951731,37.577176],[126.951102,37.576583],[126.950658,37.576288],[126.950372,37.57625],[126.950143,37.576013],[126.949654,37.575747],[126.94895,37.575727],[126.948446,37.575755],[126.947934,37.575892],[126.94721,37.576849],[126.945721,37.577361],[126.944712,37.577542],[126.944296,37.578023],[126.943842,37.579653],[126.943873,37.580286],[126.943279,37.580324],[126.943038,37.580529],[126.942965,37.580701],[126.941846,37.581054],[126.941467,37.582307],[126.9417,37.582678],[126.941848,37.582836],[126.941934,37.583038],[126.941928,37.583127],[126.941793,37.583386],[126.941835,37.583681],[126.942062,37.583929],[126.942062,37.58416],[126.941973,37.584138],[126.942,37.583959],[126.941494,37.583853],[126.941195,37.583847],[126.940064,37.584029],[126.940079,37.584143],[126.939405,37.584166],[126.939135,37.584055],[126.938963,37.583872],[126.938822,37.583626],[126.93874,37.583565],[126.938069,37.583299],[126.937957,37.583218],[126.937777,37.582869],[126.937507,37.582776],[126.937275,37.582596],[126.936902,37.582852],[126.936318,37.583799],[126.935994,37.584219],[126.935786,37.584685],[126.935468,37.585821],[126.935543,37.586522],[126.935851,37.587424],[126.936316,37.588292],[126.936743,37.588782],[126.937236,37.589134],[126.93733,37.588957],[126.937844,37.589271],[126.938365,37.589512],[126.93909,37.589705],[126.939984,37.59032],[126.940745,37.590674],[126.942121,37.591651],[126.943749,37.592128],[126.94417,37.592134],[126.945097,37.592254],[126.946927,37.594475],[126.946919,37.595503],[126.946605,37.596274],[126.946407,37.59698],[126.946551,37.597691],[126.947086,37.598272],[126.947333,37.598426],[126.947649,37.598502],[126.948057,37.598492],[126.948866,37.598381],[126.94966,37.598102],[126.949831,37.597998],[126.950332,37.597387],[126.950547,37.596979],[126.951149,37.596114],[126.951306,37.595962],[126.951542,37.59595],[126.952051,37.596035],[126.952348,37.596269],[126.953012,37.596646],[126.953234,37.59667],[126.953746,37.596585],[126.954711,37.596113],[126.955497,37.595837],[126.956007,37.596135],[126.956099,37.596212],[126.956128,37.596309],[126.95613,37.596727],[126.956242,37.597171],[126.956278,37.597569],[126.95627,37.598742],[126.956342,37.598921]]]}},{"type":"Feature","properties":{"code":"11410110","name":"북아현동","guCode":"11130","guName":"서대문구","labelPoint":[126.95432,37.563588],"legalGuCode":"11410"},"geometry":{"type":"Polygon","coordinates":[[[126.955062,37.568367],[126.955995,37.568143],[126.955579,37.567564],[126.955557,37.567324],[126.956152,37.566921],[126.956285,37.566917],[126.956578,37.566695],[126.957202,37.566522],[126.957365,37.56629],[126.957794,37.566389],[126.958174,37.56631],[126.958518,37.566139],[126.958842,37.565736],[126.95902,37.565334],[126.959174,37.564788],[126.959107,37.564255],[126.958967,37.564264],[126.958726,37.564038],[126.958711,37.563905],[126.959028,37.563397],[126.959087,37.563061],[126.959204,37.563039],[126.959128,37.562628],[126.959281,37.562083],[126.959403,37.56195],[126.959412,37.561888],[126.959467,37.561895],[126.959502,37.561779],[126.959664,37.561584],[126.959746,37.561204],[126.960021,37.56101],[126.960537,37.560981],[126.960635,37.560886],[126.960703,37.560689],[126.960751,37.559729],[126.960983,37.559615],[126.961263,37.559368],[126.961241,37.55934],[126.961327,37.559244],[126.961342,37.559161],[126.961423,37.559165],[126.961499,37.559094],[126.961583,37.559148],[126.961689,37.558982],[126.961151,37.558754],[126.960903,37.558546],[126.960758,37.558331],[126.960116,37.5577],[126.959917,37.557578],[126.959796,37.557549],[126.959642,37.557663],[126.959134,37.557242],[126.956191,37.557407],[126.948936,37.556993],[126.948515,37.558099],[126.948427,37.558214],[126.948079,37.558484],[126.948147,37.558486],[126.948071,37.55855],[126.947987,37.558747],[126.94803,37.558792],[126.948487,37.558817],[126.949118,37.558947],[126.949469,37.559756],[126.949533,37.559729],[126.949871,37.559853],[126.949837,37.56001],[126.949872,37.560256],[126.949575,37.560352],[126.949544,37.560415],[126.949617,37.560431],[126.949561,37.560587],[126.949638,37.560651],[126.94987,37.560691],[126.949925,37.560815],[126.949999,37.560835],[126.9501,37.560965],[126.950185,37.561167],[126.949941,37.561561],[126.949751,37.562057],[126.949795,37.562065],[126.949745,37.562241],[126.949739,37.562481],[126.949634,37.562893],[126.94976,37.56378],[126.949542,37.564229],[126.949519,37.564481],[126.949131,37.565131],[126.94955,37.565623],[126.949692,37.565982],[126.950247,37.566537],[126.950266,37.566794],[126.950208,37.567035],[126.950752,37.567933],[126.951235,37.568491],[126.95124,37.568933],[126.951678,37.569375],[126.951874,37.570231],[126.951742,37.570398],[126.952198,37.57025],[126.95254,37.57007],[126.953095,37.569705],[126.953205,37.569567],[126.953607,37.569539],[126.954178,37.569127],[126.954634,37.568916],[126.954705,37.5688],[126.954854,37.568708],[126.955005,37.568518],[126.955062,37.568367]]]}},{"type":"Feature","properties":{"code":"11410109","name":"현저동","guCode":"11130","guName":"서대문구","labelPoint":[126.95399,37.574139],"legalGuCode":"11410"},"geometry":{"type":"Polygon","coordinates":[[[126.953559,37.578749],[126.954672,37.577509],[126.954706,37.577399],[126.955449,37.576545],[126.955634,37.576595],[126.956373,37.575681],[126.958338,37.574098],[126.960478,37.571989],[126.958296,37.571246],[126.957165,37.571141],[126.955511,37.571246],[126.955156,37.571182],[126.954943,37.570723],[126.954961,37.570601],[126.954928,37.570557],[126.954515,37.570177],[126.954194,37.570048],[126.953702,37.56948],[126.953607,37.569539],[126.953205,37.569567],[126.953095,37.569705],[126.95254,37.57007],[126.952199,37.57025],[126.951742,37.570398],[126.95145,37.570778],[126.951031,37.570938],[126.950929,37.571111],[126.950627,37.572162],[126.95035,37.572417],[126.950178,37.572762],[126.950167,37.573215],[126.949848,37.573666],[126.94968,37.57418],[126.949028,37.574651],[126.948975,37.575231],[126.949017,37.575551],[126.94895,37.575727],[126.949654,37.575747],[126.950143,37.576013],[126.950372,37.57625],[126.950658,37.576288],[126.951102,37.576583],[126.951731,37.577176],[126.952206,37.577408],[126.952366,37.577636],[126.952402,37.577872],[126.952849,37.578098],[126.953559,37.578749]]]}},{"type":"Feature","properties":{"code":"11410108","name":"영천동","guCode":"11130","guName":"서대문구","labelPoint":[126.957021,37.570157],"legalGuCode":"11410"},"geometry":{"type":"Polygon","coordinates":[[[126.960478,37.571989],[126.96291,37.569685],[126.962746,37.569591],[126.961697,37.570253],[126.961599,37.570137],[126.961533,37.570122],[126.960968,37.570109],[126.960744,37.57006],[126.959699,37.570224],[126.959244,37.569976],[126.958959,37.569955],[126.958632,37.569871],[126.958381,37.569741],[126.957986,37.569696],[126.957636,37.569512],[126.95756,37.569598],[126.957231,37.569541],[126.957126,37.569434],[126.957023,37.569429],[126.956705,37.569231],[126.956713,37.569056],[126.956372,37.568726],[126.956168,37.568781],[126.955637,37.568539],[126.955268,37.568323],[126.955148,37.568321],[126.955063,37.568367],[126.955006,37.568518],[126.954854,37.568708],[126.954705,37.5688],[126.954634,37.568916],[126.954178,37.569127],[126.953702,37.56948],[126.954194,37.570048],[126.954515,37.570177],[126.954928,37.570557],[126.954961,37.570601],[126.954943,37.570723],[126.955156,37.571182],[126.955511,37.571246],[126.957165,37.571141],[126.958296,37.571246],[126.960478,37.571989]]]}},{"type":"Feature","properties":{"code":"11410107","name":"옥천동","guCode":"11130","guName":"서대문구","labelPoint":[126.957788,37.569196],"legalGuCode":"11410"},"geometry":{"type":"Polygon","coordinates":[[[126.962746,37.569591],[126.962956,37.569486],[126.962833,37.569386],[126.962475,37.56924],[126.962333,37.569409],[126.96199,37.569277],[126.96174,37.569374],[126.961443,37.56932],[126.961356,37.569359],[126.961084,37.56927],[126.961008,37.569386],[126.96072,37.569347],[126.960326,37.569194],[126.959816,37.569104],[126.959184,37.569309],[126.959085,37.569309],[126.958892,37.569198],[126.958517,37.569165],[126.958126,37.569073],[126.957676,37.5687],[126.957414,37.568578],[126.957054,37.568302],[126.956853,37.568225],[126.955995,37.568143],[126.955324,37.568279],[126.955268,37.568323],[126.955637,37.568539],[126.956168,37.568781],[126.956372,37.568726],[126.956713,37.569056],[126.956705,37.569231],[126.957023,37.569429],[126.957126,37.569434],[126.957231,37.569541],[126.95756,37.569598],[126.957636,37.569512],[126.957986,37.569696],[126.958381,37.569741],[126.958632,37.569871],[126.958959,37.569955],[126.959244,37.569976],[126.959699,37.570224],[126.960744,37.57006],[126.960968,37.570109],[126.961533,37.570122],[126.961599,37.570137],[126.961697,37.570253],[126.962746,37.569591]]]}},{"type":"Feature","properties":{"code":"11410106","name":"천연동","guCode":"11130","guName":"서대문구","labelPoint":[126.958355,37.567441],"legalGuCode":"11410"},"geometry":{"type":"Polygon","coordinates":[[[126.962894,37.569431],[126.963039,37.569251],[126.963059,37.569163],[126.963714,37.568691],[126.963926,37.568419],[126.963608,37.56827],[126.96312,37.56788],[126.962843,37.568026],[126.962707,37.568049],[126.962612,37.567967],[126.962447,37.568013],[126.962356,37.568048],[126.962286,37.568146],[126.962146,37.568035],[126.961839,37.568127],[126.961785,37.568065],[126.961732,37.567797],[126.961561,37.567723],[126.961375,37.567558],[126.96086,37.5673],[126.960749,37.567165],[126.960444,37.566934],[126.960127,37.566979],[126.959387,37.566304],[126.95941,37.56625],[126.959275,37.56625],[126.959256,37.566187],[126.959079,37.566014],[126.959124,37.565901],[126.958995,37.565824],[126.959157,37.565568],[126.959057,37.565525],[126.958951,37.565595],[126.958518,37.566138],[126.958174,37.56631],[126.957794,37.566388],[126.957365,37.56629],[126.957202,37.566521],[126.956578,37.566695],[126.956286,37.566917],[126.956152,37.566921],[126.955557,37.567324],[126.955579,37.567563],[126.955995,37.568142],[126.956853,37.568224],[126.957054,37.568301],[126.957414,37.568578],[126.957676,37.568699],[126.958129,37.569073],[126.958517,37.569165],[126.958892,37.569198],[126.959085,37.569309],[126.959184,37.569309],[126.959816,37.569104],[126.960326,37.569194],[126.96072,37.569347],[126.961008,37.569386],[126.961084,37.569269],[126.961356,37.569358],[126.961443,37.56932],[126.96174,37.569374],[126.96199,37.569276],[126.962333,37.569408],[126.962475,37.56924],[126.962894,37.569431]]]}},{"type":"Feature","properties":{"code":"11410105","name":"냉천동","guCode":"11130","guName":"서대문구","labelPoint":[126.963114,37.567429],"legalGuCode":"11410"},"geometry":{"type":"Polygon","coordinates":[[[126.96291,37.569685],[126.964,37.568634],[126.965712,37.566775],[126.965174,37.566498],[126.965313,37.566333],[126.964632,37.566072],[126.964551,37.566086],[126.9645,37.566406],[126.96394,37.566252],[126.96345,37.566312],[126.962886,37.566209],[126.962666,37.566062],[126.962817,37.565994],[126.962832,37.565879],[126.962982,37.565894],[126.963071,37.565495],[126.963006,37.565479],[126.962776,37.565484],[126.962667,37.565467],[126.962651,37.565431],[126.96234,37.565495],[126.962096,37.565404],[126.962035,37.565466],[126.96191,37.565445],[126.961894,37.565491],[126.961662,37.565466],[126.961498,37.56551],[126.961531,37.565536],[126.961451,37.565617],[126.961301,37.565569],[126.961058,37.565646],[126.960969,37.565602],[126.961225,37.565517],[126.960864,37.5653],[126.960617,37.565348],[126.960444,37.565484],[126.959963,37.565544],[126.958972,37.565414],[126.958843,37.565735],[126.958721,37.565887],[126.958989,37.565559],[126.959057,37.565525],[126.959157,37.565568],[126.958995,37.565824],[126.959124,37.565901],[126.959079,37.566014],[126.959256,37.566187],[126.959275,37.56625],[126.95941,37.56625],[126.959387,37.566304],[126.960127,37.566979],[126.960444,37.566934],[126.960749,37.567165],[126.96086,37.5673],[126.961375,37.567558],[126.961561,37.567723],[126.961732,37.567797],[126.961785,37.568065],[126.961839,37.568127],[126.962146,37.568035],[126.962286,37.568146],[126.962356,37.568048],[126.962447,37.568013],[126.962612,37.567967],[126.962707,37.568049],[126.962843,37.568026],[126.96312,37.56788],[126.963608,37.56827],[126.963926,37.568419],[126.963714,37.568691],[126.963059,37.569163],[126.963039,37.569251],[126.962894,37.569431],[126.962956,37.569486],[126.962746,37.569591],[126.96291,37.569685]]]}},{"type":"Feature","properties":{"code":"11410104","name":"미근동","guCode":"11130","guName":"서대문구","labelPoint":[126.967538,37.563582],"legalGuCode":"11410"},"geometry":{"type":"Polygon","coordinates":[[[126.967174,37.565299],[126.967564,37.564877],[126.968838,37.563113],[126.969464,37.561976],[126.968592,37.561739],[126.968533,37.561758],[126.968542,37.561728],[126.968153,37.561621],[126.968135,37.561667],[126.968082,37.561653],[126.967972,37.562253],[126.966745,37.562402],[126.966397,37.562186],[126.966098,37.562169],[126.965759,37.56223],[126.96547,37.562425],[126.965296,37.562419],[126.965361,37.562637],[126.965598,37.56292],[126.965496,37.562965],[126.965516,37.563216],[126.965617,37.563205],[126.965667,37.563309],[126.965811,37.563253],[126.965876,37.563488],[126.966385,37.563433],[126.96661,37.563489],[126.96657,37.5636],[126.966368,37.563564],[126.965814,37.563623],[126.965921,37.564148],[126.966261,37.564135],[126.966245,37.564333],[126.966072,37.564337],[126.966059,37.564405],[126.966207,37.564444],[126.966177,37.564565],[126.96625,37.56458],[126.966234,37.564728],[126.966139,37.564728],[126.966144,37.564855],[126.966057,37.564934],[126.966144,37.565037],[126.966332,37.564993],[126.966334,37.565178],[126.966758,37.565247],[126.966785,37.565192],[126.966833,37.565186],[126.967088,37.565287],[126.966922,37.565489],[126.96698,37.565512],[126.967174,37.565299]]]}},{"type":"Feature","properties":{"code":"11410103","name":"합동","guCode":"11130","guName":"서대문구","labelPoint":[126.965774,37.561394],"legalGuCode":"11410"},"geometry":{"type":"Polygon","coordinates":[[[126.968082,37.561653],[126.96744,37.561508],[126.966834,37.561273],[126.96545,37.560293],[126.965492,37.560403],[126.965413,37.560513],[126.965407,37.560685],[126.965338,37.560697],[126.965055,37.560597],[126.964892,37.560652],[126.964733,37.560823],[126.964647,37.561296],[126.964421,37.561302],[126.964382,37.561485],[126.964555,37.561739],[126.964806,37.561949],[126.964945,37.562209],[126.965056,37.562228],[126.965163,37.562176],[126.965253,37.562265],[126.965296,37.562419],[126.96547,37.562425],[126.965759,37.56223],[126.966098,37.562169],[126.966397,37.562186],[126.966745,37.562402],[126.967972,37.562253],[126.968082,37.561653]]]}},{"type":"Feature","properties":{"code":"11410102","name":"충정로3가","guCode":"11130","guName":"서대문구","labelPoint":[126.962234,37.562282],"legalGuCode":"11410"},"geometry":{"type":"Polygon","coordinates":[[[126.960851,37.565299],[126.96102,37.564957],[126.961251,37.564797],[126.961877,37.564716],[126.962004,37.564347],[126.961926,37.564169],[126.961977,37.564012],[126.961939,37.563986],[126.962024,37.563709],[126.962173,37.563484],[126.962336,37.563328],[126.962409,37.563361],[126.96263,37.563354],[126.962919,37.563484],[126.963713,37.563382],[126.964412,37.56336],[126.964744,37.563304],[126.96496,37.563153],[126.965038,37.56326],[126.965512,37.563188],[126.965496,37.562965],[126.965598,37.56292],[126.965317,37.562557],[126.965253,37.562265],[126.965163,37.562176],[126.965056,37.562228],[126.964945,37.562209],[126.964806,37.561949],[126.964555,37.561739],[126.964382,37.561485],[126.964421,37.561302],[126.964647,37.561296],[126.964733,37.560823],[126.964892,37.560652],[126.965055,37.560597],[126.965338,37.560697],[126.965407,37.560685],[126.965413,37.560513],[126.965492,37.560403],[126.96545,37.560293],[126.964002,37.55947],[126.96321,37.559196],[126.961681,37.559027],[126.961583,37.559148],[126.961499,37.559094],[126.961423,37.559165],[126.961342,37.559161],[126.961327,37.559244],[126.961241,37.55934],[126.961264,37.559368],[126.960983,37.559615],[126.960751,37.559729],[126.960703,37.560689],[126.960635,37.560886],[126.960537,37.560981],[126.960021,37.56101],[126.959747,37.561204],[126.959665,37.561584],[126.959503,37.561779],[126.959467,37.561895],[126.959413,37.561888],[126.959403,37.56195],[126.959281,37.562083],[126.959206,37.562298],[126.959128,37.562628],[126.959204,37.563039],[126.959087,37.563061],[126.959055,37.563333],[126.958739,37.563851],[126.958708,37.563992],[126.958967,37.564264],[126.959108,37.564255],[126.959141,37.564378],[126.959173,37.564802],[126.958972,37.565415],[126.959963,37.565544],[126.960444,37.565485],[126.960617,37.565348],[126.960851,37.565299]]]}},{"type":"Feature","properties":{"code":"11410101","name":"충정로2가","guCode":"11130","guName":"서대문구","labelPoint":[126.963551,37.564974],"legalGuCode":"11410"},"geometry":{"type":"Polygon","coordinates":[[[126.966833,37.565185],[126.966785,37.565192],[126.966758,37.565247],[126.966334,37.565178],[126.966332,37.564993],[126.966144,37.565036],[126.966057,37.564934],[126.966144,37.564854],[126.966139,37.564728],[126.966234,37.564728],[126.96625,37.56458],[126.966177,37.564564],[126.966207,37.564444],[126.966059,37.564405],[126.966072,37.564336],[126.966245,37.564333],[126.966261,37.564134],[126.965921,37.564147],[126.965814,37.563623],[126.966368,37.563563],[126.96657,37.5636],[126.96661,37.563489],[126.966384,37.563433],[126.965876,37.563487],[126.965811,37.563252],[126.965667,37.563309],[126.965617,37.563205],[126.965516,37.563215],[126.965512,37.563187],[126.965038,37.56326],[126.96496,37.563153],[126.964744,37.563304],[126.964412,37.56336],[126.963713,37.563382],[126.962919,37.563484],[126.96263,37.563354],[126.962409,37.563361],[126.962336,37.563327],[126.962173,37.563483],[126.962024,37.563708],[126.961939,37.563986],[126.961977,37.564012],[126.961926,37.564168],[126.962004,37.564346],[126.961877,37.564715],[126.961251,37.564797],[126.96102,37.564956],[126.96085,37.565299],[126.961225,37.565517],[126.960969,37.565602],[126.961058,37.565646],[126.961301,37.565569],[126.961451,37.565617],[126.961531,37.565536],[126.961498,37.56551],[126.961662,37.565466],[126.961894,37.565491],[126.96191,37.565445],[126.962035,37.565466],[126.962096,37.565404],[126.96234,37.565495],[126.962651,37.565431],[126.962667,37.565467],[126.962776,37.565484],[126.963071,37.565495],[126.962982,37.565894],[126.962832,37.565879],[126.962817,37.565994],[126.962666,37.566062],[126.962799,37.566168],[126.96345,37.566312],[126.964002,37.56626],[126.9645,37.566406],[126.964551,37.566086],[126.96466,37.566074],[126.965313,37.566333],[126.965174,37.566498],[126.965712,37.566775],[126.96698,37.565512],[126.966922,37.565489],[126.967088,37.565286],[126.966833,37.565185]]]}},{"type":"Feature","properties":{"code":"11380114","name":"진관동","guCode":"11120","guName":"은평구","labelPoint":[126.935507,37.642666],"legalGuCode":"11380"},"geometry":{"type":"Polygon","coordinates":[[[126.919461,37.628196],[126.919124,37.628221],[126.918536,37.628493],[126.917038,37.62867],[126.916924,37.628909],[126.916492,37.629507],[126.916206,37.629706],[126.915881,37.62939],[126.915824,37.629443],[126.91566,37.629892],[126.91515,37.630905],[126.914432,37.630903],[126.913751,37.630634],[126.912612,37.630668],[126.912004,37.630508],[126.911131,37.629748],[126.909963,37.629221],[126.908802,37.629088],[126.90877,37.629328],[126.908382,37.629994],[126.908118,37.630061],[126.907294,37.630867],[126.906929,37.631804],[126.906757,37.632736],[126.906202,37.63322],[126.907096,37.633398],[126.908113,37.63383],[126.909122,37.634333],[126.909807,37.634942],[126.910854,37.635317],[126.91121,37.635906],[126.910316,37.637913],[126.910092,37.638509],[126.910892,37.640284],[126.911151,37.640979],[126.912175,37.644142],[126.91228,37.644315],[126.911775,37.644495],[126.911185,37.644764],[126.910141,37.645077],[126.910141,37.645131],[126.909915,37.645255],[126.909441,37.645426],[126.908777,37.64581],[126.907705,37.64629],[126.907292,37.646945],[126.905625,37.648481],[126.90481,37.649128],[126.904802,37.649201],[126.905165,37.648969],[126.905541,37.64889],[126.906094,37.64863],[126.907109,37.648064],[126.907659,37.647674],[126.908414,37.647257],[126.908635,37.647416],[126.909727,37.646878],[126.910436,37.646279],[126.910863,37.646011],[126.911314,37.645822],[126.911946,37.645366],[126.912328,37.645177],[126.913399,37.644996],[126.913721,37.644756],[126.914607,37.644909],[126.915189,37.645116],[126.917342,37.645258],[126.921471,37.645782],[126.922862,37.645878],[126.923395,37.645944],[126.924123,37.646106],[126.925481,37.646991],[126.926581,37.647767],[126.927134,37.648103],[126.927992,37.648888],[126.929118,37.649666],[126.929281,37.649835],[126.929699,37.650048],[126.930285,37.650225],[126.930863,37.650301],[126.931431,37.650331],[126.931901,37.650231],[126.932158,37.650306],[126.932221,37.650387],[126.93389,37.650725],[126.935267,37.651061],[126.935706,37.651203],[126.936137,37.651486],[126.937163,37.652316],[126.937425,37.652691],[126.93774,37.653447],[126.938151,37.654122],[126.93846,37.654771],[126.93881,37.655276],[126.939666,37.656241],[126.940335,37.656768],[126.9421,37.657722],[126.942697,37.657919],[126.943338,37.658059],[126.944123,37.658116],[126.945023,37.658325],[126.946426,37.658756],[126.947565,37.659215],[126.947755,37.658923],[126.947967,37.658708],[126.948002,37.658572],[126.947915,37.658259],[126.948039,37.658005],[126.948038,37.657892],[126.947992,37.657711],[126.947758,37.657281],[126.947882,37.657126],[126.948833,37.656974],[126.949203,37.65677],[126.94949,37.656247],[126.949791,37.655912],[126.950405,37.655692],[126.950773,37.655486],[126.951053,37.655197],[126.951376,37.65495],[126.95186,37.654865],[126.952315,37.654916],[126.95321,37.654933],[126.953359,37.654968],[126.953946,37.655297],[126.954194,37.655211],[126.954032,37.655076],[126.954037,37.654982],[126.954352,37.654595],[126.954898,37.654461],[126.955236,37.654314],[126.955321,37.654224],[126.955424,37.653898],[126.955535,37.653778],[126.955714,37.653682],[126.955851,37.653662],[126.956163,37.653361],[126.956532,37.65317],[126.956412,37.65317],[126.957108,37.652837],[126.95746,37.651872],[126.957685,37.65071],[126.957789,37.649809],[126.957562,37.649042],[126.957855,37.648446],[126.957839,37.648048],[126.958377,37.64765],[126.959027,37.646783],[126.95892,37.646137],[126.959146,37.64575],[126.958907,37.64476],[126.959122,37.644346],[126.95902,37.643879],[126.959365,37.6432],[126.959268,37.642133],[126.959971,37.641462],[126.960132,37.640538],[126.96051,37.639831],[126.960862,37.638755],[126.961603,37.637989],[126.961604,37.637117],[126.962541,37.635819],[126.963329,37.633245],[126.961619,37.631888],[126.959822,37.629761],[126.958759,37.629588],[126.957467,37.629131],[126.956727,37.628618],[126.956379,37.62822],[126.955566,37.62825],[126.955205,37.628151],[126.954035,37.627359],[126.953493,37.627368],[126.952758,37.627066],[126.95198,37.626868],[126.951579,37.626556],[126.950413,37.62642],[126.949991,37.625719],[126.949663,37.625283],[126.948866,37.625837],[126.947504,37.626032],[126.946889,37.625771],[126.945979,37.625971],[126.944533,37.626076],[126.944148,37.625767],[126.942225,37.626071],[126.94149,37.626139],[126.940679,37.626058],[126.938281,37.626007],[126.937789,37.626138],[126.936191,37.626154],[126.935789,37.626373],[126.934011,37.626673],[126.932591,37.626405],[126.932032,37.626396],[126.93179,37.626661],[126.931746,37.626888],[126.931229,37.627831],[126.930994,37.62801],[126.930718,37.628128],[126.930023,37.628245],[126.929978,37.628297],[126.9299,37.628258],[126.928577,37.628834],[126.928304,37.628814],[126.927323,37.629055],[126.927183,37.629253],[126.926915,37.629482],[126.926738,37.629455],[126.926628,37.629536],[126.925974,37.629509],[126.925425,37.629573],[126.924997,37.629757],[126.924382,37.629454],[126.923613,37.62932],[126.923181,37.629],[126.922742,37.628516],[126.922521,37.628334],[126.922027,37.628464],[126.920143,37.62836],[126.919692,37.62828],[126.919696,37.628191],[126.919461,37.628196]]]}},{"type":"Feature","properties":{"code":"11380110","name":"증산동","guCode":"11120","guName":"은평구","labelPoint":[126.905575,37.5832],"legalGuCode":"11380"},"geometry":{"type":"Polygon","coordinates":[[[126.898976,37.578995],[126.899046,37.57928],[126.899247,37.579167],[126.899293,37.579377],[126.900047,37.579576],[126.900144,37.579533],[126.900235,37.579627],[126.900197,37.579666],[126.900359,37.579753],[126.900266,37.579879],[126.90029,37.579903],[126.901064,37.580243],[126.901028,37.580285],[126.901089,37.580339],[126.90236,37.580695],[126.902376,37.580805],[126.902247,37.581076],[126.901841,37.581145],[126.901988,37.581232],[126.90187,37.581762],[126.901945,37.582218],[126.90217,37.582556],[126.90213,37.583019],[126.901935,37.583381],[126.901993,37.583774],[126.90155,37.584615],[126.901604,37.584857],[126.90155,37.585155],[126.901779,37.585735],[126.902022,37.585969],[126.902166,37.586254],[126.902246,37.586624],[126.902514,37.587014],[126.903007,37.587623],[126.903108,37.587708],[126.903466,37.587868],[126.903625,37.588117],[126.904425,37.588094],[126.904652,37.588192],[126.904973,37.588518],[126.905391,37.588702],[126.905923,37.588826],[126.906883,37.588451],[126.90702,37.588479],[126.907533,37.588747],[126.907538,37.588836],[126.9077,37.589089],[126.908103,37.589372],[126.908857,37.589329],[126.908913,37.589253],[126.910402,37.589263],[126.910251,37.589394],[126.910443,37.589595],[126.91074,37.589264],[126.911137,37.589071],[126.913197,37.588645],[126.913041,37.587793],[126.912903,37.587357],[126.91248,37.58653],[126.912053,37.58597],[126.904117,37.578485],[126.90417,37.578744],[126.902058,37.576757],[126.898976,37.578995]]]}},{"type":"Feature","properties":{"code":"11140169","name":"의주로1가","guCode":"11020","guName":"중구","labelPoint":[126.968614,37.563754],"legalGuCode":"11140"},"geometry":{"type":"Polygon","coordinates":[[[126.966979,37.565514],[126.967232,37.565613],[126.967297,37.565798],[126.967355,37.565796],[126.967483,37.565693],[126.96756,37.565691],[126.967729,37.565877],[126.96828,37.565505],[126.968566,37.564979],[126.968825,37.563947],[126.968868,37.563562],[126.968658,37.563373],[126.968839,37.563123],[126.969491,37.563243],[126.96974,37.562824],[126.96997,37.562083],[126.968112,37.561531],[126.968078,37.561652],[126.968135,37.561667],[126.968153,37.561621],[126.968542,37.561728],[126.968533,37.561758],[126.968592,37.561739],[126.969464,37.561976],[126.968959,37.562915],[126.968629,37.563413],[126.967564,37.564877],[126.966979,37.565514]]]}},{"type":"Feature","properties":{"code":"11140168","name":"순화동","guCode":"11020","guName":"중구","labelPoint":[126.970727,37.562394],"legalGuCode":"11140"},"geometry":{"type":"Polygon","coordinates":[[[126.969447,37.565934],[126.969937,37.565698],[126.970179,37.565337],[126.970445,37.5652],[126.970586,37.565169],[126.970922,37.565322],[126.971068,37.565288],[126.97117,37.565189],[126.971643,37.563934],[126.97164,37.56367],[126.971562,37.563513],[126.97124,37.563191],[126.971245,37.562901],[126.971455,37.562529],[126.971507,37.562543],[126.971643,37.562259],[126.971863,37.561968],[126.972607,37.561274],[126.973304,37.560432],[126.972902,37.560313],[126.972704,37.560003],[126.972493,37.559811],[126.972302,37.559537],[126.971345,37.558714],[126.971076,37.558878],[126.970921,37.559059],[126.971005,37.559084],[126.970828,37.559569],[126.970794,37.559568],[126.970723,37.559715],[126.970778,37.559749],[126.970628,37.560053],[126.970165,37.561694],[126.97005,37.561844],[126.96974,37.562824],[126.969491,37.563243],[126.968839,37.563123],[126.968658,37.563373],[126.968868,37.563562],[126.968825,37.563947],[126.968566,37.564979],[126.96828,37.565505],[126.969361,37.565975],[126.969447,37.565934]]]}},{"type":"Feature","properties":{"code":"11140167","name":"정동","guCode":"11020","guName":"중구","labelPoint":[126.973308,37.566142],"legalGuCode":"11140"},"geometry":{"type":"Polygon","coordinates":[[[126.975664,37.569381],[126.975711,37.569246],[126.975767,37.569226],[126.975695,37.568874],[126.975781,37.568828],[126.975743,37.568775],[126.975877,37.568723],[126.975526,37.568233],[126.975694,37.567708],[126.976346,37.567227],[126.976692,37.566795],[126.97672,37.566709],[126.976909,37.566791],[126.977002,37.566755],[126.977004,37.566681],[126.977173,37.566681],[126.977252,37.566255],[126.977633,37.565798],[126.977358,37.564879],[126.977257,37.564734],[126.976653,37.564845],[126.975898,37.564926],[126.974056,37.564789],[126.973859,37.564928],[126.973693,37.565185],[126.973214,37.565113],[126.972878,37.565017],[126.972802,37.564976],[126.972922,37.564554],[126.972947,37.563365],[126.972436,37.563059],[126.972392,37.563157],[126.971244,37.562904],[126.97124,37.563191],[126.971562,37.563513],[126.97164,37.56367],[126.971643,37.563934],[126.97117,37.565189],[126.971068,37.565288],[126.970922,37.565322],[126.970586,37.565169],[126.970445,37.5652],[126.970179,37.565337],[126.969937,37.565698],[126.969552,37.565867],[126.969325,37.566039],[126.969215,37.566244],[126.969129,37.566543],[126.969201,37.56692],[126.969107,37.567127],[126.969076,37.567121],[126.969029,37.567207],[126.968972,37.567401],[126.968943,37.567636],[126.968973,37.567741],[126.969277,37.568099],[126.969291,37.568198],[126.969424,37.568276],[126.969507,37.568157],[126.96976,37.568289],[126.969939,37.568316],[126.970341,37.568521],[126.970773,37.568603],[126.971093,37.568808],[126.971199,37.568818],[126.971225,37.568756],[126.971513,37.56871],[126.971662,37.56841],[126.971995,37.5684],[126.97249,37.568459],[126.972552,37.568475],[126.972419,37.568831],[126.972591,37.56906],[126.972806,37.568996],[126.972879,37.569193],[126.973192,37.569165],[126.973205,37.569319],[126.974204,37.56934],[126.974295,37.569328],[126.974282,37.569246],[126.974707,37.569201],[126.975664,37.569381]]]}},{"type":"Feature","properties":{"code":"11140166","name":"서소문동","guCode":"11020","guName":"중구","labelPoint":[126.973628,37.562947],"legalGuCode":"11140"},"geometry":{"type":"Polygon","coordinates":[[[126.976114,37.564903],[126.976143,37.56459],[126.976106,37.564504],[126.976294,37.564422],[126.976369,37.564472],[126.976426,37.56445],[126.976636,37.564151],[126.975855,37.56386],[126.975969,37.563625],[126.975964,37.563405],[126.975946,37.563213],[126.975809,37.562993],[126.975789,37.562812],[126.975576,37.562749],[126.975179,37.562779],[126.975075,37.562563],[126.974699,37.562504],[126.97479,37.561991],[126.974705,37.561965],[126.974091,37.561152],[126.974104,37.561019],[126.97428,37.560935],[126.974264,37.560915],[126.973775,37.561156],[126.973649,37.561115],[126.973583,37.561239],[126.973155,37.561055],[126.973352,37.560776],[126.973124,37.560645],[126.972607,37.561274],[126.971863,37.561968],[126.971643,37.562259],[126.971507,37.562543],[126.971455,37.562529],[126.971245,37.562901],[126.972392,37.563157],[126.972436,37.563059],[126.972947,37.563365],[126.972922,37.564554],[126.972802,37.564976],[126.972878,37.565017],[126.973214,37.565113],[126.973693,37.565185],[126.973859,37.564928],[126.974056,37.564789],[126.975898,37.564926],[126.976114,37.564903]]]}},{"type":"Feature","properties":{"code":"11140165","name":"황학동","guCode":"11020","guName":"중구","labelPoint":[127.020669,37.568253],"legalGuCode":"11140"},"geometry":{"type":"Polygon","coordinates":[[[127.023392,37.571907],[127.02357,37.565795],[127.023402,37.565797],[127.023415,37.565601],[127.023383,37.565595],[127.023396,37.565512],[127.023341,37.565504],[127.023438,37.565346],[127.023492,37.565343],[127.023423,37.565322],[127.023426,37.565155],[127.022013,37.56546],[127.021116,37.565547],[127.021127,37.565615],[127.020497,37.565672],[127.018901,37.56565],[127.018092,37.565569],[127.017983,37.566429],[127.017689,37.570167],[127.017334,37.570077],[127.017772,37.570291],[127.01902,37.571013],[127.020755,37.571716],[127.021528,37.571926],[127.022205,37.572022],[127.022921,37.571992],[127.023392,37.571907]]]}},{"type":"Feature","properties":{"code":"11140164","name":"무학동","guCode":"11020","guName":"중구","labelPoint":[127.01519,37.564252],"legalGuCode":"11140"},"geometry":{"type":"Polygon","coordinates":[[[127.016229,37.565359],[127.016065,37.564417],[127.015971,37.564087],[127.015449,37.563094],[127.014285,37.563985],[127.014325,37.56404],[127.014409,37.564528],[127.014701,37.564516],[127.014759,37.564684],[127.014696,37.564734],[127.0148,37.565073],[127.014209,37.564978],[127.01418,37.565127],[127.016229,37.565359]]]}},{"type":"Feature","properties":{"code":"11110138","name":"종로2가","guCode":"11010","guName":"종로구","labelPoint":[126.98838,37.570781],"legalGuCode":"11110"},"geometry":{"type":"Polygon","coordinates":[[[126.987759,37.571568],[126.987827,37.571741],[126.987937,37.571866],[126.988059,37.571921],[126.988361,37.571898],[126.988503,37.571835],[126.988672,37.571683],[126.988846,37.571404],[126.988901,37.571022],[126.989106,37.57107],[126.989157,37.571021],[126.989172,37.570837],[126.989124,37.570818],[126.989148,37.570735],[126.989112,37.570724],[126.989108,37.570608],[126.989366,37.570632],[126.989461,37.569846],[126.98861,37.569832],[126.988557,37.569824],[126.988581,37.569638],[126.987721,37.569592],[126.987731,37.569917],[126.986966,37.569888],[126.984498,37.569901],[126.984452,37.569899],[126.98445,37.569832],[126.983851,37.569836],[126.983114,37.570286],[126.983127,37.570505],[126.984482,37.57051],[126.984496,37.570624],[126.984926,37.570618],[126.984949,37.570907],[126.985239,37.570903],[126.985307,37.570879],[126.985327,37.570827],[126.985689,37.570743],[126.985683,37.570493],[126.986935,37.570489],[126.98776,37.570545],[126.98747,37.571055],[126.987674,37.571161],[126.987759,37.571568]]]}},{"type":"Feature","properties":{"code":"11110137","name":"낙원동","guCode":"11010","guName":"종로구","labelPoint":[126.988602,37.572556],"legalGuCode":"11110"},"geometry":{"type":"Polygon","coordinates":[[[126.986691,37.573742],[126.986837,37.573809],[126.986857,37.573785],[126.987069,37.573843],[126.987129,37.57368],[126.987169,37.573692],[126.98723,37.57361],[126.987446,37.573681],[126.987703,37.573793],[126.987437,37.574199],[126.98847,37.574495],[126.988643,37.574195],[126.98861,37.574181],[126.988771,37.574],[126.989086,37.574083],[126.989178,37.573686],[126.989341,37.573702],[126.989347,37.573577],[126.989409,37.573575],[126.989436,37.573511],[126.989426,37.573416],[126.98931,37.573387],[126.989386,37.573121],[126.989319,37.57309],[126.989328,37.572861],[126.989883,37.572914],[126.989927,37.572779],[126.989852,37.57269],[126.989889,37.572581],[126.989747,37.572532],[126.989789,37.572151],[126.989468,37.572111],[126.989506,37.571864],[126.990027,37.571932],[126.990029,37.571895],[126.990172,37.571888],[126.990217,37.571642],[126.990344,37.571637],[126.990439,37.571238],[126.990486,37.571247],[126.990559,37.571047],[126.990486,37.571014],[126.990524,37.5707],[126.989108,37.570608],[126.989112,37.570724],[126.989148,37.570735],[126.989124,37.570818],[126.989172,37.570837],[126.989157,37.571021],[126.989106,37.57107],[126.988901,37.571022],[126.988846,37.571404],[126.988672,37.571683],[126.988503,37.571835],[126.988361,37.571898],[126.988059,37.571921],[126.987937,37.571866],[126.987827,37.571741],[126.987759,37.571568],[126.987671,37.571593],[126.987407,37.572176],[126.987277,37.572366],[126.987448,37.572464],[126.987328,37.572644],[126.987167,37.572585],[126.987077,37.572601],[126.986868,37.572827],[126.98677,37.572827],[126.98665,37.573018],[126.986712,37.573046],[126.986667,37.573138],[126.986946,37.573238],[126.986919,37.573355],[126.986698,37.573631],[126.986754,37.573648],[126.986691,37.573742]]]}},{"type":"Feature","properties":{"code":"11110136","name":"인사동","guCode":"11010","guName":"종로구","labelPoint":[126.985872,37.572092],"legalGuCode":"11110"},"geometry":{"type":"Polygon","coordinates":[[[126.986702,37.573626],[126.986919,37.573355],[126.986946,37.573238],[126.986667,37.573138],[126.986712,37.573046],[126.98665,37.573018],[126.98677,37.572827],[126.986868,37.572827],[126.987077,37.572601],[126.987167,37.572585],[126.987328,37.572644],[126.987448,37.572464],[126.987277,37.572366],[126.987407,37.572176],[126.987671,37.571593],[126.987759,37.571568],[126.987674,37.571161],[126.98747,37.571055],[126.98776,37.570545],[126.986935,37.570489],[126.985683,37.570493],[126.985689,37.570743],[126.985327,37.570827],[126.985307,37.570879],[126.985144,37.570914],[126.984949,37.570907],[126.984926,37.570618],[126.984496,37.570624],[126.984482,37.57051],[126.984113,37.570511],[126.984181,37.570767],[126.984382,37.571147],[126.98463,37.571447],[126.984549,37.571512],[126.984496,37.571942],[126.984438,37.571932],[126.98442,37.571983],[126.984335,37.572008],[126.98424,37.572231],[126.984295,37.572256],[126.984274,37.572301],[126.984424,37.572334],[126.984377,37.572473],[126.984698,37.57248],[126.9847,37.572402],[126.985116,37.572311],[126.98539,37.57233],[126.98533,37.57261],[126.985555,37.572677],[126.985532,37.572773],[126.985616,37.572822],[126.985558,37.572964],[126.986235,37.573286],[126.986339,37.573423],[126.986702,37.573626]]]}},{"type":"Feature","properties":{"code":"11110135","name":"관철동","guCode":"11010","guName":"종로구","labelPoint":[126.985777,37.569168],"legalGuCode":"11110"},"geometry":{"type":"Polygon","coordinates":[[[126.983114,37.570286],[126.983851,37.569836],[126.98445,37.569832],[126.984452,37.569899],[126.984498,37.569901],[126.986966,37.569888],[126.987731,37.569917],[126.987711,37.569592],[126.988581,37.569638],[126.988603,37.569494],[126.988537,37.569478],[126.988639,37.56936],[126.988927,37.568103],[126.986639,37.568232],[126.984367,37.568639],[126.98285,37.568975],[126.982977,37.570163],[126.98306,37.570286],[126.983114,37.570286]]]}},{"type":"Feature","properties":{"code":"11110134","name":"경운동","guCode":"11010","guName":"종로구","labelPoint":[126.986174,37.575302],"legalGuCode":"11110"},"geometry":{"type":"Polygon","coordinates":[[[126.986278,37.576879],[126.986659,37.575694],[126.9869,37.57513],[126.98839,37.575385],[126.988453,37.575017],[126.988371,37.574993],[126.988388,37.574672],[126.98847,37.574495],[126.987437,37.574199],[126.987703,37.573793],[126.98723,37.57361],[126.987169,37.573692],[126.987129,37.57368],[126.987069,37.573843],[126.986857,37.573785],[126.986837,37.573809],[126.986611,37.573714],[126.98656,37.573785],[126.986398,37.573733],[126.985995,37.574321],[126.985759,37.574747],[126.985632,37.575071],[126.985582,37.575083],[126.985499,37.575387],[126.985395,37.575372],[126.985332,37.575599],[126.984953,37.575504],[126.984987,37.575414],[126.984783,37.575404],[126.984831,37.575232],[126.984613,37.575222],[126.98457,37.575513],[126.984448,37.5758],[126.9843,37.576012],[126.985398,37.576588],[126.986278,37.576879]]]}},{"type":"Feature","properties":{"code":"11380109","name":"신사동","guCode":"11120","guName":"은평구","labelPoint":[126.908355,37.595779],"legalGuCode":"11380"},"geometry":{"type":"Polygon","coordinates":[[[126.904273,37.603174],[126.904586,37.60315],[126.904921,37.603254],[126.905082,37.603158],[126.905632,37.60267],[126.906115,37.602157],[126.906476,37.601988],[126.906744,37.60177],[126.907329,37.601629],[126.907856,37.601529],[126.908561,37.60205],[126.910336,37.601994],[126.913288,37.601143],[126.913639,37.601017],[126.91382,37.600772],[126.914434,37.600112],[126.914966,37.600028],[126.914668,37.598851],[126.915929,37.59911],[126.915859,37.598989],[126.913501,37.590139],[126.913197,37.588645],[126.911137,37.589072],[126.91074,37.589264],[126.910443,37.589595],[126.910251,37.589394],[126.910402,37.589263],[126.908914,37.589253],[126.908857,37.589329],[126.908103,37.589372],[126.9077,37.58909],[126.907538,37.588836],[126.907533,37.588748],[126.90702,37.58848],[126.906883,37.588451],[126.905923,37.588826],[126.905391,37.588702],[126.904973,37.588518],[126.904652,37.588192],[126.904425,37.588094],[126.903625,37.588117],[126.902713,37.588539],[126.902445,37.588733],[126.901296,37.589025],[126.900905,37.58922],[126.90054,37.589139],[126.900294,37.589232],[126.899644,37.589817],[126.89975,37.589938],[126.899575,37.590673],[126.89971,37.590989],[126.899696,37.591362],[126.899566,37.59169],[126.898962,37.592678],[126.899299,37.592868],[126.899414,37.593142],[126.899778,37.593387],[126.900021,37.593832],[126.900355,37.594211],[126.90183,37.595141],[126.901784,37.595557],[126.901628,37.596],[126.901211,37.596302],[126.901201,37.596747],[126.901076,37.596937],[126.901012,37.597337],[126.901254,37.597909],[126.901171,37.598208],[126.901261,37.598489],[126.901323,37.599367],[126.901017,37.599873],[126.901012,37.600175],[126.900293,37.601233],[126.899982,37.60204],[126.900205,37.602568],[126.900153,37.603116],[126.900771,37.60337],[126.901307,37.603399],[126.902108,37.603742],[126.902574,37.603721],[126.90321,37.603529],[126.903697,37.603464],[126.904273,37.603174]]]}},{"type":"Feature","properties":{"code":"11380108","name":"역촌동","guCode":"11120","guName":"은평구","labelPoint":[126.915258,37.60509],"legalGuCode":"11380"},"geometry":{"type":"Polygon","coordinates":[[[126.901726,37.605752],[126.90213,37.605537],[126.902283,37.605608],[126.902768,37.605635],[126.902976,37.605589],[126.902982,37.605535],[126.903097,37.605456],[126.903135,37.605483],[126.903273,37.605387],[126.903356,37.605415],[126.903533,37.605281],[126.903439,37.605224],[126.90359,37.605134],[126.903977,37.605022],[126.904772,37.604527],[126.904964,37.604526],[126.905316,37.604709],[126.906205,37.605046],[126.906668,37.605175],[126.907793,37.605018],[126.908317,37.605163],[126.908793,37.605375],[126.90943,37.605443],[126.909514,37.605631],[126.909701,37.607616],[126.91076,37.607538],[126.915287,37.607432],[126.915422,37.608074],[126.915669,37.608631],[126.916671,37.609964],[126.916896,37.610328],[126.917068,37.610681],[126.917293,37.611301],[126.917505,37.611101],[126.917619,37.61108],[126.917615,37.611028],[126.91979,37.609725],[126.920053,37.609522],[126.922743,37.606454],[126.922658,37.605478],[126.920558,37.601298],[126.920346,37.600994],[126.920148,37.600789],[126.919759,37.60049],[126.919196,37.600222],[126.917173,37.599661],[126.916762,37.599409],[126.916008,37.599249],[126.915929,37.59911],[126.914668,37.598851],[126.914966,37.600028],[126.914434,37.600112],[126.91382,37.600772],[126.913639,37.601017],[126.910336,37.601994],[126.908561,37.60205],[126.907856,37.601529],[126.907329,37.601629],[126.906744,37.60177],[126.906476,37.601988],[126.906115,37.602157],[126.905632,37.60267],[126.905082,37.603158],[126.904921,37.603254],[126.904586,37.60315],[126.904273,37.603174],[126.903697,37.603464],[126.90321,37.603529],[126.902574,37.603721],[126.902108,37.603742],[126.90203,37.604269],[126.901849,37.604622],[126.901823,37.604763],[126.901505,37.605357],[126.90175,37.605715],[126.901726,37.605752]]]}},{"type":"Feature","properties":{"code":"11380107","name":"응암동","guCode":"11120","guName":"은평구","labelPoint":[126.921418,37.592562],"legalGuCode":"11380"},"geometry":{"type":"Polygon","coordinates":[[[126.938712,37.597521],[126.93863,37.5975],[126.937542,37.597868],[126.936711,37.597625],[126.934518,37.596633],[126.933838,37.596645],[126.932794,37.596312],[126.93221,37.595801],[126.931597,37.595413],[126.931311,37.595024],[126.930246,37.59455],[126.930391,37.594338],[126.929964,37.594165],[126.929318,37.593328],[126.928841,37.592849],[126.928537,37.592276],[126.927764,37.591576],[126.92797,37.591045],[126.927652,37.590522],[126.927942,37.58994],[126.927603,37.589393],[126.927756,37.588872],[126.927997,37.588387],[126.927738,37.588072],[126.926314,37.587291],[126.925732,37.587135],[126.925066,37.587241],[126.92448,37.587214],[126.923856,37.587098],[126.923651,37.586151],[126.922857,37.585643],[126.922753,37.585564],[126.922735,37.585467],[126.922419,37.585346],[126.922215,37.585046],[126.921846,37.584686],[126.921993,37.584079],[126.92172,37.583727],[126.92175,37.583456],[126.921186,37.583306],[126.920859,37.582939],[126.920254,37.582957],[126.919859,37.583301],[126.91955,37.583206],[126.918889,37.583385],[126.917747,37.583231],[126.917033,37.583262],[126.91594,37.583093],[126.915896,37.583431],[126.915817,37.583462],[126.915828,37.583753],[126.915755,37.583903],[126.915765,37.583969],[126.915596,37.584196],[126.915678,37.584356],[126.915714,37.584875],[126.91568,37.58499],[126.916027,37.58531],[126.916393,37.585838],[126.916373,37.585881],[126.916015,37.585616],[126.915311,37.585416],[126.915698,37.585981],[126.912845,37.587225],[126.913041,37.587793],[126.913501,37.590139],[126.915859,37.598989],[126.916008,37.599249],[126.916762,37.599409],[126.917173,37.599661],[126.919089,37.600186],[126.919673,37.600439],[126.919991,37.600654],[126.920283,37.600916],[126.920558,37.601298],[126.920765,37.601707],[126.922414,37.601578],[126.926414,37.602421],[126.926642,37.602405],[126.927051,37.602084],[126.927422,37.601887],[126.928145,37.60168],[126.929926,37.601514],[126.930365,37.601409],[126.930756,37.601427],[126.934796,37.601046],[126.93531,37.600822],[126.935804,37.600789],[126.936344,37.599808],[126.938388,37.597951],[126.938712,37.597521]]]}},{"type":"Feature","properties":{"code":"11380106","name":"대조동","guCode":"11120","guName":"은평구","labelPoint":[126.922413,37.613331],"legalGuCode":"11380"},"geometry":{"type":"Polygon","coordinates":[[[126.931446,37.608763],[126.930967,37.608608],[126.930006,37.608398],[126.929222,37.608352],[126.928515,37.608425],[126.927689,37.608917],[126.927173,37.609075],[126.92656,37.608839],[126.926181,37.608599],[126.925834,37.608281],[126.925329,37.607989],[126.924849,37.607819],[126.924246,37.607516],[126.923517,37.607262],[126.923037,37.606784],[126.923018,37.606701],[126.922994,37.60674],[126.922868,37.606548],[126.922743,37.606454],[126.920053,37.609521],[126.91979,37.609725],[126.917615,37.611027],[126.917619,37.611079],[126.917505,37.611101],[126.917293,37.611301],[126.917913,37.61501],[126.920155,37.618362],[126.920303,37.61849],[126.920585,37.618646],[126.921273,37.618836],[126.921407,37.61876],[126.922039,37.617922],[126.922726,37.617141],[126.922852,37.617125],[126.923528,37.6165],[126.924142,37.616063],[126.924555,37.615942],[126.924726,37.615842],[126.925085,37.6154],[126.925532,37.615152],[126.925859,37.614903],[126.926065,37.614623],[126.928321,37.61204],[126.928988,37.611524],[126.928978,37.611487],[126.929134,37.611292],[126.930012,37.610376],[126.930674,37.609559],[126.931446,37.608763]]]}},{"type":"Feature","properties":{"code":"11380105","name":"구산동","guCode":"11120","guName":"은평구","labelPoint":[126.908466,37.611826],"legalGuCode":"11380"},"geometry":{"type":"Polygon","coordinates":[[[126.905991,37.618921],[126.906845,37.617251],[126.907209,37.616781],[126.909219,37.615179],[126.909318,37.615091],[126.909328,37.615],[126.909414,37.61486],[126.909998,37.61438],[126.910288,37.614234],[126.915191,37.612475],[126.917168,37.611283],[126.917293,37.611301],[126.917068,37.610681],[126.916896,37.610328],[126.916671,37.609964],[126.915669,37.608631],[126.915422,37.608074],[126.915287,37.607432],[126.91076,37.607538],[126.909701,37.607616],[126.909514,37.605631],[126.90943,37.605443],[126.908793,37.605375],[126.908317,37.605163],[126.907793,37.605018],[126.906668,37.605175],[126.906205,37.605046],[126.905316,37.604709],[126.904964,37.604526],[126.904772,37.604527],[126.903977,37.605022],[126.90359,37.605134],[126.903439,37.605224],[126.903533,37.605281],[126.903356,37.605415],[126.903273,37.605387],[126.903135,37.605483],[126.903097,37.605456],[126.902982,37.605535],[126.902976,37.605589],[126.902768,37.605635],[126.902283,37.605608],[126.90213,37.605537],[126.901726,37.605752],[126.901414,37.606191],[126.900776,37.608439],[126.900601,37.60932],[126.900705,37.610319],[126.900304,37.611191],[126.900962,37.61235],[126.900913,37.612725],[126.901734,37.614069],[126.901799,37.61447],[126.901729,37.614776],[126.901917,37.615093],[126.901823,37.615754],[126.902149,37.61637],[126.902473,37.616666],[126.902478,37.616899],[126.903126,37.617304],[126.903008,37.617786],[126.903052,37.618094],[126.90334,37.618306],[126.903361,37.618839],[126.903729,37.618798],[126.904274,37.618831],[126.905231,37.619075],[126.905189,37.619814],[126.905214,37.619868],[126.905928,37.619206],[126.905859,37.619178],[126.905991,37.618921]]]}},{"type":"Feature","properties":{"code":"11380104","name":"갈현동","guCode":"11120","guName":"은평구","labelPoint":[126.91297,37.621028],"legalGuCode":"11380"},"geometry":{"type":"Polygon","coordinates":[[[126.91515,37.630905],[126.91566,37.629892],[126.915824,37.629443],[126.915881,37.62939],[126.916206,37.629706],[126.916492,37.629507],[126.916924,37.628909],[126.917038,37.62867],[126.918536,37.628493],[126.919124,37.628221],[126.919434,37.628205],[126.919608,37.627922],[126.919655,37.627922],[126.919805,37.627758],[126.9202,37.626457],[126.920271,37.625677],[126.920139,37.624319],[126.91996,37.624319],[126.919742,37.622134],[126.920166,37.620284],[126.92046,37.619741],[126.920608,37.619626],[126.921134,37.618914],[126.921273,37.618836],[126.920585,37.618646],[126.920303,37.61849],[126.920155,37.618362],[126.917913,37.61501],[126.917293,37.611301],[126.917168,37.611283],[126.915191,37.612475],[126.910288,37.614234],[126.909908,37.614441],[126.909414,37.61486],[126.909314,37.615097],[126.907209,37.616781],[126.906808,37.617319],[126.905859,37.619178],[126.905928,37.619206],[126.905214,37.619868],[126.905613,37.620704],[126.906278,37.621352],[126.907117,37.621941],[126.90714,37.622547],[126.9071,37.623007],[126.907143,37.623313],[126.907,37.623937],[126.906749,37.624242],[126.906627,37.624496],[126.90744,37.625094],[126.90779,37.625502],[126.908396,37.625992],[126.908611,37.626266],[126.908903,37.627459],[126.908802,37.629088],[126.909963,37.629221],[126.911131,37.629748],[126.912004,37.630508],[126.912612,37.630668],[126.913751,37.630634],[126.914432,37.630903],[126.91515,37.630905]]]}},{"type":"Feature","properties":{"code":"11380103","name":"불광동","guCode":"11120","guName":"은평구","labelPoint":[126.935391,37.619105],"legalGuCode":"11380"},"geometry":{"type":"Polygon","coordinates":[[[126.919461,37.628195],[126.919696,37.628191],[126.919692,37.628279],[126.920143,37.62836],[126.922027,37.628464],[126.92252,37.628334],[126.922742,37.628516],[126.923181,37.628999],[126.923613,37.62932],[126.924382,37.629454],[126.924997,37.629757],[126.925425,37.629573],[126.925974,37.629508],[126.926628,37.629536],[126.926738,37.629455],[126.926915,37.629482],[126.927183,37.629253],[126.927323,37.629054],[126.928304,37.628813],[126.928577,37.628833],[126.9299,37.628258],[126.929978,37.628296],[126.930023,37.628244],[126.930718,37.628127],[126.930994,37.62801],[126.931229,37.627831],[126.931745,37.626887],[126.93179,37.626661],[126.932032,37.626396],[126.932591,37.626405],[126.934011,37.626673],[126.9357,37.626389],[126.936191,37.626153],[126.937789,37.626137],[126.938281,37.626007],[126.940679,37.626058],[126.94149,37.626139],[126.942225,37.626071],[126.944148,37.625767],[126.944533,37.626075],[126.945979,37.625971],[126.946889,37.62577],[126.947504,37.626031],[126.948865,37.625837],[126.949656,37.625287],[126.949004,37.624335],[126.948898,37.623251],[126.949244,37.622299],[126.949916,37.620932],[126.949903,37.619893],[126.949775,37.619297],[126.949813,37.618769],[126.9501,37.617672],[126.950423,37.616078],[126.950679,37.615527],[126.950539,37.615119],[126.950744,37.613864],[126.950694,37.613519],[126.950427,37.61289],[126.949786,37.611656],[126.950323,37.610616],[126.949645,37.610266],[126.949059,37.609815],[126.948842,37.609471],[126.94868,37.609042],[126.948164,37.608634],[126.947438,37.609446],[126.94752,37.609521],[126.946988,37.610141],[126.946114,37.610575],[126.944139,37.610356],[126.943431,37.610063],[126.942582,37.610264],[126.941604,37.610669],[126.940937,37.610709],[126.939094,37.610607],[126.937712,37.610035],[126.936963,37.609814],[126.935679,37.609758],[126.933016,37.609363],[126.932835,37.609389],[126.931446,37.608763],[126.930674,37.609559],[126.930012,37.610376],[126.929134,37.611292],[126.928978,37.611487],[126.928988,37.611524],[126.928321,37.61204],[126.926065,37.614623],[126.925859,37.614903],[126.925532,37.615152],[126.925085,37.6154],[126.924726,37.615842],[126.924555,37.615942],[126.924142,37.616063],[126.923528,37.6165],[126.922852,37.617125],[126.922726,37.617141],[126.922039,37.617922],[126.921407,37.61876],[126.921134,37.618913],[126.920608,37.619626],[126.92046,37.61974],[126.920166,37.620283],[126.920099,37.62048],[126.919742,37.622133],[126.91996,37.624318],[126.920139,37.624318],[126.920147,37.624354],[126.920267,37.62557],[126.920247,37.626195],[126.9202,37.626456],[126.919805,37.627758],[126.919655,37.627922],[126.919608,37.627922],[126.919461,37.628195]]]}},{"type":"Feature","properties":{"code":"11380102","name":"녹번동","guCode":"11120","guName":"은평구","labelPoint":[126.931811,37.604038],"legalGuCode":"11380"},"geometry":{"type":"Polygon","coordinates":[[[126.942582,37.610265],[126.943431,37.610063],[126.944139,37.610357],[126.946114,37.610576],[126.946988,37.610142],[126.94752,37.609522],[126.947438,37.609446],[126.948178,37.60862],[126.947049,37.608135],[126.946212,37.607391],[126.945388,37.606954],[126.94418,37.606463],[126.944115,37.606345],[126.943856,37.60629],[126.943744,37.606209],[126.943666,37.605043],[126.942131,37.604941],[126.941242,37.603134],[126.939957,37.603076],[126.939813,37.602767],[126.939836,37.60187],[126.940103,37.601785],[126.940373,37.601567],[126.941067,37.601152],[126.941392,37.600652],[126.941199,37.600053],[126.940878,37.598716],[126.939682,37.597977],[126.938716,37.597522],[126.938388,37.597951],[126.936344,37.599808],[126.935804,37.600789],[126.93531,37.600822],[126.934796,37.601046],[126.930756,37.601427],[126.930365,37.601409],[126.929926,37.601514],[126.928145,37.60168],[126.927422,37.601887],[126.927051,37.602084],[126.926642,37.602405],[126.926414,37.602421],[126.922414,37.601578],[126.920765,37.601707],[126.922658,37.605478],[126.922743,37.606454],[126.922868,37.606549],[126.922994,37.60674],[126.923018,37.606701],[126.923037,37.606784],[126.923517,37.607262],[126.924247,37.607516],[126.924849,37.60782],[126.925329,37.60799],[126.925834,37.608281],[126.926181,37.6086],[126.926698,37.608902],[126.927173,37.609076],[126.927689,37.608917],[126.928515,37.608425],[126.929222,37.608353],[126.930006,37.608398],[126.931395,37.608733],[126.932835,37.60939],[126.933016,37.609364],[126.935679,37.609759],[126.936963,37.609814],[126.937712,37.610036],[126.939094,37.610608],[126.940937,37.61071],[126.941604,37.610669],[126.942582,37.610265]]]}},{"type":"Feature","properties":{"code":"11380101","name":"수색동","guCode":"11120","guName":"은평구","labelPoint":[126.895004,37.585006],"legalGuCode":"11380"},"geometry":{"type":"Polygon","coordinates":[[[126.882031,37.590817],[126.882323,37.591126],[126.882682,37.591376],[126.883349,37.591787],[126.883575,37.591852],[126.884334,37.592719],[126.885004,37.593639],[126.88514,37.59375],[126.885188,37.593731],[126.88541,37.593882],[126.885796,37.593953],[126.886365,37.593954],[126.886733,37.593807],[126.887338,37.593919],[126.887182,37.593678],[126.886715,37.593173],[126.886563,37.592706],[126.88627,37.592309],[126.886215,37.592328],[126.886144,37.5921],[126.885769,37.591748],[126.885612,37.591523],[126.885467,37.591103],[126.885489,37.59097],[126.88563,37.590905],[126.885714,37.590807],[126.885776,37.590518],[126.885814,37.590019],[126.885881,37.589937],[126.885872,37.589806],[126.885754,37.589565],[126.886557,37.589162],[126.887159,37.588532],[126.887323,37.588524],[126.887609,37.588667],[126.888344,37.588795],[126.888911,37.588785],[126.889253,37.588827],[126.889579,37.589132],[126.890225,37.588924],[126.890937,37.588566],[126.891444,37.588465],[126.891767,37.588531],[126.892236,37.588522],[126.893328,37.589067],[126.893841,37.589071],[126.894267,37.58882],[126.895231,37.588864],[126.895954,37.588734],[126.896414,37.588738],[126.896859,37.588566],[126.897573,37.588962],[126.897962,37.58909],[126.898082,37.589539],[126.899644,37.589817],[126.900293,37.589231],[126.90054,37.589138],[126.900904,37.58922],[126.901296,37.589025],[126.902445,37.588732],[126.902713,37.588538],[126.903625,37.588117],[126.903466,37.587868],[126.903108,37.587708],[126.903007,37.587623],[126.902514,37.587014],[126.902246,37.586624],[126.902166,37.586254],[126.902022,37.585969],[126.901779,37.585735],[126.90155,37.585155],[126.901604,37.584857],[126.90155,37.584615],[126.901993,37.583774],[126.901935,37.583381],[126.90213,37.583019],[126.90217,37.582556],[126.901945,37.582218],[126.90187,37.581762],[126.901988,37.581232],[126.901841,37.581145],[126.902247,37.581076],[126.902376,37.580805],[126.90236,37.580695],[126.901089,37.580339],[126.901028,37.580285],[126.901064,37.580243],[126.90029,37.579903],[126.900266,37.579879],[126.900359,37.579753],[126.900197,37.579666],[126.900235,37.579627],[126.900144,37.579533],[126.900047,37.579576],[126.899293,37.579377],[126.899247,37.579167],[126.899046,37.57928],[126.898976,37.578995],[126.902058,37.576757],[126.90183,37.576546],[126.902635,37.57639],[126.902084,37.576005],[126.897149,37.579349],[126.888887,37.58465],[126.886722,37.586343],[126.885737,37.587175],[126.882031,37.590817]]]}},{"type":"Feature","properties":{"code":"11350106","name":"중계동","guCode":"11110","guName":"노원구","labelPoint":[127.081257,37.651044],"legalGuCode":"11350"},"geometry":{"type":"Polygon","coordinates":[[[127.095411,37.66389],[127.094142,37.663299],[127.093257,37.661974],[127.092174,37.660793],[127.091207,37.659335],[127.091133,37.658243],[127.091892,37.657435],[127.092352,37.655492],[127.092868,37.654454],[127.093067,37.653783],[127.093916,37.652962],[127.094008,37.652729],[127.094041,37.65254],[127.094,37.652295],[127.093725,37.651901],[127.093367,37.651227],[127.093346,37.65086],[127.093266,37.650618],[127.092466,37.64971],[127.092716,37.649346],[127.092638,37.648972],[127.092695,37.64858],[127.092917,37.648361],[127.093069,37.647838],[127.093673,37.647507],[127.093834,37.647322],[127.093633,37.646626],[127.09405,37.646111],[127.094475,37.64585],[127.094538,37.645506],[127.094382,37.644956],[127.09457,37.644571],[127.094562,37.644165],[127.094719,37.64371],[127.094463,37.643474],[127.094338,37.643253],[127.094119,37.64254],[127.093384,37.642504],[127.092351,37.642344],[127.091492,37.642087],[127.091413,37.641514],[127.091158,37.641276],[127.090604,37.640983],[127.090178,37.641058],[127.089363,37.640848],[127.088821,37.640831],[127.088433,37.640907],[127.08793,37.64108],[127.087145,37.641022],[127.086637,37.64081],[127.086134,37.641045],[127.085708,37.640965],[127.085636,37.640847],[127.084972,37.640673],[127.084554,37.640507],[127.084291,37.640356],[127.083733,37.640272],[127.083515,37.640495],[127.083466,37.640724],[127.083165,37.640893],[127.082968,37.641123],[127.08274,37.641205],[127.082229,37.641604],[127.081911,37.642139],[127.081679,37.642338],[127.081452,37.642723],[127.081128,37.642811],[127.081044,37.642913],[127.081044,37.643255],[127.0809,37.643408],[127.080918,37.643728],[127.079971,37.644186],[127.079701,37.644252],[127.079221,37.643967],[127.078648,37.644241],[127.077987,37.645743],[127.077123,37.646109],[127.076829,37.646193],[127.076696,37.646184],[127.076619,37.644444],[127.075082,37.644499],[127.074228,37.646301],[127.070753,37.645279],[127.071831,37.643095],[127.070326,37.642417],[127.069843,37.642247],[127.070324,37.641242],[127.070215,37.641053],[127.070235,37.640965],[127.068824,37.640566],[127.069346,37.6394],[127.061348,37.637133],[127.061056,37.637641],[127.060899,37.638208],[127.060871,37.638498],[127.060721,37.638763],[127.060586,37.63938],[127.060306,37.639414],[127.059941,37.638726],[127.059852,37.638675],[127.059874,37.638613],[127.059776,37.638448],[127.059574,37.638682],[127.059657,37.638907],[127.060243,37.639576],[127.060587,37.64067],[127.061045,37.641789],[127.060969,37.642351],[127.061136,37.644431],[127.061426,37.645101],[127.061647,37.64544],[127.06231,37.645955],[127.062907,37.646225],[127.063746,37.646868],[127.064318,37.647417],[127.064963,37.64822],[127.065573,37.649114],[127.066123,37.649557],[127.067179,37.64979],[127.067884,37.650107],[127.068484,37.650441],[127.068777,37.650734],[127.069425,37.651261],[127.069966,37.65162],[127.070806,37.652501],[127.071666,37.653736],[127.071841,37.654162],[127.07197,37.654698],[127.072032,37.65567],[127.071913,37.657915],[127.071929,37.658346],[127.071956,37.658552],[127.072035,37.658742],[127.071982,37.658734],[127.072054,37.659018],[127.072705,37.659675],[127.072839,37.659751],[127.073325,37.660366],[127.074454,37.661444],[127.074454,37.661886],[127.074361,37.66182],[127.074281,37.661905],[127.075239,37.662737],[127.075778,37.662754],[127.076514,37.662437],[127.077719,37.662315],[127.07877,37.662286],[127.080897,37.662566],[127.081207,37.662769],[127.081625,37.662649],[127.082902,37.66268],[127.083973,37.663472],[127.084723,37.664263],[127.088916,37.664612],[127.091733,37.664117],[127.095411,37.66389]]]}},{"type":"Feature","properties":{"code":"11350105","name":"상계동","guCode":"11110","guName":"노원구","labelPoint":[127.072229,37.666364],"legalGuCode":"11350"},"geometry":{"type":"Polygon","coordinates":[[[127.081105,37.696137],[127.083844,37.694269],[127.083905,37.691782],[127.085177,37.69039],[127.086531,37.689912],[127.088454,37.689903],[127.090552,37.68957],[127.092385,37.689933],[127.093037,37.689966],[127.09429,37.689132],[127.095097,37.689385],[127.095996,37.689071],[127.095585,37.688395],[127.096081,37.687907],[127.096295,37.68717],[127.096425,37.686264],[127.096423,37.685637],[127.096046,37.685197],[127.09581,37.68464],[127.094288,37.683419],[127.094149,37.68308],[127.093393,37.68219],[127.092919,37.681551],[127.092967,37.681198],[127.092795,37.680045],[127.092531,37.679517],[127.092174,37.67921],[127.091947,37.67919],[127.091942,37.678693],[127.09219,37.67803],[127.09248,37.677643],[127.092615,37.677475],[127.092968,37.677345],[127.09334,37.676884],[127.09353,37.676739],[127.093854,37.676659],[127.093886,37.676143],[127.094015,37.675797],[127.093963,37.675617],[127.094615,37.673536],[127.09492,37.673084],[127.095147,37.672891],[127.095751,37.672673],[127.096019,37.67185],[127.095721,37.671348],[127.095806,37.67116],[127.095749,37.67062],[127.096013,37.670079],[127.096448,37.669689],[127.096238,37.668829],[127.09498,37.6676],[127.094581,37.666172],[127.09468,37.664921],[127.095411,37.66389],[127.091733,37.664117],[127.088916,37.664612],[127.084723,37.664263],[127.083973,37.663472],[127.082902,37.66268],[127.081625,37.662649],[127.081207,37.662769],[127.080897,37.662566],[127.07877,37.662286],[127.077719,37.662315],[127.076514,37.662437],[127.075778,37.662754],[127.075239,37.662737],[127.074281,37.661905],[127.074361,37.66182],[127.074454,37.661886],[127.074454,37.661444],[127.073325,37.660366],[127.072839,37.659751],[127.072705,37.659675],[127.072054,37.659018],[127.071982,37.658734],[127.072035,37.658742],[127.071956,37.658552],[127.071929,37.658346],[127.071913,37.657915],[127.072032,37.65567],[127.07197,37.654698],[127.071841,37.654162],[127.071666,37.653736],[127.070806,37.652501],[127.069966,37.65162],[127.069425,37.651261],[127.068777,37.650734],[127.068484,37.650441],[127.067884,37.650107],[127.067179,37.64979],[127.066123,37.649557],[127.065573,37.649114],[127.064963,37.64822],[127.064318,37.647417],[127.063746,37.646868],[127.062907,37.646225],[127.06231,37.645955],[127.061647,37.64544],[127.061426,37.645101],[127.061136,37.644431],[127.060969,37.642351],[127.061045,37.641789],[127.060587,37.64067],[127.060243,37.639576],[127.059657,37.638907],[127.059574,37.638682],[127.059776,37.638448],[127.059591,37.638106],[127.05951,37.63784],[127.059526,37.637739],[127.059675,37.637503],[127.059551,37.637044],[127.059252,37.636688],[127.058355,37.637545],[127.057851,37.638205],[127.057668,37.638746],[127.056802,37.639636],[127.056154,37.640222],[127.055123,37.641334],[127.054994,37.642355],[127.055156,37.643475],[127.055651,37.644598],[127.055873,37.645951],[127.055872,37.646595],[127.055821,37.647066],[127.055438,37.648241],[127.054655,37.649562],[127.053949,37.650576],[127.05383,37.651149],[127.053746,37.652054],[127.053941,37.653166],[127.054054,37.654483],[127.054007,37.655301],[127.053576,37.656146],[127.053598,37.65677],[127.053408,37.657518],[127.052545,37.658912],[127.051796,37.659922],[127.051482,37.659875],[127.051453,37.660422],[127.051615,37.660697],[127.05156,37.663028],[127.05141,37.663966],[127.051168,37.663979],[127.050869,37.664823],[127.050306,37.66581],[127.049658,37.666556],[127.04892,37.667584],[127.04819,37.670478],[127.048162,37.671189],[127.048327,37.672343],[127.048448,37.672842],[127.048761,37.673812],[127.048737,37.674795],[127.048864,37.675182],[127.049721,37.676718],[127.049959,37.677413],[127.050126,37.678395],[127.050399,37.679171],[127.05092,37.680094],[127.051063,37.680779],[127.051228,37.681998],[127.051797,37.682601],[127.051939,37.682951],[127.052072,37.684521],[127.051964,37.685169],[127.051804,37.685805],[127.051804,37.687067],[127.052227,37.687421],[127.052808,37.687681],[127.05469,37.688718],[127.055179,37.689205],[127.056178,37.689204],[127.057191,37.689633],[127.05839,37.689686],[127.058707,37.689878],[127.05966,37.690332],[127.060616,37.691274],[127.061209,37.69217],[127.061668,37.692414],[127.061743,37.692572],[127.062209,37.692805],[127.062368,37.693024],[127.062395,37.693546],[127.062732,37.694676],[127.063386,37.694922],[127.064585,37.694554],[127.065326,37.694763],[127.066308,37.694442],[127.067577,37.69468],[127.067827,37.694773],[127.068028,37.694481],[127.068299,37.694357],[127.068548,37.694],[127.069028,37.693868],[127.069151,37.69369],[127.069557,37.693789],[127.069823,37.693981],[127.070645,37.693811],[127.070879,37.6937],[127.072658,37.6938],[127.073399,37.694101],[127.07393,37.694644],[127.074487,37.69501],[127.074907,37.69522],[127.078197,37.695987],[127.081105,37.696137]]]}},{"type":"Feature","properties":{"code":"11350104","name":"하계동","guCode":"11110","guName":"노원구","labelPoint":[127.074051,37.638455],"legalGuCode":"11350"},"geometry":{"type":"Polygon","coordinates":[[[127.083733,37.640272],[127.082863,37.639432],[127.082353,37.639092],[127.082313,37.638589],[127.082017,37.638411],[127.081885,37.638285],[127.081779,37.638077],[127.081611,37.637039],[127.080868,37.636169],[127.079807,37.635385],[127.078574,37.634762],[127.078177,37.634703],[127.077955,37.634522],[127.077971,37.634468],[127.077905,37.634297],[127.077758,37.634259],[127.077573,37.633497],[127.077453,37.633242],[127.076988,37.632945],[127.076845,37.632566],[127.076931,37.632197],[127.076852,37.631928],[127.076733,37.631693],[127.076639,37.631332],[127.076545,37.631179],[127.076589,37.630994],[127.076547,37.630914],[127.076435,37.630854],[127.076063,37.630739],[127.07567,37.63074],[127.075287,37.63091],[127.075089,37.63081],[127.075438,37.630762],[127.075429,37.630694],[127.073664,37.630959],[127.073408,37.631077],[127.073149,37.631287],[127.073005,37.631492],[127.072844,37.631857],[127.071221,37.631418],[127.071501,37.631313],[127.071329,37.63108],[127.071222,37.631063],[127.070435,37.631369],[127.069551,37.631494],[127.069005,37.631489],[127.068344,37.631421],[127.06777,37.63129],[127.067056,37.631197],[127.06648,37.631059],[127.064387,37.630677],[127.064386,37.63106],[127.064251,37.631538],[127.063765,37.632633],[127.063097,37.633106],[127.062503,37.633595],[127.060308,37.635144],[127.059856,37.635688],[127.059493,37.636205],[127.059455,37.636425],[127.059252,37.636688],[127.059551,37.637044],[127.059675,37.637503],[127.059526,37.637739],[127.05951,37.63784],[127.059591,37.638106],[127.059874,37.638613],[127.059852,37.638675],[127.059941,37.638726],[127.060306,37.639414],[127.060586,37.63938],[127.060721,37.638763],[127.060871,37.638498],[127.060899,37.638208],[127.061056,37.637641],[127.061348,37.637133],[127.069346,37.6394],[127.068824,37.640566],[127.070235,37.640965],[127.070215,37.641053],[127.070324,37.641242],[127.069843,37.642247],[127.070326,37.642417],[127.071831,37.643095],[127.070753,37.645279],[127.074228,37.646301],[127.075082,37.644499],[127.076619,37.644444],[127.076696,37.646184],[127.076829,37.646193],[127.077123,37.646109],[127.077987,37.645743],[127.078648,37.644241],[127.079221,37.643967],[127.079701,37.644252],[127.079971,37.644186],[127.080918,37.643728],[127.0809,37.643408],[127.081044,37.643255],[127.081044,37.642913],[127.081128,37.642811],[127.081452,37.642723],[127.081679,37.642338],[127.081911,37.642139],[127.082229,37.641604],[127.08274,37.641205],[127.082968,37.641123],[127.083165,37.640893],[127.083466,37.640724],[127.083515,37.640495],[127.083733,37.640272]]]}},{"type":"Feature","properties":{"code":"11350103","name":"공릉동","guCode":"11110","guName":"노원구","labelPoint":[127.087397,37.630516],"legalGuCode":"11350"},"geometry":{"type":"Polygon","coordinates":[[[127.110849,37.638409],[127.110903,37.638262],[127.111599,37.637991],[127.112082,37.637133],[127.112199,37.637143],[127.112229,37.637097],[127.112483,37.636489],[127.112213,37.636284],[127.112252,37.635564],[127.112549,37.635251],[127.112347,37.634757],[127.112407,37.634251],[127.111602,37.633849],[127.112203,37.632643],[127.111632,37.631503],[127.111371,37.631228],[127.110825,37.630782],[127.110153,37.630355],[127.108885,37.629302],[127.107025,37.628048],[127.105906,37.627595],[127.105964,37.627331],[127.105402,37.625728],[127.105015,37.625265],[127.104914,37.623982],[127.104328,37.623271],[127.104066,37.621653],[127.104909,37.621567],[127.104938,37.621417],[127.105383,37.620902],[127.105662,37.620416],[127.104884,37.620082],[127.104917,37.620043],[127.104052,37.620043],[127.103982,37.620094],[127.103993,37.620129],[127.103798,37.620239],[127.103388,37.620268],[127.103194,37.620152],[127.101693,37.620025],[127.10179,37.619683],[127.101675,37.619472],[127.101167,37.619469],[127.100871,37.619404],[127.100802,37.619487],[127.099661,37.619912],[127.099584,37.620003],[127.099644,37.619892],[127.098817,37.620394],[127.098486,37.620203],[127.096651,37.619562],[127.096616,37.619433],[127.096196,37.619021],[127.095547,37.619174],[127.094926,37.619026],[127.09445,37.618998],[127.093654,37.618068],[127.093251,37.618068],[127.09321,37.61802],[127.092756,37.618151],[127.092331,37.618349],[127.091568,37.618872],[127.091384,37.618958],[127.090872,37.619121],[127.090568,37.61929],[127.08973,37.619529],[127.089456,37.619647],[127.088708,37.62024],[127.088352,37.61992],[127.088232,37.619877],[127.086984,37.620231],[127.086066,37.620293],[127.084942,37.620095],[127.083789,37.619778],[127.083816,37.619709],[127.082787,37.619403],[127.082461,37.619394],[127.08192,37.619227],[127.081401,37.619188],[127.080916,37.618845],[127.080645,37.618571],[127.080437,37.618483],[127.08007,37.61842],[127.080079,37.618624],[127.079427,37.618432],[127.079114,37.61839],[127.077697,37.617905],[127.07773,37.617867],[127.077573,37.617742],[127.077494,37.617833],[127.076517,37.617499],[127.076527,37.617462],[127.07632,37.617428],[127.075541,37.617164],[127.075003,37.617125],[127.074571,37.617],[127.07441,37.617028],[127.074215,37.616918],[127.074157,37.616833],[127.071977,37.616476],[127.071952,37.616538],[127.071385,37.616403],[127.07118,37.61631],[127.07109,37.616207],[127.071121,37.615948],[127.070977,37.615835],[127.070194,37.615454],[127.0701,37.616138],[127.070215,37.616078],[127.070287,37.616099],[127.070264,37.617119],[127.070341,37.618883],[127.070315,37.619135],[127.070816,37.620175],[127.070724,37.620723],[127.070729,37.621133],[127.070404,37.62199],[127.070122,37.622578],[127.069507,37.624327],[127.069259,37.624743],[127.068754,37.62529],[127.066962,37.626663],[127.065071,37.627934],[127.064456,37.628558],[127.064393,37.629171],[127.064387,37.630677],[127.066479,37.631059],[127.067056,37.631197],[127.06777,37.63129],[127.068626,37.631461],[127.069551,37.631494],[127.070434,37.631369],[127.071222,37.631063],[127.071328,37.63108],[127.071501,37.631313],[127.071221,37.631418],[127.072844,37.631857],[127.073004,37.631492],[127.073149,37.631287],[127.073408,37.631077],[127.073733,37.630938],[127.075428,37.630694],[127.075438,37.630762],[127.075089,37.63081],[127.075286,37.63091],[127.07567,37.63074],[127.075883,37.630714],[127.076434,37.630854],[127.076547,37.630914],[127.076589,37.630994],[127.076545,37.631179],[127.076639,37.631332],[127.076732,37.631693],[127.076852,37.631928],[127.076931,37.632197],[127.076845,37.632566],[127.076988,37.632945],[127.077453,37.633242],[127.077572,37.633497],[127.077757,37.634259],[127.077904,37.634297],[127.077971,37.634468],[127.077955,37.634522],[127.078176,37.634703],[127.078574,37.634762],[127.079807,37.635385],[127.080868,37.636169],[127.081611,37.637039],[127.081779,37.638077],[127.081885,37.638285],[127.082016,37.638411],[127.082313,37.638589],[127.082353,37.639092],[127.082863,37.639432],[127.083733,37.640272],[127.084291,37.640356],[127.084553,37.640507],[127.084972,37.640673],[127.085635,37.640847],[127.085707,37.640965],[127.086134,37.641045],[127.086637,37.64081],[127.087144,37.641022],[127.08793,37.64108],[127.088433,37.640907],[127.088821,37.640831],[127.089363,37.640848],[127.090178,37.641058],[127.090604,37.640983],[127.091158,37.641276],[127.091412,37.641514],[127.091492,37.642087],[127.09235,37.642344],[127.093384,37.642504],[127.094118,37.64254],[127.094338,37.643253],[127.094463,37.643474],[127.094719,37.64371],[127.094562,37.644165],[127.09457,37.644571],[127.097559,37.643965],[127.098908,37.644034],[127.099773,37.644464],[127.101593,37.644772],[127.1028,37.645205],[127.102882,37.645409],[127.103921,37.645493],[127.105312,37.645404],[127.106576,37.645377],[127.107692,37.644967],[127.108006,37.64446],[127.109289,37.642859],[127.109898,37.642488],[127.110751,37.64273],[127.111155,37.642564],[127.111424,37.642087],[127.11143,37.641929],[127.111345,37.641497],[127.111615,37.641247],[127.111712,37.640798],[127.112223,37.640376],[127.111991,37.640009],[127.111702,37.639897],[127.111135,37.639944],[127.110566,37.639364],[127.110849,37.638409]]]}},{"type":"Feature","properties":{"code":"11350102","name":"월계동","guCode":"11110","guName":"노원구","labelPoint":[127.053961,37.629651],"legalGuCode":"11350"},"geometry":{"type":"Polygon","coordinates":[[[127.050734,37.644784],[127.050926,37.6447],[127.051355,37.644815],[127.051543,37.644499],[127.051622,37.64413],[127.051737,37.643957],[127.051939,37.643435],[127.052415,37.642465],[127.052859,37.641797],[127.053692,37.640979],[127.054031,37.64074],[127.05473,37.640136],[127.055777,37.640626],[127.057668,37.638746],[127.057851,37.638205],[127.058355,37.637545],[127.059252,37.636688],[127.059455,37.636425],[127.059493,37.636205],[127.059856,37.635688],[127.060308,37.635144],[127.062503,37.633595],[127.063097,37.633106],[127.063765,37.632633],[127.064251,37.631538],[127.064386,37.63106],[127.064394,37.629171],[127.064461,37.628551],[127.065072,37.627934],[127.066962,37.626663],[127.068755,37.62529],[127.06926,37.624743],[127.069507,37.624327],[127.070122,37.622578],[127.070404,37.62199],[127.070729,37.621133],[127.070724,37.620723],[127.070817,37.620175],[127.070315,37.619135],[127.070342,37.618883],[127.070264,37.617119],[127.070287,37.616099],[127.070215,37.616078],[127.070101,37.616138],[127.070176,37.615722],[127.070194,37.615454],[127.070164,37.615398],[127.070055,37.615435],[127.069711,37.615722],[127.069664,37.615726],[127.068169,37.615456],[127.064858,37.614766],[127.063285,37.61427],[127.062032,37.614427],[127.061757,37.614494],[127.061457,37.614637],[127.061092,37.614935],[127.060666,37.615665],[127.060204,37.615972],[127.05935,37.616371],[127.057421,37.61748],[127.055934,37.618915],[127.055558,37.619167],[127.054408,37.619796],[127.054054,37.620115],[127.052706,37.621594],[127.052082,37.622144],[127.052112,37.622242],[127.051196,37.623049],[127.050587,37.62347],[127.049659,37.624335],[127.049273,37.624855],[127.048963,37.625415],[127.048651,37.625839],[127.04804,37.626446],[127.047527,37.627086],[127.047057,37.627522],[127.046344,37.627931],[127.046109,37.628012],[127.044426,37.628823],[127.043801,37.629368],[127.043259,37.629935],[127.042599,37.630451],[127.042549,37.630614],[127.042656,37.630908],[127.041658,37.631467],[127.042427,37.632266],[127.042569,37.632329],[127.042695,37.632617],[127.04309,37.632812],[127.043514,37.633088],[127.043488,37.633252],[127.043744,37.633327],[127.043917,37.633478],[127.04403,37.633642],[127.044027,37.633704],[127.044139,37.633816],[127.044162,37.633976],[127.044184,37.633956],[127.044299,37.634181],[127.044302,37.634369],[127.044437,37.634488],[127.044524,37.634774],[127.044501,37.634968],[127.044611,37.635364],[127.044882,37.63567],[127.044992,37.635865],[127.04504,37.636254],[127.045003,37.636555],[127.045029,37.636691],[127.045132,37.636836],[127.045178,37.637077],[127.045278,37.637312],[127.045359,37.637398],[127.045334,37.637486],[127.045426,37.637536],[127.045546,37.637704],[127.046002,37.637904],[127.046166,37.638647],[127.046267,37.638773],[127.046242,37.638859],[127.04645,37.639112],[127.046522,37.639271],[127.046669,37.639373],[127.046652,37.639499],[127.046767,37.639709],[127.046625,37.639811],[127.046598,37.639883],[127.046621,37.64004],[127.046479,37.640343],[127.046542,37.64081],[127.046525,37.641054],[127.046718,37.641223],[127.047812,37.641198],[127.047786,37.641404],[127.048488,37.641845],[127.048759,37.641935],[127.049037,37.642147],[127.049286,37.642677],[127.049403,37.642758],[127.049414,37.642863],[127.049721,37.643512],[127.050096,37.643621],[127.05025,37.643605],[127.050693,37.643806],[127.050524,37.6441],[127.05052,37.644253],[127.050353,37.644609],[127.050467,37.644831],[127.050734,37.644784]]]}},{"type":"Feature","properties":{"code":"11320108","name":"도봉동","guCode":"11100","guName":"도봉구","labelPoint":[127.030201,37.6853],"legalGuCode":"11320"},"geometry":{"type":"Polygon","coordinates":[[[127.009666,37.6967],[127.012124,37.697378],[127.013878,37.698801],[127.014961,37.700428],[127.015415,37.701455],[127.019827,37.701017],[127.022148,37.699721],[127.023389,37.700071],[127.025315,37.699581],[127.026898,37.700251],[127.027022,37.701115],[127.027687,37.700937],[127.028313,37.70016],[127.028991,37.699658],[127.029286,37.699292],[127.029601,37.698175],[127.029654,37.697807],[127.029729,37.696272],[127.030166,37.695198],[127.030454,37.694776],[127.030827,37.69369],[127.030972,37.693557],[127.031026,37.693075],[127.03154,37.692828],[127.032026,37.69295],[127.03217,37.692815],[127.032414,37.691839],[127.033596,37.692021],[127.033962,37.691998],[127.034259,37.692225],[127.034928,37.692308],[127.035625,37.692492],[127.035776,37.692374],[127.036763,37.69264],[127.037002,37.692946],[127.037528,37.693221],[127.037907,37.693272],[127.038498,37.693286],[127.038808,37.693629],[127.03895,37.693982],[127.039913,37.694081],[127.039997,37.694684],[127.040836,37.695079],[127.041109,37.6953],[127.041813,37.695382],[127.042021,37.695071],[127.04233,37.695054],[127.043073,37.695231],[127.043286,37.694769],[127.043398,37.694402],[127.043355,37.694073],[127.043037,37.693622],[127.04375,37.693506],[127.04389,37.693423],[127.044066,37.693126],[127.044531,37.693072],[127.044817,37.692936],[127.044904,37.692405],[127.04565,37.69237],[127.045973,37.692429],[127.045969,37.692466],[127.046523,37.692683],[127.046755,37.692717],[127.047078,37.693002],[127.047274,37.693008],[127.047526,37.693314],[127.047751,37.693269],[127.047815,37.69329],[127.048141,37.693716],[127.048211,37.693945],[127.048632,37.694063],[127.04892,37.692811],[127.049366,37.69169],[127.049966,37.69087],[127.050013,37.690419],[127.049751,37.689207],[127.04982,37.687977],[127.049985,37.68761],[127.050643,37.686508],[127.050921,37.686159],[127.051368,37.685922],[127.051803,37.685814],[127.051964,37.685169],[127.052071,37.684411],[127.051938,37.682951],[127.051797,37.682601],[127.051227,37.681998],[127.051063,37.680779],[127.05092,37.680094],[127.050399,37.679171],[127.050126,37.678395],[127.049959,37.677413],[127.049721,37.676718],[127.048863,37.675182],[127.048737,37.674795],[127.048761,37.673812],[127.048331,37.672369],[127.048162,37.671189],[127.04819,37.670478],[127.048521,37.669175],[127.044996,37.669446],[127.043603,37.669597],[127.043636,37.669788],[127.042232,37.66994],[127.039581,37.669952],[127.039744,37.670872],[127.03982,37.671792],[127.039189,37.672119],[127.039239,37.671963],[127.038947,37.671936],[127.038411,37.672028],[127.038082,37.671896],[127.037955,37.671724],[127.037602,37.671457],[127.037152,37.671479],[127.036805,37.671583],[127.036621,37.671736],[127.036407,37.671993],[127.035988,37.672831],[127.03611,37.67305],[127.036175,37.673082],[127.035919,37.673732],[127.035866,37.674131],[127.035207,37.674256],[127.034613,37.67411],[127.034517,37.673988],[127.034318,37.674087],[127.033517,37.674156],[127.033106,37.673628],[127.03261,37.673802],[127.032342,37.674508],[127.032052,37.674467],[127.03156,37.675154],[127.030832,37.674743],[127.030572,37.674005],[127.03036,37.673815],[127.029516,37.674039],[127.029157,37.673611],[127.028634,37.673371],[127.027084,37.673373],[127.026628,37.673683],[127.02637,37.673511],[127.025825,37.673281],[127.025767,37.673067],[127.02514,37.672821],[127.025116,37.672499],[127.024914,37.672425],[127.023886,37.672325],[127.023095,37.672191],[127.022799,37.671591],[127.022358,37.671843],[127.021632,37.671742],[127.021472,37.671896],[127.020978,37.672048],[127.020768,37.672029],[127.020505,37.671543],[127.020262,37.671588],[127.020165,37.671686],[127.019888,37.671387],[127.019571,37.671264],[127.019376,37.67131],[127.018886,37.671119],[127.018694,37.67086],[127.018248,37.670688],[127.017951,37.670789],[127.017866,37.670875],[127.017835,37.671031],[127.017673,37.671196],[127.017593,37.671435],[127.017365,37.671644],[127.017304,37.671913],[127.017397,37.672169],[127.017299,37.672448],[127.017179,37.672481],[127.017116,37.672632],[127.017008,37.672629],[127.016686,37.672906],[127.016221,37.673933],[127.016112,37.673895],[127.015594,37.674091],[127.015117,37.674154],[127.014845,37.674339],[127.014573,37.674785],[127.014363,37.674817],[127.013906,37.67524],[127.013862,37.675573],[127.013981,37.675883],[127.013852,37.67619],[127.013754,37.676592],[127.013476,37.677186],[127.013281,37.67788],[127.012781,37.6784],[127.012388,37.678703],[127.012133,37.679098],[127.011424,37.679188],[127.009383,37.679591],[127.0089,37.680594],[127.009035,37.681641],[127.0087,37.682228],[127.008419,37.683216],[127.008643,37.683947],[127.008666,37.684486],[127.00844,37.685432],[127.008588,37.687441],[127.008327,37.688507],[127.008293,37.690115],[127.007621,37.691618],[127.009711,37.693363],[127.009666,37.6967]]]}},{"type":"Feature","properties":{"code":"11320107","name":"창동","guCode":"11100","guName":"도봉구","labelPoint":[127.044583,37.646273],"legalGuCode":"11320"},"geometry":{"type":"Polygon","coordinates":[[[127.051592,37.660657],[127.051453,37.660422],[127.051482,37.659875],[127.051795,37.659922],[127.052544,37.658912],[127.053415,37.657505],[127.053598,37.65677],[127.053576,37.656146],[127.054006,37.655301],[127.054054,37.654483],[127.053941,37.653166],[127.053746,37.652054],[127.05383,37.651149],[127.053949,37.650576],[127.054654,37.649562],[127.055438,37.648241],[127.055821,37.647066],[127.055872,37.646595],[127.055873,37.645951],[127.055651,37.644598],[127.055156,37.643475],[127.054994,37.642355],[127.055123,37.641334],[127.055777,37.640626],[127.05473,37.640136],[127.054657,37.640193],[127.054031,37.64074],[127.053692,37.640979],[127.052859,37.641797],[127.052327,37.642614],[127.051938,37.643435],[127.051737,37.643957],[127.051622,37.64413],[127.051543,37.644499],[127.051354,37.644815],[127.050925,37.6447],[127.050734,37.644784],[127.050467,37.644831],[127.050355,37.644592],[127.05052,37.644253],[127.050524,37.6441],[127.050693,37.643806],[127.05025,37.643605],[127.050096,37.643621],[127.04972,37.643512],[127.049414,37.642863],[127.049402,37.642758],[127.049286,37.642677],[127.049037,37.642147],[127.048759,37.641935],[127.048487,37.641845],[127.047786,37.641404],[127.047812,37.641198],[127.046717,37.641223],[127.046524,37.641054],[127.046541,37.64081],[127.046479,37.640343],[127.046621,37.64004],[127.046598,37.639883],[127.046625,37.639811],[127.046766,37.639709],[127.046652,37.639499],[127.046669,37.639373],[127.046522,37.639271],[127.046449,37.639112],[127.046241,37.638859],[127.046267,37.638773],[127.046166,37.638647],[127.046002,37.637904],[127.045546,37.637704],[127.045425,37.637536],[127.045334,37.637486],[127.045359,37.637398],[127.045277,37.637312],[127.045178,37.637077],[127.045132,37.636836],[127.045029,37.636691],[127.045003,37.636555],[127.04504,37.636254],[127.044992,37.635865],[127.044882,37.63567],[127.044611,37.635364],[127.044501,37.634968],[127.044524,37.634774],[127.044437,37.634488],[127.044302,37.634369],[127.044298,37.634181],[127.044184,37.633956],[127.044162,37.633976],[127.044139,37.633816],[127.044027,37.633704],[127.04403,37.633642],[127.043917,37.633478],[127.043743,37.633327],[127.043488,37.633252],[127.043514,37.633088],[127.04309,37.632812],[127.042695,37.632617],[127.042569,37.632329],[127.042427,37.632266],[127.041658,37.631467],[127.042656,37.630908],[127.042549,37.630614],[127.042599,37.630451],[127.042525,37.630414],[127.042086,37.630676],[127.041714,37.63081],[127.040799,37.631548],[127.039765,37.632197],[127.03814,37.634256],[127.037971,37.635134],[127.037876,37.635403],[127.037819,37.636039],[127.037331,37.636484],[127.036848,37.63675],[127.036067,37.636954],[127.035148,37.637273],[127.034776,37.637567],[127.034566,37.637783],[127.033401,37.640433],[127.032831,37.641407],[127.032418,37.641834],[127.030856,37.64287],[127.031591,37.643591],[127.032035,37.644164],[127.032224,37.644475],[127.04178,37.660531],[127.04209,37.661175],[127.042266,37.661812],[127.044609,37.66214],[127.045542,37.662197],[127.045994,37.662183],[127.046434,37.662098],[127.051592,37.660657]]]}},{"type":"Feature","properties":{"code":"11320106","name":"방학동","guCode":"11100","guName":"도봉구","labelPoint":[127.033313,37.664666],"legalGuCode":"11320"},"geometry":{"type":"Polygon","coordinates":[[[127.018698,37.670862],[127.018886,37.671119],[127.019376,37.67131],[127.019571,37.671264],[127.019888,37.671387],[127.020165,37.671686],[127.020262,37.671588],[127.020505,37.671543],[127.020768,37.672029],[127.020978,37.672048],[127.021472,37.671896],[127.021632,37.671742],[127.022358,37.671843],[127.022799,37.671591],[127.023095,37.672191],[127.023886,37.672325],[127.024914,37.672425],[127.025116,37.672499],[127.02514,37.672821],[127.025767,37.673067],[127.025825,37.673281],[127.02637,37.673511],[127.026628,37.673683],[127.027084,37.673373],[127.028634,37.673371],[127.029157,37.673611],[127.029516,37.674039],[127.03036,37.673815],[127.030572,37.674005],[127.030832,37.674743],[127.03156,37.675154],[127.032052,37.674467],[127.032342,37.674508],[127.03261,37.673802],[127.033106,37.673628],[127.033517,37.674156],[127.034318,37.674087],[127.034517,37.673988],[127.034613,37.67411],[127.035207,37.674256],[127.035866,37.674131],[127.035919,37.673732],[127.036175,37.673082],[127.03611,37.67305],[127.035988,37.672831],[127.036407,37.671993],[127.036621,37.671736],[127.036805,37.671583],[127.037152,37.671479],[127.037602,37.671457],[127.037955,37.671724],[127.038082,37.671896],[127.038411,37.672028],[127.038947,37.671936],[127.039239,37.671963],[127.039189,37.672119],[127.03982,37.671792],[127.039744,37.670872],[127.039581,37.669952],[127.042232,37.66994],[127.043636,37.669788],[127.043603,37.669597],[127.044996,37.669446],[127.048521,37.669175],[127.04892,37.667584],[127.049657,37.666556],[127.050306,37.66581],[127.050869,37.664823],[127.051168,37.663979],[127.05141,37.663966],[127.051559,37.663028],[127.051615,37.660697],[127.051592,37.660657],[127.046434,37.662098],[127.045882,37.662193],[127.044609,37.66214],[127.041578,37.661727],[127.03766,37.661755],[127.03769,37.661688],[127.03756,37.66167],[127.037427,37.661558],[127.037273,37.661249],[127.036097,37.660968],[127.034786,37.660394],[127.033766,37.660189],[127.033236,37.659993],[127.031519,37.659545],[127.030739,37.659593],[127.030129,37.659734],[127.029837,37.659715],[127.029653,37.659675],[127.02893,37.659201],[127.028163,37.65906],[127.027245,37.658435],[127.027156,37.658438],[127.02715,37.658403],[127.027347,37.658393],[127.027577,37.657807],[127.027385,37.657399],[127.027438,37.657197],[127.027263,37.657015],[127.027141,37.657018],[127.026796,37.656829],[127.026715,37.656645],[127.026421,37.656672],[127.026233,37.656779],[127.025987,37.656662],[127.025881,37.65614],[127.025849,37.655489],[127.025396,37.655221],[127.025368,37.654613],[127.025248,37.654266],[127.024845,37.654234],[127.024416,37.65429],[127.023796,37.654132],[127.023584,37.654267],[127.023274,37.654272],[127.022431,37.654382],[127.022054,37.654163],[127.021835,37.654182],[127.021621,37.654329],[127.021618,37.654395],[127.021358,37.654568],[127.020835,37.65459],[127.020798,37.654798],[127.020457,37.654941],[127.020414,37.655189],[127.020339,37.655274],[127.019723,37.655762],[127.0196,37.656326],[127.019276,37.656416],[127.01863,37.657157],[127.018689,37.657535],[127.018623,37.657672],[127.018539,37.65769],[127.018373,37.657812],[127.018351,37.658051],[127.018263,37.658214],[127.018104,37.658308],[127.01786,37.658374],[127.017645,37.658566],[127.017683,37.658824],[127.017866,37.659208],[127.017566,37.659235],[127.017632,37.659683],[127.017077,37.659913],[127.017091,37.660172],[127.017016,37.6611],[127.017502,37.661607],[127.01741,37.662078],[127.017097,37.662069],[127.016943,37.662231],[127.016653,37.662207],[127.016176,37.662539],[127.01598,37.662768],[127.015992,37.663219],[127.015951,37.663293],[127.015565,37.663438],[127.015512,37.663668],[127.015366,37.663672],[127.015339,37.663749],[127.015332,37.664075],[127.015649,37.664508],[127.015793,37.664943],[127.015764,37.665069],[127.015366,37.665601],[127.01547,37.666076],[127.015749,37.666545],[127.015764,37.666994],[127.016151,37.667268],[127.016374,37.66737],[127.01622,37.667455],[127.016223,37.667496],[127.016631,37.667908],[127.017117,37.668071],[127.017455,37.668121],[127.017513,37.668155],[127.017581,37.668297],[127.018406,37.668888],[127.018366,37.6692],[127.018537,37.669538],[127.018495,37.670156],[127.018745,37.670517],[127.018698,37.670862]]]}},{"type":"Feature","properties":{"code":"11320105","name":"쌍문동","guCode":"11100","guName":"도봉구","labelPoint":[127.02476,37.652524],"legalGuCode":"11320"},"geometry":{"type":"Polygon","coordinates":[[[127.015113,37.649277],[127.014767,37.649574],[127.014676,37.649596],[127.014299,37.650298],[127.013996,37.650253],[127.013953,37.650344],[127.013813,37.650385],[127.013678,37.650495],[127.013336,37.650433],[127.013141,37.650488],[127.012905,37.650747],[127.012713,37.651479],[127.012513,37.651851],[127.012445,37.652159],[127.012566,37.652888],[127.012656,37.653127],[127.012664,37.653428],[127.012892,37.65408],[127.012912,37.654547],[127.013035,37.654885],[127.013685,37.657676],[127.013797,37.657948],[127.014024,37.659227],[127.014303,37.659914],[127.014376,37.660379],[127.014428,37.66046],[127.01457,37.660459],[127.014605,37.661429],[127.014659,37.661482],[127.014521,37.662016],[127.014895,37.661623],[127.015239,37.6614],[127.015538,37.66133],[127.015881,37.661323],[127.016204,37.661431],[127.0165,37.661662],[127.016943,37.662231],[127.017097,37.662069],[127.01741,37.662078],[127.017502,37.661607],[127.017016,37.6611],[127.017091,37.660172],[127.017077,37.659913],[127.017632,37.659683],[127.017566,37.659235],[127.017866,37.659208],[127.017683,37.658824],[127.017645,37.658566],[127.01786,37.658374],[127.018104,37.658308],[127.018263,37.658214],[127.018351,37.658051],[127.018373,37.657812],[127.018539,37.65769],[127.018623,37.657672],[127.018689,37.657535],[127.01863,37.657157],[127.019276,37.656416],[127.0196,37.656326],[127.019723,37.655762],[127.020339,37.655274],[127.020414,37.655189],[127.020457,37.654941],[127.020798,37.654798],[127.020835,37.65459],[127.021358,37.654568],[127.021618,37.654395],[127.021621,37.654329],[127.021835,37.654182],[127.022054,37.654163],[127.022431,37.654382],[127.023274,37.654272],[127.023584,37.654267],[127.023796,37.654132],[127.024416,37.65429],[127.024845,37.654234],[127.025248,37.654266],[127.025368,37.654613],[127.025396,37.655221],[127.025849,37.655489],[127.025881,37.65614],[127.025987,37.656662],[127.026233,37.656779],[127.026421,37.656672],[127.026715,37.656645],[127.026796,37.656829],[127.027141,37.657018],[127.027263,37.657015],[127.027438,37.657197],[127.027385,37.657399],[127.027577,37.657807],[127.027347,37.658393],[127.02715,37.658403],[127.027156,37.658438],[127.027245,37.658435],[127.028163,37.65906],[127.02893,37.659201],[127.029653,37.659675],[127.029837,37.659715],[127.030129,37.659734],[127.030739,37.659593],[127.031519,37.659545],[127.033236,37.659993],[127.033766,37.660189],[127.034786,37.660394],[127.036097,37.660968],[127.037273,37.661249],[127.037427,37.661558],[127.03756,37.66167],[127.03769,37.661688],[127.03766,37.661755],[127.041418,37.66172],[127.042266,37.661812],[127.04209,37.661175],[127.04178,37.660531],[127.032224,37.644475],[127.032035,37.644164],[127.031591,37.643591],[127.030856,37.64287],[127.027545,37.644961],[127.025887,37.645721],[127.025085,37.646709],[127.024686,37.647342],[127.022635,37.647861],[127.022141,37.648163],[127.021767,37.648632],[127.021412,37.648894],[127.02113,37.649],[127.020628,37.649079],[127.020205,37.649086],[127.01857,37.648691],[127.017801,37.648632],[127.017698,37.648576],[127.016465,37.648854],[127.015113,37.649277]]]}},{"type":"Feature","properties":{"code":"11305104","name":"우이동","guCode":"11090","guName":"강북구","labelPoint":[127.001877,37.663256],"legalGuCode":"11305"},"geometry":{"type":"Polygon","coordinates":[[[127.004567,37.68508],[127.005525,37.684864],[127.006051,37.685054],[127.006511,37.684871],[127.007067,37.684765],[127.007662,37.684468],[127.008664,37.68445],[127.008643,37.683947],[127.008419,37.683216],[127.0087,37.682228],[127.009035,37.681641],[127.0089,37.680594],[127.009383,37.679591],[127.011424,37.679188],[127.012133,37.679098],[127.012388,37.678703],[127.012781,37.6784],[127.013311,37.67783],[127.013476,37.677186],[127.013754,37.676592],[127.013852,37.67619],[127.013981,37.675883],[127.013862,37.675573],[127.013906,37.67524],[127.014363,37.674817],[127.014573,37.674785],[127.014845,37.674339],[127.015117,37.674154],[127.015594,37.674091],[127.016112,37.673895],[127.016221,37.673933],[127.016686,37.672906],[127.017008,37.672629],[127.017116,37.672632],[127.017179,37.672481],[127.017299,37.672448],[127.017397,37.672169],[127.017304,37.671913],[127.017365,37.671644],[127.017593,37.671435],[127.017673,37.671196],[127.017838,37.671027],[127.017866,37.670875],[127.017951,37.670789],[127.018248,37.670688],[127.018707,37.670855],[127.018745,37.670517],[127.018495,37.670156],[127.018537,37.669538],[127.018366,37.6692],[127.018406,37.668888],[127.017581,37.668297],[127.017513,37.668155],[127.017455,37.668121],[127.017117,37.668071],[127.016631,37.667908],[127.016223,37.667496],[127.01622,37.667455],[127.016374,37.66737],[127.016151,37.667268],[127.015764,37.666994],[127.015749,37.666545],[127.01547,37.666076],[127.015366,37.665601],[127.015764,37.665069],[127.015793,37.664943],[127.015649,37.664508],[127.015332,37.664075],[127.015339,37.663749],[127.015366,37.663672],[127.015512,37.663668],[127.015565,37.663438],[127.015951,37.663293],[127.015992,37.663219],[127.01598,37.662768],[127.016176,37.662539],[127.016653,37.662207],[127.016943,37.662231],[127.0165,37.661662],[127.016204,37.661431],[127.015881,37.661323],[127.015538,37.66133],[127.015239,37.6614],[127.014895,37.661623],[127.014521,37.662016],[127.014659,37.661482],[127.014605,37.661429],[127.01457,37.660459],[127.014428,37.66046],[127.014376,37.660379],[127.014303,37.659914],[127.014024,37.659227],[127.013797,37.657948],[127.013685,37.657676],[127.013035,37.654885],[127.012912,37.654547],[127.012892,37.65408],[127.012664,37.653428],[127.012656,37.653127],[127.012566,37.652888],[127.012515,37.65244],[127.012444,37.652184],[127.012513,37.651851],[127.012713,37.651479],[127.012905,37.650747],[127.013141,37.650488],[127.013336,37.650433],[127.013678,37.650495],[127.013813,37.650385],[127.013953,37.650344],[127.013996,37.650253],[127.014299,37.650298],[127.014676,37.649596],[127.014767,37.649574],[127.015093,37.649283],[127.014963,37.64912],[127.013999,37.64917],[127.013842,37.649242],[127.013692,37.649255],[127.013028,37.649273],[127.012439,37.649225],[127.012121,37.649311],[127.011886,37.649261],[127.011744,37.649284],[127.011681,37.649337],[127.011374,37.649335],[127.010154,37.650035],[127.009839,37.649949],[127.009586,37.650057],[127.009509,37.650171],[127.009272,37.649975],[127.009053,37.649971],[127.008854,37.650088],[127.008773,37.650045],[127.008358,37.650135],[127.008003,37.650431],[127.007594,37.650207],[127.006453,37.649366],[127.006125,37.649531],[127.005697,37.649509],[127.004926,37.649539],[127.004748,37.649395],[127.004657,37.649441],[127.004379,37.649257],[127.003784,37.649328],[127.003508,37.649239],[127.003048,37.649185],[127.00242,37.648978],[126.99917,37.649467],[126.998762,37.649294],[126.998167,37.649688],[126.997487,37.650419],[126.996423,37.649887],[126.995856,37.648982],[126.995436,37.648469],[126.994901,37.64835],[126.994368,37.647856],[126.993823,37.647111],[126.99295,37.646037],[126.992409,37.645904],[126.991977,37.645495],[126.991618,37.644863],[126.990624,37.64397],[126.989797,37.643153],[126.989146,37.642366],[126.988552,37.641789],[126.987974,37.641601],[126.986077,37.642107],[126.985224,37.641636],[126.985134,37.641521],[126.984956,37.641464],[126.984257,37.641645],[126.983831,37.642149],[126.983874,37.64256],[126.983691,37.643039],[126.983247,37.643683],[126.983472,37.643941],[126.983726,37.64405],[126.983902,37.644266],[126.98419,37.644428],[126.984193,37.644603],[126.984643,37.645338],[126.98482,37.645369],[126.984795,37.645446],[126.984858,37.645596],[126.985413,37.645947],[126.98568,37.645995],[126.985718,37.646093],[126.985579,37.646103],[126.985483,37.646006],[126.9851,37.645929],[126.984929,37.646067],[126.984763,37.64676],[126.984813,37.646837],[126.984679,37.646963],[126.984713,37.647252],[126.984603,37.647613],[126.983981,37.648182],[126.983884,37.648601],[126.98402,37.649318],[126.983937,37.64961],[126.982495,37.65054],[126.982298,37.651254],[126.981874,37.651688],[126.981676,37.652316],[126.981048,37.652713],[126.980431,37.653787],[126.979944,37.654815],[126.979658,37.656039],[126.981193,37.656488],[126.982857,37.65645],[126.98301,37.657004],[126.983406,37.657234],[126.983742,37.657329],[126.984335,37.657734],[126.984617,37.658229],[126.986021,37.658943],[126.986544,37.659485],[126.987277,37.6606],[126.987225,37.660848],[126.987365,37.661618],[126.987751,37.662732],[126.987802,37.663594],[126.988268,37.664391],[126.989453,37.66453],[126.989997,37.664499],[126.991239,37.664994],[126.992225,37.665232],[126.992435,37.665383],[126.992749,37.665533],[126.993123,37.666056],[126.994017,37.666783],[126.994129,37.66703],[126.993961,37.667339],[126.993561,37.667804],[126.99383,37.668623],[126.994357,37.669567],[126.994351,37.669811],[126.993802,37.670197],[126.994074,37.672761],[126.993543,37.674103],[126.993796,37.674226],[126.993981,37.674907],[126.99381,37.675252],[126.993199,37.67572],[126.993125,37.675832],[126.993157,37.676142],[126.993072,37.676583],[126.993267,37.677002],[126.99312,37.677225],[126.993247,37.677661],[126.992924,37.678822],[126.992433,37.679148],[126.992198,37.679627],[126.992433,37.679759],[126.993514,37.680057],[126.994076,37.680324],[126.994175,37.680462],[126.994156,37.680569],[126.994732,37.681244],[126.995197,37.681335],[126.995503,37.681506],[126.995853,37.681869],[126.996351,37.682204],[126.996738,37.682389],[126.996971,37.682646],[126.997027,37.683114],[126.997311,37.683466],[126.997621,37.683452],[126.997754,37.683586],[126.999432,37.683907],[127.000511,37.683974],[127.001038,37.684272],[127.001687,37.684344],[127.001885,37.68408],[127.001901,37.683723],[127.00224,37.683593],[127.002743,37.683954],[127.003238,37.683949],[127.003584,37.684239],[127.003777,37.684824],[127.004277,37.684941],[127.004526,37.685089],[127.004567,37.68508]]]}},{"type":"Feature","properties":{"code":"11305103","name":"수유동","guCode":"11090","guName":"강북구","labelPoint":[127.004727,37.636989],"legalGuCode":"11305"},"geometry":{"type":"Polygon","coordinates":[[[126.984201,37.63634],[126.984462,37.636547],[126.984745,37.636648],[126.984856,37.636814],[126.984937,37.637165],[126.985085,37.637314],[126.98496,37.637807],[126.985234,37.638066],[126.985192,37.638303],[126.985394,37.63859],[126.985445,37.638875],[126.985408,37.639088],[126.985429,37.639281],[126.985534,37.639701],[126.985676,37.640044],[126.985955,37.640224],[126.986133,37.640428],[126.985657,37.64074],[126.985268,37.64135],[126.98533,37.641547],[126.985224,37.641636],[126.986078,37.642106],[126.987974,37.6416],[126.988553,37.641788],[126.989147,37.642365],[126.989797,37.643153],[126.990624,37.643969],[126.991618,37.644863],[126.991978,37.645495],[126.99241,37.645904],[126.99295,37.646037],[126.993823,37.647111],[126.994368,37.647856],[126.994901,37.64835],[126.995436,37.648469],[126.995856,37.648982],[126.996424,37.649886],[126.997488,37.650419],[126.998167,37.649688],[126.998762,37.649294],[126.99917,37.649467],[127.00242,37.648978],[127.003048,37.649185],[127.003509,37.649239],[127.003784,37.649327],[127.004379,37.649257],[127.004657,37.649441],[127.004749,37.649394],[127.004927,37.649538],[127.005697,37.649508],[127.006126,37.649531],[127.006453,37.649366],[127.007595,37.650207],[127.008003,37.650431],[127.008358,37.650135],[127.008773,37.650045],[127.008854,37.650088],[127.009053,37.649971],[127.009272,37.649975],[127.00951,37.65017],[127.009587,37.650056],[127.00984,37.649949],[127.010154,37.650035],[127.011374,37.649335],[127.011681,37.649336],[127.011744,37.649284],[127.011887,37.649261],[127.012121,37.64931],[127.01244,37.649225],[127.013028,37.649272],[127.013692,37.649255],[127.013842,37.649242],[127.013999,37.649169],[127.014964,37.64912],[127.015093,37.649282],[127.01603,37.648976],[127.017308,37.648643],[127.018152,37.648642],[127.018547,37.648686],[127.020169,37.649088],[127.020598,37.649084],[127.021131,37.649002],[127.021413,37.648897],[127.021739,37.648657],[127.022112,37.64818],[127.022635,37.647861],[127.024687,37.647342],[127.025086,37.646709],[127.025885,37.645721],[127.025991,37.645756],[127.026346,37.645713],[127.026654,37.645617],[127.026901,37.645411],[127.02719,37.645243],[127.027411,37.645033],[127.030858,37.64287],[127.02362,37.636115],[127.023282,37.635899],[127.023022,37.635494],[127.022991,37.635432],[127.023077,37.634684],[127.023267,37.634728],[127.023445,37.633164],[127.024334,37.630906],[127.022896,37.630542],[127.022688,37.630375],[127.022055,37.630227],[127.021269,37.630134],[127.018021,37.629319],[127.018002,37.629537],[127.017971,37.629459],[127.017798,37.629344],[127.017843,37.628699],[127.017745,37.628654],[127.017492,37.628642],[127.017201,37.628452],[127.016678,37.628305],[127.016299,37.628085],[127.01618,37.628054],[127.015979,37.627848],[127.015909,37.627681],[127.015805,37.627619],[127.01576,37.627345],[127.015794,37.627123],[127.015753,37.627065],[127.015521,37.627016],[127.015479,37.626964],[127.015266,37.626939],[127.015261,37.626877],[127.014194,37.626935],[127.013736,37.626882],[127.013416,37.626907],[127.013432,37.626884],[127.013324,37.626832],[127.012967,37.626694],[127.012414,37.626554],[127.012379,37.626411],[127.012156,37.626236],[127.011983,37.626261],[127.011849,37.626075],[127.011392,37.625906],[127.01134,37.625823],[127.011402,37.62558],[127.01125,37.625547],[127.011183,37.62557],[127.011114,37.625529],[127.010968,37.625609],[127.01053,37.625549],[127.010184,37.625461],[127.010188,37.625406],[127.009953,37.625215],[127.009579,37.62519],[127.008865,37.625028],[127.008491,37.624753],[127.008425,37.624582],[127.007889,37.624027],[127.007336,37.624137],[127.005719,37.623981],[127.005587,37.623839],[127.00519,37.624009],[127.004897,37.623823],[127.00456,37.624076],[127.004434,37.624053],[127.003897,37.624225],[127.003493,37.624954],[127.002981,37.625283],[127.002134,37.625436],[127.001761,37.62565],[127.000679,37.625709],[127.000204,37.625824],[126.999842,37.626056],[126.999273,37.626202],[126.998451,37.627121],[126.99788,37.627568],[126.997569,37.628059],[126.996776,37.628659],[126.99651,37.629086],[126.996054,37.629346],[126.995394,37.630249],[126.994744,37.630517],[126.994258,37.630848],[126.994104,37.631121],[126.993694,37.631474],[126.993016,37.631739],[126.99184,37.632275],[126.991367,37.632613],[126.990734,37.632668],[126.989932,37.632797],[126.98984,37.633438],[126.989458,37.633998],[126.988745,37.633938],[126.988572,37.633777],[126.988399,37.634172],[126.988162,37.634494],[126.98741,37.634965],[126.986325,37.63548],[126.985907,37.635797],[126.984201,37.63634]]]}},{"type":"Feature","properties":{"code":"11305102","name":"번동","guCode":"11090","guName":"강북구","labelPoint":[127.037535,37.62918],"legalGuCode":"11305"},"geometry":{"type":"Polygon","coordinates":[[[127.022991,37.635432],[127.023282,37.635899],[127.02362,37.636115],[127.030858,37.64287],[127.032416,37.641835],[127.03283,37.641407],[127.033348,37.64056],[127.034568,37.63778],[127.034776,37.637568],[127.035147,37.637272],[127.036061,37.636955],[127.03685,37.636749],[127.037333,37.636484],[127.037818,37.636039],[127.037879,37.635406],[127.038002,37.635153],[127.038119,37.634283],[127.039768,37.632195],[127.040438,37.631789],[127.040438,37.631548],[127.040798,37.631548],[127.041713,37.630806],[127.042073,37.630678],[127.042776,37.630227],[127.043415,37.629674],[127.04434,37.628749],[127.0461,37.62797],[127.046328,37.627915],[127.047006,37.627507],[127.04894,37.625408],[127.049526,37.62448],[127.049733,37.624262],[127.046869,37.622601],[127.046529,37.622323],[127.04608,37.621874],[127.045703,37.621359],[127.044679,37.619442],[127.043949,37.618643],[127.041728,37.617039],[127.041525,37.616901],[127.041371,37.616865],[127.041428,37.616869],[127.041339,37.616817],[127.041403,37.61679],[127.041401,37.616727],[127.040795,37.616579],[127.040676,37.616408],[127.040824,37.616552],[127.040937,37.616576],[127.04046,37.61615],[127.040042,37.616247],[127.039987,37.616185],[127.039967,37.615686],[127.039851,37.61559],[127.039762,37.615612],[127.039709,37.615677],[127.039571,37.615662],[127.039323,37.61573],[127.03922,37.615843],[127.038832,37.616031],[127.038809,37.616365],[127.038638,37.616484],[127.038525,37.616695],[127.038654,37.617151],[127.038763,37.617356],[127.03856,37.61784],[127.038234,37.618198],[127.038212,37.618337],[127.038575,37.618679],[127.038747,37.618932],[127.038946,37.618927],[127.038922,37.619026],[127.038798,37.61907],[127.03846,37.619018],[127.038187,37.619124],[127.037905,37.619116],[127.037306,37.619401],[127.037003,37.619604],[127.036933,37.619708],[127.036809,37.620107],[127.036542,37.620293],[127.036184,37.620384],[127.035452,37.620891],[127.034775,37.620893],[127.034334,37.621247],[127.034276,37.621633],[127.034453,37.622098],[127.034076,37.622391],[127.033736,37.622722],[127.033666,37.622879],[127.033742,37.623039],[127.033475,37.62347],[127.033544,37.623604],[127.033295,37.624006],[127.033142,37.624342],[127.033092,37.624819],[127.032981,37.62503],[127.032678,37.625172],[127.03257,37.625631],[127.032815,37.626067],[127.032486,37.62682],[127.032748,37.627429],[127.032586,37.62758],[127.032431,37.62755],[127.032095,37.627675],[127.032018,37.627946],[127.032033,37.627999],[127.031705,37.628458],[127.031456,37.628576],[127.03134,37.628846],[127.031339,37.629073],[127.030984,37.629287],[127.030984,37.629418],[127.030638,37.629736],[127.030569,37.629894],[127.030119,37.630508],[127.029808,37.63108],[127.02983,37.631235],[127.030059,37.631462],[127.029828,37.63196],[127.029508,37.632108],[127.02958,37.632461],[127.029164,37.632759],[127.028949,37.633451],[127.028912,37.633774],[127.027591,37.633488],[127.027522,37.633554],[127.026931,37.63378],[127.026863,37.633889],[127.026754,37.633889],[127.026783,37.633979],[127.027489,37.634863],[127.027754,37.634882],[127.027829,37.634926],[127.027294,37.634888],[127.027389,37.634953],[127.026567,37.634995],[127.026542,37.634846],[127.023822,37.63467],[127.023491,37.634717],[127.023446,37.634756],[127.023424,37.633354],[127.023267,37.634728],[127.023077,37.634684],[127.022991,37.635432]]]}},{"type":"Feature","properties":{"code":"11305101","name":"미아동","guCode":"11090","guName":"강북구","labelPoint":[127.020944,37.62193],"legalGuCode":"11305"},"geometry":{"type":"Polygon","coordinates":[[[127.007179,37.620856],[127.007306,37.621047],[127.00738,37.621395],[127.007585,37.621497],[127.007439,37.621763],[127.007625,37.622286],[127.007539,37.622693],[127.007791,37.622943],[127.007745,37.623381],[127.0079,37.623759],[127.007889,37.624027],[127.008425,37.624582],[127.008491,37.624753],[127.008865,37.625028],[127.009579,37.62519],[127.009953,37.625215],[127.010188,37.625406],[127.010184,37.625461],[127.01053,37.625549],[127.010968,37.625609],[127.011114,37.625529],[127.011183,37.62557],[127.01125,37.625547],[127.011402,37.62558],[127.01134,37.625823],[127.011392,37.625906],[127.011849,37.626075],[127.011983,37.626261],[127.012156,37.626236],[127.012379,37.626411],[127.012414,37.626554],[127.012967,37.626694],[127.013324,37.626832],[127.013432,37.626884],[127.013416,37.626907],[127.013736,37.626882],[127.014194,37.626935],[127.015261,37.626877],[127.015266,37.626939],[127.015479,37.626964],[127.015521,37.627016],[127.015753,37.627065],[127.015794,37.627123],[127.01576,37.627345],[127.015805,37.627619],[127.015909,37.627681],[127.015979,37.627848],[127.01618,37.628054],[127.016299,37.628085],[127.016678,37.628305],[127.017201,37.628452],[127.017492,37.628642],[127.017745,37.628654],[127.017843,37.628699],[127.017798,37.629344],[127.017971,37.629459],[127.018002,37.629537],[127.018021,37.629319],[127.021269,37.630134],[127.022055,37.630227],[127.022688,37.630375],[127.022896,37.630542],[127.024334,37.630906],[127.023445,37.633164],[127.023446,37.634756],[127.023491,37.634717],[127.023822,37.63467],[127.026542,37.634846],[127.026567,37.634995],[127.027389,37.634953],[127.027294,37.634888],[127.027829,37.634926],[127.027754,37.634882],[127.027489,37.634863],[127.026739,37.63392],[127.026754,37.633889],[127.026863,37.633889],[127.026931,37.63378],[127.027522,37.633554],[127.027591,37.633488],[127.028912,37.633774],[127.028949,37.633451],[127.029164,37.632759],[127.02958,37.632461],[127.029508,37.632108],[127.029828,37.63196],[127.030059,37.631462],[127.02983,37.631235],[127.029808,37.63108],[127.030119,37.630508],[127.030569,37.629894],[127.030638,37.629736],[127.030984,37.629418],[127.030984,37.629287],[127.031339,37.629073],[127.03134,37.628846],[127.031456,37.628576],[127.031705,37.628458],[127.032033,37.627999],[127.032018,37.627946],[127.032095,37.627675],[127.032431,37.62755],[127.032586,37.62758],[127.032748,37.627429],[127.032486,37.62682],[127.032815,37.626067],[127.03257,37.625631],[127.032678,37.625172],[127.032981,37.62503],[127.033092,37.624819],[127.033142,37.624342],[127.033295,37.624006],[127.033544,37.623604],[127.033475,37.62347],[127.033742,37.623039],[127.033666,37.622879],[127.033736,37.622722],[127.034076,37.622391],[127.034453,37.622098],[127.034276,37.621633],[127.034334,37.621247],[127.034775,37.620893],[127.035452,37.620891],[127.036184,37.620384],[127.036542,37.620293],[127.036809,37.620107],[127.036933,37.619708],[127.037003,37.619604],[127.037306,37.619401],[127.037905,37.619116],[127.038187,37.619124],[127.03846,37.619018],[127.038798,37.61907],[127.038922,37.619026],[127.038946,37.618927],[127.038747,37.618932],[127.038575,37.618679],[127.038212,37.618337],[127.038234,37.618198],[127.03856,37.61784],[127.038763,37.617356],[127.038654,37.617151],[127.038525,37.616695],[127.038638,37.616484],[127.038809,37.616365],[127.038832,37.616031],[127.03922,37.615843],[127.039323,37.61573],[127.039571,37.615662],[127.039709,37.615677],[127.039762,37.615612],[127.039851,37.61559],[127.03986,37.615491],[127.039561,37.615109],[127.039378,37.615021],[127.038975,37.61454],[127.038609,37.614344],[127.038581,37.614207],[127.038267,37.614096],[127.038157,37.613997],[127.038229,37.613995],[127.038084,37.613953],[127.037882,37.613765],[127.037761,37.613469],[127.037723,37.61325],[127.037513,37.612944],[127.036781,37.612425],[127.036095,37.61234],[127.036117,37.612429],[127.036047,37.612433],[127.035944,37.61216],[127.035584,37.612037],[127.035754,37.612017],[127.035867,37.612049],[127.035819,37.612019],[127.033538,37.610779],[127.033375,37.610642],[127.032937,37.610459],[127.032752,37.610273],[127.031687,37.609767],[127.030248,37.608973],[127.030345,37.611297],[127.030177,37.612357],[127.029102,37.612399],[127.028682,37.612444],[127.028162,37.612573],[127.028025,37.612553],[127.02771,37.612605],[127.027476,37.612538],[127.026711,37.6127],[127.026434,37.612694],[127.026161,37.612481],[127.026038,37.612239],[127.025745,37.612138],[127.025187,37.612015],[127.024995,37.612029],[127.024667,37.612156],[127.024564,37.612142],[127.02453,37.612056],[127.024416,37.612025],[127.024238,37.612056],[127.023918,37.611966],[127.023452,37.611736],[127.022735,37.611514],[127.022502,37.611367],[127.022419,37.611447],[127.022117,37.611336],[127.022018,37.611715],[127.021986,37.611732],[127.021911,37.612326],[127.021554,37.612436],[127.02067,37.612511],[127.020398,37.612596],[127.020336,37.612857],[127.020014,37.613011],[127.019864,37.613235],[127.019683,37.613256],[127.019515,37.61333],[127.019228,37.613794],[127.018996,37.61385],[127.018805,37.613778],[127.018617,37.613792],[127.01854,37.613855],[127.018514,37.613834],[127.018164,37.614008],[127.017537,37.614616],[127.01726,37.614691],[127.017115,37.614775],[127.017039,37.614737],[127.016894,37.614812],[127.016903,37.61484],[127.016665,37.614876],[127.016524,37.61494],[127.01618,37.614948],[127.016029,37.614844],[127.015002,37.614714],[127.014509,37.61472],[127.01421,37.614911],[127.01421,37.614991],[127.013409,37.615568],[127.01284,37.615695],[127.012131,37.616006],[127.011832,37.616323],[127.011412,37.61644],[127.010952,37.616286],[127.01023,37.616792],[127.010146,37.616798],[127.010102,37.616853],[127.010139,37.616935],[127.009985,37.617245],[127.009995,37.617546],[127.009932,37.617766],[127.009369,37.618248],[127.009071,37.618285],[127.008497,37.618622],[127.008452,37.618966],[127.008344,37.619113],[127.008156,37.619164],[127.00803,37.619392],[127.007942,37.619408],[127.007742,37.619634],[127.007861,37.619855],[127.0076,37.62001],[127.007192,37.620508],[127.007304,37.620716],[127.007179,37.620856]]]}},{"type":"Feature","properties":{"code":"11290139","name":"석관동","guCode":"11080","guName":"성북구","labelPoint":[127.061482,37.608133],"legalGuCode":"11290"},"geometry":{"type":"Polygon","coordinates":[[[127.071732,37.613506],[127.071657,37.612407],[127.07149,37.611416],[127.071362,37.610243],[127.071304,37.60991],[127.071263,37.609919],[127.071182,37.608809],[127.071101,37.608466],[127.071061,37.607629],[127.07067,37.607562],[127.070573,37.607469],[127.07046,37.607224],[127.07039,37.607188],[127.070371,37.607036],[127.070256,37.607033],[127.070121,37.607256],[127.069774,37.607263],[127.069178,37.606994],[127.068997,37.60685],[127.068675,37.606747],[127.068608,37.606631],[127.067687,37.606513],[127.067643,37.606442],[127.067319,37.606275],[127.066793,37.606099],[127.066302,37.605792],[127.066194,37.605578],[127.065518,37.605482],[127.065273,37.605597],[127.064984,37.605834],[127.064668,37.605733],[127.063666,37.605244],[127.063092,37.605251],[127.062188,37.605125],[127.06216,37.605056],[127.062181,37.60494],[127.062098,37.604896],[127.061959,37.604892],[127.061488,37.604469],[127.061456,37.604256],[127.060765,37.603484],[127.060708,37.603534],[127.060428,37.603414],[127.060169,37.603163],[127.060101,37.603053],[127.060139,37.602833],[127.060059,37.602562],[127.059955,37.602446],[127.059925,37.602278],[127.059992,37.602114],[127.060052,37.602065],[127.060177,37.601699],[127.060011,37.601568],[127.059665,37.601521],[127.059509,37.601409],[127.059341,37.601353],[127.059231,37.601256],[127.059159,37.601057],[127.05845,37.601086],[127.057455,37.601201],[127.057389,37.601157],[127.057325,37.601173],[127.057218,37.601278],[127.057331,37.601526],[127.056276,37.601341],[127.055403,37.601021],[127.055075,37.601341],[127.054237,37.600652],[127.053825,37.600606],[127.053889,37.60042],[127.053729,37.600426],[127.053623,37.60048],[127.052085,37.600148],[127.0518,37.600488],[127.051687,37.600776],[127.051285,37.601108],[127.051399,37.601146],[127.051686,37.601381],[127.051859,37.601656],[127.052139,37.601875],[127.052352,37.602208],[127.05277,37.602512],[127.052719,37.602561],[127.052707,37.602795],[127.052384,37.603257],[127.052346,37.60343],[127.052508,37.603712],[127.052326,37.604035],[127.052429,37.604406],[127.052334,37.604506],[127.052301,37.604753],[127.052166,37.605002],[127.051937,37.605014],[127.051931,37.605273],[127.051696,37.605395],[127.051768,37.605432],[127.051465,37.60558],[127.051283,37.605765],[127.050952,37.606206],[127.050889,37.606239],[127.050772,37.606591],[127.050606,37.606778],[127.050654,37.606853],[127.050639,37.606895],[127.050605,37.606848],[127.050586,37.606867],[127.05076,37.60717],[127.050772,37.607305],[127.050937,37.60755],[127.051241,37.607799],[127.058774,37.611738],[127.059775,37.612275],[127.061646,37.613366],[127.061968,37.613438],[127.061849,37.613458],[127.061616,37.613398],[127.062379,37.613824],[127.063285,37.61427],[127.064581,37.614693],[127.068169,37.615456],[127.069711,37.615722],[127.070055,37.615435],[127.070164,37.615398],[127.07014,37.615352],[127.071065,37.614752],[127.071448,37.614183],[127.071621,37.613845],[127.071732,37.613506]]]}},{"type":"Feature","properties":{"code":"11290138","name":"장위동","guCode":"11080","guName":"성북구","labelPoint":[127.050043,37.616042],"legalGuCode":"11290"},"geometry":{"type":"Polygon","coordinates":[[[127.059562,37.616262],[127.060204,37.615972],[127.060666,37.615665],[127.061092,37.614935],[127.061457,37.614637],[127.061757,37.614494],[127.062032,37.614427],[127.063285,37.61427],[127.061616,37.613398],[127.061849,37.613458],[127.061968,37.613438],[127.061646,37.613366],[127.059775,37.612275],[127.058774,37.611738],[127.051243,37.607801],[127.051579,37.608071],[127.051961,37.608487],[127.052224,37.608665],[127.052483,37.609048],[127.051482,37.610036],[127.050832,37.609334],[127.050576,37.609205],[127.050196,37.609149],[127.050077,37.608717],[127.05,37.608517],[127.04997,37.608497],[127.050001,37.60855],[127.049492,37.60844],[127.049204,37.608451],[127.048368,37.607897],[127.047842,37.607833],[127.047609,37.60788],[127.047328,37.607877],[127.047255,37.607928],[127.047272,37.607991],[127.047025,37.608223],[127.046638,37.608384],[127.046375,37.608576],[127.046046,37.609345],[127.046073,37.609429],[127.046014,37.6095],[127.046211,37.609789],[127.046234,37.61004],[127.046179,37.61026],[127.04635,37.610621],[127.046351,37.610902],[127.046432,37.611443],[127.046381,37.611619],[127.046305,37.611653],[127.045616,37.611454],[127.045087,37.61135],[127.04418,37.610832],[127.043847,37.610803],[127.043528,37.610937],[127.04354,37.611241],[127.043428,37.611271],[127.043059,37.611216],[127.042675,37.611456],[127.042376,37.611389],[127.041961,37.611476],[127.041492,37.611254],[127.040956,37.610925],[127.040824,37.611085],[127.040672,37.611661],[127.040609,37.611777],[127.040463,37.611894],[127.040428,37.612021],[127.040243,37.612047],[127.039931,37.611969],[127.039551,37.611667],[127.039431,37.61177],[127.038775,37.611911],[127.038433,37.612094],[127.038114,37.612423],[127.037681,37.612562],[127.037356,37.612838],[127.037518,37.612961],[127.037713,37.613235],[127.03791,37.613768],[127.038298,37.614089],[127.03859,37.614208],[127.038653,37.614336],[127.038993,37.614529],[127.039362,37.614958],[127.039641,37.615145],[127.039879,37.615433],[127.039901,37.615586],[127.040016,37.615772],[127.040051,37.616217],[127.040411,37.616112],[127.040524,37.616154],[127.040968,37.616571],[127.041834,37.617132],[127.043948,37.618643],[127.044679,37.619444],[127.045706,37.621363],[127.046081,37.621875],[127.046528,37.622325],[127.046868,37.622603],[127.049737,37.624266],[127.050587,37.62347],[127.051196,37.623049],[127.052112,37.622242],[127.052082,37.622144],[127.052706,37.621594],[127.054069,37.620099],[127.054408,37.619796],[127.055558,37.619167],[127.055934,37.618915],[127.057421,37.61748],[127.059562,37.616262]]]}},{"type":"Feature","properties":{"code":"11290137","name":"상월곡동","guCode":"11080","guName":"성북구","labelPoint":[127.046939,37.605986],"legalGuCode":"11290"},"geometry":{"type":"Polygon","coordinates":[[[127.043528,37.610937],[127.043847,37.610803],[127.04418,37.610832],[127.045087,37.61135],[127.045616,37.611454],[127.046305,37.611653],[127.046381,37.611619],[127.046432,37.611443],[127.046351,37.610902],[127.04635,37.610621],[127.046179,37.61026],[127.046234,37.61004],[127.046211,37.609789],[127.046014,37.6095],[127.046073,37.609429],[127.046046,37.609345],[127.046375,37.608576],[127.046638,37.608384],[127.047025,37.608223],[127.047272,37.607991],[127.047255,37.607928],[127.047328,37.607877],[127.047609,37.60788],[127.047842,37.607833],[127.048368,37.607897],[127.049204,37.608451],[127.049492,37.60844],[127.050001,37.60855],[127.04997,37.608497],[127.05,37.608517],[127.050077,37.608717],[127.050196,37.609149],[127.050576,37.609205],[127.050832,37.609334],[127.051482,37.610036],[127.052483,37.609048],[127.052224,37.608665],[127.051961,37.608487],[127.051579,37.608071],[127.050937,37.60755],[127.050772,37.607305],[127.05076,37.60717],[127.050586,37.606867],[127.050605,37.606848],[127.050639,37.606895],[127.050654,37.606853],[127.050606,37.606778],[127.050772,37.606591],[127.050889,37.606239],[127.050952,37.606206],[127.051283,37.605765],[127.051465,37.60558],[127.051768,37.605432],[127.051696,37.605395],[127.051931,37.605273],[127.051937,37.605014],[127.052166,37.605002],[127.052301,37.604753],[127.052334,37.604506],[127.052429,37.604406],[127.052326,37.604035],[127.052508,37.603712],[127.052346,37.60343],[127.052384,37.603257],[127.052707,37.602795],[127.052719,37.602561],[127.05277,37.602512],[127.052352,37.602208],[127.052139,37.601875],[127.051859,37.601656],[127.051686,37.601381],[127.051399,37.601146],[127.051285,37.601108],[127.051202,37.601156],[127.051016,37.601097],[127.050403,37.600578],[127.050374,37.600453],[127.050066,37.600566],[127.049755,37.600546],[127.049208,37.600734],[127.049011,37.600942],[127.048213,37.601417],[127.047988,37.602563],[127.048001,37.603328],[127.048439,37.603748],[127.048636,37.60412],[127.048551,37.60441],[127.048347,37.604461],[127.048023,37.604882],[127.048103,37.60512],[127.048007,37.605286],[127.047453,37.605502],[127.047326,37.605717],[127.047232,37.605536],[127.046932,37.605418],[127.046905,37.605445],[127.046087,37.60535],[127.045047,37.605357],[127.04449,37.605269],[127.044246,37.605325],[127.043862,37.605001],[127.043478,37.604768],[127.042913,37.605217],[127.042948,37.605511],[127.042567,37.606473],[127.042274,37.607049],[127.042377,37.607604],[127.042609,37.608315],[127.042692,37.608789],[127.042909,37.609443],[127.0434,37.610011],[127.043528,37.610937]]]}},{"type":"Feature","properties":{"code":"11290136","name":"하월곡동","guCode":"11080","guName":"성북구","labelPoint":[127.039483,37.604172],"legalGuCode":"11290"},"geometry":{"type":"Polygon","coordinates":[[[127.037954,37.61247],[127.038114,37.612423],[127.038433,37.612094],[127.038775,37.611911],[127.039431,37.61177],[127.039551,37.611667],[127.039931,37.611969],[127.040243,37.612047],[127.040428,37.612021],[127.040463,37.611894],[127.040609,37.611777],[127.040672,37.611661],[127.040824,37.611085],[127.040956,37.610925],[127.041492,37.611254],[127.041961,37.611476],[127.042376,37.611389],[127.042675,37.611456],[127.043065,37.611215],[127.043428,37.611271],[127.04354,37.611241],[127.0434,37.610011],[127.042909,37.609443],[127.042692,37.608789],[127.042609,37.608315],[127.042377,37.607604],[127.042274,37.607049],[127.042567,37.606473],[127.042948,37.605511],[127.042913,37.605217],[127.043176,37.604989],[127.043346,37.604899],[127.043478,37.604768],[127.043862,37.605001],[127.044246,37.605325],[127.04449,37.605269],[127.045047,37.605357],[127.046087,37.60535],[127.046905,37.605445],[127.046932,37.605418],[127.047232,37.605536],[127.047326,37.605717],[127.047453,37.605502],[127.048007,37.605286],[127.048103,37.60512],[127.048023,37.604882],[127.048347,37.604461],[127.048551,37.60441],[127.048636,37.60412],[127.048439,37.603748],[127.048001,37.603328],[127.047988,37.602563],[127.048213,37.601417],[127.049011,37.600942],[127.049208,37.600734],[127.049755,37.600546],[127.050066,37.600566],[127.050385,37.600449],[127.050438,37.600105],[127.049918,37.599811],[127.049746,37.599757],[127.049128,37.598743],[127.049143,37.598397],[127.049056,37.598134],[127.048834,37.597867],[127.048661,37.597788],[127.048556,37.597626],[127.048331,37.597449],[127.047955,37.597265],[127.047924,37.596969],[127.047817,37.596763],[127.047456,37.596508],[127.047343,37.596178],[127.047302,37.59615],[127.046769,37.596042],[127.04619,37.596191],[127.045515,37.596617],[127.044785,37.596363],[127.044118,37.596393],[127.043714,37.596262],[127.043024,37.596965],[127.042694,37.596733],[127.04184,37.596458],[127.041389,37.595494],[127.041175,37.595493],[127.041055,37.595582],[127.040988,37.595715],[127.040695,37.59601],[127.040728,37.596212],[127.041099,37.596736],[127.041015,37.596704],[127.040974,37.596901],[127.040554,37.597344],[127.040668,37.59761],[127.04088,37.59781],[127.040879,37.600423],[127.040413,37.601186],[127.039515,37.601805],[127.039149,37.602121],[127.039193,37.602168],[127.038855,37.602404],[127.034504,37.602816],[127.033548,37.602968],[127.0333,37.603032],[127.033214,37.603096],[127.033058,37.603099],[127.032926,37.603186],[127.032571,37.603203],[127.03124,37.603694],[127.030651,37.603982],[127.030322,37.604187],[127.029099,37.604521],[127.027086,37.604511],[127.026059,37.603964],[127.025808,37.603632],[127.025422,37.604157],[127.025301,37.60422],[127.02536,37.604421],[127.026092,37.604938],[127.027732,37.606336],[127.028321,37.606879],[127.028589,37.607187],[127.029101,37.60762],[127.02929,37.607876],[127.029397,37.607916],[127.029883,37.608582],[127.029941,37.608897],[127.030231,37.608851],[127.030232,37.608901],[127.03027,37.6089],[127.030253,37.608976],[127.031688,37.609767],[127.032739,37.610276],[127.032929,37.610465],[127.03336,37.610648],[127.035505,37.612084],[127.03588,37.612218],[127.036047,37.612432],[127.036112,37.612428],[127.036096,37.612341],[127.036766,37.612421],[127.037356,37.612838],[127.037681,37.612562],[127.037954,37.61247]]]}},{"type":"Feature","properties":{"code":"11290135","name":"종암동","guCode":"11080","guName":"성북구","labelPoint":[127.033217,37.596455],"legalGuCode":"11290"},"geometry":{"type":"Polygon","coordinates":[[[127.030439,37.604115],[127.03124,37.603694],[127.032099,37.603374],[127.032571,37.603203],[127.032926,37.603186],[127.033058,37.603099],[127.033214,37.603096],[127.0333,37.603032],[127.033548,37.602968],[127.034504,37.602816],[127.038855,37.602404],[127.039193,37.602168],[127.039149,37.602121],[127.039515,37.601805],[127.040413,37.601186],[127.040879,37.600423],[127.04088,37.59781],[127.040668,37.59761],[127.040554,37.597344],[127.040974,37.596901],[127.041015,37.596704],[127.041099,37.596736],[127.040728,37.596212],[127.040695,37.59601],[127.040988,37.595715],[127.04108,37.595564],[127.040765,37.595288],[127.040643,37.595409],[127.040164,37.594574],[127.038744,37.591281],[127.038683,37.591239],[127.036216,37.591186],[127.036331,37.590131],[127.035543,37.58893],[127.035512,37.588985],[127.035143,37.589106],[127.034697,37.589337],[127.034721,37.590019],[127.034479,37.590693],[127.034125,37.590737],[127.033803,37.590506],[127.033337,37.590434],[127.032762,37.590619],[127.032474,37.590537],[127.031832,37.590594],[127.031845,37.590839],[127.031688,37.591009],[127.031683,37.59141],[127.031248,37.591603],[127.030667,37.591931],[127.030358,37.592041],[127.030243,37.592235],[127.030246,37.592411],[127.030178,37.59267],[127.029975,37.592818],[127.029792,37.593703],[127.030013,37.594294],[127.029501,37.594578],[127.029111,37.59439],[127.028688,37.594505],[127.02848,37.594402],[127.028129,37.594439],[127.027974,37.594414],[127.027755,37.594487],[127.027524,37.595088],[127.027256,37.595513],[127.026611,37.596046],[127.02621,37.596223],[127.025954,37.596282],[127.025786,37.596265],[127.025641,37.596324],[127.025427,37.596586],[127.025734,37.596811],[127.025744,37.597064],[127.025973,37.597416],[127.026137,37.597914],[127.026096,37.598201],[127.026124,37.598591],[127.026153,37.598874],[127.026239,37.599169],[127.026675,37.599439],[127.026868,37.599769],[127.026759,37.600256],[127.027002,37.600725],[127.02743,37.600847],[127.027513,37.600833],[127.02769,37.601194],[127.028267,37.601688],[127.029145,37.60212],[127.029222,37.602735],[127.029868,37.603139],[127.02986,37.603473],[127.029979,37.603639],[127.029943,37.603738],[127.030278,37.604039],[127.030439,37.604115]]]}},{"type":"Feature","properties":{"code":"11140163","name":"흥인동","guCode":"11020","guName":"중구","labelPoint":[127.016822,37.567478],"legalGuCode":"11140"},"geometry":{"type":"Polygon","coordinates":[[[127.017334,37.570077],[127.017689,37.570167],[127.017983,37.566429],[127.018092,37.565569],[127.01418,37.565127],[127.01389,37.56671],[127.014383,37.56677],[127.014648,37.566735],[127.014691,37.566837],[127.01572,37.56693],[127.01581,37.56705],[127.015679,37.567907],[127.015714,37.56807],[127.015641,37.569208],[127.015346,37.569186],[127.015308,37.569388],[127.015658,37.569412],[127.015647,37.569506],[127.015572,37.569557],[127.015279,37.569552],[127.015257,37.569736],[127.015299,37.569704],[127.016108,37.569795],[127.017078,37.569984],[127.017334,37.570077]]]}},{"type":"Feature","properties":{"code":"11140162","name":"신당동","guCode":"11020","guName":"중구","labelPoint":[127.01296,37.556726],"legalGuCode":"11140"},"geometry":{"type":"Polygon","coordinates":[[[127.010035,37.569771],[127.012129,37.569755],[127.01308,37.569695],[127.015257,37.569736],[127.015279,37.569552],[127.015572,37.569557],[127.015647,37.569506],[127.015658,37.569412],[127.015308,37.569388],[127.015346,37.569186],[127.015641,37.569208],[127.015714,37.56807],[127.015679,37.567907],[127.01581,37.56705],[127.01572,37.56693],[127.014691,37.566837],[127.014648,37.566735],[127.014383,37.56677],[127.01389,37.56671],[127.014209,37.564978],[127.0148,37.565073],[127.014696,37.564734],[127.014759,37.564684],[127.014701,37.564516],[127.014409,37.564528],[127.014325,37.56404],[127.014285,37.563985],[127.015449,37.563094],[127.015971,37.564087],[127.016065,37.564417],[127.016229,37.565359],[127.018901,37.56565],[127.020497,37.565672],[127.021127,37.565615],[127.021116,37.565547],[127.022013,37.56546],[127.023426,37.565155],[127.023423,37.565322],[127.023492,37.565343],[127.023438,37.565346],[127.023341,37.565504],[127.023396,37.565512],[127.023383,37.565595],[127.023415,37.565601],[127.023402,37.565797],[127.02357,37.565795],[127.023585,37.565179],[127.026786,37.56504],[127.026665,37.564793],[127.026732,37.564767],[127.026673,37.564504],[127.026751,37.564428],[127.026797,37.564199],[127.026693,37.564151],[127.02675,37.563894],[127.026648,37.56375],[127.026513,37.563368],[127.025943,37.562619],[127.025409,37.562283],[127.024495,37.561857],[127.024199,37.561524],[127.023949,37.561364],[127.02339,37.56073],[127.02322,37.56],[127.022787,37.559368],[127.022412,37.559042],[127.02285,37.55898],[127.022922,37.558333],[127.022889,37.557829],[127.022554,37.557829],[127.022523,37.557778],[127.021923,37.557477],[127.02093,37.557758],[127.020899,37.557828],[127.019577,37.557495],[127.019681,37.557263],[127.019415,37.557437],[127.019009,37.557239],[127.018793,37.557216],[127.018648,37.557086],[127.01804,37.556848],[127.017725,37.556509],[127.017361,37.555919],[127.017275,37.555486],[127.017236,37.554975],[127.017108,37.554896],[127.016858,37.554472],[127.016985,37.554254],[127.01702,37.554081],[127.016944,37.553803],[127.016986,37.553656],[127.016375,37.553114],[127.016162,37.55261],[127.015983,37.552589],[127.013636,37.550443],[127.012427,37.549492],[127.012167,37.549416],[127.011833,37.548754],[127.011595,37.548488],[127.010928,37.548182],[127.010588,37.548269],[127.010017,37.547904],[127.00968,37.547889],[127.009323,37.547475],[127.009099,37.547052],[127.009212,37.546383],[127.008712,37.546015],[127.008153,37.54506],[127.00854,37.54458],[127.008917,37.544476],[127.008988,37.544135],[127.007264,37.543857],[127.005017,37.546172],[127.005007,37.546221],[127.005306,37.546875],[127.005434,37.547064],[127.00533,37.547349],[127.005567,37.547525],[127.005875,37.547946],[127.006132,37.548212],[127.006077,37.548371],[127.005695,37.548282],[127.004957,37.548432],[127.004689,37.548685],[127.004573,37.54941],[127.004575,37.5498],[127.004336,37.550211],[127.004667,37.55051],[127.004564,37.550899],[127.004353,37.550944],[127.004162,37.551261],[127.004036,37.551579],[127.004168,37.552099],[127.004377,37.552396],[127.004349,37.552807],[127.004389,37.552959],[127.004568,37.553024],[127.004451,37.55368],[127.004479,37.553776],[127.004716,37.553941],[127.005095,37.554408],[127.005011,37.554464],[127.005097,37.554562],[127.005412,37.554792],[127.005564,37.554952],[127.005836,37.555117],[127.006241,37.555566],[127.006837,37.555794],[127.006949,37.555905],[127.007171,37.556394],[127.007413,37.556482],[127.00764,37.556462],[127.007906,37.556604],[127.008218,37.557043],[127.008248,37.557354],[127.008042,37.557695],[127.008161,37.557686],[127.008266,37.558185],[127.008527,37.558872],[127.008549,37.559113],[127.008686,37.559267],[127.00887,37.559364],[127.009795,37.560312],[127.00982,37.560519],[127.009409,37.560782],[127.009247,37.56078],[127.009254,37.560878],[127.009403,37.561206],[127.009383,37.561416],[127.009284,37.561646],[127.009344,37.561824],[127.00932,37.562042],[127.009366,37.562079],[127.009508,37.562529],[127.009548,37.562843],[127.009604,37.562934],[127.009889,37.563102],[127.009981,37.563076],[127.010017,37.563155],[127.009935,37.563174],[127.009978,37.564078],[127.010061,37.564496],[127.010145,37.564484],[127.010481,37.564941],[127.010439,37.565042],[127.010568,37.565022],[127.010753,37.565431],[127.011328,37.56585],[127.01164,37.566193],[127.011265,37.56667],[127.011197,37.566856],[127.011083,37.567552],[127.010999,37.567786],[127.01083,37.568032],[127.010589,37.568222],[127.010357,37.568255],[127.009835,37.569765],[127.010035,37.569771]]]}},{"type":"Feature","properties":{"code":"11140161","name":"저동2가","guCode":"11020","guName":"중구","labelPoint":[126.989671,37.564215],"legalGuCode":"11140"},"geometry":{"type":"Polygon","coordinates":[[[126.990982,37.565375],[126.990653,37.564672],[126.990606,37.564498],[126.990613,37.564344],[126.990736,37.564322],[126.990718,37.564085],[126.990981,37.564108],[126.991152,37.564081],[126.991252,37.563249],[126.990287,37.563176],[126.990315,37.562953],[126.989977,37.562926],[126.989976,37.562865],[126.989413,37.562865],[126.989283,37.562926],[126.988812,37.563293],[126.988701,37.563731],[126.988801,37.563873],[126.988657,37.564053],[126.988577,37.564358],[126.988513,37.564409],[126.98853,37.564854],[126.988607,37.565265],[126.98879,37.565234],[126.989144,37.565253],[126.989105,37.565608],[126.989528,37.565741],[126.989761,37.565749],[126.989759,37.565515],[126.989855,37.565509],[126.989858,37.565422],[126.989944,37.565395],[126.990022,37.565395],[126.990047,37.565449],[126.990391,37.565411],[126.990469,37.56544],[126.990495,37.565499],[126.990784,37.565415],[126.990806,37.565455],[126.990982,37.565375]]]}},{"type":"Feature","properties":{"code":"11140160","name":"인현동1가","guCode":"11020","guName":"중구","labelPoint":[126.994133,37.564721],"legalGuCode":"11140"},"geometry":{"type":"Polygon","coordinates":[[[126.996034,37.56576],[126.995934,37.565442],[126.995789,37.5652],[126.995516,37.565267],[126.995397,37.564999],[126.995047,37.56508],[126.994974,37.564964],[126.994782,37.564458],[126.99466,37.564345],[126.99456,37.563899],[126.994631,37.563885],[126.994658,37.563784],[126.994645,37.563525],[126.994425,37.562978],[126.99435,37.563],[126.994354,37.563062],[126.994331,37.563026],[126.994038,37.563097],[126.994011,37.563004],[126.993861,37.563001],[126.993556,37.56308],[126.993472,37.56308],[126.993444,37.563017],[126.993099,37.563084],[126.993134,37.563247],[126.993079,37.563272],[126.993093,37.563391],[126.993164,37.563383],[126.993211,37.563582],[126.993276,37.5636],[126.993326,37.563682],[126.993425,37.563697],[126.9935,37.563804],[126.993451,37.563826],[126.993476,37.563981],[126.993192,37.564073],[126.993137,37.564115],[126.993178,37.564195],[126.993035,37.564315],[126.993114,37.564477],[126.993417,37.564453],[126.993346,37.565042],[126.993675,37.56507],[126.993758,37.565041],[126.993815,37.565113],[126.99388,37.565095],[126.994001,37.565355],[126.994039,37.565351],[126.994048,37.565397],[126.993701,37.565532],[126.993664,37.565594],[126.993861,37.565751],[126.993991,37.565935],[126.994202,37.565816],[126.994182,37.565736],[126.994537,37.565618],[126.99478,37.566091],[126.996034,37.56576]]]}},{"type":"Feature","properties":{"code":"11140159","name":"초동","guCode":"11020","guName":"중구","labelPoint":[126.992015,37.564585],"legalGuCode":"11140"},"geometry":{"type":"Polygon","coordinates":[[[126.993991,37.565935],[126.993861,37.565751],[126.993664,37.565594],[126.993701,37.565532],[126.994048,37.565397],[126.994039,37.565351],[126.994001,37.565355],[126.99388,37.565095],[126.993815,37.565113],[126.993758,37.565041],[126.993675,37.56507],[126.993346,37.565042],[126.993417,37.564453],[126.993114,37.564477],[126.993035,37.564315],[126.993178,37.564195],[126.993137,37.564115],[126.993192,37.564073],[126.993476,37.563981],[126.993451,37.563826],[126.9935,37.563804],[126.993481,37.56375],[126.993211,37.563582],[126.993164,37.563383],[126.99278,37.563415],[126.992716,37.563228],[126.992507,37.563267],[126.992486,37.563209],[126.992384,37.563234],[126.992329,37.563145],[126.99202,37.563198],[126.992007,37.563151],[126.991786,37.563168],[126.991551,37.563266],[126.991514,37.563234],[126.991403,37.563313],[126.991246,37.563299],[126.991152,37.564081],[126.990981,37.564108],[126.990718,37.564085],[126.990736,37.564322],[126.990613,37.564344],[126.990606,37.564498],[126.990653,37.564672],[126.99081,37.565063],[126.99104,37.565441],[126.991128,37.565417],[126.99111,37.565376],[126.991662,37.565234],[126.991691,37.56534],[126.992179,37.565116],[126.992775,37.565161],[126.992722,37.565586],[126.992812,37.565565],[126.992796,37.565497],[126.99286,37.565485],[126.992852,37.56555],[126.993313,37.565518],[126.99329,37.565437],[126.993404,37.565412],[126.993552,37.565664],[126.993617,37.566052],[126.993729,37.566051],[126.993991,37.565935]]]}},{"type":"Feature","properties":{"code":"11110133","name":"익선동","guCode":"11010","guName":"종로구","labelPoint":[126.989597,37.574434],"legalGuCode":"11110"},"geometry":{"type":"Polygon","coordinates":[[[126.990316,37.575599],[126.991014,37.573358],[126.990191,37.573125],[126.990222,37.572994],[126.990139,37.572932],[126.989328,37.572861],[126.989319,37.57309],[126.989386,37.573121],[126.98931,37.573387],[126.989426,37.573416],[126.989424,37.573553],[126.989347,37.573577],[126.989341,37.573702],[126.989178,37.573686],[126.989086,37.574083],[126.988771,37.574],[126.98861,37.574181],[126.988643,37.574195],[126.988388,37.574672],[126.988371,37.574993],[126.988453,37.575017],[126.98839,37.575385],[126.989636,37.575566],[126.990316,37.575599]]]}},{"type":"Feature","properties":{"code":"11110132","name":"운니동","guCode":"11010","guName":"종로구","labelPoint":[126.98829,37.576286],"legalGuCode":"11110"},"geometry":{"type":"Polygon","coordinates":[[[126.989265,37.577649],[126.989361,37.577132],[126.989899,37.577002],[126.990316,37.575599],[126.989112,37.575501],[126.9869,37.57513],[126.986659,37.575694],[126.986278,37.576879],[126.986985,37.577246],[126.987818,37.577531],[126.988774,37.577636],[126.989265,37.577649]]]}},{"type":"Feature","properties":{"code":"11110131","name":"권농동","guCode":"11010","guName":"종로구","labelPoint":[126.991275,37.576044],"legalGuCode":"11110"},"geometry":{"type":"Polygon","coordinates":[[[126.992795,37.577559],[126.992815,37.577533],[126.992543,37.577405],[126.992298,37.577235],[126.991889,37.576865],[126.991715,37.576648],[126.991429,37.575974],[126.991468,37.575693],[126.991674,37.575094],[126.992031,37.57449],[126.992537,37.573853],[126.99229,37.573778],[126.992271,37.573821],[126.992174,37.573809],[126.992175,37.573885],[126.992141,37.573883],[126.992138,37.573844],[126.991714,37.573741],[126.99158,37.574007],[126.991481,37.574608],[126.99135,37.575104],[126.99105,37.575629],[126.991098,37.576113],[126.991084,37.576363],[126.991049,37.576622],[126.990953,37.576864],[126.990943,37.577266],[126.99066,37.577577],[126.990859,37.577657],[126.990876,37.577634],[126.992142,37.578471],[126.992483,37.577913],[126.992795,37.577559]]]}},{"type":"Feature","properties":{"code":"11110130","name":"와룡동","guCode":"11010","guName":"종로구","labelPoint":[126.992788,37.580909],"legalGuCode":"11110"},"geometry":{"type":"Polygon","coordinates":[[[126.989374,37.587636],[126.989531,37.587492],[126.990428,37.587104],[126.993504,37.587327],[126.993405,37.587261],[126.993463,37.587191],[126.993383,37.587036],[126.993624,37.586725],[126.993487,37.586681],[126.993671,37.586496],[126.993928,37.585807],[126.994152,37.585493],[126.994579,37.585095],[126.994687,37.584891],[126.994832,37.584703],[126.994873,37.584731],[126.994832,37.584694],[126.995179,37.584256],[126.995835,37.583584],[126.995913,37.58362],[126.99597,37.583556],[126.995997,37.583571],[126.99607,37.583372],[126.996042,37.583366],[126.996163,37.583149],[126.99626,37.582841],[126.996362,37.58276],[126.996887,37.582845],[126.996781,37.582903],[126.996872,37.58286],[126.997187,37.582926],[126.997322,37.582867],[126.997553,37.582605],[126.997746,37.582174],[126.996649,37.581324],[126.996415,37.5811],[126.996333,37.5809],[126.996323,37.580555],[126.996632,37.578769],[126.997127,37.577072],[126.996772,37.576985],[126.996999,37.576524],[126.996047,37.576268],[126.995594,37.576199],[126.995463,37.576645],[126.995239,37.576782],[126.994792,37.576866],[126.994197,37.576862],[126.993751,37.576958],[126.99349,37.577131],[126.992992,37.577352],[126.992483,37.577913],[126.992142,37.578471],[126.990876,37.577634],[126.990859,37.577657],[126.99066,37.577577],[126.990943,37.577266],[126.990953,37.576864],[126.991049,37.576622],[126.991084,37.576363],[126.991098,37.576113],[126.99105,37.575629],[126.99135,37.575104],[126.991545,37.5742],[126.991374,37.574186],[126.991329,37.574296],[126.99075,37.574201],[126.989899,37.577002],[126.989361,37.577132],[126.989265,37.577649],[126.989266,37.578111],[126.989301,37.578195],[126.989225,37.578772],[126.989289,37.579297],[126.989279,37.579715],[126.989197,37.580369],[126.989187,37.580846],[126.989246,37.580918],[126.989476,37.58092],[126.989481,37.581335],[126.989439,37.581405],[126.989435,37.581651],[126.989459,37.581775],[126.98949,37.581772],[126.989678,37.582109],[126.98974,37.582318],[126.989662,37.582548],[126.989375,37.582913],[126.98937,37.58351],[126.989326,37.583682],[126.98904,37.584097],[126.988795,37.58489],[126.988774,37.585029],[126.988901,37.585604],[126.9884,37.585661],[126.988148,37.585611],[126.988111,37.58554],[126.987954,37.585557],[126.987948,37.585723],[126.987786,37.586198],[126.987875,37.586666],[126.987705,37.587118],[126.987727,37.587268],[126.988191,37.587325],[126.988731,37.587607],[126.989374,37.587636]]]}},{"type":"Feature","properties":{"code":"11110129","name":"견지동","guCode":"11010","guName":"종로구","labelPoint":[126.983228,37.573729],"legalGuCode":"11110"},"geometry":{"type":"Polygon","coordinates":[[[126.983009,37.575521],[126.983037,37.57544],[126.983003,37.575416],[126.983071,37.57525],[126.982977,37.575236],[126.98308,37.575081],[126.983002,37.575049],[126.983005,37.575019],[126.982805,37.574985],[126.982889,37.574418],[126.983225,37.574508],[126.983378,37.574493],[126.983483,37.574546],[126.983565,37.574428],[126.983702,37.574485],[126.983786,37.574404],[126.983868,37.574218],[126.983766,37.574184],[126.983818,37.574049],[126.983763,37.574037],[126.983824,37.57381],[126.983881,37.573773],[126.984061,37.573434],[126.984111,37.573448],[126.984214,37.573218],[126.983935,37.573101],[126.984114,37.572687],[126.983678,37.572552],[126.98373,37.572378],[126.983922,37.572434],[126.983964,37.572314],[126.984223,37.572395],[126.984295,37.572256],[126.984088,37.572166],[126.983918,37.572184],[126.983569,37.572108],[126.983464,37.572271],[126.983171,37.57224],[126.983172,37.571945],[126.982311,37.572015],[126.982346,37.572135],[126.982312,37.572141],[126.98231,37.572236],[126.982255,37.57225],[126.982341,37.57259],[126.982285,37.572827],[126.982315,37.573037],[126.982431,37.573024],[126.982381,37.573396],[126.982594,37.573418],[126.982588,37.573527],[126.982671,37.573532],[126.982668,37.573601],[126.982641,37.573686],[126.982563,37.573676],[126.982533,37.5738],[126.982196,37.573771],[126.982176,37.573908],[126.982137,37.573932],[126.981925,37.573923],[126.981872,37.573954],[126.981889,37.574439],[126.982163,37.574459],[126.982186,37.574538],[126.982166,37.574659],[126.982113,37.574665],[126.982196,37.574854],[126.981926,37.574982],[126.981984,37.575052],[126.982043,37.575034],[126.982128,37.575093],[126.982258,37.57505],[126.982243,37.575152],[126.982552,37.575188],[126.982518,37.575346],[126.982661,37.575386],[126.98265,37.575455],[126.983009,37.575521]]]}},{"type":"Feature","properties":{"code":"11110128","name":"관훈동","guCode":"11010","guName":"종로구","labelPoint":[126.98497,37.574116],"legalGuCode":"11110"},"geometry":{"type":"Polygon","coordinates":[[[126.9843,37.576012],[126.984448,37.5758],[126.98457,37.575513],[126.984613,37.575222],[126.984831,37.575232],[126.984783,37.575404],[126.984987,37.575414],[126.984953,37.575504],[126.985332,37.575599],[126.985395,37.575372],[126.985499,37.575387],[126.985582,37.575083],[126.985632,37.575071],[126.985783,37.574697],[126.986353,37.573793],[126.986398,37.573733],[126.98656,37.573785],[126.986611,37.573714],[126.986691,37.573742],[126.986754,37.573648],[126.986339,37.573423],[126.986235,37.573286],[126.985558,37.572964],[126.985616,37.572822],[126.985532,37.572773],[126.985555,37.572677],[126.98533,37.57261],[126.98539,37.57233],[126.985116,37.572311],[126.984827,37.572374],[126.9847,37.572402],[126.984698,37.57248],[126.984377,37.572473],[126.984424,37.572334],[126.984274,37.572301],[126.984223,37.572395],[126.983964,37.572314],[126.983922,37.572434],[126.98373,37.572378],[126.983678,37.572552],[126.984114,37.572687],[126.983935,37.573101],[126.984214,37.573218],[126.984111,37.573448],[126.984061,37.573434],[126.983881,37.573773],[126.983824,37.57381],[126.983763,37.574037],[126.983818,37.574049],[126.983766,37.574184],[126.983868,37.574218],[126.983858,37.574265],[126.983702,37.574485],[126.983565,37.574428],[126.983483,37.574546],[126.983378,37.574493],[126.983225,37.574508],[126.982889,37.574418],[126.982805,37.574985],[126.983005,37.575019],[126.983002,37.575049],[126.98308,37.575081],[126.982977,37.575236],[126.983071,37.57525],[126.983003,37.575416],[126.983037,37.57544],[126.983009,37.575521],[126.9843,37.576012]]]}},{"type":"Feature","properties":{"code":"11290134","name":"길음동","guCode":"11080","guName":"성북구","labelPoint":[127.023254,37.608524],"legalGuCode":"11290"},"geometry":{"type":"Polygon","coordinates":[[[127.016907,37.614819],[127.017038,37.614748],[127.017096,37.614788],[127.017319,37.614676],[127.017557,37.614624],[127.017818,37.614391],[127.017809,37.614351],[127.018145,37.613999],[127.018472,37.613834],[127.018542,37.613858],[127.018619,37.613797],[127.018808,37.613782],[127.019,37.613854],[127.019228,37.613798],[127.019522,37.613327],[127.01987,37.613234],[127.020013,37.613013],[127.020338,37.612859],[127.020398,37.612597],[127.020672,37.612511],[127.021554,37.612437],[127.021911,37.612327],[127.02197,37.612275],[127.022136,37.611381],[127.022416,37.611443],[127.022501,37.611367],[127.022735,37.611513],[127.023439,37.611732],[127.023917,37.611965],[127.024237,37.612059],[127.02448,37.61208],[127.024565,37.612141],[127.024666,37.612153],[127.024995,37.612029],[127.025181,37.612014],[127.025744,37.612138],[127.026037,37.61224],[127.026164,37.612481],[127.026434,37.612694],[127.026711,37.6127],[127.027205,37.61257],[127.027472,37.612541],[127.027709,37.612605],[127.028005,37.612558],[127.028162,37.612574],[127.028676,37.612446],[127.029437,37.612376],[127.03018,37.612362],[127.030345,37.611297],[127.03027,37.6089],[127.030231,37.608901],[127.030231,37.608851],[127.029941,37.608897],[127.029883,37.608582],[127.029397,37.607916],[127.02929,37.607876],[127.0291,37.60762],[127.028589,37.607187],[127.028321,37.606879],[127.027732,37.606336],[127.026862,37.605585],[127.026092,37.604938],[127.02536,37.604421],[127.025301,37.60422],[127.025422,37.604157],[127.025807,37.603632],[127.025163,37.602822],[127.024768,37.602503],[127.024339,37.60234],[127.023408,37.602147],[127.022647,37.602035],[127.022364,37.602028],[127.022231,37.60204],[127.022236,37.60207],[127.021357,37.602117],[127.020148,37.602286],[127.02011,37.602413],[127.018891,37.602776],[127.018974,37.603101],[127.018883,37.603313],[127.018711,37.603518],[127.01857,37.603617],[127.018396,37.603666],[127.017952,37.603647],[127.017679,37.603821],[127.017678,37.60391],[127.017883,37.604105],[127.017702,37.604273],[127.017584,37.604497],[127.01763,37.604555],[127.01794,37.604607],[127.017938,37.604556],[127.0182,37.604579],[127.018252,37.605064],[127.018219,37.6052],[127.018312,37.605134],[127.018301,37.60504],[127.018573,37.604891],[127.01921,37.605205],[127.019613,37.605223],[127.018996,37.605362],[127.018534,37.605959],[127.018002,37.60633],[127.017796,37.606336],[127.017584,37.606152],[127.017442,37.605899],[127.017172,37.605954],[127.017194,37.606072],[127.017083,37.606135],[127.016854,37.606176],[127.017051,37.606357],[127.017152,37.606627],[127.017163,37.606676],[127.017018,37.606866],[127.016996,37.606847],[127.016902,37.60691],[127.016881,37.606825],[127.016719,37.606807],[127.016739,37.606842],[127.016574,37.606877],[127.016556,37.606852],[127.016056,37.606989],[127.016077,37.607024],[127.015792,37.607163],[127.015901,37.607395],[127.015998,37.607377],[127.016398,37.607632],[127.016446,37.607698],[127.016443,37.607877],[127.016558,37.608289],[127.016686,37.608467],[127.016603,37.608726],[127.016307,37.608813],[127.016325,37.609239],[127.01612,37.609632],[127.015736,37.609991],[127.015338,37.610184],[127.015236,37.610274],[127.01495,37.610955],[127.014934,37.611324],[127.014571,37.611832],[127.014447,37.612526],[127.014593,37.613226],[127.014403,37.613688],[127.014721,37.614054],[127.014817,37.614218],[127.014477,37.614682],[127.015254,37.614675],[127.015965,37.614764],[127.016114,37.614862],[127.016459,37.614884],[127.016523,37.614942],[127.016907,37.614819]]]}},{"type":"Feature","properties":{"code":"11290133","name":"정릉동","guCode":"11080","guName":"성북구","labelPoint":[126.997466,37.616614],"legalGuCode":"11290"},"geometry":{"type":"Polygon","coordinates":[[[127.019613,37.605223],[127.01921,37.605205],[127.018573,37.604891],[127.018301,37.60504],[127.018312,37.605134],[127.018219,37.6052],[127.018252,37.605064],[127.0182,37.604579],[127.017938,37.604556],[127.01794,37.604607],[127.01763,37.604555],[127.017584,37.604497],[127.017702,37.604273],[127.017883,37.604105],[127.017678,37.60391],[127.017679,37.603821],[127.017952,37.603647],[127.018396,37.603666],[127.01857,37.603617],[127.018711,37.603518],[127.018883,37.603313],[127.018974,37.603101],[127.018891,37.602776],[127.02011,37.602413],[127.020148,37.602286],[127.021972,37.602061],[127.022002,37.601778],[127.021966,37.601746],[127.021984,37.601566],[127.021751,37.601361],[127.021649,37.601365],[127.021575,37.601315],[127.021446,37.601096],[127.021617,37.600486],[127.021488,37.600229],[127.021265,37.60009],[127.020894,37.600207],[127.020682,37.60015],[127.020248,37.599395],[127.020027,37.599241],[127.01988,37.599157],[127.019625,37.599157],[127.019334,37.599044],[127.019335,37.599001],[127.019281,37.599007],[127.019033,37.598712],[127.018583,37.598596],[127.018526,37.598616],[127.018663,37.598822],[127.018659,37.598873],[127.018504,37.598656],[127.018409,37.598693],[127.0185,37.598801],[127.01843,37.598858],[127.018506,37.599004],[127.018426,37.598885],[127.018262,37.598957],[127.018308,37.599066],[127.017808,37.599259],[127.017711,37.599147],[127.017627,37.599192],[127.017214,37.598741],[127.017152,37.598785],[127.017173,37.598811],[127.016692,37.599105],[127.016165,37.599649],[127.015629,37.599933],[127.015346,37.60003],[127.014966,37.600275],[127.014349,37.600257],[127.013897,37.600102],[127.013796,37.600527],[127.013738,37.600578],[127.014072,37.600862],[127.013831,37.601163],[127.013742,37.601119],[127.013113,37.601751],[127.012696,37.601745],[127.012631,37.601868],[127.012481,37.601773],[127.012037,37.601245],[127.011813,37.601159],[127.011369,37.6011],[127.011352,37.600964],[127.011396,37.600734],[127.011332,37.600381],[127.011232,37.600181],[127.011323,37.599941],[127.011299,37.599871],[127.011338,37.599718],[127.011713,37.599689],[127.01134,37.599698],[127.011378,37.599521],[127.011336,37.599246],[127.011383,37.599002],[127.011355,37.598742],[127.011207,37.598713],[127.011067,37.598391],[127.010691,37.598424],[127.010429,37.598701],[127.010113,37.598747],[127.00985,37.598963],[127.009562,37.5991],[127.009456,37.599113],[127.009106,37.599133],[127.008925,37.59898],[127.008497,37.598843],[127.007941,37.598903],[127.007043,37.598654],[127.006758,37.598722],[127.006228,37.598453],[127.005858,37.598091],[127.005903,37.597624],[127.005478,37.597586],[127.005192,37.597377],[127.005554,37.597091],[127.004701,37.597191],[127.004147,37.597681],[127.00349,37.598042],[127.003392,37.598582],[127.002917,37.598906],[127.00275,37.599261],[127.002192,37.599507],[127.002071,37.600047],[127.001755,37.600411],[127.001417,37.6006],[127.001234,37.601097],[127.001081,37.60139],[127.000303,37.60145],[127.000266,37.601563],[126.999946,37.60165],[126.999279,37.601426],[126.998749,37.601376],[126.998239,37.601761],[126.997728,37.602085],[126.997346,37.602173],[126.996891,37.602168],[126.996068,37.602339],[126.995988,37.602364],[126.995745,37.602626],[126.995553,37.602715],[126.994705,37.602475],[126.994188,37.602764],[126.99401,37.603141],[126.993687,37.603155],[126.993453,37.603216],[126.993078,37.603614],[126.992956,37.603557],[126.992607,37.603648],[126.992555,37.603697],[126.992249,37.603662],[126.99195,37.603741],[126.991405,37.603749],[126.991202,37.603892],[126.990849,37.604045],[126.989832,37.603888],[126.989201,37.603867],[126.988681,37.60402],[126.98852,37.604196],[126.988398,37.604222],[126.988384,37.604149],[126.988197,37.603995],[126.987595,37.603986],[126.987175,37.603883],[126.986668,37.604025],[126.986787,37.604511],[126.986665,37.605067],[126.986755,37.606087],[126.986309,37.606508],[126.986374,37.606863],[126.986112,37.607391],[126.98625,37.607722],[126.98634,37.60783],[126.986395,37.607837],[126.986356,37.607849],[126.986703,37.608277],[126.986834,37.60887],[126.986301,37.609147],[126.985872,37.609464],[126.985858,37.610165],[126.985787,37.610898],[126.985648,37.611379],[126.986179,37.612981],[126.986138,37.613223],[126.986408,37.613547],[126.986584,37.613979],[126.985414,37.615141],[126.985163,37.615504],[126.984543,37.615999],[126.984399,37.616873],[126.983723,37.61777],[126.983163,37.619253],[126.983175,37.620199],[126.983648,37.621147],[126.98183,37.624323],[126.980908,37.62539],[126.979603,37.626375],[126.979868,37.627452],[126.980186,37.627928],[126.97993,37.628561],[126.979528,37.628893],[126.978418,37.629289],[126.974956,37.629],[126.974671,37.629805],[126.975073,37.631183],[126.975365,37.631696],[126.97558,37.631753],[126.975828,37.632009],[126.976224,37.632232],[126.977006,37.632969],[126.977331,37.633583],[126.977804,37.633911],[126.978458,37.634046],[126.979198,37.634079],[126.979652,37.634207],[126.980049,37.634418],[126.98019,37.634553],[126.980607,37.634816],[126.981122,37.63486],[126.981415,37.63483],[126.981513,37.634721],[126.981679,37.634935],[126.982041,37.635157],[126.98216,37.635281],[126.98229,37.635535],[126.982515,37.635741],[126.982516,37.635786],[126.982609,37.635824],[126.982788,37.635809],[126.983132,37.636105],[126.983547,37.636321],[126.983587,37.636412],[126.983706,37.636457],[126.983959,37.636438],[126.985918,37.635789],[126.986362,37.63546],[126.987429,37.634963],[126.988179,37.634489],[126.988391,37.634193],[126.988572,37.633792],[126.988737,37.633942],[126.9894,37.634036],[126.989459,37.634001],[126.989847,37.633452],[126.989934,37.632799],[126.990707,37.632666],[126.991367,37.63261],[126.991842,37.632282],[126.993722,37.631448],[126.994102,37.63112],[126.994257,37.630847],[126.994745,37.630519],[126.995389,37.630246],[126.996041,37.629347],[126.996504,37.629087],[126.996778,37.628662],[126.997564,37.628057],[126.997895,37.627538],[126.998486,37.627079],[126.999267,37.626193],[126.999849,37.62604],[127.000204,37.625815],[127.000698,37.625696],[127.001762,37.625645],[127.002134,37.625429],[127.002977,37.625272],[127.003517,37.624928],[127.003887,37.624226],[127.004413,37.624057],[127.004562,37.624079],[127.00488,37.623824],[127.005183,37.624003],[127.005565,37.623846],[127.005714,37.623982],[127.00733,37.624132],[127.007856,37.624022],[127.007896,37.623985],[127.0079,37.623759],[127.007744,37.623348],[127.007787,37.622944],[127.007554,37.622691],[127.007629,37.622256],[127.007444,37.621763],[127.007577,37.621471],[127.007408,37.62139],[127.007322,37.62104],[127.007203,37.620861],[127.007324,37.620687],[127.007214,37.620512],[127.007284,37.620398],[127.007611,37.619999],[127.007864,37.61986],[127.007752,37.619631],[127.007944,37.61941],[127.008167,37.619319],[127.008405,37.619112],[127.008481,37.618974],[127.008553,37.618672],[127.008652,37.618575],[127.009074,37.618286],[127.009538,37.618208],[127.010053,37.617658],[127.010004,37.617275],[127.010143,37.617065],[127.0101,37.616851],[127.010136,37.616802],[127.010235,37.6168],[127.010938,37.616288],[127.01141,37.616428],[127.011814,37.616317],[127.012092,37.616],[127.012832,37.615667],[127.013399,37.615535],[127.01362,37.615418],[127.014186,37.614978],[127.014199,37.614868],[127.014477,37.614682],[127.014817,37.614218],[127.014721,37.614054],[127.014403,37.613688],[127.014593,37.613226],[127.014446,37.612534],[127.014571,37.611832],[127.014934,37.611324],[127.01495,37.610955],[127.015265,37.610228],[127.015736,37.609991],[127.01612,37.609632],[127.016325,37.609239],[127.016307,37.608813],[127.016603,37.608726],[127.016686,37.608467],[127.016558,37.608289],[127.016443,37.607877],[127.016446,37.607698],[127.016398,37.607632],[127.015998,37.607377],[127.015901,37.607395],[127.015792,37.607163],[127.016077,37.607024],[127.016056,37.606989],[127.016556,37.606852],[127.016574,37.606877],[127.016739,37.606842],[127.016719,37.606807],[127.016881,37.606825],[127.016902,37.60691],[127.016996,37.606847],[127.017018,37.606866],[127.017163,37.606676],[127.017152,37.606627],[127.017051,37.606357],[127.016854,37.606176],[127.017083,37.606135],[127.017194,37.606072],[127.017172,37.605954],[127.017442,37.605899],[127.017584,37.606152],[127.017796,37.606336],[127.018002,37.60633],[127.018534,37.605959],[127.018996,37.605362],[127.019613,37.605223]]]}},{"type":"Feature","properties":{"code":"11290132","name":"보문동3가","guCode":"11080","guName":"성북구","labelPoint":[127.016335,37.584387],"legalGuCode":"11290"},"geometry":{"type":"Polygon","coordinates":[[[127.01662,37.586978],[127.016868,37.586505],[127.016822,37.586494],[127.016953,37.586422],[127.016937,37.586368],[127.017382,37.58555],[127.017416,37.585549],[127.017401,37.585501],[127.018357,37.583741],[127.017869,37.583344],[127.01777,37.583288],[127.017478,37.583283],[127.017395,37.583186],[127.01733,37.582841],[127.017356,37.582541],[127.017505,37.582069],[127.017234,37.581835],[127.017087,37.581858],[127.016698,37.581679],[127.016358,37.581936],[127.015612,37.581779],[127.015374,37.581821],[127.015317,37.581987],[127.0151,37.582149],[127.014998,37.582154],[127.014828,37.582325],[127.014975,37.582499],[127.015071,37.582556],[127.014925,37.58276],[127.014772,37.582802],[127.014646,37.582975],[127.014699,37.583395],[127.014803,37.583494],[127.014829,37.58363],[127.014731,37.584131],[127.014661,37.584293],[127.014667,37.584481],[127.014869,37.584498],[127.014939,37.584644],[127.015592,37.585175],[127.015549,37.585209],[127.01553,37.585519],[127.015793,37.585927],[127.016032,37.586045],[127.016039,37.586099],[127.016141,37.586179],[127.016118,37.586234],[127.015952,37.586319],[127.015973,37.586487],[127.016108,37.58645],[127.016398,37.586476],[127.016429,37.586617],[127.016355,37.586765],[127.01662,37.586978]]]}},{"type":"Feature","properties":{"code":"11290131","name":"보문동2가","guCode":"11080","guName":"성북구","labelPoint":[127.018103,37.585959],"legalGuCode":"11290"},"geometry":{"type":"Polygon","coordinates":[[[127.018654,37.583844],[127.018357,37.583741],[127.017401,37.585501],[127.017416,37.585549],[127.017382,37.58555],[127.016937,37.586368],[127.016953,37.586422],[127.016822,37.586494],[127.016868,37.586505],[127.016621,37.586972],[127.017771,37.587899],[127.017878,37.587951],[127.018256,37.587428],[127.019947,37.58429],[127.018654,37.583844]]]}},{"type":"Feature","properties":{"code":"11290130","name":"보문동1가","guCode":"11080","guName":"성북구","labelPoint":[127.019987,37.585888],"legalGuCode":"11290"},"geometry":{"type":"Polygon","coordinates":[[[127.018789,37.588701],[127.019887,37.587848],[127.020132,37.587603],[127.020353,37.587297],[127.020471,37.587074],[127.021304,37.584702],[127.02116,37.584702],[127.019947,37.58429],[127.018256,37.587428],[127.017878,37.587951],[127.018789,37.588701]]]}},{"type":"Feature","properties":{"code":"11140158","name":"충무로3가","guCode":"11020","guName":"중구","labelPoint":[126.991357,37.562269],"legalGuCode":"11140"},"geometry":{"type":"Polygon","coordinates":[[[126.993093,37.563391],[126.993079,37.563272],[126.993134,37.563247],[126.993099,37.563084],[126.993444,37.563017],[126.993472,37.56308],[126.993529,37.56308],[126.993386,37.562644],[126.993593,37.562515],[126.993585,37.562134],[126.993161,37.562177],[126.993172,37.561962],[126.992788,37.561992],[126.99273,37.56172],[126.992279,37.561784],[126.992342,37.562325],[126.992316,37.562329],[126.992302,37.562214],[126.991492,37.562146],[126.991652,37.561904],[126.991668,37.561819],[126.991631,37.561116],[126.990971,37.561081],[126.990613,37.561121],[126.990551,37.56117],[126.990287,37.563176],[126.991252,37.563249],[126.991246,37.563299],[126.991403,37.563313],[126.991514,37.563234],[126.991551,37.563266],[126.99178,37.563169],[126.992007,37.563151],[126.99202,37.563198],[126.992329,37.563145],[126.992384,37.563234],[126.992486,37.563209],[126.992507,37.563267],[126.992716,37.563228],[126.99278,37.563415],[126.993093,37.563391]]]}},{"type":"Feature","properties":{"code":"11140157","name":"산림동","guCode":"11020","guName":"중구","labelPoint":[126.996192,37.567417],"legalGuCode":"11140"},"geometry":{"type":"Polygon","coordinates":[[[126.996329,37.568654],[126.996339,37.568486],[126.99642,37.568345],[126.996975,37.568253],[126.997293,37.568052],[126.997714,37.567884],[126.997821,37.567217],[126.99556,37.566895],[126.994482,37.566567],[126.994622,37.567616],[126.994588,37.568512],[126.996329,37.568654]]]}},{"type":"Feature","properties":{"code":"11110127","name":"공평동","guCode":"11010","guName":"종로구","labelPoint":[126.983215,37.57135],"legalGuCode":"11110"},"geometry":{"type":"Polygon","coordinates":[[[126.982311,37.572015],[126.983172,37.571945],[126.983171,37.57224],[126.983464,37.572271],[126.983569,37.572108],[126.983918,37.572184],[126.984088,37.572166],[126.98424,37.572231],[126.984335,37.572008],[126.98442,37.571983],[126.984438,37.571932],[126.984496,37.571942],[126.984549,37.571512],[126.98463,37.571447],[126.984382,37.571147],[126.984181,37.570767],[126.984113,37.570511],[126.982806,37.5705],[126.982617,37.57038],[126.982209,37.570375],[126.982162,37.5705],[126.982046,37.570505],[126.981993,37.570743],[126.981804,37.570991],[126.981902,37.571151],[126.981906,37.571252],[126.981802,37.571669],[126.981966,37.571716],[126.981964,37.571866],[126.982062,37.571874],[126.982075,37.57204],[126.982311,37.572015]]]}},{"type":"Feature","properties":{"code":"11110126","name":"종로1가","guCode":"11010","guName":"종로구","labelPoint":[126.978054,37.570692],"legalGuCode":"11110"},"geometry":{"type":"Polygon","coordinates":[[[126.982046,37.570505],[126.982162,37.5705],[126.982209,37.570375],[126.982617,37.57038],[126.982806,37.5705],[126.983127,37.570505],[126.983114,37.570286],[126.98306,37.570286],[126.982977,37.570163],[126.982959,37.569993],[126.979209,37.570006],[126.977919,37.569939],[126.97788,37.570024],[126.977613,37.570045],[126.977654,37.570515],[126.977628,37.57064],[126.977537,37.570745],[126.977509,37.571452],[126.978487,37.571442],[126.978535,37.570521],[126.982046,37.570505]]]}},{"type":"Feature","properties":{"code":"11110125","name":"중학동","guCode":"11010","guName":"종로구","labelPoint":[126.979723,37.575244],"legalGuCode":"11110"},"geometry":{"type":"Polygon","coordinates":[[[126.980551,37.576106],[126.980956,37.575937],[126.981374,37.575701],[126.980978,37.575506],[126.980494,37.575172],[126.97981,37.574591],[126.979435,37.574324],[126.97925,37.574248],[126.979042,37.574247],[126.978498,37.574336],[126.978592,37.574612],[126.978959,37.575113],[126.978787,37.575316],[126.978544,37.575904],[126.979132,37.576006],[126.979861,37.576053],[126.980244,37.576138],[126.980551,37.576106]]]}},{"type":"Feature","properties":{"code":"11110124","name":"수송동","guCode":"11010","guName":"종로구","labelPoint":[126.980322,37.573845],"legalGuCode":"11110"},"geometry":{"type":"Polygon","coordinates":[[[126.98265,37.575455],[126.982661,37.575386],[126.982518,37.575346],[126.982552,37.575188],[126.982243,37.575152],[126.982258,37.57505],[126.982128,37.575093],[126.982043,37.575034],[126.981984,37.575052],[126.981926,37.574982],[126.982196,37.574854],[126.982113,37.574665],[126.982166,37.574659],[126.982186,37.574538],[126.982163,37.574459],[126.981889,37.574439],[126.981872,37.573954],[126.981925,37.573923],[126.982137,37.573932],[126.982176,37.573908],[126.982196,37.573771],[126.982533,37.5738],[126.982563,37.573676],[126.982641,37.573686],[126.982668,37.573601],[126.982671,37.573532],[126.982588,37.573527],[126.982594,37.573418],[126.982381,37.573396],[126.982431,37.573024],[126.982315,37.573037],[126.982285,37.572827],[126.982341,37.57259],[126.982255,37.57225],[126.98231,37.572236],[126.982312,37.572141],[126.982346,37.572135],[126.982311,37.572015],[126.981906,37.572088],[126.981788,37.572188],[126.981291,37.572351],[126.98118,37.572162],[126.980964,37.57221],[126.980801,37.57231],[126.98073,37.572257],[126.980554,37.572434],[126.980241,37.572265],[126.980088,37.572563],[126.979989,37.57252],[126.979075,37.572455],[126.979076,37.572428],[126.978477,37.572436],[126.978496,37.573147],[126.978456,37.573889],[126.978498,37.574336],[126.979042,37.574247],[126.97925,37.574248],[126.979435,37.574324],[126.97981,37.574591],[126.980494,37.575172],[126.980978,37.575506],[126.981374,37.575701],[126.981968,37.575511],[126.98265,37.575455]]]}},{"type":"Feature","properties":{"code":"11290129","name":"보문동7가","guCode":"11080","guName":"성북구","labelPoint":[127.022532,37.5796],"legalGuCode":"11290"},"geometry":{"type":"Polygon","coordinates":[[[127.022783,37.581388],[127.023794,37.579564],[127.023939,37.579422],[127.024407,37.579188],[127.023304,37.578428],[127.023222,37.578108],[127.022973,37.577827],[127.022883,37.577827],[127.02253,37.578084],[127.022757,37.578335],[127.022513,37.578441],[127.022327,37.578629],[127.021961,37.578752],[127.021794,37.578871],[127.021788,37.578923],[127.021861,37.578983],[127.021663,37.579171],[127.021453,37.579252],[127.021336,37.579442],[127.021257,37.579706],[127.021285,37.57985],[127.021215,37.579896],[127.020953,37.579787],[127.020939,37.579815],[127.020715,37.579706],[127.020676,37.579636],[127.0206,37.579723],[127.0206,37.579824],[127.020202,37.580509],[127.022783,37.581388]]]}},{"type":"Feature","properties":{"code":"11290128","name":"보문동6가","guCode":"11080","guName":"성북구","labelPoint":[127.018665,37.580637],"legalGuCode":"11290"},"geometry":{"type":"Polygon","coordinates":[[[127.018357,37.583741],[127.018995,37.5829],[127.019934,37.580956],[127.0206,37.579824],[127.0206,37.579723],[127.020676,37.579636],[127.020715,37.579706],[127.020839,37.579774],[127.021215,37.579896],[127.021298,37.579831],[127.021254,37.579718],[127.021374,37.579357],[127.021453,37.579252],[127.021663,37.579171],[127.021861,37.578983],[127.021788,37.578923],[127.021794,37.578871],[127.021262,37.578819],[127.019371,37.57808],[127.019502,37.577908],[127.019187,37.577814],[127.019187,37.577762],[127.018914,37.577657],[127.018772,37.577518],[127.018418,37.577671],[127.018107,37.577578],[127.018019,37.577737],[127.017779,37.577961],[127.017806,37.577977],[127.017693,37.578113],[127.017802,37.578291],[127.018152,37.578615],[127.01828,37.579029],[127.017972,37.579516],[127.017577,37.579719],[127.017304,37.580248],[127.017277,37.580553],[127.017138,37.580722],[127.016868,37.580877],[127.016925,37.581038],[127.016812,37.581176],[127.016828,37.58143],[127.016698,37.581679],[127.017087,37.581858],[127.017234,37.581835],[127.017505,37.582069],[127.017364,37.58249],[127.01733,37.582841],[127.017367,37.583133],[127.017438,37.583244],[127.017478,37.583283],[127.01777,37.583288],[127.018357,37.583741]]]}},{"type":"Feature","properties":{"code":"11290127","name":"보문동5가","guCode":"11080","guName":"성북구","labelPoint":[127.020305,37.581999],"legalGuCode":"11290"},"geometry":{"type":"Polygon","coordinates":[[[127.019817,37.584244],[127.019947,37.58429],[127.021666,37.581098],[127.021922,37.581098],[127.020202,37.580509],[127.019934,37.580956],[127.018995,37.5829],[127.018357,37.583741],[127.019817,37.584244]]]}},{"type":"Feature","properties":{"code":"11290126","name":"보문동4가","guCode":"11080","guName":"성북구","labelPoint":[127.021683,37.58226],"legalGuCode":"11290"},"geometry":{"type":"Polygon","coordinates":[[[127.021304,37.584702],[127.021868,37.583133],[127.022783,37.581388],[127.021922,37.581098],[127.021666,37.581098],[127.019947,37.58429],[127.02116,37.584702],[127.021304,37.584702]]]}},{"type":"Feature","properties":{"code":"11290125","name":"안암동5가","guCode":"11080","guName":"성북구","labelPoint":[127.03039,37.588454],"legalGuCode":"11290"},"geometry":{"type":"Polygon","coordinates":[[[127.025688,37.58858],[127.025656,37.588697],[127.02517,37.588917],[127.025042,37.589241],[127.024482,37.589775],[127.024379,37.589948],[127.02456,37.59033],[127.02396,37.59054],[127.023791,37.590722],[127.023696,37.590904],[127.023687,37.59144],[127.0239,37.591841],[127.023597,37.592328],[127.023828,37.592492],[127.024008,37.592822],[127.02444,37.593344],[127.02438,37.593485],[127.025536,37.594785],[127.025405,37.595209],[127.025217,37.595434],[127.025215,37.59555],[127.02527,37.595993],[127.025582,37.596166],[127.025641,37.596324],[127.025786,37.596265],[127.025954,37.596282],[127.02621,37.596223],[127.026742,37.595968],[127.027256,37.595513],[127.027524,37.595088],[127.027755,37.594487],[127.027974,37.594414],[127.028129,37.594439],[127.02848,37.594402],[127.028688,37.594505],[127.029111,37.59439],[127.029501,37.594578],[127.030013,37.594294],[127.029792,37.593703],[127.029975,37.592818],[127.030178,37.59267],[127.030246,37.592411],[127.030243,37.592235],[127.030358,37.592041],[127.030667,37.591931],[127.031248,37.591603],[127.031683,37.59141],[127.031688,37.591009],[127.031845,37.590839],[127.031832,37.590594],[127.032474,37.590537],[127.032762,37.590619],[127.033337,37.590434],[127.033803,37.590506],[127.034125,37.590737],[127.034479,37.590693],[127.034721,37.590019],[127.034697,37.589337],[127.035143,37.589106],[127.035512,37.588985],[127.035543,37.58893],[127.033882,37.587515],[127.03351,37.587069],[127.033321,37.586719],[127.033033,37.586449],[127.032069,37.585863],[127.032261,37.58575],[127.032297,37.58567],[127.031873,37.585421],[127.031639,37.585357],[127.031588,37.585168],[127.031228,37.5847],[127.030979,37.58428],[127.029539,37.58268],[127.026422,37.580546],[127.026047,37.580919],[127.026226,37.58113],[127.026384,37.581434],[127.026287,37.581586],[127.026279,37.581729],[127.026036,37.581887],[127.025926,37.582048],[127.025767,37.582141],[127.025736,37.582285],[127.025351,37.582592],[127.025052,37.582589],[127.024643,37.582674],[127.024507,37.582987],[127.024127,37.583466],[127.024021,37.584038],[127.024031,37.584203],[127.02377,37.584753],[127.02376,37.584993],[127.023815,37.585141],[127.024232,37.585349],[127.024344,37.585494],[127.024443,37.585995],[127.024702,37.586214],[127.024894,37.586304],[127.025046,37.5863],[127.025237,37.586445],[127.025321,37.586933],[127.025443,37.587253],[127.025472,37.58746],[127.025749,37.587846],[127.0259,37.588185],[127.025782,37.588353],[127.02581,37.588555],[127.025688,37.58858]]]}},{"type":"Feature","properties":{"code":"11290124","name":"안암동4가","guCode":"11080","guName":"성북구","labelPoint":[127.024607,37.580055],"legalGuCode":"11290"},"geometry":{"type":"Polygon","coordinates":[[[127.026036,37.581887],[127.026279,37.581729],[127.026287,37.581586],[127.026384,37.581434],[127.026226,37.58113],[127.02607,37.580982],[127.026049,37.580902],[127.026422,37.580546],[127.024407,37.579188],[127.023939,37.579422],[127.023794,37.579564],[127.022758,37.581432],[127.024054,37.581664],[127.024135,37.581514],[127.024173,37.581513],[127.025228,37.581649],[127.026036,37.581887]]]}},{"type":"Feature","properties":{"code":"11140156","name":"입정동","guCode":"11020","guName":"중구","labelPoint":[126.992756,37.567655],"legalGuCode":"11140"},"geometry":{"type":"Polygon","coordinates":[[[126.994588,37.568512],[126.994626,37.567746],[126.99454,37.566999],[126.994364,37.567031],[126.994336,37.566938],[126.994109,37.566962],[126.994024,37.567024],[126.994023,37.567196],[126.993436,37.567236],[126.993482,37.567414],[126.993305,37.567453],[126.993151,37.567564],[126.993037,37.567297],[126.992539,37.567293],[126.992458,37.56745],[126.992299,37.567441],[126.992244,37.567428],[126.992157,37.567225],[126.992128,37.567226],[126.992149,37.567301],[126.992093,37.567323],[126.992157,37.567305],[126.992195,37.567399],[126.991935,37.567433],[126.991781,37.567395],[126.991556,37.567228],[126.991329,37.567186],[126.991282,37.567326],[126.990872,37.567359],[126.990912,37.567857],[126.990884,37.568202],[126.994588,37.568512]]]}},{"type":"Feature","properties":{"code":"11140155","name":"을지로3가","guCode":"11020","guName":"중구","labelPoint":[126.992093,37.566657],"legalGuCode":"11140"},"geometry":{"type":"Polygon","coordinates":[[[126.99454,37.566999],[126.994482,37.566567],[126.995086,37.566748],[126.994934,37.566354],[126.994639,37.56586],[126.994537,37.565618],[126.994182,37.565736],[126.994202,37.565816],[126.993912,37.565989],[126.993617,37.566052],[126.993552,37.565664],[126.993404,37.565412],[126.99329,37.565437],[126.993313,37.565518],[126.992852,37.56555],[126.99286,37.565485],[126.992796,37.565497],[126.992812,37.565565],[126.992722,37.565586],[126.992775,37.565161],[126.992179,37.565116],[126.991691,37.56534],[126.991662,37.565234],[126.99111,37.565376],[126.991128,37.565417],[126.99104,37.565441],[126.991001,37.565371],[126.990806,37.565455],[126.990784,37.565415],[126.990495,37.565499],[126.990469,37.56544],[126.990391,37.565411],[126.990047,37.565449],[126.990022,37.565395],[126.989944,37.565395],[126.989858,37.565422],[126.989855,37.565509],[126.989806,37.565513],[126.989805,37.566091],[126.989736,37.566283],[126.989678,37.566766],[126.99085,37.566826],[126.990815,37.567229],[126.990874,37.568073],[126.990911,37.568077],[126.990912,37.567857],[126.990872,37.567359],[126.991282,37.567326],[126.991329,37.567186],[126.991556,37.567228],[126.991781,37.567395],[126.991935,37.567433],[126.992195,37.567399],[126.992157,37.567305],[126.992093,37.567323],[126.992149,37.567301],[126.992128,37.567226],[126.992157,37.567225],[126.992244,37.567428],[126.992299,37.567441],[126.992458,37.56745],[126.992539,37.567293],[126.993037,37.567297],[126.993151,37.567564],[126.993305,37.567453],[126.993482,37.567414],[126.993436,37.567236],[126.994023,37.567196],[126.994024,37.567024],[126.994109,37.566962],[126.994336,37.566938],[126.994364,37.567031],[126.99454,37.566999]]]}},{"type":"Feature","properties":{"code":"11140154","name":"오장동","guCode":"11020","guName":"중구","labelPoint":[127.000692,37.564529],"legalGuCode":"11140"},"geometry":{"type":"MultiPolygon","coordinates":[[[[127.003179,37.56525],[127.002973,37.564883],[127.002849,37.564806],[127.002662,37.564895],[127.002713,37.564967],[127.00265,37.565025],[127.00274,37.565192],[127.0026,37.565233],[127.002695,37.565472],[127.003202,37.565299],[127.003179,37.56525]]],[[[127.001589,37.565659],[127.001605,37.565469],[127.002382,37.565506],[127.002563,37.563383],[127.002389,37.563139],[127.001802,37.563008],[127.001715,37.564092],[126.999085,37.563911],[126.999044,37.564398],[126.99886,37.564383],[126.998957,37.564426],[126.998881,37.564633],[126.998897,37.565048],[126.998992,37.565443],[126.999117,37.565653],[126.999708,37.565674],[126.999866,37.565783],[127.001571,37.565876],[127.001589,37.565659]]]]}},{"type":"Feature","properties":{"code":"11140153","name":"방산동","guCode":"11020","guName":"중구","labelPoint":[127.003016,37.568508],"legalGuCode":"11140"},"geometry":{"type":"Polygon","coordinates":[[[127.005354,37.569611],[127.005351,37.569308],[127.005303,37.569246],[127.005198,37.569281],[127.005121,37.569147],[127.005125,37.569006],[127.004922,37.568989],[127.004865,37.569028],[127.00486,37.569082],[127.0046,37.568789],[127.004549,37.568312],[127.004433,37.568095],[127.004209,37.568159],[127.003836,37.568336],[127.00368,37.568299],[127.003572,37.568204],[127.003397,37.56815],[127.002853,37.567696],[127.002501,37.567495],[127.00189,37.567662],[127.001792,37.567521],[127.001682,37.56754],[127.001645,37.567465],[127.001138,37.567622],[127.001069,37.567602],[127.00087,37.567685],[127.001324,37.568109],[127.001489,37.56836],[127.001435,37.568655],[127.001512,37.569005],[127.001446,37.569509],[127.002453,37.569623],[127.005354,37.569611]]]}},{"type":"Feature","properties":{"code":"11140152","name":"주교동","guCode":"11020","guName":"중구","labelPoint":[126.999121,37.568283],"legalGuCode":"11140"},"geometry":{"type":"Polygon","coordinates":[[[127.001446,37.569509],[127.001512,37.569005],[127.001435,37.568655],[127.001491,37.568486],[127.001468,37.568312],[127.001209,37.567984],[127.000788,37.567585],[127.000594,37.567177],[127.000499,37.567208],[127.000412,37.567066],[127.000341,37.567038],[127.000114,37.567135],[126.998637,37.567347],[126.997821,37.567217],[126.997714,37.567884],[126.997293,37.568052],[126.996975,37.568253],[126.99642,37.568345],[126.996332,37.568519],[126.996329,37.568654],[126.99823,37.568886],[127.001446,37.569509]]]}},{"type":"Feature","properties":{"code":"11140151","name":"을지로5가","guCode":"11020","guName":"중구","labelPoint":[127.002219,37.566756],"legalGuCode":"11140"},"geometry":{"type":"Polygon","coordinates":[[[127.004462,37.568108],[127.004187,37.567217],[127.004057,37.566617],[127.003886,37.566287],[127.003202,37.565299],[127.002739,37.565482],[127.002695,37.565472],[127.002626,37.56534],[127.00261,37.565518],[127.001605,37.565469],[127.001571,37.565876],[126.999866,37.565783],[127.000003,37.565987],[127.000086,37.56644],[127.000263,37.566684],[127.000438,37.566827],[127.000681,37.567402],[127.00087,37.567685],[127.001069,37.567602],[127.001138,37.567622],[127.001645,37.567465],[127.001682,37.56754],[127.001792,37.567521],[127.00189,37.567662],[127.002501,37.567495],[127.002853,37.567696],[127.003397,37.56815],[127.003572,37.568204],[127.00368,37.568299],[127.003836,37.568336],[127.004209,37.568159],[127.004394,37.568092],[127.004462,37.568108]]]}},{"type":"Feature","properties":{"code":"11110123","name":"서린동","guCode":"11010","guName":"종로구","labelPoint":[126.980301,37.569406],"legalGuCode":"11110"},"geometry":{"type":"Polygon","coordinates":[[[126.982959,37.569993],[126.98285,37.568975],[126.982039,37.569047],[126.981241,37.568986],[126.980564,37.568989],[126.978014,37.569181],[126.977626,37.569299],[126.977784,37.569512],[126.97772,37.569606],[126.977775,37.569781],[126.977789,37.570024],[126.97788,37.570024],[126.977919,37.569939],[126.978055,37.569933],[126.978419,37.569944],[126.978545,37.569994],[126.979209,37.570006],[126.982959,37.569993]]]}},{"type":"Feature","properties":{"code":"11110122","name":"청진동","guCode":"11010","guName":"종로구","labelPoint":[126.980192,37.571438],"legalGuCode":"11110"},"geometry":{"type":"Polygon","coordinates":[[[126.982075,37.57204],[126.982062,37.571874],[126.981964,37.571866],[126.981966,37.571716],[126.981802,37.571669],[126.981906,37.571252],[126.981902,37.571151],[126.981804,37.570991],[126.981993,37.570743],[126.982046,37.570505],[126.978535,37.570521],[126.978546,37.571289],[126.978502,37.571586],[126.978477,37.572436],[126.979076,37.572428],[126.979075,37.572455],[126.979989,37.57252],[126.980088,37.572563],[126.980241,37.572265],[126.980554,37.572434],[126.98073,37.572257],[126.980801,37.57231],[126.980964,37.57221],[126.98118,37.572162],[126.981291,37.572351],[126.981788,37.572188],[126.981906,37.572088],[126.982075,37.57204]]]}},{"type":"Feature","properties":{"code":"11110121","name":"신문로2가","guCode":"11010","guName":"종로구","labelPoint":[126.969136,37.571077],"legalGuCode":"11110"},"geometry":{"type":"Polygon","coordinates":[[[126.965264,37.572783],[126.965714,37.572992],[126.965912,37.572687],[126.965969,37.572452],[126.966137,37.572146],[126.966418,37.572142],[126.966851,37.572038],[126.967078,37.572157],[126.967201,37.572479],[126.967379,37.572671],[126.967378,37.57287],[126.96766,37.573003],[126.967841,37.573018],[126.968291,37.573165],[126.968068,37.573502],[126.968196,37.573557],[126.968142,37.573729],[126.968546,37.573863],[126.968622,37.573649],[126.968895,37.573618],[126.968999,37.57373],[126.969248,37.573775],[126.969575,37.573924],[126.969808,37.573818],[126.969951,37.573892],[126.969939,37.573862],[126.970056,37.573816],[126.970271,37.573484],[126.970237,37.573436],[126.970248,37.57332],[126.970461,37.572806],[126.971036,37.572498],[126.97129,37.572407],[126.971594,37.572131],[126.971766,37.571893],[126.972051,37.571663],[126.972201,37.571466],[126.972152,37.570862],[126.972019,37.570667],[126.972039,37.570395],[126.972002,37.570208],[126.972104,37.570172],[126.972101,37.57007],[126.972027,37.570065],[126.972005,37.569922],[126.97185,37.569795],[126.971879,37.569724],[126.971916,37.569743],[126.971924,37.569657],[126.972207,37.56958],[126.972549,37.569353],[126.972617,37.569508],[126.973205,37.569319],[126.973192,37.569165],[126.972879,37.569193],[126.972806,37.568996],[126.972591,37.56906],[126.972419,37.568831],[126.972552,37.568475],[126.97249,37.568459],[126.971995,37.5684],[126.971662,37.56841],[126.971513,37.56871],[126.971225,37.568756],[126.971176,37.568819],[126.971056,37.56879],[126.970773,37.568603],[126.970341,37.568521],[126.969939,37.568316],[126.96976,37.568289],[126.969507,37.568157],[126.969424,37.568276],[126.969291,37.568198],[126.969275,37.568134],[126.968995,37.568345],[126.968743,37.568308],[126.968582,37.568353],[126.96845,37.568481],[126.968511,37.568481],[126.968336,37.568637],[126.967942,37.569182],[126.967792,37.569249],[126.967493,37.569232],[126.966809,37.56935],[126.966813,37.569384],[126.966624,37.569481],[126.966474,37.569625],[126.966459,37.569692],[126.96612,37.569929],[126.966085,37.570163],[126.965926,37.570531],[126.965903,37.57073],[126.966228,37.571293],[126.966224,37.57141],[126.965581,37.572006],[126.965457,37.572438],[126.965264,37.572783]]]}},{"type":"Feature","properties":{"code":"11110120","name":"신문로1가","guCode":"11010","guName":"종로구","labelPoint":[126.9741,37.57034],"legalGuCode":"11110"},"geometry":{"type":"Polygon","coordinates":[[[126.97185,37.569795],[126.972005,37.569922],[126.972027,37.570065],[126.972101,37.570069],[126.972104,37.570172],[126.972002,37.570207],[126.972039,37.570395],[126.972019,37.570666],[126.972152,37.570862],[126.972177,37.57143],[126.972201,37.571465],[126.972307,37.571437],[126.972432,37.571506],[126.972644,37.571409],[126.972686,37.57154],[126.973115,37.571454],[126.973086,37.571358],[126.973232,37.571329],[126.973284,37.571277],[126.973263,37.571108],[126.97361,37.571138],[126.973651,37.571005],[126.97385,37.571037],[126.973897,37.570935],[126.973993,37.570971],[126.974155,37.570788],[126.974414,37.570888],[126.97446,37.570652],[126.974506,37.570664],[126.97452,37.570627],[126.974786,37.57063],[126.975058,37.570735],[126.97515,37.570602],[126.975263,37.570632],[126.975311,37.570514],[126.975593,37.570617],[126.975917,37.57086],[126.976016,37.570732],[126.976263,37.57054],[126.976147,37.570285],[126.976158,37.570131],[126.976067,37.570109],[126.976071,37.569999],[126.976172,37.569987],[126.976137,37.569681],[126.976219,37.569483],[126.975828,37.569352],[126.975782,37.569407],[126.974705,37.5692],[126.974283,37.569246],[126.974295,37.569328],[126.974204,37.569339],[126.973206,37.569318],[126.972617,37.569507],[126.972549,37.569352],[126.972207,37.56958],[126.971924,37.569656],[126.971915,37.569743],[126.971879,37.569723],[126.97185,37.569795]]]}},{"type":"Feature","properties":{"code":"11110119","name":"세종로","guCode":"11010","guName":"종로구","labelPoint":[126.976901,37.579844],"legalGuCode":"11110"},"geometry":{"type":"Polygon","coordinates":[[[126.97556,37.589681],[126.976089,37.589735],[126.976374,37.589691],[126.976716,37.589439],[126.976787,37.589292],[126.97683,37.588946],[126.976896,37.588884],[126.976902,37.588807],[126.977037,37.588579],[126.977183,37.588527],[126.977551,37.5885],[126.977873,37.58824],[126.978085,37.587979],[126.978306,37.58782],[126.978543,37.587802],[126.978656,37.587584],[126.979096,37.587315],[126.979184,37.587123],[126.979184,37.586543],[126.979551,37.585974],[126.979614,37.585492],[126.979586,37.585382],[126.979218,37.585073],[126.979111,37.584962],[126.979069,37.584854],[126.979054,37.584701],[126.979162,37.584475],[126.979193,37.583996],[126.979268,37.583529],[126.9793,37.583519],[126.979261,37.583433],[126.979223,37.583427],[126.98,37.582835],[126.980345,37.582631],[126.980434,37.58255],[126.980479,37.582433],[126.980353,37.581796],[126.98007,37.580992],[126.980244,37.580899],[126.979673,37.57879],[126.979627,37.577234],[126.979654,37.576263],[126.97962,37.576043],[126.979132,37.576006],[126.978544,37.575904],[126.978787,37.575316],[126.978959,37.575113],[126.978592,37.574612],[126.978472,37.574215],[126.978475,37.572464],[126.978502,37.571586],[126.978546,37.571289],[126.978538,37.570661],[126.978504,37.570659],[126.978523,37.571176],[126.978487,37.571442],[126.977509,37.571452],[126.977537,37.570745],[126.977628,37.57064],[126.977654,37.570515],[126.977613,37.570045],[126.977789,37.570029],[126.977775,37.569781],[126.97772,37.569606],[126.977784,37.569512],[126.977672,37.569343],[126.977626,37.569299],[126.97758,37.569313],[126.977573,37.569258],[126.976445,37.569237],[126.976439,37.569362],[126.976375,37.569484],[126.9762,37.569455],[126.976206,37.569558],[126.976137,37.569681],[126.976172,37.569987],[126.976071,37.57],[126.976067,37.570109],[126.976158,37.570131],[126.976147,37.570285],[126.976263,37.570541],[126.976017,37.570732],[126.975681,37.571267],[126.975838,37.571424],[126.975866,37.571622],[126.975799,37.571623],[126.975466,37.572162],[126.975632,37.572207],[126.975599,37.572334],[126.975562,37.572332],[126.975546,37.572394],[126.975479,37.572383],[126.975479,37.572435],[126.975275,37.572379],[126.975208,37.57246],[126.975038,37.572448],[126.974968,37.572836],[126.974988,37.572934],[126.975403,37.572933],[126.975428,37.572967],[126.975364,37.573464],[126.975528,37.573494],[126.975417,37.574014],[126.975505,37.574055],[126.975453,37.574177],[126.97544,37.574359],[126.975323,37.574359],[126.975318,37.574409],[126.975157,37.574411],[126.975003,37.574392],[126.974998,37.574342],[126.974776,37.574349],[126.974785,37.574487],[126.97472,37.574508],[126.974742,37.574574],[126.974654,37.575095],[126.974725,37.575549],[126.974991,37.575672],[126.975109,37.575926],[126.9742,37.575948],[126.973725,37.581141],[126.973609,37.581737],[126.973532,37.581824],[126.9735,37.582898],[126.973551,37.582898],[126.973564,37.583234],[126.974038,37.583311],[126.97397,37.583593],[126.973997,37.583598],[126.974004,37.583931],[126.974209,37.584916],[126.974192,37.585069],[126.974426,37.585299],[126.974468,37.585487],[126.974375,37.585942],[126.974058,37.586493],[126.973956,37.586577],[126.974036,37.586632],[126.973973,37.586939],[126.97399,37.587085],[126.974153,37.58758],[126.974325,37.587858],[126.97434,37.588028],[126.974531,37.588385],[126.974544,37.588484],[126.974473,37.588604],[126.974489,37.588658],[126.974555,37.588712],[126.975107,37.588781],[126.975375,37.588853],[126.975406,37.588893],[126.975362,37.589239],[126.97556,37.589681]]]}},{"type":"Feature","properties":{"code":"11290123","name":"안암동3가","guCode":"11080","guName":"성북구","labelPoint":[127.02286,37.583752],"legalGuCode":"11290"},"geometry":{"type":"Polygon","coordinates":[[[127.024828,37.586273],[127.024702,37.586214],[127.024443,37.585995],[127.024344,37.585494],[127.024232,37.585349],[127.023815,37.585141],[127.02376,37.584993],[127.02377,37.584753],[127.024031,37.584203],[127.024021,37.584038],[127.024127,37.583466],[127.024507,37.582987],[127.024643,37.582674],[127.025052,37.582589],[127.025351,37.582592],[127.025736,37.582285],[127.025767,37.582141],[127.025926,37.582048],[127.026036,37.581887],[127.025228,37.581649],[127.024173,37.581513],[127.024135,37.581514],[127.024054,37.581664],[127.022758,37.581432],[127.021868,37.583133],[127.021273,37.584788],[127.022293,37.585341],[127.023581,37.585629],[127.023723,37.586465],[127.024828,37.586273]]]}},{"type":"Feature","properties":{"code":"11290122","name":"안암동2가","guCode":"11080","guName":"성북구","labelPoint":[127.022951,37.586819],"legalGuCode":"11290"},"geometry":{"type":"Polygon","coordinates":[[[127.024555,37.588815],[127.024628,37.588703],[127.025754,37.588473],[127.025717,37.588574],[127.02581,37.588555],[127.025782,37.588353],[127.0259,37.588185],[127.025749,37.587846],[127.025472,37.58746],[127.025443,37.587253],[127.025321,37.586933],[127.025237,37.586445],[127.025046,37.5863],[127.024828,37.586273],[127.023723,37.586465],[127.023581,37.585629],[127.022293,37.585341],[127.021273,37.584788],[127.020601,37.586706],[127.020602,37.5871],[127.02064,37.587049],[127.023522,37.588037],[127.023473,37.588305],[127.024023,37.588314],[127.024205,37.588886],[127.024555,37.588815]]]}},{"type":"Feature","properties":{"code":"11140150","name":"을지로4가","guCode":"11020","guName":"중구","labelPoint":[126.997514,37.566397],"legalGuCode":"11140"},"geometry":{"type":"Polygon","coordinates":[[[127.000594,37.567177],[127.000438,37.566827],[127.000263,37.566684],[127.000086,37.56644],[126.999977,37.565941],[126.999866,37.565783],[126.999708,37.565674],[126.998987,37.565652],[126.998068,37.565951],[126.997774,37.565654],[126.997461,37.565686],[126.997336,37.56555],[126.99676,37.565691],[126.99667,37.565439],[126.996338,37.565528],[126.996295,37.56555],[126.99627,37.565663],[126.995891,37.56581],[126.99478,37.566091],[126.994934,37.566354],[126.995086,37.566748],[126.995677,37.566918],[126.996649,37.567027],[126.998637,37.567347],[127.000114,37.567135],[127.000341,37.567038],[127.000412,37.567066],[127.000499,37.567208],[127.000594,37.567177]]]}},{"type":"Feature","properties":{"code":"11140149","name":"을지로7가","guCode":"11020","guName":"중구","labelPoint":[127.009763,37.566432],"legalGuCode":"11140"},"geometry":{"type":"Polygon","coordinates":[[[127.010329,37.568346],[127.010357,37.568255],[127.010589,37.568222],[127.01083,37.568032],[127.010999,37.567786],[127.011083,37.567552],[127.011197,37.566856],[127.011265,37.56667],[127.01164,37.566193],[127.011328,37.56585],[127.010753,37.565431],[127.010568,37.565022],[127.010439,37.565042],[127.010481,37.564941],[127.010145,37.564484],[127.009958,37.564494],[127.009848,37.564882],[127.009682,37.564863],[127.009575,37.564739],[127.009336,37.564821],[127.0093,37.564882],[127.009105,37.564833],[127.008517,37.564789],[127.007793,37.564995],[127.007358,37.565241],[127.007821,37.566102],[127.008938,37.567561],[127.009093,37.567676],[127.009895,37.568051],[127.010043,37.568186],[127.010306,37.568299],[127.01029,37.568348],[127.010329,37.568346]]]}},{"type":"Feature","properties":{"code":"11140148","name":"을지로6가","guCode":"11020","guName":"중구","labelPoint":[127.006384,37.567118],"legalGuCode":"11140"},"geometry":{"type":"Polygon","coordinates":[[[127.009835,37.569765],[127.010174,37.568841],[127.010329,37.568346],[127.01029,37.568348],[127.010306,37.568299],[127.010043,37.568186],[127.009895,37.568051],[127.009093,37.567676],[127.008938,37.567561],[127.007821,37.566102],[127.007358,37.565241],[127.006977,37.565509],[127.006694,37.565771],[127.005813,37.565906],[127.005766,37.565772],[127.005746,37.565449],[127.005522,37.565462],[127.004354,37.565711],[127.004409,37.565888],[127.004363,37.566013],[127.003794,37.566155],[127.004087,37.566684],[127.00407,37.566732],[127.004268,37.567504],[127.004549,37.568312],[127.0046,37.568789],[127.00486,37.569082],[127.004865,37.569028],[127.004922,37.568989],[127.005125,37.569006],[127.005121,37.569147],[127.005198,37.569281],[127.005303,37.569246],[127.005351,37.569308],[127.005354,37.569611],[127.006201,37.569612],[127.009835,37.569765]]]}},{"type":"Feature","properties":{"code":"11140147","name":"쌍림동","guCode":"11020","guName":"중구","labelPoint":[127.004514,37.563653],"legalGuCode":"11140"},"geometry":{"type":"Polygon","coordinates":[[[127.002626,37.56534],[127.0026,37.565233],[127.00274,37.565192],[127.00265,37.565025],[127.002713,37.564967],[127.002662,37.564895],[127.002832,37.564808],[127.003006,37.564882],[127.003149,37.564812],[127.003648,37.564694],[127.003709,37.564773],[127.003851,37.564745],[127.003903,37.564843],[127.004224,37.564779],[127.00424,37.564837],[127.004353,37.564816],[127.004345,37.564663],[127.004719,37.56457],[127.004689,37.56438],[127.004871,37.564346],[127.004857,37.564246],[127.005051,37.564223],[127.005046,37.564126],[127.005078,37.564109],[127.005373,37.564082],[127.00541,37.563918],[127.006009,37.563979],[127.00604,37.564035],[127.006447,37.564083],[127.006682,37.563987],[127.006621,37.563782],[127.006353,37.563525],[127.006167,37.56308],[127.006161,37.562942],[127.006206,37.562817],[127.006305,37.562713],[127.006451,37.562439],[127.006395,37.562251],[127.006264,37.562031],[127.006203,37.562041],[127.006138,37.562176],[127.006006,37.562264],[127.00601,37.562348],[127.00554,37.562478],[127.004803,37.562531],[127.003381,37.562433],[127.002496,37.562438],[127.002541,37.562581],[127.002399,37.56267],[127.002547,37.562858],[127.002475,37.56291],[127.002502,37.562977],[127.002667,37.563145],[127.002737,37.563284],[127.002389,37.563139],[127.002563,37.563383],[127.002382,37.565506],[127.00261,37.565518],[127.002626,37.56534]]]}},{"type":"Feature","properties":{"code":"11140146","name":"광희동2가","guCode":"11020","guName":"중구","labelPoint":[127.008332,37.563996],"legalGuCode":"11140"},"geometry":{"type":"Polygon","coordinates":[[[127.010057,37.564479],[127.009978,37.564078],[127.009935,37.563174],[127.010017,37.563155],[127.009981,37.563076],[127.009889,37.563102],[127.009714,37.563004],[127.009622,37.563084],[127.00956,37.562992],[127.009348,37.563084],[127.00925,37.562982],[127.009179,37.562965],[127.008874,37.563042],[127.008637,37.562931],[127.00821,37.562809],[127.007993,37.562679],[127.007786,37.562644],[127.007612,37.562968],[127.007498,37.563017],[127.007333,37.563446],[127.007126,37.56353],[127.007167,37.563715],[127.007142,37.563906],[127.007016,37.563914],[127.007002,37.56382],[127.00689,37.563784],[127.006833,37.563575],[127.006669,37.563549],[127.006599,37.563644],[127.006722,37.564123],[127.007039,37.564544],[127.007159,37.564882],[127.007358,37.565241],[127.007793,37.564995],[127.008517,37.564789],[127.009105,37.564833],[127.0093,37.564882],[127.009336,37.564821],[127.009575,37.564739],[127.009682,37.564863],[127.009848,37.564882],[127.009958,37.564494],[127.010057,37.564479]]]}},{"type":"Feature","properties":{"code":"11140145","name":"광희동1가","guCode":"11020","guName":"중구","labelPoint":[127.005129,37.564983],"legalGuCode":"11140"},"geometry":{"type":"Polygon","coordinates":[[[127.003794,37.566155],[127.004363,37.566013],[127.004409,37.565888],[127.004354,37.565711],[127.005522,37.565462],[127.005746,37.565449],[127.005766,37.565772],[127.005813,37.565906],[127.006694,37.565771],[127.006977,37.565509],[127.007358,37.565241],[127.007159,37.564882],[127.007039,37.564544],[127.006816,37.564286],[127.006682,37.563987],[127.006447,37.564083],[127.00604,37.564035],[127.006009,37.563979],[127.00541,37.563918],[127.005373,37.564082],[127.005078,37.564109],[127.005046,37.564126],[127.005051,37.564223],[127.004857,37.564246],[127.004871,37.564346],[127.004689,37.56438],[127.004719,37.56457],[127.004345,37.564663],[127.004353,37.564816],[127.00424,37.564837],[127.004224,37.564779],[127.003903,37.564843],[127.003851,37.564745],[127.003709,37.564773],[127.003648,37.564694],[127.002973,37.564883],[127.003112,37.565082],[127.003202,37.565299],[127.003794,37.566155]]]}},{"type":"Feature","properties":{"code":"11140144","name":"장충동2가","guCode":"11020","guName":"중구","labelPoint":[127.001201,37.555198],"legalGuCode":"11140"},"geometry":{"type":"Polygon","coordinates":[[[127.001802,37.563008],[127.002389,37.563139],[127.002737,37.563284],[127.002667,37.563145],[127.002502,37.562977],[127.002475,37.56291],[127.002547,37.562858],[127.002399,37.56267],[127.002541,37.562581],[127.002496,37.562438],[127.003381,37.562433],[127.004803,37.562531],[127.00554,37.562478],[127.00601,37.562348],[127.006006,37.562264],[127.006125,37.56219],[127.006247,37.562016],[127.005719,37.561469],[127.005593,37.561221],[127.005481,37.560822],[127.005416,37.559774],[127.005683,37.559634],[127.005625,37.559476],[127.005715,37.559487],[127.005777,37.55967],[127.005855,37.559641],[127.005891,37.559729],[127.006603,37.559073],[127.008215,37.558155],[127.008266,37.558177],[127.008161,37.557686],[127.008042,37.557695],[127.008248,37.557354],[127.008218,37.557043],[127.007906,37.556604],[127.007828,37.556548],[127.00764,37.556462],[127.007413,37.556482],[127.007171,37.556394],[127.006949,37.555905],[127.006837,37.555794],[127.006241,37.555566],[127.005836,37.555117],[127.005564,37.554952],[127.005412,37.554792],[127.005097,37.554562],[127.005011,37.554464],[127.005095,37.554408],[127.004716,37.553941],[127.004479,37.553776],[127.004451,37.55368],[127.004568,37.553024],[127.004389,37.552959],[127.004349,37.552807],[127.004377,37.552396],[127.004168,37.552099],[127.004036,37.551579],[127.004162,37.551261],[127.004353,37.550944],[127.004564,37.550899],[127.004667,37.55051],[127.004336,37.550211],[127.004185,37.550145],[127.003421,37.550019],[127.002828,37.549633],[127.002199,37.549711],[127.002003,37.549954],[127.001684,37.55006],[127.001353,37.550028],[127.001109,37.549898],[127.0008,37.550013],[127.000523,37.550021],[127.000124,37.549818],[126.999095,37.549733],[126.998909,37.549795],[126.998608,37.549709],[126.998325,37.549695],[126.99766,37.549362],[126.997429,37.549159],[126.997379,37.549001],[126.996748,37.548521],[126.996755,37.548239],[126.996691,37.548081],[126.996747,37.54797],[126.996698,37.547816],[126.996355,37.547449],[126.995225,37.547232],[126.994697,37.547365],[126.994459,37.547488],[126.994351,37.547647],[126.994305,37.54788],[126.994184,37.547998],[126.994009,37.54841],[126.993372,37.548811],[126.993111,37.549104],[126.992961,37.549518],[126.992366,37.550062],[126.992956,37.550399],[126.993505,37.551013],[126.993715,37.551324],[126.993844,37.551637],[126.994284,37.552135],[126.994741,37.552445],[126.994933,37.552666],[126.994931,37.553447],[126.99499,37.553664],[126.995234,37.553946],[126.995259,37.554107],[126.995358,37.554225],[126.995379,37.554423],[126.995498,37.554694],[126.995455,37.554898],[126.995554,37.555034],[126.99567,37.554903],[126.995669,37.554774],[126.995991,37.554708],[126.996121,37.554626],[126.99611,37.554575],[126.996304,37.554262],[126.996142,37.554129],[126.996142,37.55399],[126.996559,37.553969],[126.996719,37.554268],[126.996494,37.554565],[126.99645,37.554746],[126.99627,37.555088],[126.99644,37.555052],[126.996528,37.555121],[126.996458,37.555274],[126.996218,37.55548],[126.996254,37.555683],[126.996136,37.555698],[126.996105,37.555886],[126.996018,37.555941],[126.996095,37.556288],[126.996569,37.556203],[126.996619,37.55636],[126.996535,37.55641],[126.996612,37.556727],[126.996483,37.556773],[126.996419,37.556827],[126.996423,37.556877],[126.996292,37.55692],[126.996309,37.557189],[126.996529,37.557149],[126.996564,37.557258],[126.996635,37.557514],[126.996494,37.557567],[126.996804,37.557751],[126.996945,37.557652],[126.996976,37.557573],[126.997226,37.557622],[126.997502,37.557953],[126.997013,37.558156],[126.997101,37.55827],[126.997168,37.558515],[126.997612,37.558444],[126.997509,37.558343],[126.997857,37.558053],[126.99819,37.557873],[126.998447,37.557854],[126.998777,37.558031],[126.998786,37.5582],[126.998364,37.558242],[126.998217,37.558363],[126.998234,37.558431],[126.998196,37.558521],[126.998024,37.55864],[126.998034,37.558829],[126.997964,37.559081],[126.997836,37.559268],[126.998025,37.559383],[126.998081,37.559503],[126.998223,37.559194],[126.998846,37.558787],[126.999023,37.559152],[126.998768,37.559302],[126.998672,37.559854],[126.998604,37.55989],[126.998503,37.559583],[126.998573,37.559341],[126.998309,37.559535],[126.998261,37.55975],[126.998075,37.559767],[126.998012,37.559964],[126.997852,37.560071],[126.997975,37.560442],[126.998066,37.56034],[126.998529,37.56026],[126.998748,37.56049],[126.998698,37.560531],[126.99883,37.560752],[126.998995,37.560724],[126.99906,37.560664],[126.999261,37.560862],[126.999453,37.560829],[126.999453,37.560763],[126.999565,37.560732],[126.99965,37.560533],[126.999901,37.560416],[127.000201,37.560492],[127.000803,37.560532],[127.000937,37.560111],[127.001242,37.560032],[127.001553,37.560149],[127.001801,37.560131],[127.002345,37.560372],[127.002402,37.560597],[127.002562,37.560746],[127.002621,37.560901],[127.002353,37.561081],[127.002297,37.560777],[127.002386,37.56147],[127.001063,37.561584],[127.001201,37.562862],[127.001802,37.563008]]]}},{"type":"Feature","properties":{"code":"11140143","name":"장충동1가","guCode":"11020","guName":"중구","labelPoint":[127.007436,37.561042],"legalGuCode":"11140"},"geometry":{"type":"Polygon","coordinates":[[[127.009714,37.563004],[127.009604,37.562934],[127.009548,37.562843],[127.009508,37.562529],[127.009366,37.562079],[127.00932,37.562042],[127.009344,37.561824],[127.009288,37.56159],[127.009383,37.561416],[127.009403,37.561206],[127.009254,37.560878],[127.009247,37.56078],[127.009409,37.560782],[127.009594,37.560678],[127.00982,37.560519],[127.009831,37.560433],[127.009791,37.560305],[127.009598,37.560084],[127.00887,37.559364],[127.008686,37.559267],[127.008549,37.559113],[127.008527,37.558872],[127.008266,37.558177],[127.008215,37.558155],[127.006603,37.559073],[127.005891,37.559729],[127.005855,37.559641],[127.005777,37.55967],[127.005715,37.559487],[127.005625,37.559476],[127.005683,37.559634],[127.005416,37.559774],[127.005481,37.560822],[127.005593,37.561221],[127.005719,37.561469],[127.006264,37.562031],[127.006395,37.562251],[127.006451,37.562439],[127.006305,37.562713],[127.006206,37.562817],[127.006164,37.563025],[127.006282,37.563392],[127.006447,37.563638],[127.006621,37.563782],[127.006643,37.563741],[127.006599,37.563644],[127.006669,37.563549],[127.006833,37.563575],[127.00689,37.563784],[127.007002,37.56382],[127.007016,37.563914],[127.007142,37.563906],[127.007167,37.563715],[127.007126,37.56353],[127.007333,37.563446],[127.007498,37.563017],[127.007612,37.562968],[127.007786,37.562644],[127.007993,37.562679],[127.00821,37.562809],[127.008637,37.562931],[127.008874,37.563042],[127.009179,37.562965],[127.00925,37.562982],[127.009348,37.563084],[127.00956,37.562992],[127.009622,37.563084],[127.009714,37.563004]]]}},{"type":"Feature","properties":{"code":"11140142","name":"예장동","guCode":"11020","guName":"중구","labelPoint":[126.989885,37.555146],"legalGuCode":"11140"},"geometry":{"type":"Polygon","coordinates":[[[126.992471,37.560042],[126.992618,37.559746],[126.992947,37.559261],[126.992988,37.559036],[126.99295,37.558825],[126.992807,37.55846],[126.992987,37.558066],[126.993175,37.557499],[126.993164,37.557398],[126.992997,37.557291],[126.992911,37.557169],[126.992943,37.557097],[126.993064,37.557016],[126.992834,37.556514],[126.992891,37.556493],[126.993133,37.556653],[126.993366,37.556658],[126.993558,37.55602],[126.993465,37.555718],[126.993543,37.555637],[126.993682,37.555862],[126.993838,37.555936],[126.994211,37.555935],[126.994561,37.556071],[126.994771,37.556105],[126.994962,37.556029],[126.994938,37.555925],[126.994834,37.555841],[126.994817,37.555529],[126.99487,37.555291],[126.994747,37.554951],[126.995014,37.554711],[126.995021,37.554433],[126.994854,37.55421],[126.994715,37.553725],[126.995013,37.553661],[126.994916,37.553386],[126.994933,37.552666],[126.994741,37.552445],[126.994284,37.552135],[126.993844,37.551637],[126.993715,37.551324],[126.993505,37.551013],[126.992956,37.550399],[126.992366,37.550062],[126.991647,37.550271],[126.990997,37.550768],[126.990765,37.55108],[126.990245,37.551281],[126.989868,37.551261],[126.989477,37.551322],[126.989379,37.551277],[126.989159,37.551402],[126.988656,37.551553],[126.987719,37.551451],[126.987542,37.551507],[126.987424,37.551671],[126.987401,37.551825],[126.987176,37.552086],[126.987076,37.552268],[126.986596,37.552581],[126.986108,37.553341],[126.985818,37.553521],[126.985412,37.553703],[126.985187,37.554701],[126.984921,37.555001],[126.985024,37.555462],[126.984793,37.555633],[126.98474,37.55608],[126.984775,37.556085],[126.984792,37.556041],[126.984822,37.55583],[126.985005,37.555851],[126.984891,37.556261],[126.984896,37.556552],[126.984496,37.556617],[126.984661,37.556623],[126.984722,37.556792],[126.984953,37.557194],[126.984985,37.557175],[126.985002,37.557216],[126.985257,37.556954],[126.98566,37.556812],[126.985807,37.556865],[126.985882,37.557239],[126.985851,37.55742],[126.985682,37.557391],[126.985507,37.557669],[126.985378,37.557689],[126.985328,37.557821],[126.985472,37.558453],[126.985619,37.558412],[126.985863,37.558081],[126.985877,37.55798],[126.985726,37.557851],[126.98588,37.557451],[126.986218,37.557403],[126.986604,37.557463],[126.986596,37.557395],[126.986752,37.557421],[126.986817,37.557388],[126.986792,37.55742],[126.986908,37.557609],[126.986947,37.557901],[126.987195,37.558064],[126.987271,37.558281],[126.987343,37.558322],[126.98734,37.559005],[126.987396,37.55911],[126.987474,37.559197],[126.988053,37.559376],[126.988409,37.560259],[126.989297,37.560003],[126.98995,37.559973],[126.990371,37.559867],[126.990673,37.560035],[126.990819,37.560045],[126.991194,37.560291],[126.991628,37.56011],[126.991664,37.560258],[126.991809,37.560269],[126.991964,37.55996],[126.9921,37.560041],[126.99213,37.559993],[126.992471,37.560042]]]}},{"type":"Feature","properties":{"code":"11140141","name":"주자동","guCode":"11020","guName":"중구","labelPoint":[126.989365,37.560507],"legalGuCode":"11140"},"geometry":{"type":"Polygon","coordinates":[[[126.990522,37.561177],[126.99016,37.559939],[126.989297,37.560003],[126.988409,37.560259],[126.988397,37.560754],[126.988233,37.561151],[126.988768,37.561194],[126.98876,37.561359],[126.988838,37.561355],[126.988863,37.561204],[126.989128,37.561227],[126.989169,37.561277],[126.989148,37.561231],[126.989688,37.561262],[126.989976,37.561229],[126.99007,37.561181],[126.990522,37.561177]]]}},{"type":"Feature","properties":{"code":"11110118","name":"내수동","guCode":"11010","guName":"종로구","labelPoint":[126.972025,37.573378],"legalGuCode":"11110"},"geometry":{"type":"Polygon","coordinates":[[[126.973458,37.574005],[126.973868,37.573267],[126.974297,37.572639],[126.973971,37.572578],[126.974044,37.572415],[126.972847,37.57224],[126.972373,37.572223],[126.971991,37.572162],[126.971747,37.572073],[126.971777,37.572019],[126.971702,37.571986],[126.97129,37.572407],[126.971036,37.572498],[126.970461,37.572806],[126.970248,37.57332],[126.970237,37.573436],[126.970271,37.573484],[126.970056,37.573816],[126.969939,37.573862],[126.970027,37.573898],[126.969873,37.573982],[126.970045,37.574279],[126.970069,37.574418],[126.970297,37.574528],[126.970511,37.574743],[126.971374,37.574441],[126.972297,37.574226],[126.972488,37.574131],[126.973169,37.573991],[126.973458,37.574005]]]}},{"type":"Feature","properties":{"code":"11110117","name":"당주동","guCode":"11010","guName":"종로구","labelPoint":[126.97376,37.571601],"legalGuCode":"11110"},"geometry":{"type":"Polygon","coordinates":[[[126.974297,37.572639],[126.974569,37.572306],[126.975117,37.571899],[126.975505,37.571519],[126.975777,37.571132],[126.975917,37.57086],[126.975593,37.570617],[126.975311,37.570514],[126.975263,37.570632],[126.97515,37.570603],[126.975058,37.570735],[126.974786,37.57063],[126.974521,37.570627],[126.974506,37.570665],[126.97446,37.570653],[126.974414,37.570888],[126.974155,37.570789],[126.973993,37.570971],[126.973897,37.570935],[126.97385,37.571037],[126.973651,37.571006],[126.973609,37.571138],[126.973263,37.571108],[126.973284,37.571277],[126.973232,37.57133],[126.973086,37.571359],[126.973115,37.571454],[126.972686,37.57154],[126.972644,37.571409],[126.972432,37.571507],[126.972307,37.571437],[126.972223,37.571446],[126.972051,37.571663],[126.97192,37.571748],[126.971702,37.571986],[126.971777,37.572019],[126.971747,37.572073],[126.971991,37.572162],[126.972373,37.572223],[126.972847,37.57224],[126.974044,37.572415],[126.973971,37.572578],[126.974297,37.572639]]]}},{"type":"Feature","properties":{"code":"11290121","name":"안암동1가","guCode":"11080","guName":"성북구","labelPoint":[127.021513,37.588759],"legalGuCode":"11290"},"geometry":{"type":"Polygon","coordinates":[[[127.024482,37.589775],[127.025042,37.589241],[127.02517,37.588917],[127.025656,37.588697],[127.025754,37.588473],[127.024628,37.588703],[127.024555,37.588815],[127.024205,37.588886],[127.024023,37.588314],[127.023473,37.588305],[127.023522,37.588037],[127.02064,37.587049],[127.020602,37.5871],[127.020601,37.586706],[127.020353,37.587297],[127.020037,37.587712],[127.018789,37.588701],[127.019675,37.589414],[127.022495,37.589021],[127.022502,37.58907],[127.022215,37.589111],[127.022171,37.589158],[127.022238,37.589665],[127.022578,37.589673],[127.022597,37.589835],[127.022937,37.590034],[127.023495,37.590176],[127.024071,37.590401],[127.023845,37.590615],[127.023791,37.590722],[127.02396,37.59054],[127.02456,37.59033],[127.024379,37.589948],[127.024482,37.589775]]]}},{"type":"Feature","properties":{"code":"11290120","name":"동선동5가","guCode":"11080","guName":"성북구","labelPoint":[127.017224,37.596253],"legalGuCode":"11290"},"geometry":{"type":"Polygon","coordinates":[[[127.015335,37.598032],[127.015944,37.596803],[127.017096,37.597152],[127.017203,37.597132],[127.017108,37.596854],[127.017233,37.596965],[127.017262,37.596938],[127.017364,37.597007],[127.01744,37.596911],[127.017418,37.596868],[127.017437,37.59685],[127.017459,37.596903],[127.017524,37.596902],[127.017553,37.596862],[127.017675,37.597035],[127.018222,37.59692],[127.018128,37.596504],[127.018188,37.596507],[127.019099,37.596629],[127.019188,37.596803],[127.019126,37.59711],[127.019201,37.597125],[127.019294,37.596625],[127.018763,37.596033],[127.017606,37.595351],[127.01616,37.594245],[127.015892,37.595515],[127.015367,37.596472],[127.014542,37.597771],[127.014429,37.598353],[127.014879,37.598398],[127.015082,37.597967],[127.015335,37.598032]]]}},{"type":"Feature","properties":{"code":"11140140","name":"남학동","guCode":"11020","guName":"중구","labelPoint":[126.990875,37.56059],"legalGuCode":"11140"},"geometry":{"type":"Polygon","coordinates":[[[126.990551,37.561172],[126.990613,37.561121],[126.990971,37.561081],[126.991631,37.561112],[126.991454,37.560668],[126.991347,37.560513],[126.991131,37.560347],[126.99119,37.560278],[126.990819,37.560045],[126.990673,37.560035],[126.990371,37.559867],[126.990153,37.559915],[126.990522,37.561177],[126.990551,37.561172]]]}},{"type":"Feature","properties":{"code":"11140139","name":"필동3가","guCode":"11020","guName":"중구","labelPoint":[126.996638,37.557803],"legalGuCode":"11140"},"geometry":{"type":"Polygon","coordinates":[[[126.998432,37.561066],[126.999261,37.560862],[126.99906,37.560664],[126.998995,37.560724],[126.99883,37.560752],[126.998698,37.560531],[126.998748,37.56049],[126.998529,37.56026],[126.998066,37.56034],[126.997975,37.560442],[126.997852,37.560071],[126.998012,37.559964],[126.998098,37.559744],[126.998261,37.55975],[126.998309,37.559535],[126.998573,37.559341],[126.998503,37.559583],[126.998604,37.55989],[126.998672,37.559854],[126.998768,37.559302],[126.999023,37.559152],[126.998846,37.558787],[126.998223,37.559194],[126.998081,37.559503],[126.998025,37.559383],[126.997836,37.559268],[126.997964,37.559081],[126.998034,37.558829],[126.998024,37.55864],[126.998196,37.558521],[126.998234,37.558431],[126.998217,37.558363],[126.998364,37.558242],[126.998786,37.5582],[126.998777,37.558031],[126.998447,37.557854],[126.99819,37.557873],[126.997857,37.558053],[126.997509,37.558343],[126.997612,37.558444],[126.997168,37.558515],[126.997101,37.55827],[126.997013,37.558156],[126.997502,37.557953],[126.997226,37.557622],[126.996976,37.557573],[126.996945,37.557652],[126.996804,37.557751],[126.996494,37.557567],[126.996635,37.557514],[126.996564,37.557258],[126.996529,37.557149],[126.996309,37.557189],[126.996292,37.55692],[126.996423,37.556877],[126.996419,37.556827],[126.996483,37.556773],[126.996612,37.556727],[126.996535,37.55641],[126.996619,37.55636],[126.996569,37.556203],[126.996095,37.556288],[126.996018,37.555941],[126.996105,37.555886],[126.996136,37.555698],[126.996254,37.555683],[126.996218,37.55548],[126.996458,37.555274],[126.996528,37.555121],[126.99644,37.555052],[126.99627,37.555088],[126.99645,37.554746],[126.996494,37.554565],[126.996719,37.554268],[126.996559,37.553969],[126.996142,37.55399],[126.996142,37.554129],[126.996304,37.554262],[126.99611,37.554575],[126.996121,37.554626],[126.995991,37.554708],[126.995669,37.554774],[126.99567,37.554903],[126.995554,37.555034],[126.995618,37.555096],[126.995607,37.555289],[126.995695,37.55561],[126.995504,37.556042],[126.995454,37.556695],[126.995519,37.556803],[126.995627,37.556874],[126.995817,37.557315],[126.995819,37.557558],[126.995919,37.557864],[126.996014,37.558612],[126.996191,37.559097],[126.99617,37.559253],[126.99591,37.559657],[126.995901,37.55976],[126.996092,37.559804],[126.996298,37.559911],[126.996512,37.559835],[126.996764,37.559815],[126.996852,37.560108],[126.996803,37.560274],[126.996745,37.560893],[126.996879,37.561035],[126.997277,37.561248],[126.997352,37.5614],[126.997344,37.561537],[126.997472,37.561513],[126.997894,37.561202],[126.998432,37.561066]]]}},{"type":"Feature","properties":{"code":"11140138","name":"필동2가","guCode":"11020","guName":"중구","labelPoint":[126.994487,37.557711],"legalGuCode":"11140"},"geometry":{"type":"Polygon","coordinates":[[[126.997344,37.561537],[126.997352,37.5614],[126.997277,37.561248],[126.996879,37.561035],[126.996745,37.560893],[126.996803,37.560274],[126.996852,37.560108],[126.996764,37.559815],[126.996512,37.559835],[126.996298,37.559911],[126.996092,37.559804],[126.995901,37.55976],[126.99591,37.559657],[126.99617,37.559253],[126.996191,37.559097],[126.996014,37.558612],[126.995919,37.557864],[126.995819,37.557558],[126.995817,37.557315],[126.995627,37.556874],[126.995519,37.556803],[126.995454,37.556695],[126.995504,37.556042],[126.995695,37.55561],[126.995607,37.555289],[126.995618,37.555096],[126.995455,37.554898],[126.995498,37.554694],[126.995379,37.554423],[126.995358,37.554225],[126.995259,37.554107],[126.995234,37.553946],[126.99499,37.553664],[126.994715,37.553725],[126.994854,37.55421],[126.995021,37.554433],[126.995014,37.554711],[126.994747,37.554951],[126.99487,37.555291],[126.994817,37.555529],[126.994834,37.555841],[126.994938,37.555925],[126.994962,37.556029],[126.994771,37.556105],[126.994561,37.556071],[126.994211,37.555935],[126.993838,37.555936],[126.993682,37.555862],[126.993543,37.555637],[126.993465,37.555718],[126.993558,37.55602],[126.993366,37.556658],[126.993133,37.556653],[126.992891,37.556493],[126.992834,37.556514],[126.993064,37.557016],[126.992943,37.557097],[126.992911,37.557169],[126.992997,37.557291],[126.993164,37.557398],[126.993175,37.557499],[126.992987,37.558066],[126.992807,37.55846],[126.99295,37.558825],[126.992988,37.559036],[126.992947,37.559261],[126.992618,37.559746],[126.992471,37.560042],[126.993266,37.560163],[126.993167,37.560958],[126.993633,37.561278],[126.993655,37.561666],[126.993608,37.561883],[126.993689,37.561884],[126.99371,37.561736],[126.994044,37.561702],[126.994067,37.56178],[126.994361,37.561739],[126.994353,37.561703],[126.994738,37.561628],[126.994732,37.56158],[126.994885,37.561557],[126.99488,37.561518],[126.995165,37.561501],[126.995115,37.561278],[126.995225,37.561325],[126.995959,37.561161],[126.996067,37.561387],[126.99593,37.561582],[126.99597,37.561874],[126.99595,37.561636],[126.996115,37.561613],[126.996105,37.561503],[126.996232,37.561473],[126.996312,37.561492],[126.996388,37.561663],[126.996402,37.561861],[126.997447,37.561913],[126.997344,37.561537]]]}},{"type":"Feature","properties":{"code":"11140137","name":"필동1가","guCode":"11020","guName":"중구","labelPoint":[126.992574,37.561195],"legalGuCode":"11140"},"geometry":{"type":"Polygon","coordinates":[[[126.993608,37.561883],[126.993655,37.561666],[126.993633,37.561278],[126.993167,37.560958],[126.993266,37.560163],[126.99213,37.559993],[126.9921,37.560041],[126.991964,37.55996],[126.991809,37.560269],[126.991664,37.560258],[126.991628,37.56011],[126.991234,37.560261],[126.991131,37.560347],[126.991347,37.560513],[126.991454,37.560668],[126.991631,37.561112],[126.991668,37.561819],[126.991652,37.561904],[126.991492,37.562146],[126.992302,37.562214],[126.992316,37.562329],[126.992342,37.562325],[126.992279,37.561784],[126.99273,37.56172],[126.992788,37.561992],[126.993172,37.561962],[126.993161,37.562177],[126.993585,37.562134],[126.993608,37.561883]]]}},{"type":"Feature","properties":{"code":"11110116","name":"도렴동","guCode":"11010","guName":"종로구","labelPoint":[126.974655,37.572648],"legalGuCode":"11110"},"geometry":{"type":"Polygon","coordinates":[[[126.975453,37.574177],[126.975508,37.574034],[126.975417,37.574014],[126.975528,37.573494],[126.975364,37.573464],[126.975428,37.572967],[126.975403,37.572933],[126.974988,37.572934],[126.974968,37.572836],[126.975038,37.572448],[126.975208,37.57246],[126.975275,37.572379],[126.975479,37.572435],[126.975479,37.572383],[126.975546,37.572394],[126.975562,37.572332],[126.975599,37.572334],[126.975632,37.572207],[126.975466,37.572162],[126.975799,37.571623],[126.975866,37.571622],[126.975838,37.571424],[126.975681,37.571267],[126.975505,37.571519],[126.975117,37.571899],[126.974513,37.572359],[126.973868,37.573267],[126.973458,37.574005],[126.975453,37.574177]]]}},{"type":"Feature","properties":{"code":"11110115","name":"사직동","guCode":"11010","guName":"종로구","labelPoint":[126.966376,37.575367],"legalGuCode":"11110"},"geometry":{"type":"Polygon","coordinates":[[[126.964834,37.578184],[126.96515,37.577763],[126.965619,37.577416],[126.965968,37.577258],[126.966894,37.577046],[126.967132,37.577223],[126.967266,37.577258],[126.967478,37.577296],[126.967752,37.577255],[126.967848,37.57719],[126.967812,37.5772],[126.968258,37.576681],[126.969006,37.576377],[126.969065,37.576323],[126.969048,37.576381],[126.969159,37.57609],[126.968943,37.575649],[126.968954,37.575563],[126.970511,37.574743],[126.970297,37.574528],[126.970069,37.574418],[126.970045,37.574279],[126.969873,37.573982],[126.970019,37.573879],[126.969951,37.573892],[126.969808,37.573818],[126.969575,37.573924],[126.969248,37.573775],[126.968999,37.57373],[126.968895,37.573618],[126.968622,37.573649],[126.968546,37.573863],[126.968142,37.573729],[126.968196,37.573557],[126.968068,37.573502],[126.968291,37.573165],[126.967841,37.573018],[126.96766,37.573003],[126.967378,37.57287],[126.967379,37.572671],[126.967201,37.572479],[126.967078,37.572157],[126.966851,37.572038],[126.966418,37.572142],[126.966137,37.572146],[126.965969,37.572452],[126.965912,37.572687],[126.965714,37.572992],[126.965264,37.572783],[126.965,37.572897],[126.964609,37.572946],[126.964445,37.573044],[126.964134,37.573456],[126.963998,37.573552],[126.963549,37.574033],[126.963579,37.57446],[126.963467,37.575225],[126.963383,37.575509],[126.963109,37.575941],[126.963098,37.57612],[126.963127,37.576122],[126.963097,37.576246],[126.962974,37.576387],[126.962931,37.576579],[126.963077,37.577023],[126.962865,37.577534],[126.962653,37.577652],[126.962294,37.577762],[126.962231,37.577689],[126.961873,37.577984],[126.961215,37.578425],[126.961108,37.578723],[126.961894,37.578484],[126.962556,37.578356],[126.963026,37.578511],[126.963212,37.578661],[126.963589,37.57872],[126.963667,37.5787],[126.963812,37.578524],[126.96393,37.578459],[126.964067,37.57849],[126.964199,37.578425],[126.964454,37.578425],[126.96456,37.578331],[126.964744,37.578295],[126.964834,37.578184]]]}},{"type":"Feature","properties":{"code":"11110114","name":"내자동","guCode":"11010","guName":"종로구","labelPoint":[126.971589,37.575421],"legalGuCode":"11110"},"geometry":{"type":"Polygon","coordinates":[[[126.972389,37.576571],[126.972684,37.57569],[126.97291,37.575215],[126.973055,37.575015],[126.973458,37.574005],[126.973169,37.573991],[126.972488,37.574131],[126.972297,37.574226],[126.971374,37.574441],[126.970511,37.574743],[126.970163,37.57493],[126.970295,37.575094],[126.970412,37.575627],[126.970362,37.576215],[126.970524,37.576485],[126.971125,37.576447],[126.972389,37.576571]]]}},{"type":"Feature","properties":{"code":"11110113","name":"필운동","guCode":"11010","guName":"종로구","labelPoint":[126.968964,37.576896],"legalGuCode":"11110"},"geometry":{"type":"Polygon","coordinates":[[[126.966212,37.578777],[126.966485,37.578819],[126.966826,37.578699],[126.966867,37.578669],[126.966816,37.578577],[126.966846,37.578565],[126.966975,37.57862],[126.967305,37.578435],[126.967755,37.578387],[126.967836,37.578304],[126.968035,37.578226],[126.968633,37.578205],[126.968695,37.578295],[126.968757,37.578269],[126.968813,37.578173],[126.968978,37.578124],[126.969134,37.578139],[126.969199,37.578069],[126.969312,37.578094],[126.969407,37.578063],[126.969395,37.578153],[126.969495,37.57821],[126.969595,37.578353],[126.969588,37.578425],[126.969753,37.578391],[126.969876,37.578463],[126.969929,37.578257],[126.970002,37.577252],[126.969839,37.577201],[126.969881,37.576798],[126.969943,37.576771],[126.969878,37.576767],[126.97054,37.576515],[126.970362,37.576215],[126.970412,37.575627],[126.970295,37.575094],[126.970243,37.575007],[126.970163,37.57493],[126.968954,37.575563],[126.968943,37.575649],[126.969159,37.57609],[126.969048,37.576381],[126.969065,37.576323],[126.969006,37.576377],[126.968258,37.576681],[126.967965,37.576994],[126.967802,37.57723],[126.967658,37.577277],[126.967385,37.577282],[126.967132,37.577223],[126.966894,37.577046],[126.965968,37.577258],[126.965619,37.577416],[126.96515,37.577763],[126.964834,37.578184],[126.96526,37.578252],[126.9654,37.578432],[126.966212,37.578777]]]}},{"type":"Feature","properties":{"code":"11110112","name":"체부동","guCode":"11010","guName":"종로구","labelPoint":[126.970873,37.577939],"legalGuCode":"11110"},"geometry":{"type":"Polygon","coordinates":[[[126.969901,37.579275],[126.970453,37.579069],[126.970965,37.578409],[126.971096,37.578326],[126.971659,37.578141],[126.972019,37.577586],[126.972389,37.576571],[126.972084,37.576518],[126.970845,37.576451],[126.970524,37.576485],[126.97054,37.576515],[126.969878,37.576767],[126.969943,37.576771],[126.969881,37.576798],[126.969839,37.577201],[126.97,37.57724],[126.96995,37.577635],[126.969979,37.577737],[126.969897,37.578443],[126.969852,37.578465],[126.96985,37.578528],[126.969717,37.578571],[126.969653,37.579128],[126.969734,37.579097],[126.969901,37.579275]]]}},{"type":"Feature","properties":{"code":"11110111","name":"옥인동","guCode":"11010","guName":"종로구","labelPoint":[126.962315,37.583618],"legalGuCode":"11110"},"geometry":{"type":"Polygon","coordinates":[[[126.965044,37.585585],[126.965004,37.585014],[126.965081,37.584907],[126.965371,37.584858],[126.965681,37.58465],[126.965689,37.584599],[126.965955,37.584324],[126.966,37.584161],[126.966459,37.583839],[126.966558,37.58379],[126.96665,37.58381],[126.966701,37.583717],[126.967012,37.583468],[126.967199,37.58343],[126.96726,37.583378],[126.967763,37.583519],[126.968742,37.583007],[126.969294,37.583054],[126.96975,37.583007],[126.969745,37.583124],[126.970196,37.583115],[126.970195,37.582946],[126.97064,37.582204],[126.970803,37.581486],[126.969124,37.581347],[126.968501,37.581393],[126.968436,37.581145],[126.96881,37.580563],[126.968487,37.580519],[126.967812,37.580542],[126.967501,37.580605],[126.967211,37.580881],[126.967019,37.580996],[126.966563,37.581057],[126.966091,37.581363],[126.966103,37.581398],[126.966026,37.581482],[126.965871,37.581585],[126.965697,37.581659],[126.965609,37.58164],[126.965626,37.581674],[126.965368,37.581771],[126.965176,37.581759],[126.964991,37.581865],[126.96505,37.581927],[126.965014,37.581939],[126.964909,37.581819],[126.964469,37.581957],[126.964084,37.581987],[126.964153,37.58169],[126.963213,37.581456],[126.962326,37.581721],[126.961726,37.582285],[126.961701,37.582254],[126.957564,37.582251],[126.95755,37.582303],[126.957678,37.582618],[126.957586,37.582864],[126.957648,37.583172],[126.957979,37.584119],[126.957986,37.584431],[126.957761,37.584912],[126.957781,37.58497],[126.95865,37.585779],[126.958871,37.585951],[126.959186,37.586096],[126.95948,37.586007],[126.959688,37.58604],[126.960345,37.586296],[126.96051,37.586258],[126.960772,37.586324],[126.961435,37.586582],[126.962082,37.586255],[126.962315,37.586192],[126.962779,37.586151],[126.963215,37.585958],[126.964037,37.586238],[126.964318,37.586252],[126.964681,37.586114],[126.964757,37.585944],[126.965044,37.585585]]]}},{"type":"Feature","properties":{"code":"11110110","name":"누하동","guCode":"11010","guName":"종로구","labelPoint":[126.968607,37.57937],"legalGuCode":"11110"},"geometry":{"type":"Polygon","coordinates":[[[126.96881,37.580563],[126.968968,37.580658],[126.969123,37.580653],[126.969188,37.580596],[126.969264,37.580006],[126.969656,37.579445],[126.969901,37.579275],[126.969734,37.579097],[126.969653,37.579128],[126.969717,37.578571],[126.96985,37.578528],[126.969842,37.578434],[126.969753,37.578391],[126.969588,37.578425],[126.969595,37.578353],[126.969495,37.57821],[126.969395,37.578153],[126.969407,37.578063],[126.969312,37.578094],[126.969199,37.578069],[126.969134,37.578139],[126.968978,37.578124],[126.968813,37.578173],[126.968757,37.578269],[126.968695,37.578295],[126.968633,37.578205],[126.968035,37.578226],[126.967836,37.578304],[126.967755,37.578387],[126.967305,37.578435],[126.966975,37.57862],[126.966846,37.578565],[126.966816,37.578577],[126.966867,37.578669],[126.966641,37.578769],[126.966407,37.578825],[126.966403,37.578788],[126.966233,37.578763],[126.966145,37.578846],[126.966075,37.579062],[126.966409,37.579341],[126.96695,37.579239],[126.96702,37.579259],[126.967147,37.579191],[126.967454,37.579307],[126.967505,37.579293],[126.967429,37.579399],[126.96747,37.579559],[126.967267,37.579706],[126.96737,37.579736],[126.967385,37.580308],[126.967482,37.580624],[126.967612,37.580566],[126.967812,37.580542],[126.968487,37.580519],[126.96881,37.580563]]]}},{"type":"Feature","properties":{"code":"11110109","name":"누상동","guCode":"11010","guName":"종로구","labelPoint":[126.963403,37.58021],"legalGuCode":"11110"},"geometry":{"type":"Polygon","coordinates":[[[126.967482,37.580624],[126.967385,37.580308],[126.96737,37.579736],[126.967267,37.579706],[126.96747,37.579559],[126.967429,37.579399],[126.967515,37.579308],[126.967494,37.579278],[126.967454,37.579307],[126.967147,37.579191],[126.96702,37.579259],[126.96695,37.579239],[126.966409,37.579341],[126.966075,37.579062],[126.966132,37.578869],[126.966212,37.578777],[126.9654,37.578432],[126.96526,37.578252],[126.964834,37.578184],[126.964744,37.578295],[126.96456,37.578331],[126.964454,37.578425],[126.964199,37.578425],[126.964067,37.57849],[126.96393,37.578459],[126.963812,37.578524],[126.963667,37.5787],[126.963589,37.57872],[126.963212,37.578661],[126.963026,37.578511],[126.962556,37.578356],[126.961894,37.578484],[126.961108,37.578723],[126.961036,37.578862],[126.960854,37.579003],[126.960609,37.579111],[126.960421,37.579264],[126.960055,37.579721],[126.959751,37.580006],[126.959313,37.580279],[126.958713,37.580501],[126.958191,37.580529],[126.95806,37.580445],[126.957828,37.580431],[126.95761,37.58035],[126.957283,37.580141],[126.957303,37.580025],[126.957263,37.579842],[126.957202,37.579819],[126.957224,37.580351],[126.957303,37.580444],[126.957792,37.580587],[126.958032,37.580735],[126.958173,37.580985],[126.958161,37.58117],[126.95802,37.58146],[126.957924,37.581539],[126.957642,37.582045],[126.957564,37.582251],[126.961701,37.582254],[126.961726,37.582285],[126.962326,37.581721],[126.963213,37.581456],[126.964153,37.58169],[126.964084,37.581987],[126.964469,37.581957],[126.964909,37.581819],[126.965014,37.581939],[126.96505,37.581927],[126.964991,37.581865],[126.965176,37.581759],[126.965368,37.581771],[126.965626,37.581674],[126.965609,37.58164],[126.965697,37.581659],[126.965871,37.581585],[126.966026,37.581482],[126.966103,37.581398],[126.966091,37.581363],[126.966563,37.581057],[126.967019,37.580996],[126.967211,37.580881],[126.967482,37.580624]]]}},{"type":"Feature","properties":{"code":"11110108","name":"통인동","guCode":"11010","guName":"종로구","labelPoint":[126.970258,37.579906],"legalGuCode":"11110"},"geometry":{"type":"Polygon","coordinates":[[[126.970803,37.581486],[126.970966,37.581131],[126.970991,37.580923],[126.971021,37.580927],[126.970972,37.580804],[126.971175,37.580097],[126.971248,37.579453],[126.971659,37.578141],[126.971096,37.578326],[126.970965,37.578409],[126.970453,37.579069],[126.969855,37.579294],[126.969723,37.579378],[126.969374,37.579807],[126.969264,37.580006],[126.969188,37.580596],[126.969123,37.580653],[126.968968,37.580658],[126.96881,37.580563],[126.968436,37.581145],[126.968501,37.581393],[126.969124,37.581347],[126.970803,37.581486]]]}},{"type":"Feature","properties":{"code":"11110107","name":"적선동","guCode":"11010","guName":"종로구","labelPoint":[126.973764,37.575382],"legalGuCode":"11110"},"geometry":{"type":"Polygon","coordinates":[[[126.974171,37.576457],[126.9742,37.575948],[126.975109,37.575926],[126.974991,37.575672],[126.974725,37.575549],[126.974654,37.575095],[126.974742,37.574574],[126.97472,37.574508],[126.974785,37.574487],[126.974776,37.574349],[126.974998,37.574342],[126.975003,37.574392],[126.975157,37.574411],[126.975318,37.574409],[126.975323,37.574359],[126.97544,37.574359],[126.975453,37.574177],[126.973458,37.574005],[126.973055,37.575015],[126.97291,37.575215],[126.972684,37.57569],[126.972389,37.576571],[126.974171,37.576457]]]}},{"type":"Feature","properties":{"code":"11290119","name":"동선동4가","guCode":"11080","guName":"성북구","labelPoint":[127.018089,37.594798],"legalGuCode":"11290"},"geometry":{"type":"Polygon","coordinates":[[[127.020592,37.597407],[127.020485,37.597262],[127.020476,37.597185],[127.020776,37.59691],[127.020832,37.596957],[127.020917,37.596922],[127.020885,37.596961],[127.021166,37.597097],[127.021195,37.59718],[127.021468,37.59707],[127.021417,37.596853],[127.021058,37.596342],[127.017616,37.593326],[127.016967,37.5929],[127.016482,37.592671],[127.01616,37.594245],[127.017606,37.595351],[127.018763,37.596033],[127.019294,37.596625],[127.019201,37.597125],[127.019505,37.597191],[127.02012,37.597585],[127.020592,37.597407]]]}},{"type":"Feature","properties":{"code":"11290118","name":"동선동3가","guCode":"11080","guName":"성북구","labelPoint":[127.020479,37.594214],"legalGuCode":"11290"},"geometry":{"type":"Polygon","coordinates":[[[127.019611,37.591567],[127.019733,37.592626],[127.019497,37.592933],[127.019623,37.593961],[127.01893,37.594466],[127.021058,37.596342],[127.021417,37.596853],[127.021468,37.59707],[127.022004,37.596876],[127.021338,37.591383],[127.021132,37.59123],[127.020991,37.591287],[127.019898,37.591373],[127.019581,37.59154],[127.019611,37.591567]]]}},{"type":"Feature","properties":{"code":"11140136","name":"묵정동","guCode":"11020","guName":"중구","labelPoint":[127.000535,37.56144],"legalGuCode":"11140"},"geometry":{"type":"Polygon","coordinates":[[[127.001201,37.562862],[127.001063,37.561584],[127.002386,37.56147],[127.002297,37.560777],[127.002353,37.561081],[127.002621,37.560901],[127.002562,37.560746],[127.002402,37.560597],[127.00232,37.560338],[127.001801,37.560131],[127.001553,37.560149],[127.001242,37.560032],[127.000937,37.560111],[127.000803,37.560532],[127.000201,37.560492],[126.999901,37.560416],[126.99965,37.560533],[126.999565,37.560732],[126.999453,37.560763],[126.999453,37.560829],[126.998432,37.561066],[126.998676,37.56141],[126.998739,37.561582],[126.999021,37.561601],[126.999124,37.56199],[126.999201,37.562137],[126.998965,37.56233],[127.001201,37.562862]]]}},{"type":"Feature","properties":{"code":"11140135","name":"예관동","guCode":"11020","guName":"중구","labelPoint":[126.998219,37.563858],"legalGuCode":"11140"},"geometry":{"type":"Polygon","coordinates":[[[126.9991,37.565639],[126.998992,37.565443],[126.998893,37.565028],[126.998881,37.564633],[126.998957,37.564426],[126.99886,37.564383],[126.999044,37.564398],[126.999154,37.563105],[126.998549,37.563023],[126.998609,37.562247],[126.99858,37.562209],[126.998484,37.563303],[126.998264,37.563455],[126.997999,37.563187],[126.997927,37.563031],[126.997638,37.56308],[126.997469,37.56302],[126.997303,37.563109],[126.997246,37.56305],[126.997283,37.562996],[126.997137,37.562939],[126.996995,37.56296],[126.997029,37.563038],[126.996888,37.563082],[126.997588,37.564261],[126.997183,37.564537],[126.997453,37.564835],[126.997598,37.56477],[126.997746,37.564891],[126.997949,37.564785],[126.998002,37.564903],[126.998106,37.564894],[126.998163,37.56502],[126.998169,37.565181],[126.997891,37.565289],[126.997929,37.565361],[126.997708,37.565449],[126.997822,37.565626],[126.997774,37.565654],[126.998068,37.565951],[126.9991,37.565639]]]}},{"type":"Feature","properties":{"code":"11140134","name":"인현동2가","guCode":"11020","guName":"중구","labelPoint":[126.996041,37.56408],"legalGuCode":"11140"},"geometry":{"type":"Polygon","coordinates":[[[126.997774,37.565654],[126.997822,37.565626],[126.997708,37.565449],[126.997929,37.565361],[126.997891,37.565289],[126.998169,37.565181],[126.998163,37.56502],[126.998106,37.564894],[126.998002,37.564903],[126.997949,37.564785],[126.997746,37.564891],[126.997598,37.56477],[126.997453,37.564835],[126.997183,37.564537],[126.997588,37.564261],[126.996788,37.562896],[126.995909,37.563017],[126.99583,37.562797],[126.995726,37.562816],[126.99565,37.562603],[126.995571,37.562611],[126.995564,37.562523],[126.995197,37.562545],[126.995155,37.562647],[126.994964,37.562822],[126.994939,37.562914],[126.994332,37.562988],[126.994354,37.563062],[126.99435,37.563],[126.994425,37.562978],[126.994492,37.56308],[126.994645,37.563525],[126.994658,37.563784],[126.994631,37.563885],[126.99456,37.563899],[126.99466,37.564345],[126.994782,37.564458],[126.995047,37.56508],[126.995397,37.564999],[126.995516,37.565267],[126.995789,37.5652],[126.995934,37.565442],[126.996034,37.56576],[126.99627,37.565663],[126.996295,37.56555],[126.99667,37.565439],[126.99676,37.565691],[126.997336,37.56555],[126.997461,37.565686],[126.997774,37.565654]]]}},{"type":"Feature","properties":{"code":"11140133","name":"충무로5가","guCode":"11020","guName":"중구","labelPoint":[126.999475,37.562667],"legalGuCode":"11140"},"geometry":{"type":"Polygon","coordinates":[[[126.999087,37.563911],[127.001715,37.564092],[127.001802,37.563008],[126.998965,37.56233],[126.999201,37.562137],[126.999124,37.56199],[126.999021,37.561601],[126.998739,37.561582],[126.998676,37.56141],[126.998432,37.561066],[126.997894,37.561202],[126.997472,37.561513],[126.997344,37.561537],[126.9974,37.561767],[126.997444,37.561825],[126.997719,37.561858],[126.99782,37.561938],[126.997959,37.56249],[126.998021,37.562562],[126.998531,37.562772],[126.99858,37.562209],[126.998609,37.562247],[126.998549,37.563023],[126.999154,37.563105],[126.999087,37.563911]]]}},{"type":"Feature","properties":{"code":"11110106","name":"통의동","guCode":"11010","guName":"종로구","labelPoint":[126.972938,37.577863],"legalGuCode":"11110"},"geometry":{"type":"Polygon","coordinates":[[[126.973896,37.579318],[126.974171,37.576457],[126.972389,37.576571],[126.972019,37.577586],[126.971659,37.578141],[126.97124,37.579502],[126.971596,37.579536],[126.972486,37.57946],[126.973204,37.579341],[126.973896,37.579318]]]}},{"type":"Feature","properties":{"code":"11110105","name":"창성동","guCode":"11010","guName":"종로구","labelPoint":[126.972431,37.580451],"legalGuCode":"11110"},"geometry":{"type":"Polygon","coordinates":[[[126.973532,37.581824],[126.973609,37.581737],[126.973725,37.581141],[126.973896,37.579318],[126.973204,37.579341],[126.972486,37.57946],[126.971596,37.579536],[126.97124,37.579502],[126.971175,37.580097],[126.970972,37.580804],[126.970986,37.580904],[126.971025,37.580911],[126.970991,37.580923],[126.970966,37.581131],[126.970803,37.581486],[126.971723,37.581566],[126.97262,37.581723],[126.973532,37.581824]]]}},{"type":"Feature","properties":{"code":"11290117","name":"동선동2가","guCode":"11080","guName":"성북구","labelPoint":[127.019858,37.59001],"legalGuCode":"11290"},"geometry":{"type":"Polygon","coordinates":[[[127.022578,37.589673],[127.022238,37.589665],[127.022171,37.589158],[127.022215,37.589111],[127.022502,37.58907],[127.022495,37.589021],[127.019675,37.589414],[127.018789,37.588701],[127.016662,37.590346],[127.019898,37.591373],[127.020991,37.591287],[127.021132,37.59123],[127.021338,37.591383],[127.022722,37.590874],[127.022578,37.589673]]]}},{"type":"Feature","properties":{"code":"11290116","name":"동선동1가","guCode":"11080","guName":"성북구","labelPoint":[127.018141,37.592088],"legalGuCode":"11290"},"geometry":{"type":"Polygon","coordinates":[[[127.016971,37.590446],[127.016484,37.59267],[127.016967,37.5929],[127.01749,37.593226],[127.01893,37.594466],[127.019623,37.593961],[127.019497,37.592933],[127.019733,37.592626],[127.01961,37.591549],[127.019581,37.59154],[127.019898,37.591373],[127.016971,37.590446]]]}},{"type":"Feature","properties":{"code":"11140132","name":"충무로4가","guCode":"11020","guName":"중구","labelPoint":[126.995743,37.562261],"legalGuCode":"11140"},"geometry":{"type":"Polygon","coordinates":[[[126.994338,37.563034],[126.994332,37.562988],[126.994439,37.562964],[126.994451,37.562997],[126.994939,37.562914],[126.994964,37.562822],[126.995155,37.562647],[126.995197,37.562545],[126.995564,37.562523],[126.995571,37.562611],[126.99565,37.562603],[126.995726,37.562816],[126.99583,37.562797],[126.995909,37.563017],[126.996788,37.562896],[126.996882,37.563083],[126.997029,37.563038],[126.996995,37.56296],[126.997137,37.562939],[126.997283,37.562996],[126.997246,37.56305],[126.997303,37.563109],[126.997469,37.56302],[126.997638,37.56308],[126.997927,37.563031],[126.997999,37.563187],[126.998264,37.563455],[126.998484,37.563303],[126.998531,37.562772],[126.998021,37.562562],[126.997959,37.56249],[126.997822,37.561942],[126.997719,37.561858],[126.997444,37.561825],[126.997447,37.561913],[126.997364,37.561913],[126.996402,37.561861],[126.996388,37.561663],[126.996312,37.561492],[126.996232,37.561473],[126.996105,37.561503],[126.996115,37.561613],[126.99595,37.561636],[126.99597,37.561874],[126.99593,37.561582],[126.996067,37.561387],[126.995959,37.561161],[126.995225,37.561325],[126.995115,37.561278],[126.995165,37.561501],[126.99488,37.561518],[126.994885,37.561557],[126.994732,37.56158],[126.994738,37.561628],[126.994353,37.561703],[126.994361,37.561739],[126.994067,37.56178],[126.994044,37.561702],[126.99371,37.561736],[126.993689,37.561884],[126.993608,37.561883],[126.993578,37.562032],[126.993593,37.562515],[126.993386,37.562644],[126.993529,37.56308],[126.993861,37.563001],[126.994011,37.563004],[126.994038,37.563097],[126.994338,37.563034]]]}},{"type":"Feature","properties":{"code":"11140131","name":"저동1가","guCode":"11020","guName":"중구","labelPoint":[126.98787,37.564291],"legalGuCode":"11140"},"geometry":{"type":"Polygon","coordinates":[[[126.988607,37.565265],[126.98853,37.564854],[126.988513,37.564409],[126.988577,37.564358],[126.988657,37.564053],[126.988801,37.563873],[126.988701,37.563731],[126.98878,37.563343],[126.989283,37.562926],[126.989199,37.562806],[126.989019,37.562695],[126.988576,37.563022],[126.988364,37.563459],[126.98826,37.563424],[126.988217,37.563505],[126.988149,37.56349],[126.988169,37.563414],[126.987833,37.563327],[126.987721,37.563454],[126.987751,37.563684],[126.987673,37.563768],[126.987252,37.56378],[126.987249,37.563944],[126.987363,37.563966],[126.987314,37.564122],[126.987414,37.564157],[126.987401,37.564201],[126.987163,37.564191],[126.987138,37.564339],[126.987024,37.564336],[126.987057,37.564583],[126.986487,37.564246],[126.986462,37.564782],[126.986633,37.565138],[126.986864,37.565368],[126.987402,37.565681],[126.987617,37.565777],[126.987783,37.565801],[126.987749,37.565516],[126.987771,37.56521],[126.987912,37.565252],[126.988273,37.565211],[126.988315,37.565393],[126.988478,37.565372],[126.988506,37.565289],[126.988607,37.565265]]]}},{"type":"Feature","properties":{"code":"11140130","name":"남산동3가","guCode":"11020","guName":"중구","labelPoint":[126.987514,37.559866],"legalGuCode":"11140"},"geometry":{"type":"Polygon","coordinates":[[[126.988233,37.561151],[126.988397,37.560754],[126.988418,37.560305],[126.988053,37.559376],[126.987434,37.559172],[126.98734,37.559005],[126.98734,37.558846],[126.98692,37.559069],[126.98673,37.559078],[126.986598,37.559271],[126.986484,37.559587],[126.986817,37.559715],[126.986747,37.560017],[126.986534,37.560337],[126.986311,37.560918],[126.986803,37.561033],[126.986895,37.560933],[126.987259,37.561066],[126.988233,37.561151]]]}},{"type":"Feature","properties":{"code":"11140129","name":"남산동2가","guCode":"11020","guName":"중구","labelPoint":[126.986499,37.558363],"legalGuCode":"11140"},"geometry":{"type":"Polygon","coordinates":[[[126.986325,37.560815],[126.986534,37.560337],[126.986747,37.560017],[126.986817,37.559715],[126.986484,37.559587],[126.986512,37.559475],[126.98673,37.559078],[126.98692,37.559069],[126.98734,37.558846],[126.987343,37.558322],[126.987271,37.558281],[126.987195,37.558064],[126.986947,37.557901],[126.986908,37.557609],[126.986792,37.55742],[126.986817,37.557388],[126.986752,37.557421],[126.986596,37.557395],[126.986604,37.557463],[126.986218,37.557403],[126.98588,37.557451],[126.985726,37.557851],[126.985877,37.55798],[126.985863,37.558081],[126.985619,37.558412],[126.985472,37.558453],[126.985328,37.557821],[126.985378,37.557689],[126.985507,37.557669],[126.985682,37.557391],[126.985851,37.55742],[126.985882,37.557239],[126.985807,37.556865],[126.98566,37.556812],[126.985257,37.556954],[126.985002,37.557216],[126.984985,37.557175],[126.984953,37.557194],[126.984661,37.556623],[126.984623,37.5566],[126.984496,37.556633],[126.984706,37.556569],[126.984896,37.556552],[126.984891,37.556261],[126.985005,37.555851],[126.984822,37.55583],[126.984775,37.556085],[126.984538,37.556374],[126.984487,37.556579],[126.984388,37.556702],[126.984419,37.557006],[126.984597,37.55737],[126.984545,37.557501],[126.984584,37.557581],[126.984558,37.557783],[126.984492,37.557926],[126.984479,37.558403],[126.984509,37.55851],[126.984609,37.558545],[126.984698,37.558886],[126.984862,37.559209],[126.985054,37.559475],[126.985095,37.559707],[126.985503,37.560181],[126.985601,37.560554],[126.986019,37.5608],[126.986325,37.560815]]]}},{"type":"Feature","properties":{"code":"11110104","name":"효자동","guCode":"11010","guName":"종로구","labelPoint":[126.971971,37.582551],"legalGuCode":"11110"},"geometry":{"type":"Polygon","coordinates":[[[126.973564,37.583234],[126.973551,37.582898],[126.9735,37.582898],[126.973532,37.581824],[126.97262,37.581723],[126.971723,37.581566],[126.970803,37.581486],[126.97064,37.582204],[126.970195,37.582946],[126.970196,37.583115],[126.970336,37.583811],[126.97052,37.583797],[126.97053,37.583468],[126.971059,37.583568],[126.971453,37.583588],[126.972453,37.583509],[126.972665,37.583918],[126.973522,37.583474],[126.973564,37.583234]]]}},{"type":"Feature","properties":{"code":"11110103","name":"궁정동","guCode":"11010","guName":"종로구","labelPoint":[126.973048,37.584878],"legalGuCode":"11110"},"geometry":{"type":"Polygon","coordinates":[[[126.970314,37.584176],[126.970535,37.584281],[126.971137,37.58516],[126.971464,37.585032],[126.971833,37.584805],[126.971883,37.58484],[126.971985,37.585165],[126.972258,37.585234],[126.972386,37.585552],[126.972447,37.585542],[126.972664,37.585944],[126.972871,37.585864],[126.972986,37.586015],[126.973115,37.586074],[126.97327,37.586239],[126.973545,37.586372],[126.973767,37.586564],[126.973998,37.58654],[126.974058,37.586493],[126.974374,37.585942],[126.974465,37.585586],[126.97446,37.58541],[126.974426,37.585299],[126.974192,37.585069],[126.974209,37.584916],[126.974004,37.583931],[126.973997,37.583597],[126.97397,37.583593],[126.974038,37.583311],[126.973564,37.583233],[126.973522,37.583473],[126.972665,37.583917],[126.972453,37.583509],[126.971453,37.583587],[126.971059,37.583567],[126.97053,37.583468],[126.97052,37.583797],[126.970335,37.583811],[126.970359,37.58394],[126.970314,37.584176]]]}},{"type":"Feature","properties":{"code":"11110102","name":"신교동","guCode":"11010","guName":"종로구","labelPoint":[126.968013,37.584462],"legalGuCode":"11110"},"geometry":{"type":"Polygon","coordinates":[[[126.970314,37.584176],[126.970359,37.58394],[126.970198,37.583115],[126.969745,37.583124],[126.96975,37.583007],[126.969294,37.583054],[126.968787,37.583003],[126.967763,37.583519],[126.96726,37.583378],[126.967199,37.58343],[126.967012,37.583468],[126.966701,37.583717],[126.96665,37.58381],[126.966558,37.58379],[126.966459,37.583839],[126.966,37.584161],[126.965955,37.584324],[126.965689,37.584599],[126.965681,37.58465],[126.965371,37.584858],[126.965081,37.584907],[126.965004,37.585014],[126.965044,37.585585],[126.965416,37.585572],[126.965743,37.585511],[126.966308,37.585658],[126.966709,37.585591],[126.966839,37.585611],[126.966937,37.58572],[126.967091,37.585785],[126.967441,37.585726],[126.968049,37.585791],[126.968344,37.585869],[126.969149,37.585844],[126.969106,37.585102],[126.969599,37.585175],[126.969646,37.584845],[126.969623,37.584718],[126.969888,37.584721],[126.970078,37.584793],[126.970314,37.584176]]]}},{"type":"Feature","properties":{"code":"11110101","name":"청운동","guCode":"11010","guName":"종로구","labelPoint":[126.969745,37.588975],"legalGuCode":"11110"},"geometry":{"type":"Polygon","coordinates":[[[126.961435,37.586582],[126.961667,37.586651],[126.961988,37.58684],[126.962247,37.586909],[126.962392,37.587034],[126.962323,37.587189],[126.962399,37.587521],[126.962949,37.58783],[126.963042,37.587818],[126.963173,37.587863],[126.963507,37.58826],[126.963566,37.588466],[126.963797,37.588732],[126.964195,37.589057],[126.964239,37.589136],[126.964243,37.589339],[126.964143,37.589578],[126.964113,37.58998],[126.964303,37.590263],[126.964576,37.590969],[126.96469,37.591119],[126.964889,37.591282],[126.96516,37.59139],[126.96554,37.591388],[126.965931,37.591458],[126.966184,37.591703],[126.966318,37.591877],[126.966369,37.592028],[126.966388,37.592361],[126.966456,37.592563],[126.966504,37.592555],[126.966518,37.592603],[126.96633,37.592702],[126.966338,37.592825],[126.966396,37.5928],[126.966708,37.593031],[126.967322,37.593241],[126.968045,37.593591],[126.968242,37.59359],[126.96864,37.593463],[126.968786,37.59338],[126.968922,37.593362],[126.969614,37.593499],[126.969842,37.593473],[126.970113,37.593511],[126.970476,37.593635],[126.970791,37.593876],[126.970983,37.593828],[126.971141,37.593699],[126.971547,37.593681],[126.97175,37.593828],[126.971895,37.593875],[126.972613,37.59368],[126.973314,37.59323],[126.973413,37.593215],[126.973587,37.59327],[126.973685,37.593027],[126.973766,37.592968],[126.973644,37.592608],[126.974411,37.591908],[126.974682,37.591075],[126.97556,37.58968],[126.975362,37.589239],[126.975406,37.588893],[126.975375,37.588852],[126.975107,37.588781],[126.974555,37.588712],[126.97449,37.588658],[126.974473,37.588603],[126.974544,37.588484],[126.974531,37.588385],[126.97434,37.588027],[126.974325,37.587858],[126.974153,37.58758],[126.97399,37.587084],[126.973973,37.586939],[126.974036,37.586632],[126.973956,37.586577],[126.973998,37.58654],[126.973767,37.586564],[126.973545,37.586372],[126.97327,37.586239],[126.973115,37.586074],[126.972986,37.586015],[126.972871,37.585864],[126.972664,37.585944],[126.972447,37.585542],[126.972386,37.585552],[126.972258,37.585234],[126.971985,37.585165],[126.971883,37.58484],[126.971833,37.584805],[126.971464,37.585032],[126.971137,37.58516],[126.970535,37.584281],[126.970314,37.584176],[126.970078,37.584793],[126.969888,37.58472],[126.969623,37.584717],[126.969646,37.584845],[126.969599,37.585175],[126.969106,37.585102],[126.969149,37.585844],[126.968344,37.585869],[126.968049,37.585791],[126.967441,37.585726],[126.967091,37.585785],[126.966937,37.58572],[126.966839,37.58561],[126.966709,37.585591],[126.966308,37.585658],[126.965653,37.585505],[126.965416,37.585571],[126.965044,37.585585],[126.964757,37.585944],[126.96468,37.586113],[126.964318,37.586251],[126.964037,37.586238],[126.963215,37.585958],[126.962779,37.58615],[126.962315,37.586192],[126.962082,37.586255],[126.961435,37.586582]]]}},{"type":"Feature","properties":{"code":"11290115","name":"삼선동5가","guCode":"11080","guName":"성북구","labelPoint":[127.015804,37.587876],"legalGuCode":"11290"},"geometry":{"type":"Polygon","coordinates":[[[127.016662,37.590346],[127.018789,37.588701],[127.016355,37.586765],[127.015224,37.587052],[127.014831,37.587],[127.01442,37.586743],[127.013179,37.589243],[127.016662,37.590346]]]}},{"type":"Feature","properties":{"code":"11290114","name":"삼선동4가","guCode":"11080","guName":"성북구","labelPoint":[127.01343,37.590007],"legalGuCode":"11290"},"geometry":{"type":"Polygon","coordinates":[[[127.016662,37.590346],[127.01042,37.588364],[127.010007,37.588995],[127.010937,37.589668],[127.011674,37.590429],[127.011884,37.590592],[127.012736,37.591043],[127.013178,37.591197],[127.013579,37.591262],[127.014159,37.591266],[127.014571,37.591246],[127.015048,37.591163],[127.015892,37.590866],[127.016662,37.590346]]]}},{"type":"Feature","properties":{"code":"11290113","name":"삼선동3가","guCode":"11080","guName":"성북구","labelPoint":[127.012601,37.586754],"legalGuCode":"11290"},"geometry":{"type":"Polygon","coordinates":[[[127.013179,37.589243],[127.01442,37.586743],[127.014831,37.587],[127.015064,37.587048],[127.015319,37.58704],[127.016355,37.586765],[127.016429,37.586617],[127.016398,37.586476],[127.016108,37.58645],[127.015973,37.586487],[127.015952,37.586319],[127.016118,37.586234],[127.016141,37.586179],[127.016039,37.586099],[127.016032,37.586045],[127.015793,37.585927],[127.01553,37.585519],[127.015549,37.585209],[127.015592,37.585175],[127.014939,37.584644],[127.014869,37.584498],[127.014693,37.584491],[127.014467,37.584419],[127.011799,37.584431],[127.011797,37.584252],[127.011529,37.584618],[127.011469,37.585477],[127.011482,37.585834],[127.010984,37.586139],[127.010841,37.586519],[127.01042,37.588364],[127.013179,37.589243]]]}},{"type":"Feature","properties":{"code":"11290112","name":"삼선동2가","guCode":"11080","guName":"성북구","labelPoint":[127.010556,37.585047],"legalGuCode":"11290"},"geometry":{"type":"Polygon","coordinates":[[[127.01042,37.588364],[127.010841,37.586519],[127.010984,37.586139],[127.011482,37.585834],[127.011469,37.585477],[127.011529,37.584618],[127.011795,37.584253],[127.011799,37.584431],[127.014467,37.584419],[127.014667,37.584481],[127.014661,37.584293],[127.014731,37.584131],[127.014829,37.58363],[127.014803,37.583494],[127.014699,37.583395],[127.014646,37.582975],[127.014772,37.582802],[127.014925,37.58276],[127.015071,37.582556],[127.014975,37.582499],[127.014828,37.582325],[127.014221,37.582077],[127.014082,37.581796],[127.01345,37.581627],[127.013195,37.58142],[127.012853,37.58136],[127.012125,37.581569],[127.011788,37.58157],[127.011114,37.581044],[127.010975,37.580827],[127.010413,37.580822],[127.010019,37.580715],[127.009874,37.580754],[127.009705,37.580881],[127.009453,37.581359],[127.009498,37.581383],[127.009426,37.581711],[127.009434,37.582087],[127.009254,37.582086],[127.009071,37.582899],[127.009088,37.583033],[127.008905,37.58309],[127.008735,37.583365],[127.008981,37.583397],[127.009328,37.583543],[127.009513,37.58346],[127.009487,37.584459],[127.00944,37.584477],[127.009875,37.585919],[127.009853,37.586316],[127.008667,37.5881],[127.010007,37.588995],[127.01042,37.588364]]]}},{"type":"Feature","properties":{"code":"11290111","name":"삼선동1가","guCode":"11080","guName":"성북구","labelPoint":[127.008254,37.584275],"legalGuCode":"11290"},"geometry":{"type":"Polygon","coordinates":[[[127.010975,37.580827],[127.010591,37.580254],[127.010036,37.580277],[127.008643,37.580468],[127.008327,37.581057],[127.008009,37.58123],[127.0078,37.581505],[127.007479,37.581653],[127.007324,37.581866],[127.007021,37.582013],[127.006909,37.582225],[127.006753,37.582336],[127.007155,37.582904],[127.00726,37.583117],[127.007271,37.583333],[127.007195,37.583467],[127.00707,37.584091],[127.006889,37.584703],[127.006902,37.585281],[127.006655,37.585423],[127.006551,37.585546],[127.006641,37.585975],[127.006626,37.586125],[127.006019,37.586854],[127.005866,37.586972],[127.005117,37.586991],[127.004252,37.587177],[127.004127,37.587613],[127.004024,37.587716],[127.006217,37.588508],[127.006599,37.588238],[127.007503,37.587777],[127.007701,37.587731],[127.008006,37.587738],[127.00823,37.587809],[127.008667,37.5881],[127.009853,37.586316],[127.009875,37.585919],[127.00944,37.584477],[127.009487,37.584459],[127.009513,37.58346],[127.009328,37.583543],[127.008981,37.583397],[127.008735,37.583365],[127.008905,37.58309],[127.009088,37.583033],[127.009071,37.582899],[127.009254,37.582086],[127.009434,37.582087],[127.009426,37.581711],[127.009498,37.581383],[127.009453,37.581359],[127.009705,37.580881],[127.009874,37.580754],[127.010019,37.580715],[127.010413,37.580822],[127.010975,37.580827]]]}},{"type":"Feature","properties":{"code":"11140128","name":"남산동1가","guCode":"11020","guName":"중구","labelPoint":[126.98432,37.559132],"legalGuCode":"11140"},"geometry":{"type":"Polygon","coordinates":[[[126.985155,37.56086],[126.98524,37.560869],[126.985338,37.560577],[126.985601,37.560554],[126.985503,37.560181],[126.985095,37.559707],[126.985054,37.559475],[126.984862,37.559209],[126.984698,37.558886],[126.984609,37.558545],[126.984509,37.55851],[126.984479,37.558403],[126.984492,37.557926],[126.984575,37.557673],[126.984539,37.557673],[126.984504,37.557506],[126.984436,37.557493],[126.984307,37.557625],[126.984176,37.557673],[126.983897,37.558334],[126.983993,37.558552],[126.9838,37.558573],[126.983872,37.558872],[126.983818,37.559055],[126.983812,37.559312],[126.984082,37.559359],[126.984062,37.559467],[126.984232,37.559529],[126.984338,37.559617],[126.984577,37.559682],[126.984539,37.560459],[126.984759,37.560491],[126.984732,37.560803],[126.985155,37.56086]]]}},{"type":"Feature","properties":{"code":"11140127","name":"명동2가","guCode":"11020","guName":"중구","labelPoint":[126.985376,37.562931],"legalGuCode":"11140"},"geometry":{"type":"Polygon","coordinates":[[[126.986487,37.564246],[126.987057,37.564583],[126.987024,37.564336],[126.987138,37.564339],[126.987163,37.564191],[126.987401,37.564201],[126.987414,37.564157],[126.987314,37.564122],[126.987363,37.563966],[126.987249,37.563944],[126.987252,37.56378],[126.987673,37.563768],[126.987751,37.563684],[126.987721,37.563454],[126.987833,37.563327],[126.988169,37.563414],[126.988149,37.56349],[126.988217,37.563505],[126.98826,37.563424],[126.988364,37.563459],[126.988576,37.563022],[126.989019,37.562695],[126.988697,37.56241],[126.988815,37.562222],[126.988745,37.562159],[126.988672,37.562136],[126.988633,37.562177],[126.988394,37.562064],[126.98824,37.562224],[126.988158,37.562186],[126.988149,37.562095],[126.987897,37.562007],[126.987876,37.561943],[126.987819,37.562054],[126.987499,37.561999],[126.987443,37.562277],[126.987316,37.562261],[126.987283,37.562301],[126.986732,37.562199],[126.986332,37.562171],[126.986288,37.562415],[126.986024,37.562354],[126.985932,37.562382],[126.985657,37.562329],[126.985728,37.562129],[126.984034,37.561884],[126.984017,37.561951],[126.983799,37.561905],[126.983903,37.561556],[126.983171,37.561434],[126.982834,37.562162],[126.982144,37.562055],[126.98152,37.56206],[126.982013,37.56284],[126.982375,37.563683],[126.983976,37.563641],[126.984075,37.563697],[126.984799,37.563801],[126.985464,37.563869],[126.985472,37.563843],[126.985841,37.563932],[126.985827,37.563983],[126.986025,37.564019],[126.986487,37.564246]]]}},{"type":"Feature","properties":{"code":"11140126","name":"명동1가","guCode":"11020","guName":"중구","labelPoint":[126.984993,37.564457],"legalGuCode":"11140"},"geometry":{"type":"Polygon","coordinates":[[[126.986531,37.564955],[126.986462,37.564782],[126.986487,37.564246],[126.986025,37.564019],[126.985827,37.563983],[126.985841,37.563932],[126.985472,37.563843],[126.985464,37.563869],[126.984799,37.563801],[126.984075,37.563697],[126.983976,37.563641],[126.982375,37.563683],[126.982668,37.564402],[126.984348,37.564512],[126.984313,37.564853],[126.984733,37.5648],[126.984765,37.564722],[126.984973,37.564744],[126.984965,37.564806],[126.985272,37.564855],[126.985218,37.564971],[126.9853,37.565255],[126.985706,37.565251],[126.985669,37.565203],[126.986122,37.565045],[126.986531,37.564955]]]}},{"type":"Feature","properties":{"code":"11140125","name":"충무로2가","guCode":"11020","guName":"중구","labelPoint":[126.987735,37.561651],"legalGuCode":"11140"},"geometry":{"type":"Polygon","coordinates":[[[126.990315,37.562953],[126.990551,37.561172],[126.99007,37.561181],[126.989976,37.561229],[126.989688,37.561262],[126.989148,37.561231],[126.989169,37.561277],[126.989128,37.561227],[126.988863,37.561204],[126.988838,37.561355],[126.98876,37.561359],[126.988768,37.561194],[126.987259,37.561066],[126.986895,37.560933],[126.986803,37.561033],[126.986311,37.560918],[126.986355,37.560814],[126.986019,37.5608],[126.985601,37.560554],[126.985338,37.560577],[126.98524,37.560869],[126.985155,37.56086],[126.984904,37.562009],[126.985728,37.562129],[126.985657,37.562329],[126.986288,37.562415],[126.986332,37.562171],[126.986732,37.562199],[126.987283,37.562301],[126.987316,37.562261],[126.987443,37.562277],[126.987499,37.561999],[126.987819,37.562054],[126.987876,37.561943],[126.987897,37.562007],[126.988149,37.562095],[126.988158,37.562186],[126.98824,37.562224],[126.988394,37.562064],[126.988633,37.562177],[126.988672,37.562136],[126.988763,37.562168],[126.988815,37.562222],[126.988697,37.56241],[126.989035,37.562712],[126.989199,37.562806],[126.989283,37.562926],[126.989413,37.562865],[126.989976,37.562865],[126.989977,37.562926],[126.990315,37.562953]]]}},{"type":"Feature","properties":{"code":"11140124","name":"충무로1가","guCode":"11020","guName":"중구","labelPoint":[126.982649,37.560947],"legalGuCode":"11140"},"geometry":{"type":"Polygon","coordinates":[[[126.98152,37.56206],[126.982144,37.562055],[126.982834,37.562162],[126.983171,37.561434],[126.983903,37.561556],[126.983799,37.561905],[126.984017,37.561951],[126.984034,37.561884],[126.984904,37.562009],[126.985155,37.56086],[126.984713,37.560781],[126.98209,37.560597],[126.98191,37.560539],[126.981955,37.56045],[126.981611,37.560329],[126.981532,37.560265],[126.981262,37.560044],[126.981221,37.559888],[126.980782,37.559999],[126.980743,37.560233],[126.980646,37.560231],[126.980636,37.560341],[126.98058,37.560357],[126.980543,37.560578],[126.980484,37.560689],[126.980088,37.560689],[126.980188,37.561034],[126.9804,37.561272],[126.980926,37.561517],[126.981207,37.561729],[126.98152,37.56206]]]}},{"type":"Feature","properties":{"code":"11290110","name":"동소문동7가","guCode":"11080","guName":"성북구","labelPoint":[127.014368,37.595973],"legalGuCode":"11290"},"geometry":{"type":"Polygon","coordinates":[[[127.015903,37.595474],[127.014861,37.595183],[127.01503,37.594467],[127.015013,37.594373],[127.014942,37.594304],[127.014755,37.594269],[127.01413,37.594486],[127.014042,37.594461],[127.012655,37.596688],[127.013587,37.598274],[127.014429,37.598353],[127.014542,37.597771],[127.015367,37.596472],[127.015903,37.595474]]]}},{"type":"Feature","properties":{"code":"11290109","name":"동소문동6가","guCode":"11080","guName":"성북구","labelPoint":[127.013982,37.593704],"legalGuCode":"11290"},"geometry":{"type":"Polygon","coordinates":[[[127.016128,37.594404],[127.016482,37.592671],[127.01595,37.592487],[127.014795,37.592362],[127.014299,37.592258],[127.013691,37.592046],[127.01315,37.591783],[127.013121,37.591911],[127.01182,37.593493],[127.011846,37.59352],[127.01154,37.593889],[127.013795,37.594886],[127.014042,37.594461],[127.01413,37.594486],[127.014685,37.594285],[127.014888,37.594282],[127.01498,37.594333],[127.015032,37.594427],[127.014861,37.595183],[127.015903,37.595474],[127.016128,37.594404]]]}},{"type":"Feature","properties":{"code":"11290108","name":"동소문동5가","guCode":"11080","guName":"성북구","labelPoint":[127.015095,37.591522],"legalGuCode":"11290"},"geometry":{"type":"Polygon","coordinates":[[[127.016484,37.59267],[127.016949,37.590439],[127.016662,37.590346],[127.016005,37.590803],[127.015378,37.591072],[127.014571,37.591246],[127.013785,37.591262],[127.01315,37.591783],[127.013691,37.592046],[127.014299,37.592258],[127.014795,37.592362],[127.01595,37.592487],[127.016484,37.59267]]]}},{"type":"Feature","properties":{"code":"11290107","name":"동소문동4가","guCode":"11080","guName":"성북구","labelPoint":[127.01084,37.591847],"legalGuCode":"11290"},"geometry":{"type":"Polygon","coordinates":[[[127.011697,37.593699],[127.011846,37.59352],[127.01182,37.593493],[127.013121,37.591911],[127.01315,37.591783],[127.009887,37.590109],[127.009279,37.58984],[127.008022,37.591712],[127.009176,37.592009],[127.009583,37.592077],[127.01022,37.592691],[127.01117,37.593723],[127.01154,37.593889],[127.011697,37.593699]]]}},{"type":"Feature","properties":{"code":"11140123","name":"회현동3가","guCode":"11020","guName":"중구","labelPoint":[126.984087,37.56001],"legalGuCode":"11140"},"geometry":{"type":"Polygon","coordinates":[[[126.984732,37.560803],[126.984759,37.560491],[126.984539,37.560459],[126.984577,37.559682],[126.984338,37.559617],[126.984232,37.559529],[126.984062,37.559467],[126.984082,37.559359],[126.983812,37.559312],[126.983728,37.559633],[126.983649,37.55976],[126.983576,37.56026],[126.983392,37.560702],[126.984732,37.560803]]]}},{"type":"Feature","properties":{"code":"11140122","name":"회현동2가","guCode":"11020","guName":"중구","labelPoint":[126.983036,37.558477],"legalGuCode":"11140"},"geometry":{"type":"Polygon","coordinates":[[[126.983392,37.560702],[126.983576,37.56026],[126.983649,37.55976],[126.983728,37.559633],[126.983811,37.559323],[126.983818,37.559055],[126.983872,37.558872],[126.9838,37.558573],[126.983993,37.558552],[126.983897,37.558334],[126.984104,37.557877],[126.984245,37.557376],[126.984222,37.557161],[126.98413,37.557026],[126.983886,37.557084],[126.98383,37.556938],[126.983437,37.556431],[126.98318,37.556329],[126.982985,37.556765],[126.982726,37.556637],[126.98265,37.556705],[126.982544,37.556949],[126.982484,37.557227],[126.982512,37.557672],[126.982385,37.55775],[126.982596,37.557857],[126.982464,37.558402],[126.982132,37.55837],[126.982051,37.558777],[126.98187,37.558999],[126.981918,37.559022],[126.981747,37.559283],[126.98166,37.559254],[126.981567,37.559385],[126.981446,37.559797],[126.981556,37.559953],[126.98124,37.559955],[126.981262,37.560044],[126.981611,37.560329],[126.981955,37.56045],[126.98191,37.560539],[126.981937,37.560561],[126.983392,37.560702]]]}},{"type":"Feature","properties":{"code":"11140121","name":"회현동1가","guCode":"11020","guName":"중구","labelPoint":[126.980661,37.557123],"legalGuCode":"11140"},"geometry":{"type":"Polygon","coordinates":[[[126.979379,37.561125],[126.9804,37.561272],[126.98019,37.561039],[126.980088,37.560689],[126.980484,37.560689],[126.980543,37.560578],[126.98058,37.560357],[126.980636,37.560341],[126.980646,37.560231],[126.980743,37.560233],[126.980782,37.559999],[126.981221,37.559888],[126.98124,37.559955],[126.981556,37.559953],[126.981446,37.559797],[126.981567,37.559385],[126.98166,37.559254],[126.981747,37.559283],[126.981918,37.559022],[126.98187,37.558999],[126.982051,37.558777],[126.982132,37.55837],[126.982464,37.558402],[126.982596,37.557857],[126.982385,37.55775],[126.982512,37.557672],[126.982484,37.557227],[126.982544,37.556949],[126.98265,37.556705],[126.982726,37.556637],[126.982985,37.556765],[126.98318,37.556329],[126.983437,37.556431],[126.98383,37.556938],[126.983886,37.557084],[126.98413,37.557026],[126.984159,37.557057],[126.984222,37.557161],[126.984245,37.557376],[126.984163,37.557603],[126.984176,37.557673],[126.984307,37.557625],[126.984478,37.557486],[126.984546,37.5576],[126.984539,37.557673],[126.984571,37.557673],[126.984584,37.557581],[126.984545,37.557501],[126.984597,37.55737],[126.984419,37.557006],[126.984388,37.556702],[126.984487,37.556579],[126.984538,37.556374],[126.984763,37.556083],[126.984793,37.555633],[126.985024,37.555462],[126.984921,37.555001],[126.985187,37.554701],[126.985412,37.553703],[126.984624,37.553137],[126.984028,37.553039],[126.983683,37.553116],[126.983384,37.553271],[126.98331,37.553357],[126.982485,37.553478],[126.982198,37.553635],[126.98202,37.553794],[126.981719,37.553859],[126.981187,37.55381],[126.980942,37.553848],[126.980663,37.554061],[126.980486,37.554359],[126.980303,37.554544],[126.979977,37.554703],[126.979368,37.55483],[126.979044,37.554815],[126.978486,37.554702],[126.977955,37.555008],[126.977953,37.555052],[126.978255,37.555183],[126.978277,37.555243],[126.978344,37.555262],[126.978378,37.555601],[126.978427,37.555714],[126.978556,37.555824],[126.978794,37.555937],[126.978834,37.556031],[126.978913,37.556085],[126.979322,37.556106],[126.979351,37.556015],[126.979232,37.555972],[126.97926,37.5559],[126.979372,37.555725],[126.979619,37.555611],[126.979725,37.556364],[126.979683,37.556479],[126.979492,37.556579],[126.979419,37.556682],[126.979289,37.556714],[126.979229,37.556793],[126.979208,37.556767],[126.97907,37.556816],[126.979037,37.556966],[126.978592,37.557281],[126.978399,37.557672],[126.978362,37.557946],[126.978216,37.558073],[126.97848,37.558119],[126.978398,37.558411],[126.978514,37.558451],[126.978481,37.558527],[126.978583,37.558557],[126.978558,37.558623],[126.978594,37.55863],[126.978601,37.55869],[126.978896,37.558785],[126.978804,37.558995],[126.978777,37.559242],[126.979264,37.559358],[126.9792,37.559575],[126.979171,37.56005],[126.979265,37.560607],[126.979371,37.560902],[126.979379,37.561125]]]}},{"type":"Feature","properties":{"code":"11140120","name":"봉래동2가","guCode":"11020","guName":"중구","labelPoint":[126.970757,37.556641],"legalGuCode":"11140"},"geometry":{"type":"Polygon","coordinates":[[[126.970879,37.559367],[126.971005,37.559084],[126.970921,37.559059],[126.971062,37.558933],[126.971209,37.55825],[126.971348,37.558278],[126.971418,37.55791],[126.971513,37.55767],[126.971625,37.557474],[126.971998,37.557026],[126.97213,37.55675],[126.972438,37.556531],[126.972677,37.556478],[126.972676,37.556391],[126.973453,37.556283],[126.97348,37.555119],[126.973402,37.555133],[126.973375,37.554325],[126.973295,37.55429],[126.973339,37.554123],[126.972413,37.55465],[126.972408,37.554877],[126.969172,37.554876],[126.969249,37.557256],[126.969496,37.558129],[126.969484,37.559286],[126.970879,37.559367]]]}},{"type":"Feature","properties":{"code":"11140119","name":"봉래동1가","guCode":"11020","guName":"중구","labelPoint":[126.972663,37.558918],"legalGuCode":"11140"},"geometry":{"type":"Polygon","coordinates":[[[126.974811,37.559644],[126.9743,37.55933],[126.974067,37.559242],[126.973866,37.559085],[126.97376,37.559147],[126.973641,37.559071],[126.973742,37.55893],[126.973746,37.558875],[126.973672,37.558838],[126.973665,37.55879],[126.973573,37.558793],[126.973479,37.558719],[126.97331,37.558906],[126.972586,37.558538],[126.972424,37.558502],[126.972487,37.558315],[126.97276,37.558249],[126.972464,37.557924],[126.971625,37.557784],[126.971806,37.557437],[126.9717,37.557384],[126.971513,37.55767],[126.97142,37.557905],[126.971348,37.558278],[126.971209,37.55825],[126.971179,37.558323],[126.971076,37.558878],[126.971345,37.558714],[126.972302,37.559537],[126.972493,37.559811],[126.972704,37.560003],[126.972902,37.560313],[126.973304,37.560432],[126.973521,37.560204],[126.973815,37.560022],[126.974243,37.559937],[126.974541,37.559964],[126.974578,37.559818],[126.974655,37.559804],[126.97471,37.559708],[126.974811,37.559644]]]}},{"type":"Feature","properties":{"code":"11140118","name":"남대문로5가","guCode":"11020","guName":"중구","labelPoint":[126.97482,37.556337],"legalGuCode":"11140"},"geometry":{"type":"Polygon","coordinates":[[[126.975585,37.559473],[126.975453,37.559376],[126.975434,37.558974],[126.975556,37.558774],[126.975963,37.5584],[126.976038,37.558033],[126.976288,37.557511],[126.976271,37.557009],[126.976307,37.55674],[126.976976,37.555737],[126.977114,37.555338],[126.97794,37.555022],[126.978458,37.554707],[126.979044,37.554815],[126.979368,37.55483],[126.979544,37.554816],[126.980169,37.554634],[126.980486,37.554359],[126.980663,37.554061],[126.980942,37.553848],[126.980848,37.553861],[126.980691,37.553671],[126.980352,37.553391],[126.979194,37.553285],[126.978732,37.553205],[126.978713,37.553795],[126.978795,37.554087],[126.978102,37.554415],[126.977258,37.555011],[126.97655,37.555221],[126.976429,37.553089],[126.97583,37.553389],[126.974347,37.553549],[126.973339,37.554123],[126.973295,37.55429],[126.973375,37.554325],[126.973402,37.555133],[126.97348,37.555119],[126.973453,37.556283],[126.972676,37.556391],[126.972677,37.556478],[126.972438,37.556531],[126.97213,37.55675],[126.971998,37.557026],[126.9717,37.557384],[126.971806,37.557437],[126.971625,37.557784],[126.972464,37.557924],[126.97276,37.558249],[126.972487,37.558315],[126.972424,37.558502],[126.972586,37.558538],[126.97331,37.558906],[126.973479,37.558719],[126.973573,37.558793],[126.973665,37.55879],[126.973672,37.558838],[126.973746,37.558875],[126.973742,37.55893],[126.973641,37.559071],[126.97376,37.559147],[126.973866,37.559085],[126.974067,37.559242],[126.9743,37.55933],[126.974811,37.559644],[126.975323,37.559642],[126.975323,37.559572],[126.975372,37.559588],[126.97543,37.559473],[126.975585,37.559473]]]}},{"type":"Feature","properties":{"code":"11140117","name":"남대문로4가","guCode":"11020","guName":"중구","labelPoint":[126.974549,37.560712],"legalGuCode":"11140"},"geometry":{"type":"Polygon","coordinates":[[[126.977592,37.561161],[126.977646,37.56087],[126.977834,37.560323],[126.976027,37.55993],[126.975832,37.559643],[126.975585,37.559473],[126.97543,37.559473],[126.975372,37.559588],[126.975323,37.559572],[126.975323,37.559642],[126.974811,37.559644],[126.97471,37.559708],[126.974655,37.559804],[126.974578,37.559818],[126.974541,37.559964],[126.974243,37.559937],[126.973815,37.560022],[126.973521,37.560204],[126.973136,37.56065],[126.973352,37.560776],[126.973155,37.561055],[126.973583,37.561239],[126.973649,37.561115],[126.973775,37.561156],[126.973852,37.561129],[126.974525,37.560754],[126.975323,37.560756],[126.975592,37.560793],[126.975994,37.560669],[126.976,37.560798],[126.976424,37.561907],[126.976903,37.5618],[126.977443,37.561835],[126.977532,37.561154],[126.977592,37.561161]]]}},{"type":"Feature","properties":{"code":"11140116","name":"남대문로3가","guCode":"11020","guName":"중구","labelPoint":[126.980208,37.561684],"legalGuCode":"11140"},"geometry":{"type":"Polygon","coordinates":[[[126.980934,37.562232],[126.981174,37.561942],[126.981255,37.561771],[126.980926,37.561517],[126.980429,37.561276],[126.979532,37.561162],[126.9783,37.560873],[126.978409,37.560736],[126.978084,37.560377],[126.977834,37.560323],[126.977646,37.56087],[126.977586,37.561192],[126.978715,37.561481],[126.979331,37.561576],[126.979289,37.561613],[126.979262,37.561755],[126.979617,37.562665],[126.979482,37.562682],[126.97953,37.562896],[126.979564,37.562891],[126.979629,37.563011],[126.980199,37.562885],[126.980134,37.562765],[126.98029,37.562729],[126.980393,37.56282],[126.980934,37.562232]]]}},{"type":"Feature","properties":{"code":"11140115","name":"남대문로2가","guCode":"11020","guName":"중구","labelPoint":[126.982178,37.563998],"legalGuCode":"11140"},"geometry":{"type":"Polygon","coordinates":[[[126.983081,37.565941],[126.98311,37.565951],[126.983084,37.565602],[126.982974,37.565133],[126.982131,37.563078],[126.981485,37.562007],[126.981255,37.561771],[126.981174,37.561942],[126.980934,37.562232],[126.981478,37.563102],[126.982217,37.564894],[126.982477,37.565943],[126.983081,37.565941]]]}},{"type":"Feature","properties":{"code":"11140114","name":"태평로2가","guCode":"11020","guName":"중구","labelPoint":[126.976724,37.563309],"legalGuCode":"11140"},"geometry":{"type":"Polygon","coordinates":[[[126.978015,37.565643],[126.978185,37.565556],[126.978687,37.565457],[126.977619,37.563618],[126.977661,37.563617],[126.977299,37.562957],[126.977163,37.562986],[126.976849,37.562164],[126.977049,37.562112],[126.976903,37.5618],[126.976424,37.561907],[126.976,37.560798],[126.975994,37.560669],[126.975592,37.560793],[126.975323,37.560756],[126.974525,37.560754],[126.974434,37.560777],[126.97428,37.560935],[126.974104,37.561019],[126.974091,37.561152],[126.974705,37.561965],[126.97479,37.561991],[126.974699,37.562504],[126.975075,37.562563],[126.975179,37.562779],[126.975576,37.562749],[126.975789,37.562812],[126.975809,37.562993],[126.975946,37.563213],[126.975964,37.563405],[126.975969,37.563625],[126.975855,37.56386],[126.976636,37.564151],[126.976426,37.56445],[126.976369,37.564472],[126.976294,37.564422],[126.976106,37.564504],[126.976143,37.56459],[126.976114,37.564903],[126.977257,37.564734],[126.977358,37.564879],[126.977633,37.565798],[126.978015,37.565643]]]}},{"type":"Feature","properties":{"code":"11140113","name":"북창동","guCode":"11020","guName":"중구","labelPoint":[126.978232,37.562415],"legalGuCode":"11140"},"geometry":{"type":"Polygon","coordinates":[[[126.979599,37.562955],[126.979564,37.562891],[126.97953,37.562896],[126.979482,37.562682],[126.979617,37.562665],[126.979262,37.561755],[126.979289,37.561613],[126.979331,37.561576],[126.978715,37.561481],[126.977532,37.561154],[126.977443,37.561835],[126.976903,37.5618],[126.977049,37.562112],[126.976849,37.562164],[126.977163,37.562986],[126.977299,37.562957],[126.97773,37.563794],[126.977815,37.563757],[126.978151,37.563742],[126.978758,37.563814],[126.978806,37.563383],[126.97869,37.56327],[126.978493,37.563171],[126.978344,37.562807],[126.978762,37.562765],[126.978909,37.563045],[126.979599,37.562955]]]}},{"type":"Feature","properties":{"code":"11140112","name":"남창동","guCode":"11020","guName":"중구","labelPoint":[126.977136,37.558053],"legalGuCode":"11140"},"geometry":{"type":"Polygon","coordinates":[[[126.977834,37.560323],[126.978084,37.560377],[126.978409,37.560736],[126.9783,37.560873],[126.979379,37.561125],[126.979371,37.560902],[126.979265,37.560607],[126.979171,37.56005],[126.9792,37.559575],[126.979264,37.559358],[126.978777,37.559242],[126.978804,37.558995],[126.978896,37.558785],[126.978601,37.55869],[126.978594,37.55863],[126.978558,37.558623],[126.978583,37.558557],[126.978481,37.558527],[126.978514,37.558451],[126.978398,37.558411],[126.97848,37.558119],[126.978216,37.558073],[126.978362,37.557946],[126.978399,37.557672],[126.978592,37.557281],[126.979037,37.556966],[126.97907,37.556816],[126.979208,37.556767],[126.979229,37.556793],[126.979289,37.556714],[126.979419,37.556682],[126.979492,37.556579],[126.979683,37.556479],[126.979725,37.556364],[126.979619,37.555611],[126.979372,37.555725],[126.97926,37.5559],[126.979232,37.555972],[126.979351,37.556015],[126.979322,37.556106],[126.978913,37.556085],[126.978834,37.556031],[126.978794,37.555937],[126.978556,37.555824],[126.978427,37.555714],[126.978378,37.555601],[126.978344,37.555262],[126.978277,37.555243],[126.978255,37.555183],[126.977953,37.555052],[126.977955,37.555008],[126.977221,37.555272],[126.977071,37.555388],[126.976976,37.555737],[126.976307,37.55674],[126.976271,37.557009],[126.976288,37.557511],[126.976038,37.558033],[126.975963,37.5584],[126.975556,37.558774],[126.975434,37.558974],[126.975453,37.559376],[126.975832,37.559643],[126.976027,37.55993],[126.977834,37.560323]]]}},{"type":"Feature","properties":{"code":"11140111","name":"소공동","guCode":"11020","guName":"중구","labelPoint":[126.980019,37.564348],"legalGuCode":"11140"},"geometry":{"type":"Polygon","coordinates":[[[126.982212,37.564882],[126.981478,37.563102],[126.980934,37.562232],[126.980393,37.56282],[126.98029,37.562729],[126.980134,37.562765],[126.980197,37.562885],[126.979629,37.563011],[126.979599,37.562955],[126.978909,37.563045],[126.978762,37.562765],[126.978344,37.562807],[126.978493,37.563171],[126.97869,37.56327],[126.978806,37.563383],[126.978758,37.563814],[126.978151,37.563742],[126.977815,37.563757],[126.97773,37.563794],[126.978738,37.565557],[126.978985,37.565363],[126.978942,37.565372],[126.978868,37.56524],[126.97924,37.565072],[126.979473,37.565301],[126.97972,37.565436],[126.980015,37.565391],[126.980089,37.565222],[126.98022,37.565208],[126.980223,37.565162],[126.980444,37.565187],[126.980444,37.565237],[126.980514,37.565262],[126.98098,37.565278],[126.981706,37.565045],[126.981707,37.564986],[126.982212,37.564882]]]}},{"type":"Feature","properties":{"code":"11560104","name":"영등포동3가","guCode":"11190","guName":"영등포구","labelPoint":[126.908713,37.518175],"legalGuCode":"11560"},"geometry":{"type":"Polygon","coordinates":[[[126.911498,37.518108],[126.908452,37.517051],[126.908437,37.517009],[126.908387,37.517034],[126.906695,37.516382],[126.90572,37.518028],[126.905701,37.518098],[126.905778,37.518086],[126.904881,37.519863],[126.905458,37.519862],[126.909725,37.518988],[126.909725,37.518948],[126.911838,37.5185],[126.91181,37.518363],[126.911887,37.518243],[126.911498,37.518108]]]}},{"type":"Feature","properties":{"code":"11560103","name":"영등포동2가","guCode":"11190","guName":"영등포구","labelPoint":[126.911705,37.520898],"legalGuCode":"11560"},"geometry":{"type":"Polygon","coordinates":[[[126.913244,37.522973],[126.913575,37.522479],[126.916106,37.519695],[126.917364,37.51898],[126.91689,37.518322],[126.916834,37.518338],[126.91665,37.517896],[126.916455,37.517654],[126.914563,37.518447],[126.914197,37.518527],[126.913761,37.518584],[126.913375,37.518565],[126.913357,37.518629],[126.912923,37.518571],[126.911887,37.518243],[126.91181,37.518363],[126.911838,37.5185],[126.907942,37.519355],[126.908103,37.519992],[126.908173,37.519991],[126.90862,37.521804],[126.908799,37.521831],[126.908642,37.522164],[126.909129,37.522695],[126.909169,37.522679],[126.912494,37.524111],[126.913244,37.522973]]]}},{"type":"Feature","properties":{"code":"11560102","name":"영등포동1가","guCode":"11190","guName":"영등포구","labelPoint":[126.913423,37.518038],"legalGuCode":"11560"},"geometry":{"type":"Polygon","coordinates":[[[126.913369,37.518587],[126.91389,37.518576],[126.914563,37.518447],[126.916521,37.517629],[126.916827,37.517373],[126.916874,37.517241],[126.914903,37.517184],[126.908497,37.516815],[126.908452,37.517051],[126.912553,37.51847],[126.912923,37.518571],[126.913357,37.518629],[126.913369,37.518587]]]}},{"type":"Feature","properties":{"code":"11560101","name":"영등포동","guCode":"11190","guName":"영등포구","labelPoint":[126.906443,37.513571],"legalGuCode":"11560"},"geometry":{"type":"MultiPolygon","coordinates":[[[[126.8976,37.511842],[126.899403,37.512585],[126.900974,37.513297],[126.904063,37.514615],[126.903929,37.514858],[126.903209,37.515141],[126.906364,37.516227],[126.908387,37.517034],[126.908437,37.517009],[126.908497,37.516815],[126.910433,37.516948],[126.912552,37.517028],[126.915936,37.517227],[126.915653,37.517074],[126.914868,37.516808],[126.915162,37.516204],[126.915201,37.516015],[126.915016,37.515673],[126.914937,37.515595],[126.914104,37.515166],[126.913579,37.514844],[126.913579,37.514786],[126.912924,37.514552],[126.912433,37.514304],[126.911863,37.513942],[126.911515,37.513846],[126.910517,37.512734],[126.910224,37.512518],[126.910212,37.512448],[126.909727,37.512424],[126.909305,37.512334],[126.90919,37.512246],[126.909249,37.512037],[126.90906,37.51242],[126.908786,37.512409],[126.908141,37.512279],[126.907649,37.512355],[126.906969,37.511824],[126.906768,37.511555],[126.906039,37.511187],[126.90584,37.510736],[126.905502,37.510578],[126.905388,37.510456],[126.90467,37.509973],[126.904056,37.509662],[126.90355,37.509586],[126.902912,37.509664],[126.902525,37.509629],[126.901939,37.509743],[126.901722,37.509865],[126.901644,37.51016],[126.901382,37.51078],[126.901335,37.511115],[126.901116,37.511328],[126.901099,37.511666],[126.900325,37.512052],[126.898018,37.511254],[126.8976,37.511842]]],[[[126.901745,37.523235],[126.90218,37.524614],[126.902516,37.52541],[126.902612,37.525759],[126.902723,37.525961],[126.902794,37.525957],[126.902629,37.525419],[126.902531,37.525269],[126.902093,37.524081],[126.90114,37.520668],[126.901076,37.520132],[126.901072,37.519664],[126.901224,37.518859],[126.901348,37.518531],[126.901203,37.518564],[126.901077,37.518943],[126.900965,37.519467],[126.900923,37.519914],[126.900961,37.520456],[126.901106,37.521117],[126.901745,37.523235]]]]}},{"type":"Feature","properties":{"code":"11545103","name":"시흥동","guCode":"11180","guName":"금천구","labelPoint":[126.911814,37.449781],"legalGuCode":"11545"},"geometry":{"type":"Polygon","coordinates":[[[126.912379,37.465876],[126.912552,37.465743],[126.913067,37.465668],[126.913545,37.465427],[126.913692,37.465426],[126.913239,37.464619],[126.912954,37.464225],[126.912892,37.463942],[126.912959,37.463558],[126.913287,37.463061],[126.913712,37.46279],[126.913946,37.461936],[126.914389,37.461579],[126.91438,37.461393],[126.914185,37.460956],[126.914167,37.460715],[126.914246,37.459947],[126.914,37.45947],[126.914237,37.45894],[126.914017,37.458454],[126.914026,37.45789],[126.914567,37.457452],[126.914949,37.457314],[126.9156,37.457432],[126.916261,37.457342],[126.916899,37.457522],[126.917283,37.457339],[126.917457,37.457123],[126.918043,37.457033],[126.918316,37.456927],[126.919139,37.456894],[126.919676,37.456759],[126.920886,37.456829],[126.922187,37.456627],[126.92253,37.456329],[126.922796,37.455247],[126.923094,37.454512],[126.923347,37.454196],[126.923833,37.453928],[126.924179,37.453678],[126.924265,37.453376],[126.924786,37.452829],[126.925434,37.452994],[126.925701,37.452913],[126.926275,37.452538],[126.926693,37.451733],[126.927306,37.45101],[126.927881,37.451092],[126.928389,37.450988],[126.928506,37.450551],[126.928398,37.450209],[126.92828,37.449353],[126.927745,37.448978],[126.926518,37.448391],[126.926018,37.447702],[126.924982,37.446782],[126.923996,37.44621],[126.923993,37.446141],[126.923253,37.445773],[126.922897,37.445173],[126.922947,37.444873],[126.922763,37.444041],[126.922358,37.443704],[126.921657,37.442806],[126.921169,37.442546],[126.920699,37.44152],[126.920382,37.440598],[126.920275,37.440466],[126.919264,37.439852],[126.917857,37.44015],[126.916125,37.440053],[126.91483,37.439379],[126.913892,37.439307],[126.91319,37.439095],[126.912809,37.43872],[126.912309,37.438579],[126.911802,37.437766],[126.911432,37.437623],[126.911203,37.437201],[126.911334,37.436171],[126.910678,37.435498],[126.910611,37.435264],[126.910223,37.434824],[126.910029,37.434324],[126.909406,37.433865],[126.909141,37.433837],[126.90855,37.433682],[126.907934,37.433725],[126.90725,37.433516],[126.907089,37.433547],[126.907069,37.43363],[126.906928,37.433699],[126.906748,37.433673],[126.906506,37.433742],[126.90647,37.433813],[126.906368,37.433702],[126.906106,37.433995],[126.904818,37.433994],[126.90375,37.434105],[126.903526,37.434162],[126.903386,37.434112],[126.902988,37.434068],[126.902789,37.434776],[126.902804,37.435642],[126.90276,37.435642],[126.902751,37.435862],[126.901589,37.436551],[126.901068,37.436926],[126.900849,37.436984],[126.900547,37.437323],[126.900439,37.4376],[126.900337,37.437733],[126.899931,37.437986],[126.89965,37.43828],[126.899512,37.438351],[126.899145,37.438668],[126.898978,37.438702],[126.898756,37.439277],[126.898805,37.43935],[126.899281,37.439644],[126.899926,37.439556],[126.899358,37.440849],[126.899222,37.44106],[126.898999,37.441179],[126.898894,37.441481],[126.898779,37.442059],[126.897269,37.445437],[126.896991,37.445615],[126.896764,37.445704],[126.896333,37.445727],[126.895782,37.445633],[126.895505,37.445778],[126.89531,37.44621],[126.895009,37.446453],[126.89468,37.446638],[126.89465,37.446698],[126.894725,37.447064],[126.894697,37.44734],[126.894726,37.447631],[126.895004,37.448223],[126.895235,37.448374],[126.895581,37.448334],[126.89605,37.448043],[126.894815,37.450862],[126.894604,37.451159],[126.893983,37.452717],[126.894831,37.452443],[126.894968,37.452555],[126.895473,37.452737],[126.895455,37.452838],[126.895418,37.452837],[126.895438,37.452747],[126.895224,37.45269],[126.895071,37.452774],[126.89399,37.454933],[126.893428,37.456183],[126.89285,37.457931],[126.893189,37.45804],[126.893908,37.457324],[126.894339,37.457147],[126.894821,37.457078],[126.895049,37.457119],[126.895223,37.457211],[126.894825,37.457315],[126.894896,37.457424],[126.895263,37.457352],[126.895373,37.457294],[126.895501,37.457368],[126.895691,37.457327],[126.896189,37.457428],[126.896191,37.457505],[126.896508,37.45751],[126.896609,37.4574],[126.896773,37.457424],[126.896813,37.457349],[126.896865,37.457354],[126.896693,37.457538],[126.896749,37.4577],[126.896706,37.457729],[126.897036,37.457781],[126.897195,37.457871],[126.897176,37.457962],[126.89707,37.457922],[126.897099,37.458107],[126.896798,37.458859],[126.898454,37.459336],[126.898907,37.458174],[126.899559,37.458002],[126.900146,37.458146],[126.899901,37.458466],[126.900518,37.459012],[126.901014,37.459017],[126.901813,37.459439],[126.901745,37.459889],[126.902456,37.460599],[126.902586,37.462251],[126.903159,37.462143],[126.904351,37.462299],[126.904052,37.462741],[126.904903,37.46269],[126.904985,37.46279],[126.904995,37.463156],[126.905115,37.463663],[126.905217,37.463721],[126.905348,37.463728],[126.905964,37.463566],[126.906265,37.463645],[126.906656,37.463932],[126.906751,37.464091],[126.907092,37.464419],[126.907346,37.464389],[126.907566,37.464509],[126.907858,37.464565],[126.908094,37.464542],[126.908346,37.464853],[126.908898,37.464896],[126.909238,37.465086],[126.909314,37.465176],[126.909424,37.465566],[126.909521,37.465642],[126.910708,37.465418],[126.911619,37.465517],[126.911736,37.4656],[126.912379,37.465876]]]}},{"type":"Feature","properties":{"code":"11290106","name":"동소문동3가","guCode":"11080","guName":"성북구","labelPoint":[127.010859,37.590269],"legalGuCode":"11290"},"geometry":{"type":"Polygon","coordinates":[[[127.013785,37.591262],[127.013178,37.591197],[127.012879,37.591108],[127.011958,37.59064],[127.011674,37.590429],[127.010937,37.589668],[127.010007,37.588995],[127.009414,37.5899],[127.009887,37.590109],[127.01315,37.591783],[127.013785,37.591262]]]}},{"type":"Feature","properties":{"code":"11290105","name":"동소문동2가","guCode":"11080","guName":"성북구","labelPoint":[127.008209,37.588751],"legalGuCode":"11290"},"geometry":{"type":"Polygon","coordinates":[[[127.009414,37.5899],[127.010007,37.588995],[127.00823,37.587809],[127.007873,37.587726],[127.007503,37.587777],[127.006599,37.588238],[127.006217,37.588508],[127.009414,37.5899]]]}},{"type":"Feature","properties":{"code":"11290104","name":"동소문동1가","guCode":"11080","guName":"성북구","labelPoint":[127.007566,37.590649],"legalGuCode":"11290"},"geometry":{"type":"Polygon","coordinates":[[[127.008022,37.591712],[127.009279,37.58984],[127.006339,37.588555],[127.005197,37.589495],[127.005328,37.589541],[127.005697,37.589835],[127.00574,37.589913],[127.005576,37.590071],[127.007218,37.591227],[127.007483,37.591573],[127.008022,37.591712]]]}},{"type":"Feature","properties":{"code":"11290103","name":"돈암동","guCode":"11080","guName":"성북구","labelPoint":[127.009197,37.597166],"legalGuCode":"11290"},"geometry":{"type":"Polygon","coordinates":[[[127.028946,37.602026],[127.028266,37.601688],[127.02769,37.601194],[127.027512,37.600833],[127.02743,37.600847],[127.027002,37.600725],[127.026758,37.600256],[127.026867,37.599769],[127.026675,37.599439],[127.026239,37.599169],[127.026153,37.598874],[127.026096,37.598201],[127.026137,37.597914],[127.026083,37.597718],[127.025972,37.597416],[127.025744,37.597064],[127.025733,37.596811],[127.025427,37.596586],[127.02564,37.596324],[127.025582,37.596166],[127.02527,37.595993],[127.025217,37.595434],[127.025404,37.595209],[127.025535,37.594785],[127.02438,37.593485],[127.02444,37.593344],[127.024008,37.592822],[127.023828,37.592492],[127.023596,37.592328],[127.0239,37.591841],[127.023687,37.59144],[127.023695,37.590904],[127.023845,37.590615],[127.02407,37.590401],[127.023494,37.590176],[127.022936,37.590034],[127.022597,37.589835],[127.022722,37.590874],[127.021337,37.591383],[127.022003,37.596876],[127.021195,37.59718],[127.021166,37.597097],[127.020884,37.596961],[127.020916,37.596922],[127.020832,37.596957],[127.020776,37.59691],[127.020475,37.597185],[127.020485,37.597262],[127.020592,37.597407],[127.02012,37.597585],[127.019505,37.597191],[127.019125,37.59711],[127.019188,37.596803],[127.019099,37.596629],[127.018128,37.596504],[127.018222,37.59692],[127.017675,37.597035],[127.017553,37.596862],[127.017523,37.596902],[127.017459,37.596903],[127.017437,37.59685],[127.01744,37.596911],[127.017364,37.597007],[127.017261,37.596938],[127.017232,37.596965],[127.017107,37.596854],[127.017202,37.597132],[127.017096,37.597152],[127.015943,37.596803],[127.015331,37.598039],[127.015082,37.597967],[127.014879,37.598398],[127.013587,37.598274],[127.012655,37.596688],[127.013783,37.59488],[127.01117,37.593723],[127.01022,37.592691],[127.009583,37.592077],[127.009176,37.592009],[127.007483,37.591573],[127.007223,37.59123],[127.006677,37.590856],[127.006728,37.591023],[127.006952,37.591342],[127.006941,37.591497],[127.007118,37.59158],[127.007171,37.59184],[127.007354,37.592179],[127.007664,37.592495],[127.008043,37.592711],[127.008227,37.592753],[127.008232,37.59297],[127.008329,37.593119],[127.008125,37.593721],[127.008316,37.594173],[127.007935,37.595679],[127.007766,37.596041],[127.007191,37.596541],[127.006469,37.596312],[127.006433,37.596341],[127.006191,37.596261],[127.005951,37.596406],[127.005806,37.596546],[127.005549,37.596999],[127.005554,37.597091],[127.005192,37.597377],[127.005478,37.597586],[127.005903,37.597624],[127.005858,37.598091],[127.006228,37.598453],[127.006758,37.598722],[127.007043,37.598654],[127.007941,37.598903],[127.008497,37.598843],[127.008925,37.59898],[127.009106,37.599133],[127.009562,37.5991],[127.00985,37.598963],[127.010113,37.598747],[127.010429,37.598701],[127.010691,37.598424],[127.011067,37.598391],[127.011207,37.598713],[127.011355,37.598742],[127.011383,37.599002],[127.011336,37.599246],[127.011378,37.599521],[127.01134,37.599698],[127.011713,37.599689],[127.011338,37.599718],[127.011299,37.599871],[127.011323,37.599941],[127.011232,37.600181],[127.011332,37.600381],[127.011396,37.600734],[127.011352,37.600964],[127.011369,37.6011],[127.011813,37.601159],[127.012037,37.601245],[127.012481,37.601773],[127.012593,37.60185],[127.012631,37.601868],[127.012696,37.601745],[127.013113,37.601751],[127.013742,37.601119],[127.013831,37.601163],[127.014072,37.600862],[127.013738,37.600578],[127.013796,37.600527],[127.013897,37.600102],[127.014349,37.600257],[127.014966,37.600275],[127.015346,37.60003],[127.015629,37.599933],[127.016165,37.599649],[127.016692,37.599105],[127.017173,37.598811],[127.017152,37.598785],[127.017214,37.598741],[127.017627,37.599192],[127.017711,37.599147],[127.017808,37.599259],[127.018308,37.599066],[127.018262,37.598957],[127.018426,37.598885],[127.018506,37.599004],[127.01843,37.598858],[127.0185,37.598801],[127.018409,37.598693],[127.018504,37.598656],[127.018659,37.598873],[127.018663,37.598822],[127.018526,37.598616],[127.018583,37.598596],[127.018955,37.59867],[127.01911,37.598775],[127.019281,37.599007],[127.019335,37.599001],[127.019334,37.599044],[127.019625,37.599157],[127.01988,37.599157],[127.020248,37.599395],[127.020682,37.60015],[127.020894,37.600207],[127.021265,37.60009],[127.021488,37.600229],[127.021617,37.600486],[127.021446,37.601096],[127.021575,37.601315],[127.021649,37.601365],[127.021751,37.601361],[127.021984,37.601566],[127.021972,37.602061],[127.022647,37.602035],[127.023408,37.602147],[127.024339,37.60234],[127.024768,37.602503],[127.025005,37.602671],[127.025227,37.602893],[127.026059,37.603964],[127.027086,37.604511],[127.029099,37.604521],[127.030322,37.604187],[127.030438,37.604115],[127.030278,37.604039],[127.029943,37.603738],[127.029979,37.603639],[127.02986,37.603473],[127.029868,37.603139],[127.029222,37.602735],[127.029144,37.60212],[127.028946,37.602026]]]}},{"type":"Feature","properties":{"code":"11140110","name":"수표동","guCode":"11020","guName":"중구","labelPoint":[126.989443,37.567636],"legalGuCode":"11140"},"geometry":{"type":"Polygon","coordinates":[[[126.987949,37.567417],[126.988136,37.567856],[126.988195,37.568135],[126.989469,37.568107],[126.990884,37.568202],[126.990815,37.567229],[126.99085,37.566826],[126.988397,37.566727],[126.988366,37.56733],[126.987959,37.567344],[126.987949,37.567417]]]}},{"type":"Feature","properties":{"code":"11140109","name":"장교동","guCode":"11020","guName":"중구","labelPoint":[126.986863,37.567636],"legalGuCode":"11140"},"geometry":{"type":"Polygon","coordinates":[[[126.985681,37.566797],[126.985685,37.56793],[126.986121,37.568032],[126.986147,37.568126],[126.986465,37.568259],[126.988195,37.568135],[126.988136,37.567856],[126.987949,37.567417],[126.987959,37.567344],[126.988366,37.56733],[126.988397,37.566727],[126.987494,37.566701],[126.987512,37.566838],[126.98742,37.566841],[126.987329,37.566838],[126.987326,37.566791],[126.985681,37.566797]]]}},{"type":"Feature","properties":{"code":"11140108","name":"수하동","guCode":"11020","guName":"중구","labelPoint":[126.984722,37.5673],"legalGuCode":"11140"},"geometry":{"type":"Polygon","coordinates":[[[126.985681,37.566993],[126.985228,37.56698],[126.984981,37.566861],[126.984872,37.566898],[126.984878,37.566981],[126.984517,37.566989],[126.984441,37.567023],[126.984315,37.566706],[126.984067,37.566787],[126.984006,37.566743],[126.983882,37.566743],[126.983848,37.566792],[126.98369,37.566804],[126.983682,37.566735],[126.983491,37.566748],[126.983289,37.5667],[126.983102,37.566721],[126.983113,37.566906],[126.983165,37.566947],[126.984229,37.567577],[126.984828,37.567798],[126.986147,37.568126],[126.986121,37.568032],[126.985685,37.56793],[126.985681,37.566993]]]}},{"type":"Feature","properties":{"code":"11140107","name":"삼각동","guCode":"11020","guName":"중구","labelPoint":[126.984324,37.567948],"legalGuCode":"11140"},"geometry":{"type":"Polygon","coordinates":[[[126.986465,37.568259],[126.985672,37.567987],[126.984598,37.567728],[126.984089,37.567511],[126.983165,37.566947],[126.983105,37.567037],[126.983105,37.567518],[126.983365,37.567586],[126.983419,37.567545],[126.983737,37.567671],[126.983663,37.567909],[126.9834,37.567852],[126.983137,37.567857],[126.983143,37.568535],[126.983195,37.568905],[126.984367,37.568639],[126.986465,37.568259]]]}},{"type":"Feature","properties":{"code":"11110161","name":"종로4가","guCode":"11010","guName":"종로구","labelPoint":[126.997897,37.57062],"legalGuCode":"11110"},"geometry":{"type":"Polygon","coordinates":[[[127.000169,37.571243],[127.00036,37.570821],[127.000406,37.570822],[127.000856,37.570347],[126.999283,37.570248],[126.999273,37.570324],[126.999033,37.570353],[126.997958,37.570278],[126.997548,37.570301],[126.995903,37.570149],[126.995378,37.570134],[126.9953,37.57049],[126.995092,37.57075],[126.995063,37.570914],[126.997816,37.571072],[126.999236,37.571218],[127.000169,37.571243]]]}},{"type":"Feature","properties":{"code":"11110160","name":"연지동","guCode":"11010","guName":"종로구","labelPoint":[126.999868,37.573869],"legalGuCode":"11110"},"geometry":{"type":"Polygon","coordinates":[[[127.001366,37.574981],[127.001067,37.574962],[127.001075,37.574873],[127.000696,37.574798],[127.000846,37.574414],[127.00119,37.574248],[127.00225,37.573489],[127.00224,37.573439],[127.002171,37.573404],[127.002102,37.573055],[127.001698,37.572602],[127.001587,37.572344],[127.001484,37.571709],[127.001477,37.571396],[127.001161,37.571379],[127.00112,37.571457],[127.001076,37.571455],[127.001054,37.571532],[127.000764,37.571507],[127.000715,37.571704],[127.00062,37.571759],[127.000546,37.571948],[126.999758,37.571778],[126.999568,37.57209],[126.999332,37.572295],[126.998074,37.573704],[126.997958,37.574034],[126.997954,37.574231],[126.99797,37.574326],[126.998027,37.574347],[126.99802,37.574508],[126.998111,37.574511],[126.998124,37.574454],[126.998263,37.57449],[126.998282,37.574446],[126.998415,37.574489],[126.998435,37.574423],[126.998657,37.574491],[126.998571,37.574682],[126.998689,37.574717],[126.998766,37.57463],[126.998841,37.574646],[126.998812,37.574722],[126.998948,37.574776],[126.998893,37.574881],[126.999147,37.575023],[126.999037,37.575312],[126.999288,37.575462],[126.999244,37.575543],[126.999294,37.575562],[126.999403,37.575849],[126.999498,37.575973],[126.99996,37.575773],[127.000033,37.575848],[127.000167,37.575828],[127.000301,37.575876],[127.000418,37.576032],[127.000548,37.576063],[127.000679,37.576056],[127.000693,37.575938],[127.000958,37.575888],[127.000995,37.576109],[127.001284,37.576081],[127.00127,37.575781],[127.001337,37.575555],[127.001322,37.575322],[127.001366,37.574981]]]}},{"type":"Feature","properties":{"code":"11110159","name":"원남동","guCode":"11010","guName":"종로구","labelPoint":[126.997542,37.575502],"legalGuCode":"11110"},"geometry":{"type":"Polygon","coordinates":[[[126.997127,37.577072],[126.997165,37.576917],[126.997476,37.576933],[126.997663,37.57698],[126.997639,37.577033],[126.997727,37.577054],[126.997896,37.576673],[126.998003,37.576694],[126.998084,37.576564],[126.99822,37.576633],[126.99847,37.576675],[126.99841,37.57688],[126.998811,37.576952],[126.998845,37.57683],[126.998787,37.576818],[126.998808,37.57669],[126.99904,37.576412],[126.999047,37.576326],[126.999145,37.576144],[126.999341,37.576124],[126.999448,37.576159],[126.999545,37.576126],[126.999599,37.576015],[126.999458,37.575942],[126.999403,37.575849],[126.999294,37.575562],[126.999244,37.575543],[126.999288,37.575462],[126.999037,37.575312],[126.999147,37.575023],[126.998893,37.574881],[126.998948,37.574776],[126.998812,37.574722],[126.998841,37.574646],[126.998766,37.57463],[126.998689,37.574717],[126.998571,37.574682],[126.998657,37.574491],[126.998435,37.574423],[126.998415,37.574489],[126.998282,37.574446],[126.998263,37.57449],[126.998124,37.574454],[126.998111,37.574511],[126.99802,37.574508],[126.998027,37.574347],[126.99797,37.574298],[126.997556,37.574301],[126.996626,37.574115],[126.996389,37.574034],[126.996411,37.573892],[126.996206,37.574717],[126.99584,37.575328],[126.995774,37.575843],[126.995657,37.576202],[126.996979,37.576505],[126.996999,37.576524],[126.996772,37.576985],[126.997127,37.577072]]]}},{"type":"Feature","properties":{"code":"11110158","name":"예지동","guCode":"11010","guName":"종로구","labelPoint":[126.998593,37.569493],"legalGuCode":"11110"},"geometry":{"type":"Polygon","coordinates":[[[126.995378,37.570134],[126.995903,37.570149],[126.997548,37.570301],[126.997958,37.570278],[126.999033,37.570353],[126.999273,37.570324],[126.999283,37.570248],[127.000856,37.570347],[127.001505,37.569715],[127.001446,37.569509],[127.001308,37.569477],[126.99823,37.568886],[126.996353,37.568655],[126.996352,37.56889],[126.995894,37.569437],[126.99557,37.569652],[126.995446,37.569853],[126.995378,37.570134]]]}},{"type":"Feature","properties":{"code":"11110157","name":"인의동","guCode":"11010","guName":"종로구","labelPoint":[126.997826,37.572468],"legalGuCode":"11110"},"geometry":{"type":"Polygon","coordinates":[[[126.99797,37.574298],[126.997958,37.574034],[126.998074,37.573704],[126.999332,37.572295],[126.999568,37.57209],[127.000044,37.571351],[127.000169,37.571243],[126.999236,37.571218],[126.997816,37.571072],[126.995915,37.570953],[126.99591,37.571869],[126.995835,37.572051],[126.996009,37.572091],[126.996299,37.572233],[126.996605,37.572642],[126.996675,37.572804],[126.996389,37.574034],[126.997118,37.574232],[126.997556,37.574301],[126.99797,37.574298]]]}},{"type":"Feature","properties":{"code":"11545102","name":"독산동","guCode":"11180","guName":"금천구","labelPoint":[126.900707,37.466527],"legalGuCode":"11545"},"geometry":{"type":"Polygon","coordinates":[[[126.89899,37.479149],[126.898944,37.47894],[126.905239,37.480113],[126.905289,37.479987],[126.905517,37.479983],[126.909786,37.480766],[126.909935,37.480253],[126.908977,37.480088],[126.909099,37.479641],[126.908812,37.479556],[126.908697,37.479396],[126.908738,37.47925],[126.908623,37.479077],[126.909477,37.478018],[126.909834,37.478201],[126.910429,37.478355],[126.910495,37.478174],[126.910662,37.47795],[126.911823,37.477806],[126.911797,37.476861],[126.911619,37.476296],[126.911372,37.475986],[126.911283,37.475433],[126.911183,37.475218],[126.911326,37.47491],[126.911302,37.474755],[126.911361,37.474478],[126.911078,37.474191],[126.911031,37.473891],[126.91075,37.473601],[126.910538,37.473605],[126.91003,37.473429],[126.909944,37.473304],[126.909595,37.473213],[126.909318,37.473192],[126.908561,37.472956],[126.908194,37.472729],[126.9082,37.472682],[126.908366,37.472368],[126.908607,37.472155],[126.908778,37.471783],[126.909592,37.470694],[126.909554,37.470447],[126.909786,37.470062],[126.90981,37.469905],[126.909941,37.469791],[126.910242,37.469239],[126.909956,37.468763],[126.91104,37.46808],[126.911091,37.467727],[126.911612,37.467119],[126.911638,37.466803],[126.91238,37.46625],[126.912379,37.465876],[126.911736,37.4656],[126.911619,37.465517],[126.910708,37.465418],[126.909521,37.465642],[126.909424,37.465566],[126.909314,37.465176],[126.909238,37.465086],[126.908898,37.464896],[126.908346,37.464853],[126.908094,37.464542],[126.907858,37.464565],[126.907566,37.464509],[126.907346,37.464389],[126.907092,37.464419],[126.906751,37.464091],[126.906656,37.463932],[126.906265,37.463645],[126.905964,37.463566],[126.905348,37.463728],[126.905217,37.463721],[126.905115,37.463663],[126.904995,37.463156],[126.904985,37.46279],[126.904903,37.46269],[126.904052,37.462741],[126.904351,37.462299],[126.903159,37.462143],[126.902586,37.462251],[126.902456,37.460599],[126.901745,37.459889],[126.901813,37.459439],[126.901014,37.459017],[126.900518,37.459012],[126.899901,37.458466],[126.900146,37.458146],[126.899559,37.458002],[126.898907,37.458174],[126.898454,37.459336],[126.896798,37.458859],[126.897099,37.458107],[126.89707,37.457922],[126.897176,37.457962],[126.897195,37.457871],[126.897036,37.457781],[126.896706,37.457729],[126.896749,37.4577],[126.896693,37.457538],[126.896865,37.457354],[126.896813,37.457349],[126.896773,37.457424],[126.896609,37.4574],[126.896508,37.45751],[126.896191,37.457505],[126.896189,37.457428],[126.895691,37.457327],[126.895501,37.457368],[126.895373,37.457294],[126.895263,37.457352],[126.894896,37.457424],[126.894825,37.457315],[126.895223,37.457211],[126.895049,37.457119],[126.894821,37.457078],[126.894339,37.457147],[126.893908,37.457324],[126.893189,37.45804],[126.89285,37.457931],[126.893428,37.456183],[126.89399,37.454933],[126.895071,37.452774],[126.895224,37.45269],[126.895438,37.452747],[126.895418,37.452837],[126.895455,37.452838],[126.895473,37.452732],[126.895096,37.452613],[126.894831,37.452443],[126.893808,37.452783],[126.893614,37.452823],[126.893376,37.452806],[126.893255,37.452763],[126.893063,37.452602],[126.89276,37.452039],[126.892588,37.451949],[126.892391,37.451999],[126.892224,37.452205],[126.892104,37.45228],[126.891964,37.452304],[126.891365,37.452211],[126.891049,37.452242],[126.890724,37.45232],[126.890509,37.452441],[126.89021,37.452504],[126.88985,37.452277],[126.889642,37.452315],[126.889561,37.452432],[126.889504,37.452701],[126.889648,37.453319],[126.889653,37.453599],[126.889517,37.45377],[126.889085,37.453972],[126.889021,37.454167],[126.889265,37.454482],[126.889286,37.454575],[126.889203,37.454724],[126.88888,37.454728],[126.888764,37.454766],[126.888341,37.45509],[126.888199,37.4554],[126.888115,37.455524],[126.888017,37.455579],[126.887373,37.455463],[126.887242,37.455504],[126.886682,37.455928],[126.886532,37.45613],[126.886403,37.456173],[126.886265,37.456363],[126.886185,37.456523],[126.886109,37.456948],[126.885869,37.457588],[126.885947,37.457894],[126.886322,37.458451],[126.886374,37.458715],[126.886337,37.458957],[126.886198,37.459241],[126.885941,37.45934],[126.885511,37.459373],[126.885377,37.459469],[126.88534,37.459637],[126.88535,37.459863],[126.885519,37.460255],[126.886128,37.4609],[126.886826,37.46093],[126.887474,37.461066],[126.887859,37.460997],[126.888336,37.460781],[126.888631,37.460788],[126.888769,37.460833],[126.888876,37.460947],[126.887122,37.462904],[126.886245,37.462798],[126.885836,37.462702],[126.885457,37.462526],[126.885141,37.462468],[126.884317,37.462724],[126.884182,37.462809],[126.883782,37.463182],[126.883419,37.463674],[126.882746,37.464391],[126.882774,37.464829],[126.882873,37.464961],[126.883148,37.465128],[126.884185,37.465385],[126.884345,37.465457],[126.884568,37.465655],[126.8858,37.464264],[126.889681,37.465884],[126.888051,37.469675],[126.886988,37.472034],[126.889216,37.471951],[126.890545,37.472341],[126.893878,37.472216],[126.894031,37.473533],[126.894646,37.473839],[126.894099,37.474535],[126.896677,37.475819],[126.895872,37.478339],[126.895849,37.478507],[126.896212,37.478673],[126.89899,37.479149]]]}},{"type":"Feature","properties":{"code":"11545101","name":"가산동","guCode":"11180","guName":"금천구","labelPoint":[126.886283,37.475177],"legalGuCode":"11545"},"geometry":{"type":"Polygon","coordinates":[[[126.874556,37.485367],[126.875182,37.485471],[126.87661,37.485835],[126.876899,37.485922],[126.876884,37.485945],[126.877624,37.48608],[126.878156,37.486395],[126.878463,37.486662],[126.879452,37.486219],[126.881354,37.485559],[126.882724,37.484749],[126.884415,37.483553],[126.88573,37.482683],[126.886155,37.48235],[126.88773,37.480441],[126.888785,37.47979],[126.889881,37.47939],[126.895085,37.478505],[126.895849,37.478507],[126.895872,37.478339],[126.896677,37.475819],[126.894099,37.474535],[126.894646,37.473839],[126.894031,37.473533],[126.893878,37.472216],[126.890545,37.472341],[126.889216,37.471951],[126.886988,37.472034],[126.888051,37.469675],[126.889681,37.465884],[126.8858,37.464264],[126.884574,37.465648],[126.884618,37.466012],[126.884321,37.466474],[126.883994,37.466669],[126.883276,37.466857],[126.883014,37.467064],[126.882722,37.467712],[126.88253,37.467934],[126.881947,37.468214],[126.881631,37.468459],[126.881511,37.468721],[126.881447,37.468996],[126.881468,37.469157],[126.881593,37.469417],[126.880443,37.470717],[126.880204,37.470935],[126.88004,37.471215],[126.878011,37.473828],[126.875986,37.477104],[126.874266,37.480417],[126.874199,37.48048],[126.874179,37.480552],[126.874208,37.480606],[126.873379,37.482434],[126.873189,37.482284],[126.872971,37.48227],[126.872744,37.482425],[126.872787,37.483489],[126.872858,37.483657],[126.873234,37.484001],[126.873295,37.484092],[126.873297,37.484181],[126.872784,37.48437],[126.872208,37.484433],[126.871797,37.484997],[126.871763,37.485269],[126.872031,37.4856],[126.872232,37.485762],[126.872445,37.48611],[126.872735,37.48624],[126.872895,37.486252],[126.873137,37.486152],[126.873625,37.48564],[126.873813,37.485322],[126.87394,37.485249],[126.874219,37.485188],[126.874556,37.485367]]]}},{"type":"Feature","properties":{"code":"11530112","name":"항동","guCode":"11170","guName":"구로구","labelPoint":[126.82591,37.480975],"legalGuCode":"11530"},"geometry":{"type":"Polygon","coordinates":[[[126.824391,37.488845],[126.824026,37.488623],[126.823805,37.488325],[126.8239,37.488314],[126.82474,37.488513],[126.825402,37.48842],[126.825723,37.488342],[126.826079,37.488197],[126.827666,37.488424],[126.827773,37.48811],[126.828142,37.487923],[126.828292,37.487241],[126.828084,37.486937],[126.828809,37.486106],[126.829416,37.485999],[126.829565,37.48593],[126.829815,37.48573],[126.830371,37.484908],[126.830745,37.484794],[126.832178,37.483933],[126.832129,37.483577],[126.832152,37.482883],[126.831634,37.482577],[126.831045,37.481626],[126.830863,37.481429],[126.83217,37.481158],[126.832105,37.480417],[126.832652,37.479469],[126.832512,37.478972],[126.832477,37.47847],[126.83184,37.477809],[126.831748,37.477651],[126.830458,37.47734],[126.829622,37.476896],[126.829537,37.476596],[126.829204,37.476196],[126.827872,37.47599],[126.826118,37.476222],[126.82528,37.476267],[126.824335,37.476253],[126.824173,37.476195],[126.824108,37.476353],[126.823951,37.476473],[126.823817,37.476388],[126.823654,37.476131],[126.82343,37.476099],[126.823148,37.476122],[126.82318,37.475946],[126.822948,37.475968],[126.822777,37.475932],[126.822633,37.475834],[126.822107,37.475748],[126.821949,37.475534],[126.821913,37.475286],[126.821718,37.47522],[126.821668,37.475481],[126.821733,37.476107],[126.821779,37.476203],[126.821571,37.476262],[126.82148,37.476217],[126.821236,37.476212],[126.821226,37.476267],[126.82115,37.476301],[126.820619,37.476254],[126.820161,37.476269],[126.820061,37.476205],[126.819866,37.476224],[126.819576,37.476356],[126.819308,37.47629],[126.819079,37.476133],[126.819052,37.4755],[126.819069,37.47545],[126.819413,37.475179],[126.819284,37.475177],[126.818822,37.475327],[126.818807,37.47524],[126.818321,37.475299],[126.818633,37.474081],[126.817918,37.473689],[126.81764,37.473188],[126.817076,37.473288],[126.816953,37.473679],[126.816562,37.473994],[126.815473,37.47405],[126.814816,37.474553],[126.814629,37.474649],[126.814965,37.47586],[126.815296,37.476362],[126.816109,37.476745],[126.816072,37.47708],[126.816411,37.477537],[126.81721,37.478136],[126.818256,37.478164],[126.818997,37.479162],[126.819367,37.479863],[126.819543,37.480324],[126.819598,37.480614],[126.819578,37.480793],[126.819986,37.481644],[126.819963,37.481891],[126.819555,37.482517],[126.819502,37.483028],[126.819391,37.483309],[126.819573,37.483652],[126.819308,37.484183],[126.819327,37.484285],[126.819468,37.48452],[126.819492,37.484808],[126.81929,37.485475],[126.821292,37.486177],[126.821637,37.486516],[126.822391,37.486723],[126.822483,37.486922],[126.823587,37.487742],[126.823561,37.487775],[126.823506,37.487735],[126.823011,37.48815],[126.823039,37.48838],[126.823165,37.4884],[126.823178,37.488133],[126.823672,37.488465],[126.824049,37.488805],[126.824186,37.488771],[126.824391,37.488845]]]}},{"type":"Feature","properties":{"code":"11530111","name":"천왕동","guCode":"11170","guName":"구로구","labelPoint":[126.839139,37.481048],"legalGuCode":"11530"},"geometry":{"type":"Polygon","coordinates":[[[126.837775,37.483583],[126.837448,37.484653],[126.837237,37.485014],[126.837177,37.485003],[126.837129,37.485086],[126.837153,37.485145],[126.836257,37.485202],[126.836014,37.485345],[126.835793,37.485702],[126.83591,37.485847],[126.836231,37.485787],[126.836156,37.485644],[126.836255,37.485645],[126.836535,37.485766],[126.836624,37.486094],[126.836845,37.486544],[126.836728,37.486607],[126.836847,37.486751],[126.836636,37.486831],[126.836691,37.48692],[126.837702,37.486972],[126.837795,37.487007],[126.837897,37.486992],[126.837815,37.486979],[126.837943,37.486915],[126.838324,37.487039],[126.8382,37.487265],[126.838641,37.48746],[126.838867,37.487524],[126.83918,37.487528],[126.839318,37.487584],[126.839273,37.487706],[126.839555,37.487719],[126.83955,37.487677],[126.839728,37.48777],[126.839745,37.487991],[126.8401,37.487963],[126.841853,37.488862],[126.841979,37.488562],[126.842195,37.488294],[126.843115,37.487961],[126.843197,37.487762],[126.842438,37.486898],[126.842675,37.48662],[126.843807,37.486135],[126.844182,37.486411],[126.844801,37.486253],[126.845556,37.485919],[126.845846,37.485512],[126.845961,37.485478],[126.845871,37.485054],[126.84604,37.484538],[126.847623,37.484515],[126.847994,37.48432],[126.847398,37.483731],[126.847275,37.483763],[126.847346,37.483728],[126.847431,37.482396],[126.847484,37.482363],[126.847836,37.4824],[126.848373,37.482394],[126.848486,37.482369],[126.847741,37.482349],[126.847069,37.4822],[126.847073,37.482251],[126.846989,37.48222],[126.846986,37.481895],[126.846623,37.48169],[126.846408,37.481495],[126.846049,37.480925],[126.845934,37.480315],[126.845764,37.477811],[126.84536,37.473812],[126.844955,37.473472],[126.84482,37.473745],[126.8447,37.473761],[126.844607,37.473845],[126.844552,37.473978],[126.844491,37.47398],[126.844489,37.474055],[126.844319,37.474302],[126.844341,37.474525],[126.84425,37.4746],[126.844131,37.474493],[126.844048,37.474473],[126.843535,37.47454],[126.843112,37.47487],[126.842781,37.474972],[126.842504,37.474961],[126.8423,37.474876],[126.841742,37.47482],[126.841032,37.474648],[126.840825,37.474658],[126.840108,37.474763],[126.839949,37.474862],[126.839695,37.475144],[126.839567,37.475192],[126.839234,37.475166],[126.838845,37.475309],[126.8383,37.475392],[126.837987,37.475215],[126.837898,37.475209],[126.837755,37.47511],[126.837204,37.474881],[126.837123,37.474907],[126.836738,37.474864],[126.83662,37.474885],[126.836479,37.47483],[126.836179,37.474809],[126.836108,37.474676],[126.835946,37.47452],[126.835883,37.474461],[126.835768,37.474449],[126.835725,37.474384],[126.834834,37.474423],[126.83464,37.474363],[126.834613,37.47487],[126.834872,37.475751],[126.834495,37.476011],[126.834079,37.476415],[126.833932,37.476784],[126.83348,37.477156],[126.833327,37.477232],[126.833052,37.477246],[126.831748,37.477651],[126.831839,37.477809],[126.832477,37.47847],[126.832512,37.478972],[126.832651,37.479469],[126.832104,37.480417],[126.83216,37.481171],[126.830862,37.481429],[126.831044,37.481626],[126.831634,37.482577],[126.832152,37.482883],[126.832128,37.483577],[126.832177,37.483933],[126.833233,37.484087],[126.833584,37.484052],[126.834726,37.483695],[126.835253,37.483946],[126.835927,37.483846],[126.836217,37.483545],[126.836804,37.483528],[126.837775,37.483583]]]}},{"type":"Feature","properties":{"code":"11530110","name":"온수동","guCode":"11170","guName":"구로구","labelPoint":[126.820762,37.493555],"legalGuCode":"11530"},"geometry":{"type":"Polygon","coordinates":[[[126.819891,37.498874],[126.820285,37.498355],[126.821664,37.498341],[126.821776,37.49803],[126.821799,37.497553],[126.821879,37.497228],[126.821974,37.497134],[126.822224,37.497054],[126.823174,37.496952],[126.823335,37.496899],[126.823469,37.496827],[126.824015,37.496364],[126.824469,37.4962],[126.824926,37.495793],[126.825162,37.495704],[126.82538,37.495453],[126.825659,37.495307],[126.82596,37.494926],[126.826106,37.494797],[126.826497,37.49467],[126.826937,37.494233],[126.827105,37.493901],[126.827134,37.493682],[126.827093,37.493428],[126.82714,37.49312],[126.827076,37.492813],[126.827113,37.492643],[126.827167,37.492576],[126.82712,37.492536],[126.827326,37.49236],[126.827316,37.491916],[126.827364,37.491747],[126.827534,37.491436],[126.827796,37.491453],[126.827788,37.491162],[126.827636,37.491116],[126.827713,37.491001],[126.827712,37.490882],[126.827698,37.490939],[126.826567,37.49062],[126.826127,37.490422],[126.825672,37.489961],[126.825379,37.489759],[126.825098,37.489467],[126.824881,37.489367],[126.824357,37.489017],[126.824093,37.488793],[126.824049,37.488805],[126.823672,37.488465],[126.823178,37.488133],[126.823165,37.4884],[126.823041,37.488381],[126.823047,37.489291],[126.822834,37.489636],[126.822762,37.489979],[126.821513,37.49033],[126.821024,37.490587],[126.820932,37.490577],[126.820994,37.490648],[126.820963,37.490667],[126.820794,37.490527],[126.820976,37.490793],[126.82034,37.490729],[126.82021,37.490749],[126.820045,37.490789],[126.819527,37.491053],[126.81932,37.491192],[126.819248,37.491314],[126.818574,37.491559],[126.817889,37.491536],[126.815873,37.492626],[126.815488,37.493202],[126.814575,37.493193],[126.814318,37.493759],[126.814353,37.494425],[126.813867,37.494898],[126.813012,37.496401],[126.813247,37.496734],[126.814037,37.497352],[126.81414,37.498126],[126.814283,37.498268],[126.814642,37.498002],[126.815142,37.49801],[126.815772,37.497644],[126.816097,37.497644],[126.816583,37.497807],[126.81689,37.498018],[126.817583,37.498227],[126.818029,37.498724],[126.818209,37.498856],[126.818912,37.498749],[126.81964,37.499211],[126.819891,37.498874]]]}},{"type":"Feature","properties":{"code":"11530109","name":"궁동","guCode":"11170","guName":"구로구","labelPoint":[126.827893,37.501086],"legalGuCode":"11530"},"geometry":{"type":"Polygon","coordinates":[[[126.828517,37.508665],[126.82928,37.508444],[126.829493,37.50832],[126.829835,37.508347],[126.830646,37.508221],[126.831025,37.508031],[126.831025,37.507824],[126.830614,37.506944],[126.830566,37.506356],[126.831187,37.505869],[126.831198,37.505769],[126.8315,37.505446],[126.831601,37.505112],[126.832074,37.504631],[126.832913,37.504263],[126.833012,37.504093],[126.833085,37.504045],[126.833561,37.503911],[126.833994,37.503379],[126.835247,37.502869],[126.8364,37.503082],[126.836521,37.502564],[126.836291,37.502087],[126.836332,37.501383],[126.835456,37.500257],[126.835142,37.499977],[126.835116,37.499733],[126.834418,37.499158],[126.834123,37.498622],[126.834235,37.498333],[126.834468,37.498144],[126.834998,37.497288],[126.836577,37.496428],[126.836987,37.496098],[126.83714,37.495613],[126.837388,37.495297],[126.837359,37.49457],[126.837773,37.493638],[126.837911,37.49323],[126.836113,37.493177],[126.83142,37.493163],[126.828698,37.493093],[126.828314,37.493153],[126.82714,37.493137],[126.827093,37.493428],[126.827134,37.493682],[126.827075,37.493979],[126.826937,37.494233],[126.826497,37.49467],[126.826106,37.494797],[126.82596,37.494926],[126.825659,37.495307],[126.82538,37.495453],[126.825162,37.495704],[126.824926,37.495793],[126.824469,37.4962],[126.824015,37.496364],[126.823469,37.496827],[126.823174,37.496952],[126.822773,37.496971],[126.822504,37.497044],[126.822224,37.497054],[126.821974,37.497134],[126.821879,37.497228],[126.821799,37.497553],[126.821776,37.49803],[126.821664,37.498341],[126.820285,37.498355],[126.81961,37.499258],[126.819443,37.49997],[126.819381,37.500464],[126.819415,37.500789],[126.82,37.501434],[126.820612,37.501768],[126.821341,37.502021],[126.821564,37.502156],[126.821564,37.502902],[126.821652,37.503243],[126.821976,37.503896],[126.821973,37.504106],[126.821827,37.504538],[126.82202,37.505081],[126.822379,37.505348],[126.822551,37.505685],[126.822491,37.506102],[126.822383,37.506114],[126.822362,37.506226],[126.822224,37.507289],[126.822223,37.507687],[126.822639,37.507739],[126.823592,37.508138],[126.824457,37.508258],[126.826274,37.508768],[126.82646,37.50875],[126.826922,37.508491],[126.827137,37.508499],[126.828111,37.5088],[126.828517,37.508665]]]}},{"type":"Feature","properties":{"code":"11530108","name":"오류동","guCode":"11170","guName":"구로구","labelPoint":[126.838305,37.49222],"legalGuCode":"11530"},"geometry":{"type":"Polygon","coordinates":[[[126.837775,37.483583],[126.836804,37.483528],[126.836217,37.483545],[126.835927,37.483846],[126.835253,37.483946],[126.834726,37.483695],[126.833584,37.484052],[126.833233,37.484087],[126.832177,37.483933],[126.830744,37.484794],[126.83037,37.484908],[126.829815,37.48573],[126.829565,37.48593],[126.829416,37.485999],[126.828809,37.486106],[126.828084,37.486937],[126.828292,37.487241],[126.828142,37.487923],[126.827773,37.48811],[126.827666,37.488424],[126.826079,37.488197],[126.825723,37.488342],[126.825402,37.48842],[126.82474,37.488513],[126.823899,37.488314],[126.823805,37.488325],[126.824026,37.488623],[126.824391,37.488845],[126.824186,37.488771],[126.824092,37.488793],[126.824356,37.489017],[126.824881,37.489367],[126.825098,37.489467],[126.825379,37.489759],[126.825671,37.489961],[126.826127,37.490422],[126.826567,37.49062],[126.827697,37.490939],[126.827712,37.490882],[126.827712,37.491001],[126.827636,37.491116],[126.827788,37.491162],[126.827795,37.491453],[126.827533,37.491436],[126.827364,37.491747],[126.827305,37.49208],[126.827326,37.49236],[126.82712,37.492536],[126.827167,37.492576],[126.827112,37.492643],[126.827075,37.492813],[126.82714,37.493137],[126.828313,37.493153],[126.828697,37.493093],[126.831419,37.493163],[126.836113,37.493177],[126.837911,37.49323],[126.837772,37.493638],[126.837359,37.49457],[126.837388,37.495297],[126.837139,37.495613],[126.836987,37.496098],[126.836576,37.496428],[126.834998,37.497288],[126.834468,37.498144],[126.834235,37.498333],[126.834123,37.498622],[126.834417,37.499158],[126.835115,37.499733],[126.835142,37.499977],[126.835456,37.500257],[126.835712,37.500565],[126.83635,37.500812],[126.836476,37.500958],[126.836781,37.500834],[126.837132,37.50076],[126.837304,37.500167],[126.838665,37.500063],[126.839251,37.499967],[126.840449,37.499483],[126.840927,37.500005],[126.84189,37.499941],[126.842202,37.499734],[126.842744,37.499654],[126.843194,37.499665],[126.843374,37.499809],[126.843505,37.499788],[126.843519,37.499752],[126.844136,37.49969],[126.844675,37.499399],[126.8447,37.499437],[126.844746,37.499425],[126.84501,37.499241],[126.845509,37.498459],[126.845649,37.498314],[126.845974,37.498032],[126.846598,37.497842],[126.846561,37.497792],[126.846734,37.497667],[126.846965,37.49757],[126.847561,37.497888],[126.847635,37.497752],[126.847895,37.497761],[126.848217,37.497648],[126.848401,37.49774],[126.848587,37.497656],[126.848797,37.497677],[126.850572,37.495557],[126.850308,37.495498],[126.850364,37.495471],[126.848673,37.495119],[126.848497,37.495038],[126.848485,37.494724],[126.848177,37.494652],[126.848197,37.494538],[126.848452,37.494594],[126.848227,37.493626],[126.848181,37.493567],[126.848122,37.49358],[126.847967,37.49349],[126.847998,37.493483],[126.847932,37.493386],[126.848,37.492964],[126.848203,37.492839],[126.848739,37.492632],[126.849187,37.492533],[126.84947,37.491709],[126.849438,37.491116],[126.84925,37.490973],[126.849008,37.490306],[126.848921,37.49033],[126.848823,37.490086],[126.848041,37.489678],[126.847706,37.489238],[126.847344,37.488863],[126.847272,37.488609],[126.846913,37.488113],[126.846051,37.48729],[126.846057,37.487196],[126.845419,37.486933],[126.844743,37.486867],[126.843904,37.486659],[126.844182,37.486411],[126.843807,37.486135],[126.842675,37.48662],[126.842438,37.486898],[126.843197,37.487762],[126.843115,37.487961],[126.842195,37.488294],[126.841979,37.488562],[126.841853,37.488862],[126.8401,37.487963],[126.839745,37.487991],[126.839728,37.48777],[126.83955,37.487677],[126.839555,37.487719],[126.839273,37.487706],[126.839318,37.487584],[126.83918,37.487528],[126.838867,37.487524],[126.838641,37.48746],[126.8382,37.487265],[126.838324,37.487039],[126.837943,37.486915],[126.837815,37.486979],[126.837897,37.486992],[126.837795,37.487007],[126.837702,37.486972],[126.836691,37.48692],[126.836636,37.486831],[126.836847,37.486751],[126.836728,37.486607],[126.836845,37.486544],[126.836624,37.486094],[126.836535,37.485766],[126.836255,37.485645],[126.836156,37.485644],[126.836231,37.485787],[126.83591,37.485847],[126.835793,37.485702],[126.836014,37.485345],[126.836257,37.485202],[126.837153,37.485145],[126.837129,37.485086],[126.837177,37.485003],[126.837237,37.485014],[126.837448,37.484653],[126.837775,37.483583]]]}},{"type":"Feature","properties":{"code":"11530107","name":"개봉동","guCode":"11170","guName":"구로구","labelPoint":[126.856057,37.494638],"legalGuCode":"11530"},"geometry":{"type":"Polygon","coordinates":[[[126.847069,37.4822],[126.847741,37.482349],[126.848486,37.482369],[126.847836,37.4824],[126.847484,37.482363],[126.847431,37.482396],[126.847346,37.483728],[126.847275,37.483763],[126.847398,37.483731],[126.847994,37.48432],[126.847623,37.484515],[126.84604,37.484538],[126.845871,37.485054],[126.845961,37.485478],[126.845846,37.485512],[126.845556,37.485919],[126.844801,37.486253],[126.844182,37.486411],[126.843904,37.486659],[126.844743,37.486867],[126.845419,37.486933],[126.846057,37.487196],[126.846051,37.48729],[126.846913,37.488113],[126.847272,37.488609],[126.847344,37.488863],[126.847706,37.489238],[126.848041,37.489678],[126.848823,37.490086],[126.848921,37.49033],[126.849008,37.490306],[126.84925,37.490973],[126.849438,37.491116],[126.84947,37.491709],[126.849187,37.492533],[126.848739,37.492632],[126.848203,37.492839],[126.848,37.492964],[126.847932,37.493386],[126.847998,37.493483],[126.847967,37.49349],[126.848122,37.49358],[126.848181,37.493567],[126.848227,37.493626],[126.848452,37.494594],[126.848197,37.494538],[126.848177,37.494652],[126.848485,37.494724],[126.848497,37.495038],[126.848673,37.495119],[126.850364,37.495471],[126.850308,37.495498],[126.850572,37.495557],[126.848797,37.497677],[126.848587,37.497656],[126.848401,37.49774],[126.848217,37.497648],[126.847895,37.497761],[126.847635,37.497752],[126.847561,37.497888],[126.846965,37.49757],[126.846734,37.497667],[126.846561,37.497792],[126.846598,37.497842],[126.845974,37.498032],[126.845649,37.498314],[126.845509,37.498459],[126.84501,37.499241],[126.844746,37.499425],[126.8447,37.499437],[126.844675,37.499399],[126.844136,37.49969],[126.843519,37.499752],[126.843505,37.499788],[126.843374,37.499809],[126.843194,37.499665],[126.842744,37.499654],[126.842202,37.499734],[126.84189,37.499941],[126.840927,37.500005],[126.840449,37.499483],[126.839251,37.499967],[126.838665,37.500063],[126.837304,37.500167],[126.837132,37.50076],[126.836781,37.500834],[126.836476,37.500958],[126.83635,37.500812],[126.835712,37.500565],[126.836332,37.501383],[126.836291,37.502087],[126.836521,37.502564],[126.836399,37.503082],[126.836918,37.50332],[126.837494,37.50328],[126.83787,37.503528],[126.838151,37.503812],[126.838406,37.504345],[126.838489,37.504424],[126.838795,37.504545],[126.839319,37.504447],[126.839589,37.504496],[126.839951,37.504885],[126.840117,37.505377],[126.840167,37.505428],[126.840499,37.505523],[126.840745,37.506043],[126.841175,37.505831],[126.842073,37.505665],[126.842428,37.505481],[126.842685,37.505486],[126.843584,37.50582],[126.844408,37.505679],[126.844481,37.505744],[126.844502,37.505714],[126.844682,37.505741],[126.844382,37.50649],[126.844612,37.506731],[126.84487,37.507324],[126.845337,37.50777],[126.845613,37.507125],[126.846177,37.506444],[126.846199,37.506323],[126.846436,37.506015],[126.84664,37.50561],[126.847133,37.505117],[126.847508,37.504469],[126.847672,37.504271],[126.847983,37.503703],[126.84795,37.50368],[126.848135,37.503427],[126.848287,37.50309],[126.848409,37.502944],[126.848604,37.502766],[126.849145,37.502407],[126.849589,37.502023],[126.849804,37.501715],[126.849913,37.501398],[126.84991,37.50127],[126.850046,37.501297],[126.850246,37.501253],[126.850627,37.501058],[126.850665,37.500954],[126.850813,37.50101],[126.850894,37.500992],[126.850958,37.500847],[126.850931,37.500831],[126.851258,37.500644],[126.851374,37.500644],[126.851861,37.50015],[126.852113,37.499994],[126.852471,37.499644],[126.852792,37.499465],[126.852954,37.499579],[126.853029,37.499513],[126.853021,37.499558],[126.853392,37.500298],[126.853412,37.500641],[126.853526,37.501051],[126.853815,37.501493],[126.854442,37.502184],[126.854623,37.502541],[126.854674,37.50256],[126.854855,37.502512],[126.854878,37.50254],[126.856062,37.502099],[126.856024,37.501966],[126.855987,37.501972],[126.855763,37.500858],[126.855809,37.500855],[126.855722,37.500096],[126.855704,37.500016],[126.855586,37.500054],[126.855492,37.499308],[126.855816,37.498968],[126.856203,37.49879],[126.85665,37.498697],[126.856694,37.498648],[126.856593,37.498232],[126.856798,37.498174],[126.856671,37.497595],[126.856725,37.497522],[126.85737,37.497504],[126.858579,37.497353],[126.859483,37.497149],[126.859531,37.497113],[126.859536,37.497011],[126.86094,37.496877],[126.860954,37.496843],[126.861191,37.496833],[126.861299,37.496769],[126.86149,37.496805],[126.86188,37.496417],[126.862631,37.496416],[126.863206,37.496522],[126.863377,37.496088],[126.863613,37.496089],[126.864114,37.494792],[126.863897,37.494737],[126.864138,37.494114],[126.864434,37.494178],[126.864575,37.494301],[126.865202,37.494525],[126.867407,37.495553],[126.86761,37.494688],[126.867551,37.494624],[126.867424,37.494595],[126.866891,37.494325],[126.866775,37.494197],[126.867035,37.493955],[126.867216,37.493994],[126.867473,37.494223],[126.867613,37.494258],[126.86778,37.494076],[126.867764,37.493582],[126.867537,37.493374],[126.867473,37.493204],[126.86737,37.493074],[126.867159,37.492922],[126.867042,37.492885],[126.866602,37.492892],[126.866686,37.492663],[126.866499,37.492604],[126.866304,37.492631],[126.866205,37.492555],[126.866081,37.492363],[126.865813,37.492145],[126.865404,37.491508],[126.865152,37.491593],[126.865053,37.491541],[126.864795,37.491324],[126.86477,37.491166],[126.864555,37.491021],[126.864496,37.491068],[126.864518,37.491203],[126.86403,37.491019],[126.862811,37.490828],[126.862175,37.490577],[126.861768,37.490326],[126.861384,37.489968],[126.858116,37.486237],[126.857834,37.485983],[126.857449,37.485795],[126.856423,37.485702],[126.855729,37.485498],[126.855423,37.48536],[126.855165,37.485171],[126.854866,37.484786],[126.853864,37.482838],[126.853637,37.482622],[126.853155,37.482622],[126.852958,37.482478],[126.853128,37.482307],[126.8527,37.481819],[126.851668,37.481589],[126.850702,37.481526],[126.850418,37.481567],[126.848469,37.482087],[126.847803,37.482083],[126.846986,37.481895],[126.846989,37.48222],[126.847073,37.482251],[126.847069,37.4822]]]}},{"type":"Feature","properties":{"code":"11530106","name":"고척동","guCode":"11170","guName":"구로구","labelPoint":[126.862935,37.502295],"legalGuCode":"11530"},"geometry":{"type":"Polygon","coordinates":[[[126.854043,37.510219],[126.855196,37.509711],[126.855613,37.509155],[126.858328,37.509918],[126.860316,37.506616],[126.860439,37.506742],[126.862699,37.5074],[126.863168,37.50785],[126.863632,37.508054],[126.864082,37.508339],[126.863784,37.508009],[126.863698,37.507804],[126.863143,37.507368],[126.862789,37.506957],[126.862584,37.506779],[126.86279,37.506688],[126.862942,37.506559],[126.862961,37.506522],[126.862763,37.5064],[126.862837,37.505939],[126.863139,37.505317],[126.863513,37.505014],[126.864198,37.505084],[126.864552,37.504992],[126.864709,37.505058],[126.864722,37.505258],[126.864813,37.505345],[126.864843,37.505504],[126.865245,37.505577],[126.865438,37.505573],[126.866048,37.505525],[126.866502,37.505353],[126.866588,37.505285],[126.866476,37.505295],[126.866452,37.505259],[126.866569,37.5052],[126.866792,37.50529],[126.867139,37.505294],[126.867963,37.504883],[126.869013,37.504852],[126.869142,37.504896],[126.870256,37.505846],[126.870631,37.505759],[126.871015,37.50527],[126.871195,37.505134],[126.871449,37.50507],[126.871422,37.504847],[126.871469,37.504689],[126.871866,37.504127],[126.871708,37.504077],[126.871548,37.503901],[126.871552,37.503823],[126.871796,37.50341],[126.871788,37.503265],[126.871643,37.502973],[126.87131,37.502717],[126.870945,37.502631],[126.870118,37.502177],[126.869691,37.501154],[126.86974,37.500945],[126.86974,37.500625],[126.869672,37.500385],[126.869622,37.500271],[126.869404,37.500015],[126.869057,37.499076],[126.868968,37.499086],[126.868956,37.499053],[126.869044,37.499037],[126.868922,37.498686],[126.868957,37.498492],[126.868931,37.498458],[126.868841,37.498476],[126.868374,37.497152],[126.868327,37.496603],[126.868394,37.496323],[126.868517,37.496063],[126.866374,37.495048],[126.865203,37.494525],[126.864575,37.494301],[126.864435,37.494178],[126.864138,37.494114],[126.863897,37.494737],[126.864114,37.494792],[126.863613,37.496089],[126.863377,37.496088],[126.863206,37.496522],[126.862631,37.496416],[126.86188,37.496417],[126.861491,37.496805],[126.861299,37.496769],[126.861192,37.496833],[126.860954,37.496843],[126.86094,37.496877],[126.859536,37.497011],[126.859531,37.497113],[126.859484,37.497149],[126.858579,37.497353],[126.85737,37.497504],[126.856725,37.497522],[126.856671,37.497595],[126.856799,37.498174],[126.856594,37.498232],[126.856694,37.498648],[126.856651,37.498697],[126.856203,37.49879],[126.855816,37.498968],[126.855492,37.499308],[126.855587,37.500054],[126.855704,37.500016],[126.855722,37.500096],[126.855809,37.500855],[126.855764,37.500858],[126.855987,37.501972],[126.856024,37.501966],[126.856062,37.502099],[126.854878,37.50254],[126.854856,37.502512],[126.854674,37.50256],[126.854623,37.502541],[126.854443,37.502184],[126.853815,37.501493],[126.853527,37.501051],[126.853413,37.500641],[126.853392,37.500298],[126.853021,37.499558],[126.853029,37.499513],[126.852954,37.499579],[126.852792,37.499465],[126.852471,37.499644],[126.852113,37.499994],[126.851861,37.50015],[126.851374,37.500644],[126.851258,37.500644],[126.850931,37.500831],[126.850958,37.500847],[126.850894,37.500992],[126.850814,37.50101],[126.850665,37.500954],[126.850628,37.501058],[126.850246,37.501253],[126.850047,37.501297],[126.849911,37.50127],[126.849913,37.501398],[126.849804,37.501715],[126.849589,37.502023],[126.849145,37.502407],[126.848604,37.502766],[126.848287,37.50309],[126.848135,37.503427],[126.847951,37.50368],[126.847983,37.503703],[126.847672,37.504271],[126.847509,37.504469],[126.847133,37.505117],[126.846641,37.50561],[126.846436,37.506015],[126.846199,37.506323],[126.846177,37.506444],[126.845565,37.507201],[126.845338,37.50777],[126.845622,37.507911],[126.845955,37.508016],[126.846051,37.508086],[126.846285,37.508542],[126.846235,37.508977],[126.846621,37.509048],[126.846938,37.509319],[126.847252,37.509478],[126.848714,37.508883],[126.849031,37.509066],[126.849107,37.509196],[126.849518,37.509643],[126.850087,37.510135],[126.850757,37.51001],[126.851391,37.510128],[126.852158,37.510477],[126.852543,37.510515],[126.852867,37.510686],[126.854043,37.510219]]]}},{"type":"Feature","properties":{"code":"11530103","name":"가리봉동","guCode":"11170","guName":"구로구","labelPoint":[126.888013,37.483061],"legalGuCode":"11530"},"geometry":{"type":"Polygon","coordinates":[[[126.880565,37.487422],[126.880834,37.487333],[126.881023,37.487366],[126.881176,37.487268],[126.881371,37.487245],[126.881842,37.487061],[126.882018,37.486935],[126.883208,37.486558],[126.883536,37.486704],[126.883663,37.48661],[126.883942,37.486576],[126.884236,37.486458],[126.884788,37.486032],[126.884923,37.485788],[126.885307,37.485427],[126.885626,37.48519],[126.885883,37.48509],[126.885832,37.485038],[126.885929,37.484937],[126.886243,37.48494],[126.886337,37.484887],[126.887629,37.484811],[126.887614,37.484758],[126.888967,37.484463],[126.889811,37.484185],[126.889847,37.484205],[126.890239,37.484087],[126.890666,37.484019],[126.891415,37.483784],[126.891551,37.483655],[126.891532,37.483623],[126.89113,37.483243],[126.8909,37.483116],[126.890812,37.482967],[126.890948,37.483006],[126.891025,37.482691],[126.891815,37.481851],[126.89186,37.481883],[126.89204,37.481285],[126.892006,37.481267],[126.892103,37.480873],[126.892034,37.480781],[126.89214,37.480753],[126.892174,37.480659],[126.893167,37.480404],[126.893154,37.480362],[126.893471,37.480266],[126.893445,37.480245],[126.893718,37.480139],[126.894223,37.480169],[126.89451,37.479961],[126.894508,37.479912],[126.895012,37.479499],[126.895191,37.479249],[126.89542,37.479125],[126.895777,37.479014],[126.896228,37.478953],[126.895905,37.478647],[126.895849,37.478507],[126.895085,37.478505],[126.889881,37.47939],[126.888785,37.47979],[126.88773,37.480441],[126.886155,37.48235],[126.88573,37.482683],[126.884415,37.483553],[126.882724,37.484749],[126.881354,37.485559],[126.88089,37.485719],[126.880531,37.486544],[126.88046,37.48681],[126.880365,37.48697],[126.88024,37.487449],[126.880471,37.487514],[126.880565,37.487422]]]}},{"type":"Feature","properties":{"code":"11530102","name":"구로동","guCode":"11170","guName":"구로구","labelPoint":[126.882436,37.493736],"legalGuCode":"11530"},"geometry":{"type":"Polygon","coordinates":[[[126.89281,37.503462],[126.892693,37.503314],[126.893134,37.502677],[126.892732,37.502073],[126.892933,37.501575],[126.892779,37.501125],[126.892762,37.500833],[126.892926,37.500357],[126.893281,37.500034],[126.893624,37.499587],[126.894043,37.498161],[126.894123,37.497848],[126.89407,37.497817],[126.894322,37.496666],[126.894316,37.496436],[126.894583,37.495377],[126.8946,37.49516],[126.895701,37.490852],[126.896013,37.49021],[126.896102,37.489728],[126.896124,37.489339],[126.898144,37.486932],[126.899927,37.486006],[126.900841,37.485653],[126.901713,37.485227],[126.902562,37.485088],[126.902743,37.485016],[126.903198,37.485002],[126.899761,37.480775],[126.899284,37.47997],[126.89899,37.479149],[126.896212,37.478673],[126.895849,37.478507],[126.895905,37.478647],[126.896228,37.478953],[126.895777,37.479014],[126.89542,37.479125],[126.895191,37.479249],[126.895012,37.479499],[126.894508,37.479912],[126.89451,37.479961],[126.894223,37.480169],[126.893718,37.480139],[126.893445,37.480245],[126.893471,37.480266],[126.893154,37.480362],[126.893167,37.480404],[126.892174,37.480659],[126.89214,37.480753],[126.892034,37.480781],[126.892103,37.480873],[126.892006,37.481267],[126.89204,37.481285],[126.89186,37.481883],[126.891815,37.481851],[126.891025,37.482691],[126.890948,37.483006],[126.890812,37.482967],[126.8909,37.483116],[126.89113,37.483243],[126.891532,37.483623],[126.891551,37.483655],[126.891415,37.483784],[126.890666,37.484019],[126.890239,37.484087],[126.889847,37.484205],[126.889811,37.484185],[126.888967,37.484463],[126.887614,37.484758],[126.887629,37.484811],[126.886337,37.484887],[126.886243,37.48494],[126.885929,37.484937],[126.885832,37.485038],[126.885883,37.48509],[126.885626,37.48519],[126.885307,37.485427],[126.884923,37.485788],[126.884788,37.486032],[126.884236,37.486458],[126.883942,37.486576],[126.883663,37.48661],[126.883536,37.486704],[126.883208,37.486558],[126.883057,37.4866],[126.882018,37.486935],[126.881842,37.487061],[126.881371,37.487245],[126.881176,37.487268],[126.881023,37.487366],[126.880834,37.487333],[126.880565,37.487422],[126.880471,37.487514],[126.88024,37.487449],[126.880365,37.48697],[126.88046,37.48681],[126.880531,37.486544],[126.88089,37.485719],[126.879452,37.486219],[126.878463,37.486662],[126.878156,37.486395],[126.877624,37.48608],[126.876884,37.485945],[126.876899,37.485922],[126.87661,37.485835],[126.875182,37.485471],[126.874556,37.485367],[126.874857,37.485673],[126.875023,37.486014],[126.874998,37.486491],[126.875139,37.486792],[126.875363,37.486901],[126.875974,37.486911],[126.876262,37.48724],[126.876689,37.487853],[126.8768,37.488357],[126.87679,37.488571],[126.876668,37.488732],[126.876382,37.488941],[126.876043,37.489047],[126.875817,37.489028],[126.875631,37.488895],[126.875372,37.488608],[126.875189,37.488507],[126.874997,37.488495],[126.874716,37.488577],[126.874495,37.488861],[126.874344,37.48886],[126.874072,37.488796],[126.873731,37.488645],[126.87327,37.488298],[126.873078,37.488253],[126.872748,37.488431],[126.872669,37.488554],[126.872683,37.488778],[126.87264,37.488981],[126.872458,37.489204],[126.872414,37.489331],[126.87244,37.489536],[126.872839,37.490014],[126.873276,37.490289],[126.873368,37.490387],[126.873577,37.490482],[126.873753,37.490476],[126.873933,37.490429],[126.874091,37.490214],[126.874149,37.489981],[126.87411,37.489777],[126.874322,37.489696],[126.874579,37.489769],[126.874651,37.489899],[126.87462,37.490025],[126.874428,37.490289],[126.874454,37.490427],[126.87484,37.490745],[126.874668,37.490844],[126.874535,37.491068],[126.874373,37.491221],[126.87413,37.491338],[126.873952,37.491308],[126.873768,37.491222],[126.873298,37.490845],[126.873083,37.490807],[126.872717,37.490819],[126.872255,37.490602],[126.871834,37.490776],[126.871568,37.490761],[126.87148,37.49068],[126.871473,37.490566],[126.871558,37.490361],[126.871577,37.490209],[126.871548,37.490085],[126.871342,37.489834],[126.87108,37.489683],[126.870658,37.489561],[126.870421,37.489536],[126.870228,37.489596],[126.870125,37.489757],[126.870233,37.490113],[126.870065,37.490237],[126.86976,37.490333],[126.86968,37.490431],[126.869726,37.490571],[126.869993,37.49087],[126.869993,37.491024],[126.869892,37.491253],[126.869799,37.491346],[126.869413,37.491563],[126.869346,37.491636],[126.869298,37.491852],[126.869366,37.492019],[126.869463,37.492113],[126.869665,37.492181],[126.869888,37.492177],[126.870022,37.492262],[126.870054,37.492435],[126.870014,37.492481],[126.869455,37.492595],[126.869369,37.492717],[126.869433,37.492913],[126.86958,37.493107],[126.870067,37.493486],[126.870017,37.493657],[126.8698,37.493816],[126.869709,37.494096],[126.869503,37.494328],[126.869243,37.494533],[126.868709,37.494811],[126.868349,37.495108],[126.868229,37.495128],[126.867991,37.495062],[126.867589,37.494816],[126.867408,37.495553],[126.868517,37.496063],[126.868394,37.496323],[126.868327,37.496603],[126.868374,37.497152],[126.868841,37.498476],[126.868931,37.498458],[126.868957,37.498492],[126.868922,37.498686],[126.869044,37.499037],[126.868956,37.499053],[126.868968,37.499086],[126.869057,37.499076],[126.869404,37.500015],[126.869622,37.500271],[126.869672,37.500385],[126.86974,37.500625],[126.86974,37.500945],[126.869691,37.501154],[126.870118,37.502177],[126.870945,37.502631],[126.87131,37.502717],[126.871643,37.502973],[126.871775,37.503227],[126.871796,37.50341],[126.871552,37.503823],[126.871548,37.503901],[126.871708,37.504077],[126.871866,37.504127],[126.872326,37.504067],[126.872743,37.503838],[126.873138,37.503771],[126.87358,37.50356],[126.873757,37.504209],[126.873689,37.504564],[126.873706,37.504756],[126.873851,37.504975],[126.874171,37.505312],[126.874418,37.506093],[126.874685,37.506529],[126.874734,37.506703],[126.875483,37.506877],[126.875629,37.506874],[126.875749,37.506815],[126.875873,37.506588],[126.875882,37.506438],[126.875847,37.506361],[126.876393,37.505904],[126.876716,37.505721],[126.876839,37.505575],[126.877586,37.505263],[126.877905,37.505202],[126.878248,37.505083],[126.878552,37.504942],[126.878621,37.504861],[126.878775,37.504813],[126.879285,37.504489],[126.880043,37.504516],[126.88051,37.504394],[126.880543,37.504294],[126.88075,37.504128],[126.881889,37.503637],[126.882056,37.503469],[126.882379,37.503386],[126.882726,37.503633],[126.882726,37.503399],[126.883718,37.504137],[126.885668,37.505359],[126.888252,37.506884],[126.890389,37.508206],[126.892283,37.509064],[126.892968,37.507399],[126.893012,37.506935],[126.893255,37.506701],[126.893532,37.506031],[126.893669,37.50586],[126.893756,37.505503],[126.893975,37.50501],[126.89393,37.504822],[126.893778,37.504731],[126.893169,37.504602],[126.893107,37.504456],[126.893302,37.504054],[126.893303,37.503954],[126.893154,37.503746],[126.89301,37.503669],[126.89281,37.503462]]]}},{"type":"Feature","properties":{"code":"11530101","name":"신도림동","guCode":"11170","guName":"구로구","labelPoint":[126.882995,37.51057],"legalGuCode":"11530"},"geometry":{"type":"Polygon","coordinates":[[[126.879484,37.517775],[126.881729,37.51642],[126.882016,37.516103],[126.882448,37.515968],[126.882681,37.51581],[126.882707,37.515138],[126.884089,37.514391],[126.88431,37.514355],[126.884309,37.513986],[126.884415,37.513812],[126.884599,37.513714],[126.885085,37.513628],[126.885685,37.51358],[126.886344,37.513356],[126.887505,37.513186],[126.887696,37.513115],[126.887984,37.512915],[126.888356,37.512344],[126.888611,37.512259],[126.889705,37.512233],[126.8898,37.512084],[126.889674,37.511823],[126.889781,37.511724],[126.889931,37.511674],[126.889925,37.511527],[126.889984,37.511476],[126.890236,37.511369],[126.89042,37.511101],[126.89064,37.510888],[126.890672,37.510667],[126.891089,37.510345],[126.891476,37.510388],[126.891696,37.510315],[126.891886,37.510118],[126.892023,37.509827],[126.892129,37.50934],[126.892332,37.509096],[126.890389,37.508206],[126.888252,37.506884],[126.885668,37.505359],[126.883718,37.504137],[126.882726,37.503399],[126.882726,37.503633],[126.882379,37.503386],[126.882056,37.503469],[126.881889,37.503637],[126.88075,37.504128],[126.880543,37.504294],[126.88051,37.504394],[126.880043,37.504516],[126.879285,37.504489],[126.878775,37.504813],[126.878621,37.504861],[126.878552,37.504942],[126.878248,37.505083],[126.877905,37.505202],[126.877586,37.505263],[126.876839,37.505575],[126.876716,37.505721],[126.876393,37.505904],[126.875847,37.506361],[126.875882,37.506438],[126.875873,37.506588],[126.875749,37.506815],[126.875629,37.506874],[126.875192,37.506814],[126.874734,37.506703],[126.874712,37.506667],[126.874425,37.506721],[126.874273,37.506907],[126.874214,37.507178],[126.874448,37.507363],[126.874664,37.507466],[126.874848,37.507494],[126.87499,37.507589],[126.875036,37.507708],[126.875006,37.507838],[126.874887,37.508115],[126.874755,37.508303],[126.873901,37.508669],[126.873788,37.508813],[126.873783,37.509021],[126.873852,37.509163],[126.874016,37.50938],[126.874222,37.50947],[126.874407,37.509487],[126.874789,37.509327],[126.875013,37.509306],[126.875295,37.509383],[126.875513,37.509548],[126.875603,37.509662],[126.875603,37.50974],[126.875442,37.509976],[126.875345,37.510016],[126.875259,37.510182],[126.875185,37.510521],[126.875209,37.510687],[126.875419,37.510993],[126.875524,37.511072],[126.875764,37.511139],[126.876118,37.511048],[126.876223,37.510978],[126.87644,37.510647],[126.876522,37.510621],[126.876645,37.510619],[126.87673,37.510675],[126.876844,37.510849],[126.876729,37.511024],[126.876565,37.511147],[126.87604,37.511227],[126.875698,37.511356],[126.875514,37.511507],[126.875461,37.511634],[126.87518,37.511831],[126.875013,37.511823],[126.874888,37.511741],[126.874822,37.511631],[126.874805,37.511491],[126.874902,37.511152],[126.874893,37.511034],[126.874863,37.510941],[126.874677,37.51075],[126.874391,37.51067],[126.874194,37.510729],[126.874079,37.510825],[126.873936,37.511171],[126.873999,37.511298],[126.875182,37.512449],[126.875323,37.512255],[126.875596,37.512176],[126.875735,37.512204],[126.876097,37.512418],[126.876394,37.512813],[126.876449,37.513012],[126.876382,37.513305],[126.8765,37.513569],[126.876648,37.513684],[126.87695,37.513758],[126.877256,37.513728],[126.877475,37.513595],[126.877726,37.513291],[126.877802,37.513282],[126.877907,37.513344],[126.877929,37.5134],[126.87785,37.513578],[126.877714,37.513756],[126.877655,37.514383],[126.877584,37.514663],[126.877645,37.515017],[126.877776,37.51522],[126.877841,37.515442],[126.877824,37.515605],[126.877948,37.516135],[126.877973,37.516179],[126.878163,37.516213],[126.878483,37.516347],[126.879003,37.516903],[126.878941,37.517078],[126.878662,37.517228],[126.878551,37.517351],[126.87851,37.517465],[126.878555,37.517543],[126.87873,37.517593],[126.879392,37.5175],[126.879581,37.517614],[126.879586,37.517698],[126.879484,37.517775]]]}},{"type":"Feature","properties":{"code":"11500113","name":"오쇠동","guCode":"11160","guName":"강서구","labelPoint":[126.798922,37.54345],"legalGuCode":"11500"},"geometry":{"type":"Polygon","coordinates":[[[126.801807,37.551265],[126.801852,37.551268],[126.801849,37.551223],[126.801606,37.549821],[126.801666,37.549544],[126.801891,37.549144],[126.801861,37.549135],[126.802179,37.548282],[126.802226,37.547939],[126.802434,37.547397],[126.803086,37.54673],[126.803402,37.54615],[126.803726,37.545707],[126.803891,37.545567],[126.804167,37.545471],[126.804842,37.545378],[126.806005,37.544593],[126.806241,37.544408],[126.806216,37.544302],[126.806534,37.544144],[126.807014,37.543754],[126.807325,37.543591],[126.806806,37.543596],[126.805262,37.543297],[126.804412,37.543247],[126.80441,37.543217],[126.803493,37.543091],[126.80185,37.542716],[126.801637,37.542601],[126.801571,37.542505],[126.800956,37.542089],[126.800674,37.541958],[126.800469,37.54177],[126.799653,37.541388],[126.800546,37.541469],[126.800662,37.54128],[126.8003,37.541187],[126.800333,37.540857],[126.800558,37.540998],[126.800782,37.541043],[126.800815,37.540812],[126.800389,37.540796],[126.799274,37.540632],[126.799417,37.540247],[126.799422,37.540211],[126.799362,37.540194],[126.799152,37.540207],[126.798862,37.540293],[126.798843,37.539832],[126.798736,37.539399],[126.798895,37.539393],[126.799243,37.539288],[126.799427,37.539019],[126.799442,37.538888],[126.799146,37.538891],[126.799282,37.538585],[126.799411,37.538134],[126.799462,37.537726],[126.799288,37.537727],[126.799088,37.537565],[126.798254,37.537705],[126.798239,37.537592],[126.79835,37.537252],[126.798255,37.537227],[126.798168,37.537325],[126.797927,37.537193],[126.79781,37.537048],[126.797006,37.53706],[126.796734,37.536941],[126.796732,37.536829],[126.796617,37.536774],[126.796308,37.536788],[126.796042,37.53675],[126.795426,37.536411],[126.794794,37.535964],[126.794425,37.535829],[126.794369,37.535955],[126.794373,37.536249],[126.793963,37.53736],[126.79404,37.537994],[126.794223,37.538292],[126.794174,37.538577],[126.793937,37.539017],[126.793936,37.539424],[126.793885,37.53955],[126.793262,37.539703],[126.794091,37.540175],[126.794268,37.540159],[126.794376,37.540234],[126.794405,37.540447],[126.794889,37.541051],[126.794944,37.541372],[126.793017,37.541594],[126.792131,37.541761],[126.79181,37.541903],[126.791754,37.542171],[126.791589,37.542455],[126.791536,37.542831],[126.791583,37.543065],[126.791777,37.54331],[126.791819,37.543746],[126.791433,37.543774],[126.791234,37.543731],[126.79076,37.54384],[126.789385,37.544463],[126.788397,37.545018],[126.789301,37.545514],[126.789376,37.54549],[126.78924,37.545425],[126.789298,37.545398],[126.78939,37.545484],[126.790348,37.545131],[126.790417,37.545192],[126.790688,37.54522],[126.791493,37.544999],[126.792177,37.544864],[126.792379,37.545004],[126.792565,37.545078],[126.79337,37.545236],[126.793564,37.545414],[126.793775,37.54553],[126.794627,37.545895],[126.79526,37.546392],[126.795732,37.54683],[126.796828,37.547481],[126.797544,37.547854],[126.797822,37.548084],[126.798714,37.548662],[126.798961,37.548868],[126.799687,37.549318],[126.80018,37.549821],[126.800391,37.550172],[126.801807,37.551265]]]}},{"type":"Feature","properties":{"code":"11500112","name":"오곡동","guCode":"11160","guName":"강서구","labelPoint":[126.784226,37.553384],"legalGuCode":"11500"},"geometry":{"type":"Polygon","coordinates":[[[126.797361,37.560463],[126.797336,37.560163],[126.797553,37.559359],[126.797665,37.559189],[126.797378,37.558937],[126.79746,37.558452],[126.797976,37.557561],[126.79971,37.555399],[126.800551,37.554168],[126.800851,37.553439],[126.800928,37.553334],[126.80099,37.553099],[126.800976,37.553268],[126.801142,37.553055],[126.801631,37.551863],[126.801807,37.551265],[126.800391,37.550172],[126.80018,37.549821],[126.799687,37.549318],[126.798961,37.548868],[126.798714,37.548662],[126.797822,37.548084],[126.797544,37.547854],[126.796828,37.547481],[126.795732,37.54683],[126.79526,37.546392],[126.794627,37.545895],[126.793775,37.54553],[126.793564,37.545414],[126.79337,37.545236],[126.792565,37.545078],[126.792379,37.545004],[126.792177,37.544864],[126.791493,37.544999],[126.790688,37.54522],[126.790417,37.545192],[126.790348,37.545131],[126.78939,37.545484],[126.789298,37.545398],[126.78924,37.545425],[126.789376,37.54549],[126.789301,37.545514],[126.788397,37.545018],[126.788112,37.54525],[126.787731,37.545742],[126.787261,37.546076],[126.786946,37.545984],[126.785482,37.546005],[126.784847,37.546106],[126.784475,37.546121],[126.783947,37.546009],[126.783395,37.546009],[126.78256,37.546151],[126.782197,37.546301],[126.782038,37.546328],[126.78197,37.546304],[126.781836,37.546069],[126.781672,37.54614],[126.780486,37.546393],[126.779215,37.546549],[126.778747,37.546713],[126.778291,37.546717],[126.777834,37.54666],[126.777563,37.546712],[126.777451,37.546892],[126.777348,37.547198],[126.77697,37.547712],[126.776744,37.548204],[126.776185,37.548486],[126.775756,37.548768],[126.775293,37.548972],[126.773927,37.548902],[126.77258,37.548753],[126.772262,37.54851],[126.771957,37.548378],[126.771691,37.548307],[126.771552,37.548318],[126.771494,37.548357],[126.771352,37.54863],[126.771242,37.548618],[126.770993,37.548746],[126.771025,37.548893],[126.771007,37.549029],[126.770843,37.54935],[126.770636,37.549572],[126.770484,37.549646],[126.770327,37.549829],[126.770268,37.549999],[126.769922,37.550175],[126.769807,37.55054],[126.769841,37.550649],[126.770268,37.551087],[126.77016,37.551169],[126.770029,37.551152],[126.769895,37.55107],[126.769789,37.551067],[126.769389,37.551317],[126.769347,37.551363],[126.769383,37.551506],[126.769321,37.551572],[126.769046,37.55156],[126.76877,37.551489],[126.768559,37.551597],[126.768157,37.551636],[126.76813,37.551564],[126.768079,37.551571],[126.768108,37.551649],[126.768049,37.551795],[126.76755,37.551887],[126.767465,37.551951],[126.76768,37.552555],[126.76764,37.552565],[126.767624,37.552638],[126.767714,37.552833],[126.767541,37.55291],[126.76737,37.553132],[126.767471,37.553313],[126.767624,37.553435],[126.767625,37.55353],[126.767564,37.553572],[126.76735,37.553586],[126.767288,37.553627],[126.767288,37.553684],[126.767641,37.553955],[126.767639,37.554089],[126.767552,37.554175],[126.767407,37.554223],[126.766946,37.554056],[126.766727,37.554065],[126.76653,37.553811],[126.766365,37.553763],[126.766335,37.554019],[126.766204,37.554242],[126.766279,37.554312],[126.7664,37.554644],[126.766397,37.554792],[126.766337,37.554871],[126.766049,37.554994],[126.765393,37.554987],[126.764784,37.555075],[126.764495,37.555275],[126.764484,37.555369],[126.764559,37.555444],[126.765051,37.555618],[126.766009,37.556134],[126.766627,37.556258],[126.766725,37.556316],[126.766752,37.556504],[126.766275,37.556851],[126.766284,37.556917],[126.766619,37.556974],[126.767186,37.55665],[126.76735,37.556619],[126.767736,37.556703],[126.768273,37.556723],[126.768736,37.556817],[126.768995,37.557096],[126.769867,37.55723],[126.771192,37.557166],[126.771994,37.556965],[126.772431,37.557013],[126.773184,37.557528],[126.77289,37.557803],[126.771771,37.558632],[126.772203,37.558627],[126.772446,37.558723],[126.772571,37.55898],[126.772532,37.559008],[126.772742,37.559409],[126.773192,37.559286],[126.773283,37.559503],[126.773497,37.559765],[126.773601,37.560007],[126.773591,37.560057],[126.773786,37.559997],[126.774187,37.559695],[126.774289,37.559756],[126.77425,37.560059],[126.774165,37.560159],[126.774448,37.560436],[126.77455,37.560409],[126.774809,37.560457],[126.774663,37.560704],[126.774933,37.560902],[126.774947,37.56104],[126.774843,37.561208],[126.774679,37.561319],[126.775109,37.561378],[126.775175,37.561353],[126.775459,37.561433],[126.775535,37.561828],[126.775759,37.561941],[126.775886,37.56177],[126.776109,37.561864],[126.776669,37.561214],[126.777182,37.560703],[126.777348,37.560316],[126.777605,37.560178],[126.777709,37.560077],[126.777615,37.559863],[126.780915,37.558954],[126.780231,37.557741],[126.779331,37.558082],[126.780848,37.557342],[126.781379,37.55728],[126.781903,37.557337],[126.782206,37.557318],[126.782497,37.557241],[126.782768,37.557106],[126.783224,37.557114],[126.783534,37.557062],[126.784064,37.556859],[126.78427,37.557002],[126.784207,37.557049],[126.784411,37.55718],[126.785081,37.557444],[126.785002,37.557475],[126.784918,37.557584],[126.785523,37.557828],[126.786894,37.558118],[126.786906,37.558159],[126.787271,37.558307],[126.788871,37.558757],[126.79045,37.559402],[126.791293,37.559916],[126.791803,37.559986],[126.792583,37.560211],[126.792889,37.560234],[126.793425,37.560237],[126.793741,37.560194],[126.794506,37.559978],[126.79475,37.559968],[126.796001,37.560167],[126.79682,37.560422],[126.797361,37.560463]]]}},{"type":"Feature","properties":{"code":"11500111","name":"과해동","guCode":"11160","guName":"강서구","labelPoint":[126.787483,37.566221],"legalGuCode":"11500"},"geometry":{"type":"Polygon","coordinates":[[[126.787559,37.575563],[126.799139,37.568524],[126.79893,37.568108],[126.798784,37.56801],[126.798548,37.56775],[126.798529,37.567388],[126.798371,37.566947],[126.797534,37.565306],[126.797663,37.565094],[126.797592,37.564573],[126.798349,37.564087],[126.79869,37.563946],[126.798964,37.563543],[126.799152,37.562978],[126.799244,37.563005],[126.799385,37.562927],[126.799611,37.562743],[126.800157,37.562418],[126.800299,37.562383],[126.800641,37.562404],[126.800685,37.562306],[126.800948,37.562187],[126.801093,37.562198],[126.801389,37.5621],[126.801679,37.56193],[126.80192,37.561008],[126.800952,37.560903],[126.798569,37.560515],[126.79682,37.560422],[126.796001,37.560167],[126.79475,37.559968],[126.794506,37.559978],[126.793741,37.560194],[126.793425,37.560237],[126.792889,37.560234],[126.792583,37.560211],[126.791803,37.559986],[126.791293,37.559916],[126.79045,37.559402],[126.788871,37.558757],[126.787271,37.558307],[126.786906,37.558159],[126.786894,37.558118],[126.785523,37.557828],[126.784918,37.557584],[126.785002,37.557475],[126.785081,37.557444],[126.784411,37.55718],[126.784207,37.557049],[126.78427,37.557002],[126.784064,37.556859],[126.783534,37.557062],[126.783224,37.557114],[126.782768,37.557106],[126.782497,37.557241],[126.782206,37.557318],[126.781903,37.557337],[126.781379,37.55728],[126.780848,37.557342],[126.779331,37.558082],[126.780231,37.557741],[126.780915,37.558954],[126.777615,37.559863],[126.777709,37.560077],[126.777842,37.559933],[126.777912,37.560061],[126.777934,37.560222],[126.777833,37.560776],[126.777702,37.560948],[126.777574,37.561504],[126.77751,37.562282],[126.776982,37.562289],[126.776949,37.56223],[126.776632,37.562374],[126.776618,37.562479],[126.776609,37.562615],[126.776691,37.562639],[126.77673,37.562769],[126.776743,37.56324],[126.77697,37.563696],[126.777102,37.563719],[126.776107,37.564806],[126.775943,37.565206],[126.775751,37.56535],[126.775343,37.565344],[126.775575,37.565592],[126.775438,37.565774],[126.775132,37.565879],[126.774989,37.566912],[126.774752,37.56731],[126.774762,37.567708],[126.775382,37.568213],[126.775531,37.568261],[126.77556,37.56774],[126.775402,37.567318],[126.775617,37.567211],[126.775902,37.567203],[126.776334,37.567092],[126.776342,37.566942],[126.776382,37.566872],[126.776395,37.567005],[126.776496,37.5668],[126.7766,37.566233],[126.776549,37.566236],[126.776571,37.566107],[126.776723,37.566051],[126.776964,37.566209],[126.776992,37.566372],[126.777197,37.566629],[126.777808,37.566994],[126.778668,37.567174],[126.779003,37.567155],[126.77908,37.567331],[126.779021,37.567594],[126.779018,37.567992],[126.77906,37.568206],[126.779171,37.568317],[126.779706,37.567962],[126.78024,37.567445],[126.780431,37.567615],[126.780543,37.567892],[126.780462,37.567955],[126.780474,37.568287],[126.780934,37.568714],[126.781361,37.568925],[126.781487,37.568871],[126.781626,37.568902],[126.781898,37.569236],[126.781804,37.569388],[126.781124,37.569601],[126.780996,37.569897],[126.780485,37.570275],[126.780458,37.570361],[126.780521,37.570464],[126.780563,37.570493],[126.781316,37.570175],[126.781487,37.570182],[126.782394,37.570301],[126.78263,37.570547],[126.78192,37.571114],[126.781486,37.571252],[126.781375,37.57135],[126.781451,37.571496],[126.7819,37.571808],[126.782181,37.572666],[126.782122,37.572762],[126.782101,37.572973],[126.78214,37.573169],[126.782408,37.573606],[126.783294,37.573963],[126.783994,37.574198],[126.784401,37.574469],[126.784714,37.574586],[126.785249,37.574862],[126.787559,37.575563]]]}},{"type":"Feature","properties":{"code":"11500110","name":"개화동","guCode":"11160","guName":"강서구","labelPoint":[126.806542,37.586734],"legalGuCode":"11500"},"geometry":{"type":"Polygon","coordinates":[[[126.802581,37.605033],[126.805864,37.60258],[126.80824,37.601208],[126.811369,37.598961],[126.813953,37.597619],[126.816556,37.595682],[126.817526,37.59533],[126.818683,37.593716],[126.817873,37.592405],[126.817743,37.592284],[126.817523,37.591906],[126.817203,37.591517],[126.816938,37.591021],[126.816449,37.590307],[126.816076,37.589627],[126.815607,37.589006],[126.814535,37.587279],[126.814987,37.587054],[126.815339,37.586945],[126.815172,37.586523],[126.815159,37.586402],[126.815311,37.586131],[126.815445,37.585995],[126.815393,37.585817],[126.815229,37.585627],[126.815079,37.585552],[126.814943,37.585372],[126.814843,37.584998],[126.814728,37.584824],[126.814683,37.584535],[126.814724,37.5844],[126.814683,37.584267],[126.814768,37.584166],[126.81457,37.58389],[126.814554,37.58367],[126.814439,37.583532],[126.814147,37.582625],[126.813654,37.583418],[126.813405,37.583472],[126.81293,37.583845],[126.811992,37.583054],[126.811605,37.583129],[126.810555,37.583478],[126.809886,37.583592],[126.809355,37.583621],[126.808873,37.583497],[126.808065,37.583152],[126.807733,37.582379],[126.806332,37.58202],[126.806241,37.581762],[126.80636,37.581638],[126.806429,37.581355],[126.80596,37.580484],[126.805847,37.580022],[126.805627,37.579568],[126.806259,37.579546],[126.805941,37.578945],[126.805914,37.578572],[126.80597,37.577892],[126.805177,37.577189],[126.804775,37.576038],[126.804699,37.575488],[126.804459,37.574886],[126.804322,37.574784],[126.803846,37.574028],[126.803754,37.574059],[126.803571,37.574215],[126.803353,37.574084],[126.803404,37.574252],[126.803457,37.574221],[126.80349,37.57425],[126.803415,37.574317],[126.802834,37.574559],[126.802578,37.574762],[126.802554,37.574549],[126.802406,37.57405],[126.801907,37.572996],[126.801086,37.572119],[126.800709,37.57188],[126.800695,37.571774],[126.800601,37.57186],[126.800673,37.571604],[126.800677,37.571399],[126.800736,37.571269],[126.801136,37.570834],[126.801223,37.570664],[126.801241,37.570495],[126.801209,37.570397],[126.800739,37.569929],[126.800397,37.569479],[126.800016,37.569232],[126.799647,37.568744],[126.79893,37.568108],[126.799139,37.568524],[126.787559,37.575563],[126.787614,37.575584],[126.787838,37.575859],[126.787915,37.576115],[126.788046,37.576169],[126.788143,37.576169],[126.788337,37.57605],[126.788595,37.575746],[126.789202,37.575581],[126.78847,37.576798],[126.789343,37.577723],[126.789955,37.577632],[126.790016,37.57735],[126.790595,37.577784],[126.790818,37.578972],[126.790686,37.579014],[126.790821,37.579542],[126.790728,37.580612],[126.790818,37.580765],[126.791182,37.580829],[126.79126,37.580921],[126.791349,37.581414],[126.791601,37.581318],[126.791807,37.580814],[126.792271,37.580052],[126.792374,37.579728],[126.792489,37.579144],[126.792537,37.578407],[126.792644,37.578024],[126.792724,37.57743],[126.792737,37.576839],[126.793219,37.576894],[126.793154,37.577958],[126.793188,37.578425],[126.793254,37.578534],[126.793067,37.578639],[126.793043,37.579198],[126.792872,37.579878],[126.792846,37.580168],[126.792865,37.580221],[126.79331,37.580247],[126.793292,37.580317],[126.793543,37.581191],[126.79374,37.581744],[126.793822,37.581828],[126.793891,37.582253],[126.793912,37.582961],[126.793732,37.583039],[126.79375,37.583458],[126.793674,37.583826],[126.793441,37.58452],[126.793783,37.584469],[126.794093,37.584253],[126.794225,37.584072],[126.794541,37.583548],[126.794515,37.583004],[126.794409,37.582685],[126.794501,37.582598],[126.794698,37.582622],[126.794928,37.583426],[126.794946,37.583758],[126.794871,37.584763],[126.794933,37.585203],[126.795244,37.585215],[126.795218,37.58535],[126.79554,37.585155],[126.795722,37.583121],[126.795848,37.583217],[126.7963,37.583738],[126.796872,37.58404],[126.797097,37.584273],[126.796294,37.584903],[126.796429,37.585031],[126.796685,37.584909],[126.797156,37.585394],[126.797228,37.585386],[126.797526,37.585977],[126.797599,37.586405],[126.798768,37.588073],[126.798963,37.58817],[126.799071,37.58815],[126.79914,37.588195],[126.799449,37.588063],[126.800272,37.587941],[126.800498,37.587794],[126.800593,37.587848],[126.800738,37.587835],[126.80094,37.588166],[126.800822,37.588277],[126.800999,37.58853],[126.800882,37.588575],[126.800774,37.589041],[126.801099,37.588967],[126.801227,37.589349],[126.801005,37.58957],[126.800959,37.589712],[126.800821,37.589795],[126.800664,37.59],[126.80052,37.590309],[126.800087,37.590352],[126.79945,37.591135],[126.799094,37.591194],[126.798801,37.591323],[126.798977,37.591981],[126.798978,37.592203],[126.799052,37.592301],[126.798993,37.592426],[126.799364,37.592478],[126.799612,37.592443],[126.79991,37.59223],[126.80005,37.592028],[126.800287,37.592042],[126.800407,37.592413],[126.800502,37.592413],[126.800093,37.592625],[126.799534,37.593074],[126.79866,37.593668],[126.798079,37.594241],[126.797608,37.594882],[126.797453,37.595251],[126.797445,37.595567],[126.797082,37.597739],[126.797224,37.597746],[126.797484,37.59767],[126.797536,37.597786],[126.797549,37.598763],[126.797642,37.599283],[126.797865,37.599896],[126.798053,37.600208],[126.798174,37.600336],[126.798535,37.600087],[126.798771,37.600387],[126.798673,37.600458],[126.799036,37.600761],[126.799125,37.600869],[126.799218,37.601119],[126.79969,37.601304],[126.799929,37.601444],[126.800016,37.601624],[126.799786,37.601912],[126.799941,37.602545],[126.802581,37.605033]]]}},{"type":"Feature","properties":{"code":"11500109","name":"방화동","guCode":"11160","guName":"강서구","labelPoint":[126.813741,37.577599],"legalGuCode":"11500"},"geometry":{"type":"Polygon","coordinates":[[[126.820243,37.592287],[126.827811,37.587485],[126.831759,37.585843],[126.83193,37.585723],[126.828733,37.583869],[126.828458,37.583537],[126.827807,37.583103],[126.8272,37.582558],[126.826762,37.582074],[126.825904,37.581349],[126.825822,37.581052],[126.825665,37.580823],[126.824884,37.580065],[126.824577,37.579863],[126.82418,37.579684],[126.823878,37.579382],[126.823657,37.579351],[126.823177,37.579148],[126.822969,37.578837],[126.822493,37.57835],[126.821587,37.577307],[126.821263,37.577066],[126.820955,37.576347],[126.820919,37.575901],[126.820969,37.575777],[126.82096,37.575683],[126.820754,37.575362],[126.820895,37.575177],[126.820863,37.574873],[126.820907,37.574656],[126.821137,37.574411],[126.821161,37.574338],[126.82103,37.574044],[126.821311,37.573831],[126.821935,37.573474],[126.822047,37.573194],[126.822328,37.572922],[126.822409,37.572709],[126.82254,37.571242],[126.822677,37.570788],[126.822686,37.569999],[126.822794,37.569445],[126.822703,37.569036],[126.822706,37.568765],[126.822633,37.568485],[126.822723,37.568229],[126.822949,37.56788],[126.822983,37.567698],[126.821891,37.567821],[126.82193,37.569264],[126.821984,37.569267],[126.821919,37.569322],[126.820026,37.570133],[126.819853,37.570086],[126.81941,37.570221],[126.819049,37.57064],[126.818549,37.570944],[126.817914,37.571005],[126.816898,37.570709],[126.816767,37.565997],[126.816762,37.564518],[126.816269,37.564611],[126.815881,37.564529],[126.815614,37.564379],[126.815418,37.564349],[126.815324,37.56424],[126.814763,37.564212],[126.814063,37.564299],[126.813556,37.564431],[126.813135,37.564478],[126.812735,37.564185],[126.812488,37.564067],[126.81195,37.564065],[126.811571,37.564116],[126.811203,37.56405],[126.810896,37.564049],[126.810345,37.563653],[126.810366,37.563585],[126.809222,37.562696],[126.808958,37.562566],[126.808561,37.562232],[126.808545,37.562294],[126.807991,37.561872],[126.807518,37.561628],[126.806999,37.561485],[126.806198,37.561168],[126.805408,37.561023],[126.804999,37.561005],[126.804752,37.561028],[126.804117,37.561177],[126.803683,37.561214],[126.80192,37.561008],[126.801679,37.56193],[126.801389,37.5621],[126.801092,37.562198],[126.800947,37.562187],[126.800685,37.562306],[126.800641,37.562404],[126.800299,37.562383],[126.800156,37.562418],[126.799611,37.562743],[126.799385,37.562927],[126.799243,37.563005],[126.799152,37.562978],[126.798964,37.563543],[126.79869,37.563946],[126.798349,37.564087],[126.797592,37.564573],[126.797663,37.565094],[126.797533,37.565306],[126.798371,37.566947],[126.798528,37.567388],[126.798548,37.56775],[126.798784,37.56801],[126.799646,37.568744],[126.800016,37.569232],[126.800397,37.569479],[126.800739,37.569929],[126.801208,37.570397],[126.801241,37.570495],[126.801222,37.570664],[126.801135,37.570834],[126.800736,37.571269],[126.800677,37.571399],[126.800673,37.571604],[126.8006,37.57186],[126.800695,37.571774],[126.800709,37.57188],[126.801086,37.572119],[126.801906,37.572996],[126.802406,37.57405],[126.802554,37.574549],[126.802578,37.574762],[126.802833,37.574559],[126.803415,37.574317],[126.80349,37.57425],[126.803457,37.574221],[126.803404,37.574252],[126.803353,37.574084],[126.803571,37.574215],[126.803754,37.574059],[126.803846,37.574028],[126.804322,37.574784],[126.804458,37.574886],[126.804699,37.575488],[126.804775,37.576038],[126.805177,37.577189],[126.80597,37.577892],[126.805913,37.578572],[126.80594,37.578945],[126.806259,37.579546],[126.805626,37.579568],[126.805847,37.580022],[126.80596,37.580484],[126.806428,37.581355],[126.80636,37.581638],[126.80624,37.581762],[126.806332,37.58202],[126.807732,37.582379],[126.808064,37.583152],[126.808872,37.583497],[126.809355,37.583621],[126.809886,37.583592],[126.810555,37.583478],[126.811604,37.583129],[126.811992,37.583054],[126.812929,37.583845],[126.813405,37.583472],[126.813654,37.583418],[126.814147,37.582625],[126.814439,37.583532],[126.814553,37.58367],[126.81457,37.58389],[126.814768,37.584166],[126.814683,37.584267],[126.814724,37.5844],[126.814683,37.584535],[126.814727,37.584824],[126.814843,37.584998],[126.814943,37.585372],[126.815079,37.585552],[126.815228,37.585627],[126.815393,37.585817],[126.815445,37.585995],[126.815311,37.586131],[126.815159,37.586402],[126.815172,37.586523],[126.815338,37.586945],[126.814987,37.587054],[126.814535,37.587279],[126.81498,37.588033],[126.815234,37.588362],[126.815606,37.589006],[126.816076,37.589627],[126.816449,37.590307],[126.816938,37.591021],[126.817202,37.591517],[126.817523,37.591906],[126.817743,37.592284],[126.817872,37.592405],[126.818683,37.593716],[126.819302,37.59285],[126.820243,37.592287]]]}},{"type":"Feature","properties":{"code":"11500108","name":"공항동","guCode":"11160","guName":"강서구","labelPoint":[126.808956,37.552585],"legalGuCode":"11500"},"geometry":{"type":"Polygon","coordinates":[[[126.816759,37.564294],[126.816699,37.560895],[126.816557,37.557284],[126.816588,37.55634],[126.819936,37.556752],[126.8199,37.556717],[126.819956,37.555513],[126.820175,37.555319],[126.814165,37.550759],[126.813663,37.550417],[126.813873,37.549725],[126.813891,37.54946],[126.813759,37.548291],[126.813782,37.548071],[126.813904,37.547637],[126.8139,37.547406],[126.814109,37.547055],[126.814359,37.546812],[126.814352,37.546538],[126.814467,37.546299],[126.814685,37.546021],[126.815072,37.545702],[126.81528,37.54559],[126.815361,37.545594],[126.815105,37.544947],[126.815267,37.544857],[126.815272,37.544773],[126.81513,37.544627],[126.815081,37.54464],[126.81505,37.544477],[126.814944,37.544354],[126.814912,37.544165],[126.814843,37.544088],[126.814677,37.544045],[126.814699,37.543928],[126.814563,37.543753],[126.81443,37.543712],[126.814363,37.543582],[126.81381,37.543508],[126.813346,37.543339],[126.8134,37.543262],[126.813523,37.542787],[126.813321,37.542367],[126.813152,37.541789],[126.813011,37.541455],[126.812517,37.54087],[126.812334,37.540737],[126.810594,37.541496],[126.810345,37.541647],[126.808652,37.54288],[126.807886,37.543265],[126.807922,37.543265],[126.807637,37.543471],[126.806872,37.543901],[126.806005,37.544593],[126.804842,37.545378],[126.804167,37.545471],[126.80389,37.545567],[126.803726,37.545707],[126.803402,37.54615],[126.803085,37.54673],[126.802434,37.547397],[126.802226,37.547939],[126.802179,37.548282],[126.801861,37.549135],[126.80189,37.549144],[126.801666,37.549544],[126.801606,37.549821],[126.801852,37.551268],[126.801807,37.551265],[126.801536,37.552116],[126.801142,37.553055],[126.800975,37.553268],[126.800989,37.553099],[126.800928,37.553334],[126.800851,37.553439],[126.80055,37.554168],[126.79971,37.555399],[126.797976,37.557561],[126.79746,37.558452],[126.797377,37.558937],[126.797665,37.559189],[126.797553,37.559359],[126.797336,37.560163],[126.79735,37.560424],[126.797361,37.560463],[126.797425,37.560469],[126.798687,37.56053],[126.801009,37.560912],[126.802455,37.561054],[126.803483,37.561204],[126.804117,37.561177],[126.80487,37.561009],[126.805408,37.561023],[126.805875,37.561103],[126.806198,37.561168],[126.806999,37.561485],[126.807518,37.561628],[126.807991,37.561872],[126.808545,37.562294],[126.808561,37.562232],[126.808958,37.562566],[126.809222,37.562696],[126.810366,37.563585],[126.810345,37.563653],[126.810896,37.564049],[126.811203,37.56405],[126.811571,37.564116],[126.81195,37.564065],[126.812488,37.564067],[126.812735,37.564185],[126.813135,37.564478],[126.813556,37.564431],[126.814063,37.564299],[126.814644,37.564212],[126.815324,37.56424],[126.815418,37.564349],[126.815614,37.564379],[126.815881,37.564529],[126.816269,37.564611],[126.816762,37.564518],[126.816759,37.564294]]]}},{"type":"Feature","properties":{"code":"11500107","name":"외발산동","guCode":"11160","guName":"강서구","labelPoint":[126.817019,37.548588],"legalGuCode":"11500"},"geometry":{"type":"MultiPolygon","coordinates":[[[[126.823954,37.555655],[126.824584,37.555616],[126.824904,37.555595],[126.824584,37.555616],[126.823954,37.555655]]],[[[126.823954,37.555655],[126.825143,37.554659],[126.822556,37.552709],[126.822403,37.552503],[126.821045,37.551523],[126.82117,37.551518],[126.821486,37.551412],[126.821884,37.551135],[126.821873,37.551039],[126.822228,37.550835],[126.822714,37.550105],[126.822933,37.549687],[126.822812,37.549534],[126.822537,37.549423],[126.822418,37.549322],[126.821881,37.549127],[126.820054,37.548886],[126.821152,37.547167],[126.821489,37.547234],[126.821832,37.54723],[126.821937,37.547297],[126.822176,37.547325],[126.822219,37.546983],[126.823827,37.547109],[126.823906,37.547425],[126.824136,37.547416],[126.824172,37.547609],[126.82442,37.547585],[126.824424,37.547399],[126.824764,37.547393],[126.824979,37.547315],[126.825074,37.547416],[126.825725,37.547788],[126.827474,37.547447],[126.827429,37.547243],[126.827452,37.546999],[126.827395,37.546904],[126.827125,37.546693],[126.827052,37.546484],[126.82702,37.546081],[126.82696,37.545965],[126.826787,37.545793],[126.826623,37.545462],[126.826332,37.545246],[126.826013,37.544884],[126.82574,37.544302],[126.825715,37.543912],[126.825936,37.5436],[126.82608,37.543302],[126.826082,37.542967],[126.825356,37.542089],[126.825412,37.541717],[126.825387,37.54168],[126.824426,37.541358],[126.824046,37.541333],[126.822329,37.540727],[126.822067,37.540673],[126.820936,37.540752],[126.81932,37.540744],[126.818168,37.54066],[126.817349,37.540662],[126.816312,37.540552],[126.815348,37.540575],[126.814726,37.540683],[126.813498,37.540704],[126.813513,37.540633],[126.812334,37.540737],[126.812517,37.54087],[126.813011,37.541455],[126.813152,37.541789],[126.813321,37.542367],[126.813523,37.542787],[126.8134,37.543262],[126.813346,37.543339],[126.81381,37.543508],[126.814363,37.543582],[126.81443,37.543712],[126.814563,37.543753],[126.814699,37.543928],[126.814677,37.544045],[126.814843,37.544088],[126.814912,37.544165],[126.814944,37.544354],[126.81505,37.544477],[126.815081,37.54464],[126.81513,37.544627],[126.815272,37.544773],[126.815267,37.544857],[126.815105,37.544947],[126.815361,37.545594],[126.81528,37.54559],[126.815072,37.545702],[126.814685,37.546021],[126.814467,37.546299],[126.814352,37.546538],[126.814359,37.546812],[126.814109,37.547055],[126.8139,37.547406],[126.813904,37.547637],[126.813782,37.548071],[126.813759,37.548291],[126.813891,37.54946],[126.813873,37.549725],[126.813663,37.550417],[126.814165,37.550759],[126.820175,37.555319],[126.820343,37.555183],[126.822593,37.556854],[126.822592,37.556793],[126.823954,37.555655]]]]}},{"type":"Feature","properties":{"code":"11500106","name":"내발산동","guCode":"11160","guName":"강서구","labelPoint":[126.833071,37.55283],"legalGuCode":"11500"},"geometry":{"type":"Polygon","coordinates":[[[126.845673,37.554905],[126.845822,37.554503],[126.845661,37.553998],[126.845062,37.55342],[126.844724,37.553198],[126.844241,37.552978],[126.844124,37.552977],[126.843807,37.55288],[126.843511,37.552857],[126.843339,37.552803],[126.843172,37.552694],[126.842183,37.551203],[126.842148,37.551214],[126.842033,37.55109],[126.842181,37.551089],[126.842258,37.551024],[126.84186,37.550582],[126.841599,37.550486],[126.840971,37.550426],[126.84061,37.550499],[126.840053,37.55096],[126.839363,37.551146],[126.839254,37.550798],[126.836332,37.550813],[126.836327,37.547966],[126.833306,37.547969],[126.833281,37.547854],[126.833234,37.547899],[126.833155,37.54756],[126.832935,37.547398],[126.83284,37.547524],[126.832478,37.547451],[126.831806,37.547469],[126.831774,37.547425],[126.831439,37.547423],[126.831433,37.547479],[126.83109,37.547489],[126.830916,37.547756],[126.830744,37.547911],[126.830676,37.547808],[126.830342,37.547738],[126.829758,37.547732],[126.827978,37.54756],[126.827625,37.547694],[126.827584,37.547682],[126.827474,37.547447],[126.825725,37.547788],[126.825074,37.547416],[126.824979,37.547315],[126.824764,37.547393],[126.824424,37.547399],[126.82442,37.547585],[126.824172,37.547609],[126.824136,37.547416],[126.823906,37.547425],[126.823827,37.547109],[126.822219,37.546983],[126.822176,37.547325],[126.821937,37.547297],[126.821832,37.54723],[126.821489,37.547234],[126.821152,37.547167],[126.820054,37.548886],[126.821881,37.549127],[126.822418,37.549322],[126.822537,37.549423],[126.822812,37.549534],[126.822933,37.549687],[126.822714,37.550105],[126.822228,37.550835],[126.821873,37.551039],[126.821884,37.551135],[126.821486,37.551412],[126.82117,37.551518],[126.821045,37.551523],[126.822403,37.552503],[126.822556,37.552709],[126.825143,37.554659],[126.823954,37.555655],[126.826529,37.555493],[126.826528,37.555547],[126.826628,37.555487],[126.831734,37.555168],[126.831777,37.555231],[126.832192,37.55486],[126.832259,37.554503],[126.832572,37.554746],[126.832747,37.555033],[126.832834,37.555081],[126.833598,37.555021],[126.833625,37.555051],[126.836242,37.55481],[126.837462,37.558636],[126.845403,37.557845],[126.845489,37.557586],[126.845555,37.557542],[126.845591,37.557238],[126.845443,37.556603],[126.845639,37.556231],[126.845737,37.555619],[126.845673,37.554905]]]}},{"type":"Feature","properties":{"code":"11500105","name":"마곡동","guCode":"11160","guName":"강서구","labelPoint":[126.830312,37.570109],"legalGuCode":"11500"},"geometry":{"type":"MultiPolygon","coordinates":[[[[126.839018,37.573459],[126.83886,37.573706],[126.839018,37.573459],[126.839018,37.573459]]],[[[126.839018,37.573459],[126.838928,37.573062],[126.838899,37.572423],[126.838912,37.572328],[126.838969,37.572299],[126.8385,37.572486],[126.838672,37.572048],[126.838901,37.57187],[126.838991,37.57187],[126.838918,37.571526],[126.838844,37.571401],[126.83867,37.571331],[126.838316,37.571271],[126.837838,37.571124],[126.837794,37.570699],[126.837527,37.57063],[126.838033,37.570357],[126.837861,37.570153],[126.84101,37.56842],[126.841056,37.568313],[126.840666,37.566585],[126.838441,37.559664],[126.838592,37.559649],[126.838244,37.558558],[126.837462,37.558636],[126.836242,37.55481],[126.833625,37.555051],[126.833598,37.555021],[126.832834,37.555081],[126.832747,37.555033],[126.832572,37.554746],[126.832259,37.554503],[126.832192,37.55486],[126.831777,37.555231],[126.831734,37.555168],[126.826628,37.555487],[126.826528,37.555547],[126.826529,37.555493],[126.823954,37.555655],[126.822592,37.556793],[126.822593,37.556854],[126.820343,37.555183],[126.819956,37.555513],[126.8199,37.556717],[126.819936,37.556752],[126.816588,37.55634],[126.816557,37.557284],[126.816699,37.560895],[126.816767,37.565997],[126.816898,37.570709],[126.817914,37.571005],[126.818549,37.570944],[126.819049,37.57064],[126.81941,37.570221],[126.819853,37.570086],[126.820026,37.570133],[126.821919,37.569322],[126.821984,37.569267],[126.82193,37.569264],[126.821891,37.567821],[126.822983,37.567698],[126.822949,37.56788],[126.822723,37.568229],[126.822633,37.568485],[126.822706,37.568765],[126.822703,37.569036],[126.822794,37.569445],[126.822686,37.569999],[126.822677,37.570788],[126.82254,37.571242],[126.822409,37.572709],[126.822328,37.572922],[126.822047,37.573194],[126.821935,37.573474],[126.821311,37.573831],[126.82103,37.574044],[126.821161,37.574338],[126.821137,37.574411],[126.820907,37.574656],[126.820863,37.574873],[126.820895,37.575177],[126.820754,37.575362],[126.82096,37.575683],[126.820969,37.575777],[126.820919,37.575901],[126.820955,37.576347],[126.821263,37.577066],[126.821587,37.577307],[126.822493,37.57835],[126.822969,37.578837],[126.823177,37.579148],[126.823657,37.579351],[126.823878,37.579382],[126.82418,37.579684],[126.824577,37.579863],[126.824884,37.580065],[126.825665,37.580823],[126.825822,37.581052],[126.825904,37.581349],[126.826762,37.582074],[126.8272,37.582558],[126.827807,37.583103],[126.828458,37.583537],[126.828733,37.583869],[126.83193,37.585723],[126.837149,37.582563],[126.838098,37.581793],[126.842411,37.579262],[126.839877,37.576696],[126.839753,37.576005],[126.840011,37.575463],[126.839729,37.575274],[126.839692,37.574704],[126.839737,37.574485],[126.839373,37.574003],[126.83886,37.573706],[126.83886,37.573706],[126.839018,37.573459],[126.839018,37.573459]]]]}},{"type":"Feature","properties":{"code":"11500104","name":"가양동","guCode":"11160","guName":"강서구","labelPoint":[126.849877,37.567941],"legalGuCode":"11500"},"geometry":{"type":"Polygon","coordinates":[[[126.85264,37.572524],[126.853522,37.571897],[126.855019,37.570259],[126.85607,37.569444],[126.863041,37.564998],[126.861655,37.563428],[126.865154,37.561352],[126.865889,37.561144],[126.866929,37.560543],[126.867211,37.560443],[126.867456,37.560303],[126.86765,37.560166],[126.867618,37.560033],[126.867428,37.559709],[126.867311,37.559721],[126.867284,37.559632],[126.866593,37.559396],[126.865952,37.559232],[126.865506,37.559044],[126.864316,37.558004],[126.863317,37.556945],[126.863337,37.556852],[126.863632,37.556693],[126.863329,37.556693],[126.855179,37.561056],[126.848673,37.564434],[126.847479,37.565015],[126.846401,37.564719],[126.843576,37.566051],[126.842771,37.566294],[126.841293,37.5678],[126.841361,37.568081],[126.841511,37.568143],[126.837861,37.570153],[126.838033,37.570357],[126.837527,37.57063],[126.837794,37.570699],[126.837838,37.571124],[126.838316,37.571271],[126.83867,37.571331],[126.838844,37.571401],[126.838919,37.571528],[126.838991,37.57187],[126.838901,37.57187],[126.838672,37.572048],[126.8385,37.572486],[126.838969,37.572299],[126.838912,37.572328],[126.838899,37.572424],[126.838928,37.573063],[126.839018,37.573459],[126.83886,37.573706],[126.839373,37.574003],[126.839737,37.574485],[126.839692,37.574704],[126.839729,37.575274],[126.840011,37.575463],[126.839753,37.576005],[126.839877,37.576696],[126.842411,37.579263],[126.84324,37.57888],[126.847296,37.576004],[126.848381,37.575158],[126.85264,37.572524]]]}},{"type":"Feature","properties":{"code":"11500103","name":"화곡동","guCode":"11160","guName":"강서구","labelPoint":[126.844169,37.542213],"legalGuCode":"11500"},"geometry":{"type":"Polygon","coordinates":[[[126.829759,37.547732],[126.830343,37.547738],[126.830676,37.547808],[126.830745,37.547911],[126.830916,37.547756],[126.831091,37.547489],[126.831434,37.547479],[126.831439,37.547423],[126.831774,37.547425],[126.831806,37.547469],[126.832478,37.547451],[126.83284,37.547524],[126.832935,37.547398],[126.833155,37.54756],[126.833234,37.547899],[126.833281,37.547854],[126.833306,37.547969],[126.836327,37.547966],[126.836332,37.550813],[126.839254,37.550798],[126.839363,37.551146],[126.840053,37.55096],[126.84061,37.550499],[126.840971,37.550426],[126.841599,37.550486],[126.84186,37.550582],[126.842258,37.551024],[126.842182,37.551089],[126.842034,37.55109],[126.842148,37.551214],[126.842183,37.551203],[126.843173,37.552694],[126.843339,37.552803],[126.843511,37.552857],[126.843807,37.55288],[126.844125,37.552977],[126.844241,37.552978],[126.844724,37.553198],[126.845062,37.55342],[126.845661,37.553998],[126.845823,37.554503],[126.845674,37.554905],[126.845738,37.555619],[126.845639,37.556231],[126.845443,37.556603],[126.845591,37.557238],[126.845556,37.557542],[126.84549,37.557586],[126.845403,37.557845],[126.846869,37.557697],[126.847776,37.557511],[126.856495,37.55447],[126.856496,37.554275],[126.857612,37.553883],[126.857572,37.553737],[126.857261,37.553468],[126.857165,37.553111],[126.857369,37.552373],[126.85731,37.552165],[126.857449,37.551526],[126.857591,37.551545],[126.858086,37.551469],[126.857648,37.551083],[126.85755,37.550841],[126.85743,37.550731],[126.857372,37.550026],[126.856965,37.549768],[126.856857,37.549634],[126.857016,37.549165],[126.857008,37.549],[126.856752,37.548556],[126.856672,37.548271],[126.856106,37.547185],[126.855826,37.547196],[126.855746,37.546967],[126.855371,37.546614],[126.85502,37.546499],[126.854816,37.545988],[126.854822,37.545007],[126.855004,37.544696],[126.85476,37.544279],[126.854415,37.54392],[126.855609,37.542959],[126.855896,37.54281],[126.857107,37.542466],[126.857512,37.542272],[126.857659,37.542279],[126.857884,37.542381],[126.858495,37.542153],[126.859145,37.54205],[126.859757,37.541873],[126.860427,37.541437],[126.860575,37.540427],[126.860366,37.540025],[126.860408,37.539735],[126.860582,37.53956],[126.860643,37.539115],[126.860653,37.538542],[126.860914,37.538431],[126.860975,37.538104],[126.860959,37.537932],[126.86104,37.537792],[126.860937,37.537173],[126.861231,37.536783],[126.861785,37.536368],[126.861861,37.53573],[126.861771,37.535543],[126.863474,37.535635],[126.863973,37.529789],[126.848872,37.527898],[126.840478,37.526487],[126.834413,37.536456],[126.835109,37.536731],[126.835211,37.537125],[126.835161,37.537533],[126.833734,37.539842],[126.833103,37.541849],[126.832737,37.5418],[126.832681,37.541832],[126.830544,37.541759],[126.83031,37.541482],[126.830179,37.541552],[126.830196,37.541603],[126.830096,37.541597],[126.829985,37.541656],[126.830011,37.542522],[126.830234,37.542633],[126.829717,37.543727],[126.829683,37.544096],[126.83003,37.544638],[126.830456,37.545775],[126.830236,37.546169],[126.830107,37.546207],[126.830075,37.546417],[126.830003,37.546553],[126.829837,37.547174],[126.829759,37.547732]]]}},{"type":"Feature","properties":{"code":"11500102","name":"등촌동","guCode":"11160","guName":"강서구","labelPoint":[126.861512,37.551855],"legalGuCode":"11500"},"geometry":{"type":"Polygon","coordinates":[[[126.845403,37.557845],[126.838244,37.558558],[126.838592,37.559649],[126.838441,37.559665],[126.840666,37.566584],[126.841056,37.568313],[126.84101,37.56842],[126.841511,37.568143],[126.841359,37.568081],[126.841293,37.567799],[126.842771,37.566293],[126.843576,37.56605],[126.846401,37.564718],[126.847479,37.565014],[126.848673,37.564434],[126.855179,37.561055],[126.864288,37.556179],[126.864795,37.555859],[126.866139,37.554785],[126.866582,37.554518],[126.867305,37.554176],[126.865029,37.550989],[126.864466,37.551241],[126.864205,37.55115],[126.86212,37.544489],[126.862121,37.544144],[126.862276,37.543656],[126.862897,37.542518],[126.863434,37.54172],[126.863394,37.541614],[126.863671,37.541095],[126.863778,37.540711],[126.863786,37.540395],[126.863442,37.536195],[126.863474,37.535635],[126.861771,37.535543],[126.861861,37.53573],[126.861785,37.536368],[126.861231,37.536783],[126.860937,37.537173],[126.86104,37.537792],[126.860959,37.537932],[126.860975,37.538104],[126.860914,37.538431],[126.860653,37.538542],[126.860643,37.539115],[126.860582,37.53956],[126.860408,37.539735],[126.860366,37.540025],[126.860575,37.540427],[126.860427,37.541437],[126.859757,37.541873],[126.859145,37.54205],[126.858495,37.542153],[126.857884,37.542381],[126.857659,37.542279],[126.857512,37.542272],[126.857107,37.542466],[126.855896,37.54281],[126.855609,37.542959],[126.854415,37.54392],[126.85476,37.544279],[126.855004,37.544696],[126.854822,37.545007],[126.854816,37.545988],[126.85502,37.546499],[126.855371,37.546614],[126.855746,37.546967],[126.855826,37.547196],[126.856106,37.547185],[126.856672,37.548271],[126.856752,37.548556],[126.857008,37.549],[126.857016,37.549165],[126.856857,37.549634],[126.856965,37.549768],[126.857372,37.550026],[126.85743,37.550731],[126.85755,37.550841],[126.857648,37.551083],[126.858086,37.551469],[126.857591,37.551545],[126.857449,37.551526],[126.85731,37.552165],[126.857369,37.552373],[126.857165,37.553111],[126.857261,37.553468],[126.857572,37.553737],[126.857612,37.553883],[126.856496,37.554275],[126.856495,37.55447],[126.848026,37.557433],[126.847156,37.557654],[126.845403,37.557845]]]}},{"type":"Feature","properties":{"code":"11500101","name":"염창동","guCode":"11160","guName":"강서구","labelPoint":[126.872359,37.5561],"legalGuCode":"11500"},"geometry":{"type":"Polygon","coordinates":[[[126.863042,37.564997],[126.863825,37.56449],[126.866291,37.563053],[126.86906,37.561967],[126.874183,37.559484],[126.880464,37.556269],[126.879237,37.554747],[126.879217,37.553151],[126.878508,37.553495],[126.878245,37.553581],[126.878004,37.553496],[126.877954,37.55345],[126.877929,37.553337],[126.878005,37.553036],[126.878048,37.551701],[126.879328,37.550155],[126.879855,37.549358],[126.880356,37.548457],[126.880792,37.548088],[126.88048,37.548191],[126.879949,37.548132],[126.880256,37.547736],[126.877959,37.547098],[126.874175,37.546935],[126.873295,37.546978],[126.872644,37.547072],[126.871596,37.547342],[126.870656,37.547718],[126.866208,37.55039],[126.865753,37.550653],[126.865029,37.550989],[126.867305,37.554176],[126.866246,37.554714],[126.864694,37.55593],[126.863329,37.556692],[126.863633,37.556692],[126.863337,37.556851],[126.863317,37.556944],[126.86435,37.558038],[126.865506,37.559043],[126.865952,37.559231],[126.866591,37.559395],[126.867284,37.559631],[126.867311,37.55972],[126.867429,37.559708],[126.867618,37.560032],[126.86765,37.560165],[126.867211,37.560442],[126.86693,37.560542],[126.865889,37.561143],[126.865155,37.561351],[126.861656,37.563427],[126.863042,37.564997]]]}},{"type":"Feature","properties":{"code":"11470103","name":"신월동","guCode":"11150","guName":"양천구","labelPoint":[126.83362,37.528712],"legalGuCode":"11470"},"geometry":{"type":"Polygon","coordinates":[[[126.829817,37.547329],[126.829955,37.546783],[126.82996,37.546555],[126.830075,37.546417],[126.830106,37.546207],[126.830235,37.546169],[126.830455,37.545775],[126.830289,37.545617],[126.830029,37.544639],[126.829855,37.544473],[126.829634,37.544093],[126.829724,37.543883],[126.829712,37.543736],[126.830267,37.542535],[126.83001,37.542522],[126.829985,37.541656],[126.830095,37.541597],[126.830139,37.541648],[126.830249,37.541628],[126.830179,37.541552],[126.83031,37.541482],[126.830544,37.541759],[126.832681,37.541832],[126.832737,37.5418],[126.833102,37.541849],[126.833734,37.539842],[126.83516,37.537533],[126.835208,37.537126],[126.835106,37.536727],[126.834405,37.536458],[126.840476,37.526485],[126.84887,37.527897],[126.852505,37.521078],[126.851012,37.522091],[126.850675,37.522254],[126.850377,37.522336],[126.847957,37.522532],[126.847629,37.522493],[126.847316,37.522405],[126.846841,37.522142],[126.846761,37.522075],[126.848652,37.520692],[126.848465,37.51627],[126.848605,37.515952],[126.847944,37.515961],[126.847529,37.515779],[126.846939,37.515782],[126.84674,37.51555],[126.846968,37.515018],[126.846184,37.514755],[126.846007,37.51483],[126.845798,37.514797],[126.845105,37.514388],[126.845006,37.514103],[126.844811,37.513929],[126.844348,37.513994],[126.844129,37.514163],[126.843515,37.514088],[126.842563,37.513133],[126.842406,37.513067],[126.842125,37.5131],[126.841819,37.513198],[126.841736,37.513169],[126.841728,37.513118],[126.841557,37.512969],[126.841482,37.512948],[126.841312,37.513359],[126.840913,37.513203],[126.840653,37.513906],[126.840041,37.513835],[126.839866,37.514191],[126.83894,37.513913],[126.838451,37.513675],[126.837725,37.513569],[126.837591,37.513667],[126.837504,37.513674],[126.836844,37.514122],[126.836441,37.514299],[126.836307,37.514311],[126.83598,37.514582],[126.835229,37.514935],[126.835129,37.515186],[126.835071,37.515578],[126.83375,37.515172],[126.833736,37.515319],[126.833243,37.516062],[126.833054,37.51595],[126.832755,37.515569],[126.832299,37.515455],[126.831888,37.515194],[126.831672,37.514938],[126.831629,37.514591],[126.831241,37.514535],[126.831185,37.514619],[126.831185,37.51487],[126.831654,37.515276],[126.83192,37.515667],[126.832262,37.515954],[126.832269,37.516069],[126.832158,37.51636],[126.831966,37.516687],[126.831501,37.516985],[126.830221,37.517637],[126.829615,37.517667],[126.829174,37.517587],[126.828951,37.517491],[126.828444,37.517131],[126.827861,37.516567],[126.827248,37.516282],[126.827092,37.516163],[126.826885,37.515618],[126.826896,37.515382],[126.826843,37.515245],[126.826279,37.515105],[126.825338,37.514958],[126.825185,37.514801],[126.825176,37.514717],[126.825591,37.513807],[126.82597,37.513159],[126.826642,37.512629],[126.827183,37.512383],[126.827924,37.512204],[126.827287,37.511733],[126.82704,37.511486],[126.827101,37.511145],[126.826954,37.510393],[126.826832,37.510426],[126.824188,37.510525],[126.824064,37.510483],[126.823894,37.510838],[126.824156,37.512408],[126.824436,37.513171],[126.824298,37.513691],[126.824255,37.514468],[126.823796,37.514664],[126.823401,37.514953],[126.823104,37.51622],[126.824496,37.517716],[126.824592,37.518046],[126.825139,37.519073],[126.825617,37.52008],[126.825618,37.520234],[126.82568,37.52025],[126.825702,37.521053],[126.825678,37.521134],[126.825624,37.521143],[126.825542,37.521451],[126.825589,37.521752],[126.82548,37.521753],[126.82566,37.522235],[126.825196,37.522808],[126.825137,37.523005],[126.825163,37.523055],[126.825821,37.523708],[126.826126,37.524296],[126.826479,37.524763],[126.826507,37.524932],[126.82675,37.525128],[126.827309,37.525276],[126.828179,37.525834],[126.828175,37.526103],[126.828275,37.526301],[126.828858,37.52653],[126.828442,37.526706],[126.828003,37.527981],[126.827937,37.528346],[126.828301,37.529077],[126.827069,37.529709],[126.826544,37.529805],[126.825558,37.529847],[126.825312,37.529959],[126.824735,37.5306],[126.824579,37.531217],[126.824218,37.531613],[126.824134,37.531646],[126.823961,37.531811],[126.823907,37.532025],[126.82343,37.532617],[126.823496,37.532947],[126.823475,37.533447],[126.823553,37.533763],[126.823281,37.533807],[126.822703,37.533755],[126.822623,37.534201],[126.821868,37.534903],[126.822434,37.536543],[126.822342,37.53698],[126.822322,37.537924],[126.821607,37.539746],[126.822146,37.54067],[126.824004,37.54132],[126.824443,37.541294],[126.82538,37.541608],[126.825369,37.541674],[126.825412,37.541717],[126.825344,37.542065],[126.826078,37.542952],[126.826124,37.543269],[126.825739,37.543895],[126.82574,37.544302],[126.826013,37.544884],[126.826332,37.545246],[126.826623,37.545462],[126.826787,37.545793],[126.82696,37.545965],[126.82702,37.546081],[126.827052,37.546484],[126.827125,37.546693],[126.827488,37.546963],[126.827451,37.547263],[126.82758,37.547674],[126.827888,37.547534],[126.829749,37.547708],[126.829817,37.547329]]]}},{"type":"Feature","properties":{"code":"11470102","name":"목동","guCode":"11150","guName":"양천구","labelPoint":[126.875747,37.53714],"legalGuCode":"11470"},"geometry":{"type":"Polygon","coordinates":[[[126.865029,37.550989],[126.865752,37.550653],[126.866208,37.55039],[126.870652,37.547708],[126.871596,37.547342],[126.872644,37.547072],[126.873295,37.546978],[126.874175,37.546935],[126.877959,37.547098],[126.880256,37.547736],[126.879949,37.548132],[126.88048,37.548191],[126.880811,37.548077],[126.882128,37.546725],[126.882302,37.546491],[126.882362,37.546306],[126.882524,37.546032],[126.882746,37.545755],[126.883615,37.545072],[126.884092,37.544637],[126.884196,37.544483],[126.88424,37.544319],[126.884245,37.543565],[126.884426,37.543376],[126.884671,37.54334],[126.88473,37.543292],[126.885086,37.543314],[126.885435,37.542325],[126.885449,37.54185],[126.885513,37.541554],[126.886225,37.539936],[126.886531,37.539362],[126.886851,37.538831],[126.887106,37.538587],[126.887668,37.537565],[126.88826,37.536715],[126.888585,37.536307],[126.888818,37.536129],[126.88943,37.535537],[126.889742,37.535144],[126.889996,37.534708],[126.890128,37.534376],[126.890153,37.534112],[126.890007,37.533655],[126.889805,37.533402],[126.888693,37.532805],[126.88853,37.532555],[126.888567,37.532235],[126.888626,37.532124],[126.888835,37.531982],[126.889086,37.531909],[126.890289,37.531869],[126.890684,37.531656],[126.889652,37.530236],[126.889548,37.530014],[126.889371,37.530194],[126.888943,37.530354],[126.888467,37.53043],[126.888125,37.530432],[126.887687,37.530375],[126.887183,37.530193],[126.885999,37.529448],[126.885215,37.529191],[126.884177,37.528668],[126.883904,37.52839],[126.883873,37.52788],[126.883728,37.527558],[126.883451,37.527339],[126.883222,37.52725],[126.882727,37.527249],[126.881914,37.527627],[126.88135,37.527777],[126.881184,37.527793],[126.880804,37.527648],[126.880674,37.527551],[126.880604,37.527418],[126.880627,37.527235],[126.880679,37.527106],[126.880952,37.526825],[126.881174,37.526519],[126.881183,37.526324],[126.881127,37.526142],[126.880941,37.525912],[126.880708,37.52578],[126.880545,37.525745],[126.879285,37.525716],[126.879049,37.525601],[126.878817,37.525426],[126.878608,37.525069],[126.87862,37.524643],[126.87886,37.524088],[126.878917,37.523678],[126.878889,37.523146],[126.878923,37.522918],[126.879056,37.522538],[126.879032,37.522495],[126.87873,37.522528],[126.878101,37.522294],[126.877683,37.522211],[126.877672,37.522307],[126.870001,37.523278],[126.870053,37.523211],[126.869875,37.523273],[126.869422,37.523532],[126.869429,37.523617],[126.868801,37.523949],[126.868694,37.523852],[126.868362,37.524014],[126.868393,37.523926],[126.865727,37.522596],[126.865568,37.522647],[126.86531,37.523475],[126.865225,37.523633],[126.86445,37.526129],[126.864281,37.526108],[126.863442,37.536014],[126.863786,37.540396],[126.863777,37.540711],[126.863737,37.540944],[126.863394,37.541614],[126.863434,37.54172],[126.862897,37.542518],[126.862276,37.543656],[126.862122,37.544152],[126.86212,37.544489],[126.864207,37.551151],[126.864466,37.551241],[126.865029,37.550989]]]}},{"type":"Feature","properties":{"code":"11470101","name":"신정동","guCode":"11150","guName":"양천구","labelPoint":[126.863416,37.516339],"legalGuCode":"11470"},"geometry":{"type":"Polygon","coordinates":[[[126.863982,37.529641],[126.864281,37.526108],[126.86445,37.526129],[126.865225,37.523633],[126.86531,37.523475],[126.865568,37.522647],[126.865727,37.522596],[126.868393,37.523926],[126.868362,37.524014],[126.868694,37.523852],[126.868801,37.523949],[126.869429,37.523617],[126.869422,37.523532],[126.869875,37.523273],[126.870053,37.523211],[126.870001,37.523278],[126.877672,37.522307],[126.877683,37.522211],[126.878101,37.522294],[126.87873,37.522528],[126.878871,37.522529],[126.879142,37.522043],[126.879346,37.520857],[126.879383,37.520514],[126.879349,37.520388],[126.879032,37.520032],[126.878505,37.519745],[126.8784,37.519652],[126.878277,37.519486],[126.87814,37.519136],[126.87814,37.518782],[126.87836,37.518235],[126.878597,37.517997],[126.878797,37.517882],[126.879449,37.517764],[126.879547,37.517696],[126.879546,37.517656],[126.879422,37.517528],[126.879291,37.517515],[126.878743,37.517654],[126.878581,37.517627],[126.878478,37.517531],[126.878469,37.517386],[126.878655,37.517183],[126.878905,37.51707],[126.878957,37.516931],[126.878604,37.516513],[126.878334,37.516318],[126.87807,37.516224],[126.877492,37.516175],[126.877325,37.516035],[126.877307,37.515966],[126.877379,37.515815],[126.87771,37.515629],[126.877775,37.515555],[126.877797,37.515437],[126.877724,37.515356],[126.877664,37.515108],[126.877581,37.515025],[126.877515,37.514673],[126.877661,37.513806],[126.877817,37.513627],[126.877932,37.513382],[126.877861,37.5133],[126.877726,37.513291],[126.877475,37.513595],[126.877255,37.513728],[126.876949,37.513758],[126.876648,37.513684],[126.8765,37.513569],[126.876381,37.513305],[126.876449,37.513012],[126.876394,37.512813],[126.876096,37.512418],[126.875734,37.512204],[126.875596,37.512176],[126.875323,37.512255],[126.875182,37.512449],[126.875125,37.512383],[126.8751,37.512418],[126.874004,37.511306],[126.873936,37.511171],[126.874,37.511019],[126.874002,37.510807],[126.874188,37.510654],[126.874311,37.510616],[126.874524,37.510632],[126.874672,37.510687],[126.874904,37.510899],[126.874964,37.511153],[126.874863,37.51141],[126.874866,37.511639],[126.875068,37.511801],[126.875199,37.51179],[126.875461,37.511634],[126.875514,37.511507],[126.875697,37.511356],[126.876039,37.511227],[126.876564,37.511147],[126.876729,37.511024],[126.876844,37.510845],[126.876725,37.510678],[126.876644,37.510626],[126.876518,37.510627],[126.876437,37.510653],[126.876219,37.510985],[126.876115,37.511054],[126.875759,37.511145],[126.875522,37.511078],[126.875414,37.510996],[126.875205,37.510692],[126.875179,37.510526],[126.875259,37.510182],[126.875344,37.510016],[126.875442,37.509976],[126.875603,37.50974],[126.875603,37.509662],[126.875526,37.509565],[126.875326,37.509403],[126.87502,37.509313],[126.874793,37.509333],[126.874517,37.509472],[126.874219,37.509474],[126.874022,37.50939],[126.873799,37.50906],[126.873788,37.508813],[126.873901,37.508669],[126.874567,37.508401],[126.8748,37.508261],[126.875035,37.507708],[126.875001,37.507601],[126.874852,37.5075],[126.874657,37.507468],[126.874474,37.507379],[126.874212,37.507178],[126.874181,37.506954],[126.874289,37.506775],[126.874457,37.506654],[126.874705,37.506629],[126.874684,37.506529],[126.874418,37.506093],[126.874171,37.505312],[126.873851,37.504975],[126.873705,37.504756],[126.873689,37.504564],[126.873757,37.504209],[126.87358,37.50356],[126.873179,37.503781],[126.872675,37.503882],[126.872307,37.504083],[126.871868,37.504128],[126.87185,37.504204],[126.871481,37.504697],[126.871434,37.504852],[126.871457,37.505069],[126.871205,37.505134],[126.871021,37.505275],[126.870649,37.505755],[126.870256,37.505846],[126.869142,37.504896],[126.86901,37.504859],[126.867965,37.504888],[126.867137,37.5053],[126.86679,37.505295],[126.866567,37.505206],[126.866454,37.505256],[126.86647,37.505294],[126.866628,37.505257],[126.866746,37.505299],[126.8666,37.505293],[126.866446,37.505384],[126.86654,37.505375],[126.866347,37.505452],[126.866291,37.505432],[126.866043,37.505534],[126.865814,37.505571],[126.865246,37.505587],[126.864841,37.50551],[126.864812,37.505345],[126.864722,37.505258],[126.864709,37.505058],[126.864551,37.504992],[126.864198,37.505084],[126.863703,37.505022],[126.863525,37.505051],[126.863345,37.505147],[126.86302,37.505563],[126.862836,37.505939],[126.862763,37.5064],[126.862981,37.506518],[126.862637,37.506791],[126.863143,37.507368],[126.863698,37.507804],[126.86378,37.507998],[126.864097,37.508355],[126.863154,37.507857],[126.862691,37.507404],[126.860433,37.506749],[126.860316,37.506616],[126.858328,37.509918],[126.855612,37.509155],[126.855196,37.509711],[126.852867,37.510686],[126.852543,37.510515],[126.852158,37.510477],[126.85139,37.510128],[126.850756,37.51001],[126.850086,37.510135],[126.849518,37.509643],[126.849107,37.509196],[126.849031,37.509066],[126.848714,37.508883],[126.847898,37.5092],[126.847299,37.509498],[126.846938,37.509319],[126.84664,37.509058],[126.846234,37.508977],[126.846284,37.508542],[126.846051,37.508086],[126.845955,37.508016],[126.845364,37.507793],[126.845058,37.50753],[126.84487,37.507324],[126.844612,37.506731],[126.84438,37.506491],[126.844682,37.505741],[126.84452,37.505717],[126.844481,37.505744],[126.844408,37.505679],[126.843584,37.50582],[126.842685,37.505486],[126.842428,37.505481],[126.842073,37.505665],[126.841175,37.505831],[126.840745,37.506043],[126.840499,37.505523],[126.840111,37.505383],[126.839951,37.504885],[126.839589,37.504496],[126.839319,37.504447],[126.838795,37.504545],[126.838489,37.504424],[126.838402,37.504353],[126.838151,37.503812],[126.83787,37.503528],[126.837494,37.50328],[126.836918,37.50332],[126.836394,37.50308],[126.835247,37.502869],[126.833993,37.503379],[126.833635,37.503877],[126.833084,37.504045],[126.832976,37.504225],[126.832913,37.504263],[126.832008,37.504679],[126.831649,37.505082],[126.831538,37.505448],[126.831262,37.505717],[126.83123,37.505865],[126.830615,37.506313],[126.83066,37.506871],[126.831024,37.507824],[126.831025,37.508031],[126.830646,37.508221],[126.829835,37.508347],[126.829503,37.508321],[126.82928,37.508444],[126.828111,37.5088],[126.82774,37.508735],[126.827049,37.508536],[126.827086,37.509299],[126.826628,37.50951],[126.826462,37.509517],[126.826738,37.509751],[126.826949,37.510369],[126.827101,37.511145],[126.82704,37.511486],[126.827287,37.511733],[126.827924,37.512204],[126.827183,37.512383],[126.826642,37.512629],[126.82597,37.513159],[126.825591,37.513807],[126.825176,37.514717],[126.825185,37.514801],[126.825338,37.514958],[126.826279,37.515105],[126.826843,37.515245],[126.826896,37.515382],[126.826885,37.515618],[126.827092,37.516163],[126.827248,37.516282],[126.827861,37.516567],[126.828444,37.517131],[126.828951,37.517491],[126.829382,37.517637],[126.830158,37.517654],[126.831501,37.516985],[126.831966,37.516687],[126.832158,37.51636],[126.832269,37.516069],[126.832262,37.515954],[126.83192,37.515667],[126.831654,37.515276],[126.831185,37.51487],[126.831185,37.514619],[126.831241,37.514535],[126.831629,37.514591],[126.831672,37.514938],[126.831888,37.515194],[126.832299,37.515455],[126.832755,37.515569],[126.833054,37.51595],[126.833243,37.516062],[126.833736,37.515319],[126.83375,37.515172],[126.835071,37.515578],[126.835129,37.515186],[126.835229,37.514935],[126.83598,37.514582],[126.836307,37.514311],[126.836441,37.514299],[126.836844,37.514122],[126.837504,37.513674],[126.837591,37.513667],[126.837725,37.513569],[126.838451,37.513675],[126.83894,37.513913],[126.839866,37.514191],[126.840041,37.513835],[126.840653,37.513906],[126.840913,37.513203],[126.841312,37.513359],[126.841482,37.512948],[126.841557,37.512969],[126.841728,37.513118],[126.841736,37.513169],[126.841819,37.513198],[126.842125,37.5131],[126.842406,37.513067],[126.842563,37.513133],[126.843515,37.514088],[126.844129,37.514163],[126.844348,37.513994],[126.844811,37.513929],[126.845006,37.514103],[126.845105,37.514388],[126.845798,37.514797],[126.846007,37.51483],[126.846184,37.514755],[126.846968,37.515018],[126.84674,37.51555],[126.846939,37.515782],[126.847529,37.515779],[126.847944,37.515961],[126.848605,37.515952],[126.848465,37.51627],[126.848652,37.520692],[126.846761,37.522075],[126.846841,37.522142],[126.847316,37.522405],[126.847629,37.522493],[126.847957,37.522532],[126.850377,37.522336],[126.850675,37.522254],[126.851012,37.522091],[126.852505,37.521078],[126.84887,37.527897],[126.86397,37.529789],[126.863982,37.529641]]]}},{"type":"Feature","properties":{"code":"11440127","name":"상암동","guCode":"11140","guName":"마포구","labelPoint":[126.872819,37.571572],"legalGuCode":"11440"},"geometry":{"type":"Polygon","coordinates":[[[126.89327,37.558165],[126.893274,37.555822],[126.891776,37.555821],[126.88812,37.552292],[126.886825,37.553089],[126.884388,37.554285],[126.873042,37.560049],[126.868951,37.562019],[126.866291,37.563052],[126.863825,37.56449],[126.85608,37.569436],[126.85502,37.570258],[126.853632,37.57179],[126.853629,37.573799],[126.859286,37.574915],[126.859294,37.575241],[126.864941,37.577472],[126.868379,37.577521],[126.8706,37.578008],[126.873915,37.57828],[126.875195,37.578274],[126.87626,37.578185],[126.876259,37.578963],[126.876388,37.578983],[126.877076,37.578903],[126.877427,37.579363],[126.877632,37.579748],[126.877367,37.580115],[126.877455,37.580261],[126.877477,37.580383],[126.877418,37.58064],[126.876663,37.58126],[126.876625,37.581376],[126.876671,37.581632],[126.87705,37.582206],[126.877098,37.582893],[126.876996,37.583216],[126.876988,37.583388],[126.877251,37.583774],[126.877331,37.584047],[126.877294,37.584173],[126.877165,37.584238],[126.876974,37.584239],[126.876779,37.584146],[126.876623,37.584164],[126.876562,37.584244],[126.876538,37.58444],[126.876746,37.584637],[126.877087,37.584827],[126.877193,37.584936],[126.877247,37.585119],[126.877266,37.585571],[126.877542,37.586247],[126.878465,37.586369],[126.878872,37.586562],[126.879133,37.586772],[126.879264,37.587188],[126.879323,37.587583],[126.879437,37.587874],[126.880044,37.589066],[126.880349,37.589506],[126.880755,37.589828],[126.881724,37.590349],[126.881986,37.59054],[126.881887,37.590639],[126.882056,37.590792],[126.885869,37.587057],[126.888717,37.58475],[126.897534,37.579096],[126.902086,37.576001],[126.901655,37.575667],[126.901347,37.575186],[126.901245,37.574867],[126.901109,37.574636],[126.900651,37.574036],[126.900588,37.573848],[126.900611,37.573243],[126.900286,37.573243],[126.900149,37.573347],[126.900043,37.573509],[126.899897,37.574097],[126.899855,37.574147],[126.899214,37.57447],[126.898904,37.574777],[126.898863,37.574895],[126.898741,37.574999],[126.898603,37.575042],[126.897871,37.574997],[126.897832,37.575022],[126.898015,37.574718],[126.898003,37.574582],[126.898086,37.574361],[126.898405,37.574181],[126.898548,37.574164],[126.898498,37.573904],[126.89862,37.573732],[126.898208,37.573301],[126.897972,37.573493],[126.897946,37.573461],[126.898016,37.573385],[126.898193,37.573257],[126.897586,37.572893],[126.897194,37.573042],[126.897094,37.572953],[126.896431,37.57291],[126.895548,37.572931],[126.894618,37.572641],[126.893864,37.573301],[126.893493,37.57324],[126.892999,37.573022],[126.892566,37.572932],[126.892222,37.572918],[126.891969,37.572346],[126.891806,37.571657],[126.891812,37.571488],[126.891532,37.571044],[126.891355,37.570975],[126.890512,37.57081],[126.889657,37.570538],[126.893257,37.567577],[126.893589,37.567364],[126.894351,37.566635],[126.894454,37.565857],[126.89446,37.565493],[126.894712,37.564646],[126.894766,37.564012],[126.894937,37.563562],[126.895204,37.563032],[126.895137,37.561706],[126.89499,37.561136],[126.894596,37.560159],[126.895722,37.559812],[126.895423,37.559428],[126.894063,37.559427],[126.89327,37.558165]]]}},{"type":"Feature","properties":{"code":"11440126","name":"중동","guCode":"11140","guName":"마포구","labelPoint":[126.905595,37.571644],"legalGuCode":"11440"},"geometry":{"type":"Polygon","coordinates":[[[126.906826,37.569687],[126.90671,37.569751],[126.906475,37.569479],[126.906226,37.569326],[126.906238,37.569456],[126.905807,37.569644],[126.90596,37.569871],[126.905529,37.570188],[126.905342,37.570209],[126.905133,37.570109],[126.904358,37.569926],[126.904007,37.569813],[126.90386,37.569684],[126.9038,37.569801],[126.90384,37.569924],[126.903662,37.56996],[126.903348,37.569923],[126.903028,37.570173],[126.903807,37.570803],[126.902448,37.571842],[126.902443,37.571896],[126.902903,37.572272],[126.902972,37.572272],[126.900991,37.573781],[126.901084,37.574074],[126.900925,37.574037],[126.900812,37.573849],[126.900672,37.573534],[126.900611,37.573243],[126.900589,37.573849],[126.900651,37.574036],[126.901109,37.574637],[126.901473,37.575404],[126.901655,37.575668],[126.901878,37.575867],[126.902086,37.576002],[126.902993,37.575386],[126.903044,37.575315],[126.903114,37.575301],[126.906663,37.572959],[126.907757,37.57212],[126.908785,37.571447],[126.910939,37.570464],[126.911634,37.570192],[126.912861,37.569596],[126.911975,37.568551],[126.911882,37.568369],[126.911912,37.568311],[126.911847,37.568122],[126.911302,37.567339],[126.911206,37.567467],[126.910948,37.567611],[126.910847,37.567716],[126.910237,37.567961],[126.91048,37.567889],[126.909382,37.569163],[126.908979,37.569525],[126.908868,37.569747],[126.908883,37.569788],[126.908841,37.569811],[126.908083,37.570196],[126.90736,37.569391],[126.906826,37.569687]]]}},{"type":"Feature","properties":{"code":"11440125","name":"성산동","guCode":"11140","guName":"마포구","labelPoint":[126.905613,37.566061],"legalGuCode":"11440"},"geometry":{"type":"Polygon","coordinates":[[[126.898741,37.574999],[126.898863,37.574895],[126.898904,37.574777],[126.899214,37.57447],[126.899855,37.574147],[126.899897,37.574097],[126.90008,37.573426],[126.900286,37.573243],[126.900611,37.573243],[126.900672,37.573534],[126.900812,37.573848],[126.900924,37.574036],[126.901084,37.574074],[126.900991,37.573781],[126.902972,37.572272],[126.902903,37.572271],[126.902443,37.571895],[126.902448,37.571842],[126.903807,37.570802],[126.903028,37.570172],[126.903348,37.569923],[126.903661,37.569959],[126.90384,37.569923],[126.9038,37.569801],[126.90386,37.569684],[126.904007,37.569813],[126.905133,37.570108],[126.905342,37.570209],[126.905529,37.570188],[126.90596,37.56987],[126.905807,37.569643],[126.906237,37.569456],[126.906226,37.569325],[126.906475,37.569478],[126.90671,37.569751],[126.90736,37.56939],[126.908083,37.570195],[126.908883,37.569788],[126.908868,37.569747],[126.908979,37.569525],[126.909382,37.569163],[126.91048,37.567888],[126.910236,37.567984],[126.910237,37.567961],[126.910847,37.567716],[126.910948,37.567611],[126.911206,37.567467],[126.911302,37.567339],[126.911847,37.568122],[126.911912,37.568311],[126.911881,37.568369],[126.911975,37.568551],[126.912861,37.569596],[126.91378,37.569144],[126.916785,37.567807],[126.916608,37.5676],[126.916777,37.566982],[126.916427,37.566689],[126.916466,37.566651],[126.916694,37.566639],[126.916783,37.566266],[126.916882,37.565028],[126.917034,37.564202],[126.917356,37.563044],[126.91739,37.562792],[126.917475,37.562547],[126.91803,37.561477],[126.917933,37.561453],[126.917947,37.561392],[126.917621,37.5612],[126.918042,37.561434],[126.918154,37.560912],[126.917992,37.5598],[126.91789,37.559454],[126.917536,37.559016],[126.917066,37.558619],[126.916298,37.558365],[126.915809,37.5583],[126.915384,37.558293],[126.915393,37.557938],[126.915367,37.558291],[126.913157,37.558351],[126.912903,37.558338],[126.912951,37.558278],[126.91286,37.558261],[126.912852,37.558336],[126.912109,37.558291],[126.910204,37.557847],[126.909429,37.55774],[126.909076,37.55758],[126.908821,37.557386],[126.903896,37.56283],[126.901231,37.562062],[126.899302,37.561284],[126.8989,37.561204],[126.898905,37.561129],[126.898078,37.560825],[126.89681,37.560232],[126.896273,37.559893],[126.896269,37.559833],[126.895936,37.559522],[126.895926,37.559547],[126.895835,37.559503],[126.895938,37.55975],[126.894596,37.560159],[126.89499,37.561136],[126.895137,37.561706],[126.895204,37.563032],[126.894937,37.563562],[126.894766,37.564012],[126.894712,37.564646],[126.89446,37.565493],[126.894454,37.565857],[126.894351,37.566635],[126.893589,37.567364],[126.893257,37.567577],[126.889657,37.570538],[126.890512,37.57081],[126.891355,37.570975],[126.891532,37.571044],[126.891812,37.571488],[126.891806,37.571657],[126.891969,37.572346],[126.892222,37.572918],[126.892566,37.572932],[126.892999,37.573022],[126.893493,37.57324],[126.893864,37.573301],[126.894618,37.572641],[126.895548,37.572931],[126.896431,37.57291],[126.897094,37.572953],[126.897194,37.573042],[126.897586,37.572893],[126.898193,37.573257],[126.898016,37.573385],[126.897946,37.573461],[126.897972,37.573493],[126.898208,37.573301],[126.89862,37.573732],[126.898498,37.573904],[126.898548,37.574164],[126.898405,37.574181],[126.898086,37.574361],[126.898003,37.574582],[126.898015,37.574718],[126.897832,37.575022],[126.897871,37.574997],[126.898603,37.575042],[126.898741,37.574999]]]}},{"type":"Feature","properties":{"code":"11440124","name":"연남동","guCode":"11140","guName":"마포구","labelPoint":[126.922622,37.56267],"legalGuCode":"11440"},"geometry":{"type":"Polygon","coordinates":[[[126.916785,37.567807],[126.917251,37.56764],[126.91844,37.56711],[126.920177,37.566641],[126.92156,37.566443],[126.923581,37.565998],[126.924724,37.565677],[126.925304,37.565452],[126.926017,37.565102],[126.928282,37.563332],[126.927188,37.56179],[126.926496,37.561422],[126.92602,37.561061],[126.925852,37.560903],[126.925589,37.560417],[126.925529,37.560379],[126.925039,37.560449],[126.924917,37.560549],[126.924657,37.560662],[126.924595,37.560751],[126.924419,37.560796],[126.924403,37.560938],[126.924437,37.560935],[126.924453,37.560985],[126.924396,37.561013],[126.924459,37.561008],[126.924456,37.561102],[126.924384,37.561113],[126.924382,37.561171],[126.924198,37.561148],[126.924186,37.560968],[126.923967,37.560551],[126.923905,37.560144],[126.923866,37.560149],[126.923768,37.559982],[126.923273,37.560589],[126.918782,37.557528],[126.917478,37.558971],[126.91789,37.559454],[126.917992,37.5598],[126.918154,37.560913],[126.918042,37.561434],[126.917621,37.5612],[126.917947,37.561392],[126.917933,37.561453],[126.91803,37.561477],[126.917475,37.562547],[126.91739,37.562792],[126.917356,37.563045],[126.917034,37.564203],[126.916882,37.565029],[126.916783,37.566267],[126.916694,37.56664],[126.916466,37.566652],[126.916427,37.566689],[126.916777,37.566982],[126.916608,37.5676],[126.916785,37.567807]]]}},{"type":"Feature","properties":{"code":"11290102","name":"성북동1가","guCode":"11080","guName":"성북구","labelPoint":[127.003411,37.589769],"legalGuCode":"11290"},"geometry":{"type":"Polygon","coordinates":[[[127.006339,37.588555],[127.004081,37.587734],[127.004002,37.587803],[127.003892,37.587747],[127.003988,37.587945],[127.00392,37.588032],[127.00369,37.588043],[127.003517,37.588145],[127.003463,37.58833],[127.003472,37.588415],[127.003558,37.588455],[127.003522,37.588556],[127.003334,37.5887],[127.002906,37.588786],[127.002776,37.588847],[127.002545,37.588974],[127.002281,37.589223],[127.002212,37.589456],[127.00177,37.590109],[127.001693,37.590481],[127.00169,37.590706],[127.00183,37.591126],[127.001812,37.591338],[127.002873,37.591083],[127.003884,37.590931],[127.004557,37.590044],[127.0053,37.589277],[127.005496,37.58912],[127.00513,37.589466],[127.005197,37.589495],[127.006339,37.588555]]]}},{"type":"Feature","properties":{"code":"11290101","name":"성북동","guCode":"11080","guName":"성북구","labelPoint":[126.992744,37.596326],"legalGuCode":"11290"},"geometry":{"type":"Polygon","coordinates":[[[126.977208,37.59864],[126.977415,37.599101],[126.977416,37.599416],[126.977683,37.60023],[126.977935,37.600307],[126.97825,37.600798],[126.978502,37.601],[126.979208,37.601041],[126.979502,37.601222],[126.9798,37.601258],[126.980134,37.601459],[126.980475,37.601471],[126.980669,37.601623],[126.982566,37.602258],[126.982847,37.602144],[126.983982,37.603208],[126.984341,37.603121],[126.984738,37.603372],[126.985757,37.603452],[126.985935,37.603643],[126.986668,37.604025],[126.987175,37.603883],[126.987595,37.603986],[126.988198,37.603995],[126.988385,37.604149],[126.988398,37.604222],[126.988521,37.604196],[126.988681,37.60402],[126.989201,37.603867],[126.989832,37.603888],[126.990849,37.604045],[126.991202,37.603892],[126.991406,37.603749],[126.991951,37.603741],[126.992249,37.603662],[126.992556,37.603697],[126.992608,37.603648],[126.992956,37.603557],[126.993078,37.603614],[126.993453,37.603216],[126.993688,37.603155],[126.99401,37.603141],[126.994188,37.602764],[126.994705,37.602475],[126.995554,37.602715],[126.995745,37.602626],[126.995989,37.602364],[126.996069,37.602339],[126.996891,37.602168],[126.997346,37.602173],[126.997728,37.602085],[126.998239,37.601761],[126.99875,37.601376],[126.99928,37.601426],[126.999946,37.60165],[127.000266,37.601563],[127.000303,37.60145],[127.001081,37.60139],[127.001234,37.601097],[127.001417,37.6006],[127.001756,37.600411],[127.002071,37.600047],[127.002192,37.599507],[127.00275,37.599261],[127.002917,37.598906],[127.003392,37.598582],[127.00349,37.598042],[127.004147,37.597681],[127.004701,37.597191],[127.005555,37.597091],[127.00555,37.596999],[127.005806,37.596546],[127.005952,37.596406],[127.006191,37.596261],[127.006433,37.596341],[127.006469,37.596312],[127.007191,37.596541],[127.007766,37.596041],[127.007935,37.595679],[127.008316,37.594173],[127.008125,37.593721],[127.00833,37.593119],[127.008233,37.59297],[127.008228,37.592753],[127.008044,37.592711],[127.007664,37.592495],[127.007354,37.592179],[127.007171,37.59184],[127.007118,37.59158],[127.006942,37.591497],[127.006952,37.591342],[127.006728,37.591023],[127.006677,37.590856],[127.005576,37.590071],[127.00574,37.589913],[127.005697,37.589835],[127.005328,37.589541],[127.00513,37.589466],[127.005496,37.58912],[127.0053,37.589277],[127.004557,37.590044],[127.003884,37.590931],[127.002873,37.591083],[127.001812,37.591338],[127.00183,37.591126],[127.00169,37.590706],[127.001693,37.590481],[127.00177,37.590109],[127.002212,37.589456],[127.002281,37.589223],[127.00238,37.589114],[127.002545,37.588974],[127.002906,37.588786],[127.003334,37.5887],[127.003522,37.588556],[127.003558,37.588455],[127.003472,37.588415],[127.003393,37.588569],[127.003285,37.588663],[127.002823,37.588772],[127.002345,37.589044],[127.002217,37.589172],[127.002147,37.589468],[127.001868,37.589861],[127.001469,37.590149],[127.001463,37.590551],[127.001649,37.590876],[127.001783,37.591019],[127.001732,37.591352],[127.001445,37.591828],[127.001126,37.592095],[127.000953,37.592301],[127.00044,37.592307],[126.999906,37.592213],[126.999452,37.592229],[126.998728,37.592468],[126.998469,37.592471],[126.997783,37.592332],[126.997436,37.592218],[126.996771,37.592221],[126.996414,37.592101],[126.995362,37.59228],[126.995257,37.592218],[126.995144,37.592062],[126.994748,37.591682],[126.994314,37.591455],[126.993824,37.591448],[126.993671,37.591515],[126.993564,37.591731],[126.992472,37.591976],[126.99216,37.591995],[126.99186,37.591859],[126.991644,37.59147],[126.991432,37.591409],[126.991147,37.591456],[126.99097,37.59153],[126.989867,37.591469],[126.989222,37.591257],[126.988867,37.591645],[126.988517,37.591941],[126.987755,37.592255],[126.987316,37.592649],[126.987173,37.592718],[126.986698,37.59275],[126.986268,37.593276],[126.986119,37.593777],[126.985898,37.594011],[126.985914,37.594066],[126.985779,37.594255],[126.985429,37.594449],[126.985148,37.594502],[126.984504,37.594375],[126.983844,37.594435],[126.983467,37.594685],[126.983249,37.594759],[126.982921,37.594776],[126.982759,37.594867],[126.982481,37.595197],[126.981488,37.595336],[126.981299,37.595455],[126.98091,37.595839],[126.980261,37.595953],[126.97979,37.596224],[126.979546,37.596249],[126.979358,37.596352],[126.979111,37.596394],[126.978572,37.596786],[126.978551,37.596987],[126.978628,37.597064],[126.978571,37.597252],[126.978353,37.597441],[126.978165,37.5975],[126.977954,37.597684],[126.977301,37.59766],[126.976905,37.597716],[126.976719,37.597906],[126.977142,37.598455],[126.977208,37.59864]]]}},{"type":"Feature","properties":{"code":"11260106","name":"신내동","guCode":"11070","guName":"중랑구","labelPoint":[127.093132,37.61026],"legalGuCode":"11260"},"geometry":{"type":"Polygon","coordinates":[[[127.111305,37.620692],[127.112143,37.620307],[127.113506,37.620037],[127.115021,37.619538],[127.115715,37.619634],[127.116203,37.618933],[127.115873,37.618583],[127.117147,37.617888],[127.11701,37.617369],[127.117255,37.616734],[127.116905,37.616367],[127.116672,37.616015],[127.116796,37.614955],[127.116676,37.614673],[127.117061,37.614144],[127.117244,37.612628],[127.117483,37.611771],[127.117212,37.611018],[127.116962,37.610706],[127.116788,37.610282],[127.11677,37.609844],[127.116879,37.609509],[127.116698,37.608849],[127.113602,37.609924],[127.112993,37.610248],[127.112997,37.610319],[127.11278,37.610314],[127.112542,37.610372],[127.112427,37.610488],[127.112439,37.610734],[127.112315,37.610972],[127.112153,37.611095],[127.111804,37.61128],[127.111215,37.611509],[127.110716,37.611799],[127.1105,37.611872],[127.110304,37.612072],[127.110112,37.612152],[127.109867,37.612206],[127.109385,37.612113],[127.109033,37.612005],[127.108487,37.61176],[127.108383,37.611767],[127.108164,37.611973],[127.108048,37.612007],[127.107712,37.611942],[127.10748,37.611944],[127.106973,37.612118],[127.106648,37.612112],[127.106406,37.612165],[127.105844,37.612383],[127.10569,37.612459],[127.105419,37.612686],[127.104916,37.613165],[127.104717,37.61325],[127.104159,37.613311],[127.103714,37.613262],[127.103492,37.613095],[127.102898,37.613031],[127.102721,37.613059],[127.102586,37.61313],[127.101362,37.61325],[127.101203,37.613235],[127.101001,37.610273],[127.101293,37.609682],[127.101309,37.609548],[127.101253,37.60929],[127.10151,37.609151],[127.10205,37.608974],[127.102334,37.609127],[127.102544,37.609379],[127.102715,37.609847],[127.102852,37.609883],[127.103308,37.609706],[127.103674,37.609438],[127.103593,37.60915],[127.103721,37.609081],[127.103833,37.608707],[127.103697,37.607707],[127.103728,37.606801],[127.10339,37.606505],[127.103337,37.606005],[127.102595,37.604971],[127.102719,37.604835],[127.102281,37.60449],[127.102125,37.604294],[127.102347,37.603873],[127.10224,37.603704],[127.101509,37.603198],[127.101047,37.602792],[127.100882,37.602705],[127.100845,37.602749],[127.100556,37.602591],[127.100446,37.600544],[127.09543,37.599441],[127.095883,37.600666],[127.095301,37.600417],[127.095318,37.600981],[127.095131,37.601284],[127.095106,37.601686],[127.095039,37.601858],[127.09497,37.60192],[127.094894,37.601925],[127.094865,37.602383],[127.094121,37.602355],[127.094097,37.602427],[127.093872,37.602547],[127.093792,37.602687],[127.093802,37.60284],[127.09395,37.603175],[127.093948,37.603611],[127.094095,37.604217],[127.094064,37.604579],[127.093901,37.604976],[127.093811,37.604929],[127.093702,37.605002],[127.093629,37.604957],[127.09191,37.60661],[127.091836,37.60654],[127.091446,37.606903],[127.091233,37.607227],[127.090986,37.607228],[127.090825,37.607317],[127.090639,37.607583],[127.090428,37.607669],[127.090635,37.607686],[127.090521,37.607865],[127.08988,37.608301],[127.089474,37.608649],[127.089116,37.6091],[127.088075,37.608778],[127.087649,37.608689],[127.087181,37.608716],[127.08696,37.609379],[127.086774,37.609658],[127.086479,37.609906],[127.086006,37.609794],[127.085459,37.609795],[127.085172,37.610457],[127.085027,37.61104],[127.084797,37.611688],[127.085412,37.612614],[127.085393,37.612796],[127.085698,37.613295],[127.086102,37.613415],[127.086333,37.61429],[127.086328,37.614689],[127.086249,37.614798],[127.086957,37.6149],[127.087147,37.614895],[127.087482,37.614972],[127.087542,37.614946],[127.087664,37.614991],[127.088182,37.614995],[127.088419,37.615095],[127.088564,37.615039],[127.088775,37.615042],[127.090507,37.617518],[127.089139,37.618114],[127.089346,37.618421],[127.08923,37.618647],[127.089222,37.618833],[127.089301,37.619049],[127.089464,37.619268],[127.089746,37.619544],[127.090568,37.61929],[127.090873,37.619121],[127.091384,37.618958],[127.091568,37.618872],[127.092331,37.618349],[127.092756,37.618151],[127.09321,37.61802],[127.093251,37.618068],[127.093654,37.618068],[127.09445,37.618998],[127.094927,37.619026],[127.095548,37.619174],[127.096196,37.619021],[127.096616,37.619433],[127.096651,37.619562],[127.098486,37.620203],[127.098817,37.620394],[127.099644,37.619892],[127.099585,37.620003],[127.099661,37.619912],[127.100802,37.619487],[127.100871,37.619404],[127.101168,37.619469],[127.101675,37.619472],[127.10179,37.619683],[127.101694,37.620025],[127.103195,37.620152],[127.103389,37.620268],[127.103798,37.620239],[127.103993,37.620129],[127.103983,37.620094],[127.104053,37.620043],[127.104917,37.620043],[127.104884,37.620082],[127.105556,37.620371],[127.105565,37.620157],[127.106041,37.620341],[127.106436,37.620559],[127.107085,37.620465],[127.107243,37.620507],[127.107921,37.620484],[127.109128,37.620515],[127.110018,37.620704],[127.110519,37.621055],[127.111305,37.620692]]]}},{"type":"Feature","properties":{"code":"11260105","name":"망우동","guCode":"11070","guName":"중랑구","labelPoint":[127.106928,37.600333],"legalGuCode":"11260"},"geometry":{"type":"Polygon","coordinates":[[[127.104916,37.613165],[127.105419,37.612686],[127.10569,37.612459],[127.105844,37.612383],[127.106406,37.612165],[127.106648,37.612112],[127.106973,37.612118],[127.10748,37.611944],[127.107712,37.611942],[127.108048,37.612007],[127.108164,37.611973],[127.108383,37.611767],[127.108487,37.61176],[127.109033,37.612005],[127.109385,37.612113],[127.109867,37.612206],[127.110112,37.612152],[127.110304,37.612072],[127.1105,37.611872],[127.110716,37.611799],[127.111215,37.611509],[127.111804,37.61128],[127.112153,37.611095],[127.112315,37.610972],[127.112439,37.610734],[127.112427,37.610488],[127.112542,37.610372],[127.11278,37.610314],[127.112997,37.610319],[127.112993,37.610248],[127.113602,37.609924],[127.116698,37.608849],[127.116798,37.60886],[127.117263,37.608652],[127.118033,37.608174],[127.118477,37.607613],[127.118061,37.606591],[127.117998,37.605886],[127.118094,37.605567],[127.118047,37.604602],[127.117377,37.603937],[127.117016,37.603395],[127.116872,37.603053],[127.115723,37.602109],[127.115707,37.601965],[127.115585,37.601718],[127.114965,37.600766],[127.114082,37.600121],[127.114023,37.599966],[127.114064,37.599521],[127.114471,37.599055],[127.11549,37.597654],[127.116878,37.595497],[127.116665,37.594017],[127.115414,37.593531],[127.113666,37.593356],[127.113338,37.59326],[127.112685,37.592199],[127.112414,37.591859],[127.110676,37.589156],[127.110431,37.588071],[127.110155,37.58743],[127.109928,37.587874],[127.109466,37.587965],[127.108967,37.588008],[127.108549,37.588264],[127.108319,37.588323],[127.107798,37.588295],[127.107216,37.588111],[127.105882,37.588124],[127.105383,37.588364],[127.104127,37.588863],[127.102481,37.589263],[127.102202,37.58931],[127.102036,37.589016],[127.097442,37.590595],[127.093636,37.589738],[127.093381,37.592291],[127.093242,37.592291],[127.093197,37.592668],[127.093096,37.593751],[127.093234,37.593779],[127.092794,37.59817],[127.095164,37.59872],[127.09543,37.599441],[127.100446,37.600544],[127.100556,37.602591],[127.100845,37.602749],[127.100882,37.602705],[127.101047,37.602792],[127.101509,37.603198],[127.10224,37.603704],[127.102347,37.603873],[127.102125,37.604294],[127.102281,37.60449],[127.102719,37.604835],[127.102595,37.604971],[127.103337,37.606005],[127.10339,37.606505],[127.103728,37.606801],[127.103697,37.607707],[127.103833,37.608707],[127.103721,37.609081],[127.103593,37.60915],[127.103674,37.609438],[127.103308,37.609706],[127.102852,37.609883],[127.102715,37.609847],[127.102544,37.609379],[127.102334,37.609127],[127.10205,37.608974],[127.10151,37.609151],[127.101253,37.60929],[127.101309,37.609548],[127.101293,37.609682],[127.101001,37.610273],[127.101203,37.613235],[127.101362,37.61325],[127.102586,37.61313],[127.102721,37.613059],[127.102898,37.613031],[127.103492,37.613095],[127.103714,37.613262],[127.104159,37.613311],[127.104717,37.61325],[127.104916,37.613165]]]}},{"type":"Feature","properties":{"code":"11260104","name":"묵동","guCode":"11070","guName":"중랑구","labelPoint":[127.078503,37.61251],"legalGuCode":"11260"},"geometry":{"type":"Polygon","coordinates":[[[127.088166,37.619885],[127.088352,37.61992],[127.088708,37.62024],[127.089456,37.619647],[127.089722,37.619532],[127.089301,37.619049],[127.089222,37.618833],[127.08923,37.618647],[127.089346,37.618421],[127.089139,37.618114],[127.090507,37.617518],[127.088775,37.615042],[127.088564,37.615039],[127.088419,37.615095],[127.088182,37.614995],[127.087664,37.614991],[127.087542,37.614946],[127.087482,37.614972],[127.087147,37.614895],[127.086957,37.6149],[127.086249,37.614798],[127.086328,37.614689],[127.086333,37.61429],[127.086102,37.613415],[127.085698,37.613295],[127.085393,37.612796],[127.085412,37.612614],[127.084797,37.611688],[127.085027,37.61104],[127.085172,37.610457],[127.085459,37.609795],[127.086006,37.609794],[127.086479,37.609906],[127.086774,37.609658],[127.08696,37.609379],[127.087181,37.608716],[127.087439,37.608702],[127.08734,37.60847],[127.087181,37.608316],[127.085115,37.608012],[127.083334,37.60664],[127.082276,37.606769],[127.082209,37.606761],[127.082151,37.606699],[127.081929,37.606776],[127.08171,37.606786],[127.081616,37.606694],[127.081567,37.606549],[127.081513,37.606541],[127.080486,37.605584],[127.073763,37.604767],[127.073151,37.607396],[127.073047,37.607447],[127.072913,37.60767],[127.072594,37.607509],[127.072303,37.607442],[127.072119,37.607488],[127.07213,37.607429],[127.071558,37.607476],[127.071555,37.60756],[127.071061,37.60762],[127.071101,37.608466],[127.071182,37.608809],[127.071263,37.609919],[127.071304,37.60991],[127.071362,37.610243],[127.07149,37.611416],[127.071657,37.612407],[127.071732,37.613506],[127.071621,37.613845],[127.071448,37.614183],[127.071065,37.614752],[127.07014,37.615352],[127.070194,37.615454],[127.070977,37.615835],[127.071121,37.615948],[127.07109,37.616207],[127.071173,37.616306],[127.071386,37.616403],[127.071846,37.616519],[127.071957,37.616539],[127.071977,37.616476],[127.074157,37.616833],[127.074215,37.616918],[127.074411,37.617028],[127.074572,37.617],[127.075003,37.617125],[127.075541,37.617164],[127.07632,37.617428],[127.076528,37.617462],[127.076517,37.617499],[127.077494,37.617833],[127.077573,37.617742],[127.077731,37.617867],[127.077697,37.617905],[127.079114,37.61839],[127.079427,37.618432],[127.080079,37.618624],[127.08007,37.61842],[127.080437,37.618483],[127.080646,37.618571],[127.080916,37.618845],[127.081402,37.619188],[127.08192,37.619227],[127.082462,37.619394],[127.082788,37.619403],[127.083817,37.619709],[127.083789,37.619778],[127.084949,37.620097],[127.086066,37.620293],[127.086684,37.620274],[127.087355,37.620152],[127.088166,37.619885]]]}},{"type":"Feature","properties":{"code":"11260103","name":"중화동","guCode":"11070","guName":"중랑구","labelPoint":[127.07938,37.600369],"legalGuCode":"11260"},"geometry":{"type":"Polygon","coordinates":[[[127.087396,37.606748],[127.087422,37.606343],[127.087292,37.606193],[127.087195,37.605902],[127.087236,37.605895],[127.087237,37.605781],[127.087345,37.605732],[127.08718,37.605414],[127.087045,37.604619],[127.086995,37.604538],[127.086749,37.604432],[127.086583,37.604151],[127.086408,37.60369],[127.08642,37.603483],[127.086334,37.60324],[127.086137,37.602955],[127.085953,37.602797],[127.085719,37.602695],[127.085516,37.602522],[127.085895,37.602373],[127.086491,37.602018],[127.086669,37.602055],[127.086845,37.602027],[127.086942,37.601959],[127.08676,37.601671],[127.086732,37.601514],[127.086541,37.601245],[127.086644,37.601086],[127.086609,37.60089],[127.086203,37.600761],[127.08622,37.600494],[127.086174,37.600152],[127.085975,37.599993],[127.085797,37.599988],[127.085607,37.599895],[127.085619,37.599858],[127.085526,37.599816],[127.085248,37.599554],[127.085228,37.599598],[127.084896,37.599157],[127.084488,37.598748],[127.08442,37.598624],[127.083989,37.598617],[127.082739,37.598757],[127.082871,37.59859],[127.082858,37.598446],[127.082968,37.598339],[127.082844,37.598332],[127.083018,37.598048],[127.083111,37.597999],[127.083223,37.597747],[127.083204,37.597704],[127.083276,37.597646],[127.083246,37.5971],[127.083158,37.596571],[127.083143,37.596637],[127.083116,37.596556],[127.081522,37.596194],[127.081068,37.596123],[127.08116,37.59587],[127.08031,37.595675],[127.080281,37.595005],[127.07116,37.592659],[127.07112,37.59275],[127.070527,37.592602],[127.070269,37.593341],[127.069435,37.595121],[127.06949,37.597244],[127.06958,37.59742],[127.069839,37.597729],[127.070792,37.598625],[127.071153,37.598804],[127.071509,37.599098],[127.072004,37.599633],[127.072492,37.600243],[127.072802,37.600838],[127.072875,37.601072],[127.072872,37.601331],[127.07241,37.602876],[127.071912,37.603782],[127.071532,37.604639],[127.071233,37.606307],[127.071061,37.60762],[127.071555,37.60756],[127.071558,37.607476],[127.07213,37.607429],[127.072119,37.607488],[127.072303,37.607442],[127.072594,37.607509],[127.072913,37.60767],[127.073047,37.607447],[127.073151,37.607396],[127.073763,37.604767],[127.080486,37.605584],[127.081513,37.606541],[127.081567,37.606549],[127.081616,37.606694],[127.08171,37.606786],[127.081929,37.606776],[127.082151,37.606699],[127.082209,37.606761],[127.082276,37.606769],[127.083334,37.60664],[127.085115,37.608012],[127.087181,37.608316],[127.0874,37.607655],[127.087396,37.606748]]]}},{"type":"Feature","properties":{"code":"11260102","name":"상봉동","guCode":"11070","guName":"중랑구","labelPoint":[127.090967,37.600285],"legalGuCode":"11260"},"geometry":{"type":"Polygon","coordinates":[[[127.08937,37.608784],[127.089474,37.608649],[127.08988,37.608301],[127.090521,37.607865],[127.090635,37.607686],[127.090428,37.607669],[127.090639,37.607583],[127.090825,37.607317],[127.090986,37.607228],[127.091233,37.607227],[127.091446,37.606903],[127.091836,37.60654],[127.09191,37.60661],[127.093629,37.604957],[127.093702,37.605002],[127.093811,37.604929],[127.093901,37.604976],[127.094064,37.604579],[127.094095,37.604217],[127.093948,37.603611],[127.09395,37.603175],[127.093802,37.60284],[127.093792,37.602687],[127.093872,37.602547],[127.094097,37.602427],[127.094121,37.602355],[127.094865,37.602383],[127.094894,37.601925],[127.09497,37.60192],[127.095039,37.601858],[127.095106,37.601686],[127.095131,37.601284],[127.095318,37.600981],[127.095301,37.600417],[127.095883,37.600666],[127.095164,37.59872],[127.092794,37.59817],[127.093196,37.594148],[127.080112,37.591334],[127.08015,37.59219],[127.079108,37.59204],[127.078641,37.592965],[127.071926,37.591209],[127.071902,37.591377],[127.07112,37.59147],[127.070723,37.591479],[127.070724,37.591891],[127.070527,37.592602],[127.07112,37.59275],[127.07116,37.592659],[127.080281,37.595005],[127.08031,37.595675],[127.08116,37.59587],[127.081068,37.596123],[127.081522,37.596194],[127.083116,37.596556],[127.083143,37.596637],[127.083158,37.596571],[127.083246,37.5971],[127.083276,37.597646],[127.083204,37.597704],[127.083223,37.597747],[127.083111,37.597999],[127.083018,37.598048],[127.082844,37.598332],[127.082968,37.598339],[127.082858,37.598446],[127.082871,37.59859],[127.082739,37.598757],[127.083989,37.598617],[127.08442,37.598624],[127.084488,37.598748],[127.084896,37.599157],[127.085228,37.599598],[127.085248,37.599554],[127.085526,37.599816],[127.085619,37.599858],[127.085607,37.599895],[127.085797,37.599988],[127.085975,37.599993],[127.086174,37.600152],[127.08622,37.600494],[127.086203,37.600761],[127.086609,37.60089],[127.086644,37.601086],[127.086541,37.601245],[127.086732,37.601514],[127.08676,37.601671],[127.086942,37.601959],[127.086845,37.602027],[127.086669,37.602055],[127.086491,37.602018],[127.085895,37.602373],[127.085516,37.602522],[127.085719,37.602695],[127.085953,37.602797],[127.086137,37.602955],[127.086334,37.60324],[127.08642,37.603483],[127.086408,37.60369],[127.086583,37.604151],[127.086749,37.604432],[127.086995,37.604538],[127.087045,37.604619],[127.08718,37.605414],[127.087345,37.605732],[127.087237,37.605781],[127.087236,37.605895],[127.087195,37.605902],[127.087292,37.606193],[127.087422,37.606343],[127.087437,37.606454],[127.087393,37.606807],[127.0874,37.607655],[127.087179,37.608313],[127.08734,37.60847],[127.087411,37.608697],[127.087649,37.608689],[127.088075,37.608778],[127.089116,37.6091],[127.08937,37.608784]]]}},{"type":"Feature","properties":{"code":"11260101","name":"면목동","guCode":"11070","guName":"중랑구","labelPoint":[127.09031,37.581863],"legalGuCode":"11260"},"geometry":{"type":"Polygon","coordinates":[[[127.093204,37.59271],[127.093242,37.592291],[127.093381,37.592291],[127.093636,37.589738],[127.097441,37.590595],[127.102036,37.589016],[127.102202,37.58931],[127.102481,37.589263],[127.104127,37.588863],[127.105383,37.588364],[127.105881,37.588124],[127.107216,37.588111],[127.107797,37.588295],[127.108319,37.588323],[127.108549,37.588264],[127.108966,37.588008],[127.109466,37.587965],[127.109928,37.587874],[127.110154,37.58743],[127.110023,37.586637],[127.109987,37.586016],[127.109733,37.585244],[127.10938,37.584561],[127.109376,37.584092],[127.109062,37.583605],[127.108967,37.583379],[127.108438,37.583238],[127.10781,37.582876],[127.107241,37.582315],[127.106915,37.582263],[127.106695,37.582122],[127.105995,37.581937],[127.10344,37.580595],[127.102894,37.579907],[127.103025,37.578907],[127.101958,37.577552],[127.101733,37.576967],[127.101144,37.576071],[127.101248,37.575166],[127.100902,37.574392],[127.100949,37.573825],[127.100726,37.573588],[127.099475,37.572748],[127.098576,37.572635],[127.098323,37.572338],[127.097411,37.571924],[127.096385,37.571353],[127.095897,37.571387],[127.095849,37.571343],[127.095802,37.571007],[127.095611,37.570622],[127.095117,37.570733],[127.094795,37.570756],[127.094005,37.570626],[127.093387,37.570504],[127.092682,37.57025],[127.090505,37.569696],[127.088396,37.570182],[127.088177,37.570846],[127.086171,37.570832],[127.083329,37.57137],[127.079568,37.571742],[127.078223,37.571887],[127.078145,37.571926],[127.07723,37.572922],[127.077225,37.573509],[127.076457,37.579344],[127.076242,37.58015],[127.07608,37.580506],[127.075819,37.580938],[127.075251,37.580989],[127.074828,37.581789],[127.072871,37.584162],[127.072161,37.584956],[127.072642,37.586509],[127.072384,37.586673],[127.072364,37.586828],[127.07208,37.587258],[127.071889,37.587646],[127.071614,37.588005],[127.07135,37.588534],[127.071038,37.588958],[127.070602,37.589153],[127.070356,37.589424],[127.070301,37.589537],[127.07023,37.589959],[127.070603,37.590955],[127.070722,37.591479],[127.07112,37.59147],[127.071902,37.591377],[127.071925,37.591209],[127.078641,37.592965],[127.079108,37.59204],[127.08015,37.59219],[127.080112,37.591334],[127.093196,37.594148],[127.093234,37.593779],[127.093095,37.593751],[127.093204,37.59271]]]}},{"type":"Feature","properties":{"code":"11230110","name":"이문동","guCode":"11060","guName":"동대문구","labelPoint":[127.062285,37.599363],"legalGuCode":"11230"},"geometry":{"type":"Polygon","coordinates":[[[127.071079,37.607322],[127.071532,37.604639],[127.071912,37.603782],[127.07241,37.602876],[127.072871,37.601331],[127.072875,37.601072],[127.072802,37.600838],[127.072492,37.600243],[127.071891,37.599507],[127.071509,37.599098],[127.071167,37.598814],[127.070791,37.598625],[127.069838,37.597729],[127.06958,37.59742],[127.069489,37.597244],[127.069423,37.595327],[127.068593,37.595318],[127.068203,37.594939],[127.067975,37.594612],[127.067808,37.594452],[127.067531,37.594694],[127.067511,37.594842],[127.067366,37.594875],[127.06693,37.595093],[127.066833,37.595041],[127.06662,37.595035],[127.066427,37.59509],[127.066357,37.595153],[127.066044,37.595184],[127.065302,37.595366],[127.065093,37.59532],[127.065015,37.595251],[127.064976,37.595271],[127.06479,37.595013],[127.064624,37.595036],[127.064513,37.59478],[127.064464,37.594756],[127.06421,37.594815],[127.064134,37.594765],[127.063744,37.594763],[127.063124,37.595038],[127.063066,37.595099],[127.061688,37.593128],[127.06142,37.593222],[127.061011,37.592636],[127.060963,37.59266],[127.060902,37.592598],[127.060756,37.592654],[127.060784,37.592836],[127.060691,37.592841],[127.060711,37.592976],[127.060654,37.593055],[127.060616,37.593014],[127.060478,37.592994],[127.060329,37.592879],[127.059927,37.592934],[127.059779,37.592992],[127.059644,37.592943],[127.059388,37.593082],[127.0592,37.592906],[127.058767,37.592829],[127.058521,37.592531],[127.058261,37.592487],[127.057926,37.59274],[127.057799,37.592659],[127.057677,37.592514],[127.057561,37.592176],[127.057532,37.592184],[127.057298,37.591719],[127.057099,37.591528],[127.056664,37.591348],[127.055796,37.591164],[127.055791,37.59133],[127.055936,37.591449],[127.056087,37.591759],[127.056231,37.591899],[127.056189,37.592135],[127.056217,37.592236],[127.056177,37.592305],[127.056047,37.592382],[127.055914,37.592614],[127.056022,37.592855],[127.055679,37.593538],[127.054827,37.593849],[127.054828,37.59397],[127.054451,37.594273],[127.054699,37.595164],[127.05467,37.595436],[127.054764,37.595606],[127.054662,37.59578],[127.054504,37.595888],[127.054497,37.596033],[127.053843,37.596628],[127.053856,37.596962],[127.05371,37.597292],[127.053769,37.597418],[127.053633,37.597534],[127.053667,37.597779],[127.05343,37.597944],[127.053406,37.598467],[127.053543,37.5987],[127.053338,37.598882],[127.053342,37.599273],[127.053005,37.599272],[127.052627,37.599452],[127.052033,37.600132],[127.053623,37.60048],[127.053729,37.600426],[127.053889,37.60042],[127.053824,37.600606],[127.054236,37.600652],[127.055075,37.601341],[127.055402,37.601021],[127.056276,37.601341],[127.057331,37.601526],[127.057218,37.601278],[127.057325,37.601173],[127.057389,37.601157],[127.057455,37.601201],[127.05845,37.601086],[127.059158,37.601057],[127.05923,37.601256],[127.059341,37.601353],[127.059509,37.601409],[127.059664,37.601521],[127.060011,37.601568],[127.060177,37.601699],[127.060052,37.602065],[127.059992,37.602114],[127.059925,37.602278],[127.059954,37.602446],[127.060059,37.602562],[127.060139,37.602833],[127.0601,37.603053],[127.060169,37.603163],[127.060427,37.603414],[127.060708,37.603534],[127.060765,37.603484],[127.061456,37.604256],[127.061488,37.604469],[127.061959,37.604892],[127.062098,37.604896],[127.062181,37.60494],[127.06216,37.605056],[127.062188,37.605125],[127.063092,37.605251],[127.063665,37.605244],[127.064667,37.605733],[127.064983,37.605834],[127.065273,37.605597],[127.065517,37.605482],[127.066193,37.605578],[127.066302,37.605792],[127.066792,37.606099],[127.067319,37.606275],[127.067643,37.606442],[127.067687,37.606513],[127.068607,37.606631],[127.068675,37.606747],[127.068997,37.60685],[127.069177,37.606994],[127.069765,37.607259],[127.070121,37.607256],[127.070256,37.607033],[127.070371,37.607036],[127.07039,37.607188],[127.070459,37.607224],[127.070572,37.607469],[127.07067,37.607562],[127.071061,37.607629],[127.071079,37.607322]]]}},{"type":"Feature","properties":{"code":"11230109","name":"휘경동","guCode":"11060","guName":"동대문구","labelPoint":[127.062644,37.58821],"legalGuCode":"11230"},"geometry":{"type":"Polygon","coordinates":[[[127.065761,37.595253],[127.066357,37.595153],[127.066427,37.59509],[127.06662,37.595035],[127.066833,37.595041],[127.06693,37.595093],[127.067366,37.594875],[127.067511,37.594842],[127.067531,37.594694],[127.067808,37.594452],[127.067975,37.594612],[127.068203,37.594939],[127.068593,37.595318],[127.069423,37.595327],[127.069434,37.595121],[127.070444,37.592906],[127.070723,37.591891],[127.070722,37.591479],[127.070605,37.590959],[127.07023,37.589959],[127.070302,37.589534],[127.070356,37.589424],[127.070602,37.589153],[127.071038,37.588958],[127.07135,37.588534],[127.071614,37.588005],[127.071889,37.587646],[127.07208,37.587258],[127.072364,37.586828],[127.072384,37.586673],[127.072642,37.586509],[127.072161,37.584956],[127.072871,37.584162],[127.074828,37.581789],[127.075248,37.580995],[127.074989,37.581016],[127.068722,37.582237],[127.068804,37.582701],[127.06858,37.582733],[127.068561,37.582845],[127.068337,37.582862],[127.067305,37.58211],[127.067086,37.582141],[127.065997,37.582144],[127.06554,37.581967],[127.065278,37.581714],[127.064665,37.581611],[127.064006,37.581693],[127.064083,37.582858],[127.064257,37.583128],[127.064405,37.583462],[127.064382,37.584032],[127.064297,37.584324],[127.064428,37.584687],[127.063798,37.584881],[127.063636,37.585029],[127.063491,37.585099],[127.063371,37.585093],[127.062901,37.585358],[127.062651,37.585259],[127.062151,37.585383],[127.062072,37.585494],[127.061446,37.585513],[127.060506,37.585128],[127.06023,37.584784],[127.060051,37.584761],[127.059887,37.584658],[127.059527,37.58483],[127.059054,37.585153],[127.05855,37.585],[127.058062,37.584803],[127.057818,37.584563],[127.057557,37.584528],[127.057324,37.584343],[127.057182,37.58352],[127.056531,37.583404],[127.056306,37.583443],[127.056123,37.583522],[127.055669,37.583884],[127.055089,37.584111],[127.054752,37.584322],[127.054742,37.58456],[127.055153,37.585054],[127.0554,37.585636],[127.055356,37.585933],[127.055206,37.585938],[127.055111,37.586391],[127.054959,37.586554],[127.055106,37.586681],[127.054744,37.587067],[127.054807,37.587647],[127.054677,37.587798],[127.054546,37.587758],[127.054235,37.587596],[127.05373,37.58725],[127.053422,37.587553],[127.05337,37.587712],[127.05362,37.587983],[127.05369,37.588131],[127.053865,37.588288],[127.055917,37.589923],[127.056056,37.589794],[127.056056,37.589744],[127.056098,37.589743],[127.056145,37.58931],[127.05569,37.589245],[127.05611,37.58928],[127.056181,37.589272],[127.05626,37.58917],[127.056573,37.589151],[127.056263,37.589238],[127.056169,37.589338],[127.056112,37.589826],[127.056164,37.589829],[127.056048,37.589984],[127.056146,37.589994],[127.05589,37.590157],[127.056671,37.591316],[127.05709,37.591502],[127.057298,37.591719],[127.057532,37.592184],[127.057561,37.592176],[127.057677,37.592514],[127.057799,37.592659],[127.057926,37.59274],[127.058261,37.592487],[127.058521,37.592531],[127.058767,37.592829],[127.0592,37.592906],[127.059388,37.593082],[127.059644,37.592943],[127.059779,37.592992],[127.059927,37.592934],[127.060329,37.592879],[127.060478,37.592994],[127.060678,37.593054],[127.060711,37.592976],[127.060691,37.592841],[127.060784,37.592836],[127.060756,37.592654],[127.060902,37.592598],[127.060963,37.59266],[127.061011,37.592636],[127.06142,37.593222],[127.061688,37.593128],[127.063066,37.595099],[127.063124,37.595038],[127.063744,37.594763],[127.064134,37.594765],[127.06421,37.594815],[127.064464,37.594756],[127.064513,37.59478],[127.064624,37.595036],[127.06479,37.595013],[127.064976,37.595271],[127.065015,37.595251],[127.065093,37.59532],[127.065302,37.595366],[127.065761,37.595253]]]}},{"type":"Feature","properties":{"code":"11230108","name":"회기동","guCode":"11060","guName":"동대문구","labelPoint":[127.050965,37.59459],"legalGuCode":"11230"},"geometry":{"type":"Polygon","coordinates":[[[127.047731,37.590125],[127.047739,37.590175],[127.047875,37.5903],[127.047935,37.59047],[127.04811,37.590619],[127.048162,37.590772],[127.048031,37.590941],[127.048012,37.591024],[127.047873,37.591146],[127.047253,37.59131],[127.047205,37.5916],[127.047527,37.592147],[127.047497,37.592288],[127.04738,37.59241],[127.047428,37.592589],[127.047511,37.592711],[127.047557,37.592908],[127.047824,37.593151],[127.047614,37.593624],[127.047578,37.593849],[127.047411,37.593992],[127.047187,37.594088],[127.047384,37.594387],[127.047397,37.594793],[127.047482,37.59516],[127.047523,37.595249],[127.047691,37.595407],[127.047593,37.595506],[127.047549,37.595642],[127.047693,37.595886],[127.047306,37.596153],[127.047455,37.596508],[127.047817,37.596763],[127.047923,37.596969],[127.047955,37.597265],[127.04833,37.597449],[127.048556,37.597626],[127.04866,37.597788],[127.048834,37.597867],[127.049056,37.598134],[127.049143,37.598397],[127.049128,37.598743],[127.049745,37.599757],[127.049918,37.599811],[127.050438,37.600105],[127.050374,37.600453],[127.050403,37.600578],[127.051015,37.601097],[127.051202,37.601156],[127.051687,37.600776],[127.051799,37.600488],[127.052084,37.600148],[127.052033,37.600132],[127.052627,37.599452],[127.053005,37.599272],[127.053342,37.599273],[127.053338,37.598882],[127.053543,37.5987],[127.053406,37.598467],[127.05343,37.597944],[127.053667,37.597779],[127.053633,37.597534],[127.053769,37.597418],[127.05371,37.597292],[127.053856,37.596962],[127.053843,37.596628],[127.054497,37.596033],[127.054504,37.595888],[127.054662,37.59578],[127.054764,37.595606],[127.05467,37.595436],[127.054699,37.595164],[127.054451,37.594273],[127.054828,37.59397],[127.054827,37.593849],[127.055679,37.593538],[127.056022,37.592855],[127.055914,37.592614],[127.056047,37.592382],[127.056177,37.592305],[127.056217,37.592236],[127.056189,37.592135],[127.056231,37.591899],[127.056087,37.591759],[127.055936,37.591449],[127.055791,37.59133],[127.055796,37.591164],[127.056664,37.591348],[127.057107,37.591537],[127.05703,37.591464],[127.056671,37.591316],[127.05589,37.590157],[127.056146,37.589994],[127.056048,37.589984],[127.056164,37.589829],[127.056112,37.589826],[127.056169,37.589338],[127.056263,37.589238],[127.056573,37.589151],[127.05626,37.58917],[127.056181,37.589272],[127.05611,37.58928],[127.05569,37.589245],[127.056145,37.58931],[127.056098,37.589743],[127.056056,37.589744],[127.056056,37.589794],[127.055917,37.589923],[127.053865,37.588288],[127.05369,37.588131],[127.05362,37.587983],[127.05337,37.587712],[127.053312,37.587911],[127.053345,37.587942],[127.053135,37.588058],[127.053104,37.58803],[127.05292,37.58811],[127.052834,37.588016],[127.052732,37.587998],[127.052171,37.588439],[127.052059,37.588651],[127.051868,37.588888],[127.051382,37.588989],[127.05115,37.589111],[127.051042,37.589246],[127.050872,37.589169],[127.050453,37.589079],[127.050222,37.589084],[127.049901,37.589267],[127.049879,37.589356],[127.049332,37.589192],[127.049156,37.589207],[127.048923,37.589153],[127.048829,37.589078],[127.048845,37.589012],[127.048588,37.588821],[127.048387,37.588768],[127.047901,37.588725],[127.047561,37.5886],[127.0475,37.588605],[127.047488,37.588657],[127.047408,37.588696],[127.04713,37.588743],[127.047108,37.589188],[127.047327,37.589295],[127.047556,37.589545],[127.047696,37.589576],[127.047687,37.589618],[127.047588,37.589646],[127.047731,37.590125]]]}},{"type":"Feature","properties":{"code":"11230107","name":"청량리동","guCode":"11060","guName":"동대문구","labelPoint":[127.046202,37.588275],"legalGuCode":"11230"},"geometry":{"type":"Polygon","coordinates":[[[127.047687,37.589618],[127.047696,37.589576],[127.047556,37.589545],[127.047327,37.589295],[127.047108,37.589188],[127.04713,37.588743],[127.047408,37.588696],[127.047488,37.588657],[127.0475,37.588605],[127.047561,37.5886],[127.047901,37.588725],[127.048387,37.588768],[127.048588,37.588821],[127.048845,37.589012],[127.048829,37.589078],[127.048923,37.589153],[127.049156,37.589207],[127.049332,37.589192],[127.049879,37.589356],[127.049901,37.589267],[127.050222,37.589084],[127.050453,37.589079],[127.050872,37.589169],[127.051042,37.589246],[127.05115,37.589111],[127.051382,37.588989],[127.051868,37.588888],[127.052059,37.588651],[127.052171,37.588439],[127.052732,37.587998],[127.052834,37.588016],[127.05292,37.58811],[127.053104,37.58803],[127.053135,37.588058],[127.053345,37.587942],[127.053312,37.587911],[127.053341,37.587802],[127.051856,37.586023],[127.051776,37.586035],[127.050513,37.584485],[127.049975,37.58394],[127.045213,37.58018],[127.043537,37.579657],[127.042859,37.581021],[127.042853,37.581331],[127.044105,37.581366],[127.042371,37.586711],[127.040377,37.586651],[127.040372,37.586764],[127.040241,37.586759],[127.040196,37.586955],[127.04043,37.586963],[127.040455,37.587207],[127.040489,37.587195],[127.040531,37.587307],[127.040491,37.58755],[127.039869,37.588514],[127.040072,37.588805],[127.040174,37.589121],[127.040393,37.589383],[127.040442,37.589495],[127.040427,37.589578],[127.041099,37.59036],[127.041186,37.590549],[127.041482,37.590793],[127.041125,37.59057],[127.041001,37.590393],[127.040866,37.59058],[127.040454,37.590555],[127.039961,37.590691],[127.04054,37.591077],[127.04057,37.591174],[127.040541,37.591418],[127.0388,37.591409],[127.040164,37.594574],[127.040643,37.595409],[127.040764,37.595288],[127.041079,37.595564],[127.041175,37.595493],[127.041388,37.595494],[127.04184,37.596458],[127.042694,37.596733],[127.043024,37.596965],[127.043714,37.596262],[127.044117,37.596393],[127.044785,37.596363],[127.045515,37.596617],[127.046189,37.596191],[127.046769,37.596042],[127.047306,37.596153],[127.047693,37.595886],[127.047549,37.595642],[127.047593,37.595506],[127.047691,37.595407],[127.047523,37.595249],[127.047482,37.59516],[127.047397,37.594793],[127.047384,37.594387],[127.047187,37.594088],[127.047411,37.593992],[127.047578,37.593849],[127.047614,37.593624],[127.047824,37.593151],[127.047557,37.592908],[127.047511,37.592711],[127.047428,37.592589],[127.04738,37.59241],[127.047497,37.592288],[127.047527,37.592147],[127.047205,37.5916],[127.047253,37.59131],[127.047873,37.591146],[127.048012,37.591024],[127.048031,37.590941],[127.048162,37.590772],[127.04811,37.590619],[127.047935,37.59047],[127.047875,37.5903],[127.047739,37.590175],[127.047588,37.589646],[127.047687,37.589618]]]}},{"type":"Feature","properties":{"code":"11230106","name":"장안동","guCode":"11060","guName":"동대문구","labelPoint":[127.07183,37.571479],"legalGuCode":"11230"},"geometry":{"type":"Polygon","coordinates":[[[127.075248,37.580995],[127.075819,37.580938],[127.07609,37.580487],[127.076329,37.579902],[127.076457,37.579344],[127.07718,37.573868],[127.077225,37.573509],[127.07723,37.572922],[127.078145,37.571926],[127.078226,37.571887],[127.076879,37.56793],[127.074093,37.56459],[127.072386,37.559964],[127.071046,37.560467],[127.071028,37.560537],[127.070856,37.560584],[127.058761,37.562314],[127.056591,37.563943],[127.05669,37.564178],[127.058039,37.563176],[127.058275,37.563458],[127.058696,37.563855],[127.059492,37.564479],[127.060643,37.565221],[127.06139,37.565629],[127.061361,37.565653],[127.062236,37.566773],[127.062381,37.566654],[127.062506,37.566773],[127.062376,37.56688],[127.063061,37.56781],[127.063298,37.568069],[127.063265,37.568087],[127.063661,37.568608],[127.063676,37.56878],[127.064346,37.569909],[127.065346,37.571071],[127.066115,37.57245],[127.066417,37.573066],[127.066589,37.573181],[127.066622,37.573155],[127.066785,37.57331],[127.066988,37.573744],[127.066934,37.57393],[127.066947,37.574031],[127.06736,37.575056],[127.067422,37.575036],[127.067652,37.575792],[127.067496,37.576116],[127.067195,37.576476],[127.067079,37.576676],[127.067177,37.57743],[127.067443,37.578276],[127.067834,37.579093],[127.06842,37.579853],[127.068542,37.580236],[127.068533,37.58093],[127.068611,37.582261],[127.074989,37.581016],[127.075248,37.580995]]]}},{"type":"Feature","properties":{"code":"11230105","name":"답십리동","guCode":"11060","guName":"동대문구","labelPoint":[127.05641,37.570146],"legalGuCode":"11230"},"geometry":{"type":"Polygon","coordinates":[[[127.055263,37.57574],[127.055276,37.575658],[127.056279,37.575574],[127.057152,37.575401],[127.057148,37.575361],[127.057194,37.575404],[127.057499,37.575401],[127.057927,37.575286],[127.057928,37.575248],[127.058004,37.57525],[127.058214,37.575479],[127.058524,37.57542],[127.058694,37.57529],[127.05911,37.575326],[127.059403,37.575435],[127.05993,37.575455],[127.060023,37.575492],[127.060482,37.575438],[127.060736,37.575566],[127.060813,37.575701],[127.060893,37.575748],[127.060801,37.575662],[127.061426,37.575903],[127.063009,37.576198],[127.064188,37.576305],[127.064376,37.576493],[127.064715,37.576554],[127.065111,37.576399],[127.065594,37.576453],[127.065782,37.576363],[127.066022,37.576316],[127.066149,37.576408],[127.066415,37.576345],[127.066628,37.576544],[127.066621,37.576596],[127.067101,37.576623],[127.067496,37.576116],[127.067652,37.575792],[127.067422,37.575036],[127.06736,37.575056],[127.066947,37.574031],[127.066934,37.57393],[127.066988,37.573744],[127.066785,37.57331],[127.066622,37.573155],[127.066589,37.573181],[127.066417,37.573066],[127.066115,37.57245],[127.065346,37.571071],[127.064346,37.569909],[127.063676,37.56878],[127.063661,37.568608],[127.063265,37.568087],[127.063298,37.568069],[127.063061,37.56781],[127.062376,37.56688],[127.062506,37.566773],[127.062381,37.566654],[127.062236,37.566773],[127.061361,37.565653],[127.06139,37.565629],[127.060643,37.565221],[127.059492,37.564479],[127.058696,37.563855],[127.058275,37.563458],[127.058039,37.563176],[127.05669,37.564178],[127.056591,37.563943],[127.047953,37.570382],[127.042555,37.572696],[127.043238,37.573978],[127.043442,37.57427],[127.043984,37.574999],[127.045346,37.576684],[127.045541,37.576556],[127.045605,37.576433],[127.04513,37.575809],[127.045011,37.575449],[127.045122,37.574779],[127.04524,37.574445],[127.045472,37.574097],[127.045672,37.573888],[127.047162,37.572763],[127.049206,37.575154],[127.050068,37.574658],[127.05012,37.574708],[127.052108,37.57356],[127.052294,37.573571],[127.052366,37.573624],[127.052287,37.573628],[127.052754,37.574095],[127.05317,37.573953],[127.053496,37.573927],[127.053098,37.574021],[127.053409,37.574359],[127.053776,37.574036],[127.05376,37.573966],[127.053874,37.573929],[127.054443,37.573995],[127.055106,37.574163],[127.055286,37.574264],[127.055256,37.574329],[127.055291,37.574384],[127.054574,37.575206],[127.054939,37.575538],[127.055263,37.57574]]]}},{"type":"Feature","properties":{"code":"11230104","name":"전농동","guCode":"11060","guName":"동대문구","labelPoint":[127.057103,37.58053],"legalGuCode":"11230"},"geometry":{"type":"Polygon","coordinates":[[[127.055263,37.57574],[127.054939,37.575538],[127.054574,37.575206],[127.055291,37.574384],[127.055256,37.574329],[127.055286,37.574264],[127.055106,37.574163],[127.054443,37.573995],[127.053874,37.573929],[127.05376,37.573966],[127.053776,37.574036],[127.053409,37.574359],[127.053098,37.574021],[127.053496,37.573927],[127.05317,37.573953],[127.052754,37.574095],[127.052287,37.573628],[127.052366,37.573624],[127.052294,37.573571],[127.052108,37.57356],[127.05012,37.574708],[127.050068,37.574658],[127.049206,37.575154],[127.047162,37.572763],[127.045672,37.573888],[127.045472,37.574097],[127.04524,37.574445],[127.04506,37.575058],[127.04502,37.575514],[127.04513,37.575809],[127.045605,37.576433],[127.045568,37.576527],[127.045422,37.576649],[127.045346,37.576684],[127.045269,37.57658],[127.044943,37.576759],[127.045283,37.577201],[127.04446,37.57759],[127.043349,37.578262],[127.042501,37.579328],[127.045213,37.58018],[127.04605,37.580823],[127.049975,37.58394],[127.050513,37.584485],[127.051776,37.586035],[127.051856,37.586023],[127.053341,37.587802],[127.053422,37.587553],[127.05373,37.58725],[127.054235,37.587596],[127.054546,37.587758],[127.054677,37.587798],[127.054807,37.587647],[127.054744,37.587067],[127.055106,37.586681],[127.054959,37.586554],[127.055111,37.586391],[127.055206,37.585938],[127.055356,37.585933],[127.0554,37.585636],[127.055153,37.585054],[127.054742,37.58456],[127.054752,37.584322],[127.055089,37.584111],[127.055669,37.583884],[127.056123,37.583522],[127.056306,37.583443],[127.056531,37.583404],[127.057182,37.58352],[127.057324,37.584343],[127.057557,37.584528],[127.057818,37.584563],[127.058062,37.584803],[127.05855,37.585],[127.059054,37.585153],[127.059527,37.58483],[127.059887,37.584658],[127.060051,37.584761],[127.06023,37.584784],[127.060506,37.585128],[127.061446,37.585513],[127.062072,37.585494],[127.062151,37.585383],[127.062651,37.585259],[127.062901,37.585358],[127.063371,37.585093],[127.063491,37.585099],[127.063636,37.585029],[127.063798,37.584881],[127.064428,37.584687],[127.064297,37.584324],[127.064382,37.584032],[127.064405,37.583462],[127.064257,37.583128],[127.064083,37.582858],[127.064006,37.581693],[127.064665,37.581611],[127.065278,37.581714],[127.06554,37.581967],[127.065997,37.582144],[127.067086,37.582141],[127.067305,37.58211],[127.068337,37.582862],[127.068561,37.582845],[127.06858,37.582733],[127.068804,37.582701],[127.068722,37.582237],[127.068607,37.582256],[127.068533,37.58093],[127.068542,37.580236],[127.06842,37.579853],[127.067834,37.579093],[127.067443,37.578276],[127.067177,37.57743],[127.067079,37.576676],[127.067101,37.576623],[127.066621,37.576596],[127.066628,37.576544],[127.066415,37.576345],[127.066149,37.576408],[127.066022,37.576316],[127.065782,37.576363],[127.065594,37.576453],[127.065111,37.576399],[127.064715,37.576554],[127.064376,37.576493],[127.064188,37.576305],[127.063009,37.576198],[127.061426,37.575903],[127.060801,37.575662],[127.060893,37.575748],[127.060813,37.575701],[127.060736,37.575566],[127.060482,37.575438],[127.060023,37.575492],[127.05993,37.575455],[127.059403,37.575435],[127.05911,37.575326],[127.058694,37.57529],[127.058524,37.57542],[127.058214,37.575479],[127.058004,37.57525],[127.057928,37.575248],[127.057927,37.575286],[127.057499,37.575401],[127.057194,37.575404],[127.057148,37.575361],[127.057152,37.575401],[127.056279,37.575574],[127.055276,37.575658],[127.055263,37.57574]]]}},{"type":"Feature","properties":{"code":"11230103","name":"제기동","guCode":"11060","guName":"동대문구","labelPoint":[127.037178,37.584934],"legalGuCode":"11230"},"geometry":{"type":"Polygon","coordinates":[[[127.040541,37.591418],[127.04057,37.591174],[127.04054,37.591077],[127.039961,37.590691],[127.040454,37.590555],[127.040866,37.59058],[127.041001,37.590393],[127.041125,37.59057],[127.041482,37.590793],[127.041186,37.590549],[127.041099,37.59036],[127.040427,37.589578],[127.040442,37.589495],[127.040393,37.589383],[127.040174,37.589121],[127.040072,37.588805],[127.039869,37.588514],[127.040485,37.587563],[127.040514,37.587455],[127.040531,37.587307],[127.040489,37.587195],[127.040455,37.587207],[127.04043,37.586963],[127.040196,37.586955],[127.040241,37.586759],[127.040372,37.586764],[127.040377,37.586651],[127.042371,37.586711],[127.044105,37.581366],[127.042853,37.581331],[127.042859,37.581021],[127.043537,37.579657],[127.040004,37.578519],[127.038796,37.578196],[127.034464,37.578142],[127.034463,37.578287],[127.033987,37.578282],[127.034033,37.578368],[127.034016,37.578488],[127.033857,37.578476],[127.033861,37.578355],[127.033415,37.578319],[127.032822,37.57833],[127.032785,37.578815],[127.032663,37.579076],[127.032392,37.579444],[127.031625,37.581313],[127.03173,37.581313],[127.031643,37.581402],[127.031462,37.58137],[127.031448,37.581329],[127.029894,37.581239],[127.029867,37.581388],[127.029749,37.581333],[127.029635,37.581394],[127.029598,37.581596],[127.029654,37.58176],[127.029571,37.582211],[127.029539,37.58268],[127.030979,37.58428],[127.031228,37.5847],[127.031587,37.585168],[127.031639,37.585357],[127.031873,37.585421],[127.032297,37.58567],[127.03226,37.58575],[127.032069,37.585863],[127.033033,37.586449],[127.033321,37.586719],[127.03351,37.587069],[127.033881,37.587515],[127.035543,37.58893],[127.036331,37.590131],[127.036216,37.591186],[127.038683,37.591239],[127.038744,37.591281],[127.0388,37.591409],[127.040541,37.591418]]]}},{"type":"Feature","properties":{"code":"11230102","name":"용두동","guCode":"11060","guName":"동대문구","labelPoint":[127.036213,37.575789],"legalGuCode":"11230"},"geometry":{"type":"Polygon","coordinates":[[[127.026421,37.580546],[127.029539,37.58268],[127.029571,37.582211],[127.029654,37.58176],[127.029598,37.581596],[127.029635,37.581394],[127.029749,37.581333],[127.029867,37.581388],[127.029894,37.581239],[127.031448,37.581329],[127.031462,37.58137],[127.031643,37.581402],[127.03173,37.581313],[127.031625,37.581313],[127.032392,37.579444],[127.032663,37.579076],[127.032785,37.578815],[127.032822,37.57833],[127.033415,37.578319],[127.033861,37.578355],[127.033857,37.578476],[127.034016,37.578488],[127.034033,37.578368],[127.033987,37.578282],[127.034463,37.578287],[127.034464,37.578142],[127.038796,37.578196],[127.040004,37.578519],[127.042501,37.579328],[127.043349,37.578262],[127.04446,37.57759],[127.045283,37.577201],[127.044943,37.576759],[127.045269,37.57658],[127.043984,37.574999],[127.043442,37.57427],[127.043238,37.573978],[127.042555,37.572696],[127.041903,37.572969],[127.038178,37.573021],[127.03813,37.572265],[127.036737,37.572239],[127.036176,37.572153],[127.035746,37.572033],[127.034189,37.57139],[127.033058,37.570514],[127.032536,37.570223],[127.031567,37.569865],[127.031267,37.569801],[127.030289,37.569808],[127.027676,37.570412],[127.028014,37.573979],[127.027681,37.576805],[127.027899,37.576867],[127.027805,37.577541],[127.027691,37.57764],[127.02759,37.577896],[127.027648,37.577915],[127.027584,37.578237],[127.027247,37.578562],[127.026886,37.578464],[127.026815,37.57852],[127.026717,37.578469],[127.026259,37.578714],[127.025783,37.578898],[127.024427,37.579192],[127.026421,37.580546]]]}},{"type":"Feature","properties":{"code":"11230101","name":"신설동","guCode":"11060","guName":"동대문구","labelPoint":[127.025553,37.575227],"legalGuCode":"11230"},"geometry":{"type":"Polygon","coordinates":[[[127.024407,37.579188],[127.025783,37.578898],[127.026259,37.578714],[127.026717,37.578469],[127.026815,37.57852],[127.026886,37.578464],[127.027247,37.578562],[127.027584,37.578237],[127.027648,37.577915],[127.02759,37.577896],[127.027691,37.57764],[127.027805,37.577541],[127.027899,37.576867],[127.027681,37.576805],[127.028014,37.573979],[127.027676,37.570412],[127.027276,37.570913],[127.026162,37.571249],[127.02574,37.570911],[127.025516,37.570839],[127.025206,37.570849],[127.024799,37.570967],[127.024585,37.571049],[127.024172,37.571436],[127.023365,37.571914],[127.023193,37.576474],[127.023185,37.576729],[127.023213,37.57675],[127.023182,37.576787],[127.023138,37.578018],[127.023267,37.578201],[127.023269,37.578382],[127.023304,37.578428],[127.024407,37.579188]]]}},{"type":"Feature","properties":{"code":"11215109","name":"군자동","guCode":"11050","guName":"광진구","labelPoint":[127.073925,37.553469],"legalGuCode":"11215"},"geometry":{"type":"Polygon","coordinates":[[[127.07449,37.547072],[127.074137,37.547166],[127.074231,37.54739],[127.073961,37.547464],[127.073838,37.54719],[127.07203,37.547718],[127.071155,37.547859],[127.070954,37.547955],[127.068117,37.548308],[127.067466,37.54833],[127.073735,37.559414],[127.079485,37.557173],[127.077724,37.553965],[127.077225,37.552959],[127.077177,37.552973],[127.077177,37.552849],[127.076102,37.550619],[127.076188,37.550554],[127.076178,37.550392],[127.076233,37.550393],[127.076242,37.550349],[127.076023,37.54999],[127.075639,37.549715],[127.075006,37.549159],[127.075051,37.549125],[127.07497,37.548717],[127.074992,37.548641],[127.07475,37.548097],[127.07452,37.54803],[127.074574,37.547905],[127.074284,37.547803],[127.074332,37.547586],[127.074451,37.547464],[127.074388,37.547262],[127.07454,37.547221],[127.07449,37.547072]]]}},{"type":"Feature","properties":{"code":"11215107","name":"화양동","guCode":"11050","guName":"광진구","labelPoint":[127.072148,37.543561],"legalGuCode":"11215"},"geometry":{"type":"Polygon","coordinates":[[[127.079545,37.543833],[127.079485,37.543228],[127.081358,37.543154],[127.08139,37.543295],[127.081455,37.543162],[127.081395,37.542328],[127.081444,37.542039],[127.082036,37.541815],[127.082112,37.541663],[127.082383,37.541465],[127.082968,37.541331],[127.082815,37.540976],[127.083362,37.540832],[127.083308,37.540701],[127.083273,37.540759],[127.08278,37.540894],[127.082425,37.540084],[127.080948,37.540439],[127.080838,37.540198],[127.081006,37.540149],[127.081026,37.539823],[127.080803,37.538917],[127.080693,37.53892],[127.080518,37.539061],[127.080377,37.539137],[127.080332,37.539124],[127.080279,37.539029],[127.080133,37.53906],[127.080038,37.538764],[127.079949,37.538668],[127.079674,37.538746],[127.079128,37.53882],[127.078801,37.53893],[127.07882,37.538862],[127.078458,37.53898],[127.078198,37.539012],[127.077365,37.539005],[127.077226,37.538965],[127.077215,37.538894],[127.077017,37.538925],[127.077004,37.539022],[127.076849,37.539034],[127.076909,37.539156],[127.076784,37.539203],[127.076347,37.539261],[127.076356,37.539227],[127.075482,37.539277],[127.07547,37.53924],[127.075366,37.539354],[127.075232,37.53938],[127.075144,37.539199],[127.07509,37.538775],[127.074213,37.53899],[127.074201,37.538828],[127.072907,37.53915],[127.063998,37.542175],[127.067465,37.54833],[127.068117,37.548308],[127.070953,37.547955],[127.071155,37.547859],[127.07203,37.547718],[127.073837,37.54719],[127.073961,37.547464],[127.074231,37.54739],[127.074137,37.547166],[127.074832,37.546996],[127.074894,37.547058],[127.074928,37.547047],[127.075739,37.546586],[127.077059,37.545922],[127.077313,37.545835],[127.079545,37.545351],[127.079933,37.545301],[127.081561,37.545383],[127.081537,37.545024],[127.080844,37.54509],[127.08084,37.544992],[127.080174,37.545028],[127.08013,37.545219],[127.079985,37.54523],[127.080073,37.544943],[127.080028,37.544923],[127.080051,37.544752],[127.080005,37.544245],[127.079657,37.543827],[127.079545,37.543833]]]}},{"type":"Feature","properties":{"code":"11215105","name":"자양동","guCode":"11050","guName":"광진구","labelPoint":[127.07507,37.53225],"legalGuCode":"11215"},"geometry":{"type":"Polygon","coordinates":[[[127.07355,37.53899],[127.074201,37.538828],[127.074213,37.53899],[127.07509,37.538775],[127.075144,37.539199],[127.075232,37.53938],[127.075367,37.539354],[127.07547,37.53924],[127.075482,37.539277],[127.076357,37.539227],[127.076348,37.539261],[127.076784,37.539203],[127.076909,37.539156],[127.076849,37.539034],[127.077004,37.539022],[127.077017,37.538925],[127.077216,37.538894],[127.077226,37.538965],[127.077366,37.539005],[127.078198,37.539012],[127.078459,37.53898],[127.07882,37.538862],[127.078801,37.53893],[127.079128,37.53882],[127.079675,37.538746],[127.07995,37.538668],[127.080039,37.538764],[127.080134,37.53906],[127.080279,37.539029],[127.080333,37.539124],[127.080377,37.539137],[127.080518,37.539061],[127.080693,37.53892],[127.080803,37.538917],[127.081027,37.539823],[127.081006,37.540149],[127.080839,37.540198],[127.080949,37.540439],[127.082425,37.540084],[127.08278,37.540894],[127.083273,37.540759],[127.083308,37.540701],[127.083363,37.540832],[127.082815,37.540976],[127.082968,37.541331],[127.082393,37.541485],[127.082405,37.541512],[127.083656,37.541179],[127.083175,37.54002],[127.08357,37.536503],[127.088778,37.53782],[127.089245,37.53782],[127.089402,37.537859],[127.089462,37.537554],[127.089245,37.536425],[127.089346,37.535813],[127.089697,37.535094],[127.09007,37.534002],[127.090125,37.533403],[127.091099,37.533694],[127.091141,37.533258],[127.091529,37.533284],[127.091603,37.532567],[127.091716,37.532574],[127.091908,37.530706],[127.091998,37.53078],[127.091975,37.53061],[127.092708,37.530609],[127.092622,37.530412],[127.091284,37.527918],[127.090142,37.527008],[127.089933,37.5269],[127.085633,37.524761],[127.081105,37.523409],[127.079976,37.522951],[127.076954,37.522515],[127.074319,37.52287],[127.072055,37.523415],[127.068664,37.523872],[127.067457,37.524614],[127.066464,37.52496],[127.065456,37.52507],[127.060156,37.527091],[127.056219,37.528324],[127.058212,37.531934],[127.06402,37.542226],[127.063998,37.542175],[127.071506,37.539624],[127.072907,37.53915],[127.07355,37.53899]]]}},{"type":"Feature","properties":{"code":"11215104","name":"광장동","guCode":"11050","guName":"광진구","labelPoint":[127.104705,37.547905],"legalGuCode":"11215"},"geometry":{"type":"Polygon","coordinates":[[[127.113864,37.558429],[127.113566,37.557963],[127.113527,37.557534],[127.113353,37.557185],[127.113315,37.55683],[127.115253,37.55676],[127.114258,37.554366],[127.114095,37.554087],[127.111554,37.550507],[127.111466,37.546943],[127.110215,37.545019],[127.108452,37.542042],[127.108283,37.541408],[127.102028,37.536448],[127.096659,37.540543],[127.095962,37.541058],[127.095688,37.541212],[127.09414,37.542778],[127.093143,37.543709],[127.093316,37.543818],[127.093356,37.543923],[127.093527,37.544063],[127.093864,37.544221],[127.094193,37.544308],[127.094309,37.544286],[127.095465,37.544782],[127.095551,37.545001],[127.095902,37.545363],[127.096652,37.545614],[127.096717,37.545966],[127.097879,37.547012],[127.098102,37.546773],[127.098416,37.546973],[127.098475,37.547421],[127.098408,37.547561],[127.098202,37.54753],[127.097664,37.548248],[127.097638,37.548568],[127.097714,37.549326],[127.097994,37.549467],[127.098194,37.550046],[127.097912,37.550293],[127.098685,37.55101],[127.098947,37.551101],[127.098958,37.55134],[127.098685,37.551963],[127.099068,37.55226],[127.099822,37.552722],[127.099797,37.552813],[127.099971,37.55298],[127.100396,37.553155],[127.100667,37.553167],[127.100887,37.553276],[127.101428,37.553394],[127.10164,37.553364],[127.102115,37.553091],[127.102639,37.553513],[127.102988,37.553577],[127.103439,37.554145],[127.103703,37.554624],[127.104109,37.554912],[127.104556,37.555025],[127.104797,37.555827],[127.104929,37.556422],[127.105404,37.556335],[127.10604,37.556368],[127.106396,37.556462],[127.106681,37.556817],[127.107145,37.557106],[127.107519,37.557607],[127.107651,37.557709],[127.108306,37.558031],[127.108543,37.558245],[127.109216,37.558393],[127.109529,37.558554],[127.109987,37.558342],[127.11035,37.558253],[127.111422,37.558516],[127.111795,37.558686],[127.112298,37.559001],[127.112743,37.558876],[127.11378,37.55849],[127.113864,37.558429]]]}},{"type":"Feature","properties":{"code":"11215103","name":"구의동","guCode":"11050","guName":"광진구","labelPoint":[127.086438,37.543502],"legalGuCode":"11215"},"geometry":{"type":"Polygon","coordinates":[[[127.079545,37.543833],[127.079657,37.543827],[127.080005,37.544245],[127.080051,37.544752],[127.080028,37.544923],[127.080073,37.544943],[127.079985,37.54523],[127.08013,37.545219],[127.080174,37.545028],[127.08084,37.544992],[127.080844,37.54509],[127.081537,37.545024],[127.081537,37.545216],[127.082808,37.545141],[127.082839,37.545218],[127.085055,37.545084],[127.085102,37.545283],[127.085191,37.545426],[127.085318,37.545497],[127.085378,37.545741],[127.085454,37.545831],[127.08545,37.54591],[127.085921,37.546299],[127.08586,37.546366],[127.085949,37.546593],[127.085783,37.546702],[127.085658,37.546954],[127.085791,37.547451],[127.08578,37.547595],[127.0856,37.548144],[127.085432,37.548502],[127.085423,37.548595],[127.085773,37.548838],[127.085616,37.548887],[127.085868,37.549108],[127.085998,37.549071],[127.08609,37.549286],[127.086233,37.549318],[127.086307,37.549432],[127.086417,37.549431],[127.086466,37.549493],[127.086837,37.549525],[127.087614,37.549383],[127.087655,37.549424],[127.087652,37.54956],[127.087729,37.549644],[127.087686,37.549813],[127.08781,37.549862],[127.088006,37.550028],[127.088129,37.550134],[127.088096,37.550165],[127.088171,37.550226],[127.088031,37.550359],[127.088541,37.550877],[127.088948,37.551171],[127.089255,37.551519],[127.089409,37.551615],[127.089451,37.551866],[127.089203,37.552235],[127.089476,37.552354],[127.090916,37.552782],[127.093375,37.554984],[127.093306,37.55505],[127.093618,37.555358],[127.094415,37.555703],[127.095005,37.556261],[127.095501,37.556457],[127.097202,37.556988],[127.097455,37.557261],[127.09841,37.557958],[127.099387,37.558418],[127.100327,37.55854],[127.101472,37.558954],[127.101545,37.559026],[127.102167,37.559278],[127.102341,37.55915],[127.102706,37.559019],[127.102854,37.558708],[127.103905,37.557796],[127.104276,37.557564],[127.104657,37.556814],[127.104929,37.556422],[127.104797,37.555827],[127.104556,37.555025],[127.104109,37.554912],[127.103703,37.554624],[127.103439,37.554145],[127.102988,37.553577],[127.102639,37.553513],[127.102115,37.553091],[127.101639,37.553364],[127.101427,37.553394],[127.100887,37.553276],[127.100667,37.553167],[127.100395,37.553155],[127.099971,37.55298],[127.099797,37.552813],[127.099822,37.552722],[127.099068,37.55226],[127.098685,37.551963],[127.098957,37.55134],[127.098947,37.551101],[127.098685,37.55101],[127.097912,37.550293],[127.098194,37.550046],[127.097993,37.549467],[127.097714,37.549326],[127.097638,37.548568],[127.097663,37.548248],[127.098202,37.54753],[127.098407,37.547561],[127.098431,37.547517],[127.098475,37.547421],[127.098416,37.546973],[127.098102,37.546773],[127.097879,37.547012],[127.096717,37.545966],[127.096652,37.545614],[127.095901,37.545363],[127.095551,37.545001],[127.095464,37.544782],[127.094308,37.544286],[127.094193,37.544308],[127.093864,37.544221],[127.093527,37.544063],[127.093356,37.543923],[127.093316,37.543818],[127.093142,37.543709],[127.09414,37.542778],[127.095688,37.541212],[127.095962,37.541058],[127.096659,37.540543],[127.102027,37.536448],[127.091284,37.527918],[127.092708,37.530609],[127.091975,37.53061],[127.091998,37.53078],[127.091908,37.530706],[127.091716,37.532574],[127.091603,37.532567],[127.091529,37.533284],[127.091141,37.533258],[127.091099,37.533694],[127.090124,37.533403],[127.09007,37.534002],[127.089697,37.535094],[127.089346,37.535813],[127.089245,37.536425],[127.089462,37.537554],[127.089401,37.537859],[127.089245,37.53782],[127.088778,37.53782],[127.08357,37.536503],[127.083175,37.54002],[127.083656,37.541179],[127.082405,37.541512],[127.082383,37.541465],[127.082112,37.541663],[127.082036,37.541815],[127.081444,37.542039],[127.081395,37.542328],[127.081455,37.543162],[127.08139,37.543295],[127.081358,37.543154],[127.079485,37.543228],[127.079545,37.543833]]]}},{"type":"Feature","properties":{"code":"11215102","name":"능동","guCode":"11050","guName":"광진구","labelPoint":[127.082521,37.551024],"legalGuCode":"11215"},"geometry":{"type":"Polygon","coordinates":[[[127.088989,37.553009],[127.089267,37.55268],[127.089476,37.552354],[127.089203,37.552235],[127.089452,37.551866],[127.089409,37.551615],[127.089255,37.551519],[127.088948,37.551171],[127.088541,37.550877],[127.088031,37.550359],[127.088171,37.550226],[127.088097,37.550165],[127.088129,37.550134],[127.088006,37.550028],[127.087811,37.549862],[127.087686,37.549813],[127.087729,37.549644],[127.087652,37.54956],[127.087655,37.549424],[127.087614,37.549383],[127.086837,37.549525],[127.086467,37.549493],[127.086417,37.549431],[127.086307,37.549432],[127.086233,37.549318],[127.08609,37.549286],[127.085999,37.549071],[127.085851,37.549093],[127.085616,37.548887],[127.085774,37.548838],[127.085424,37.548595],[127.085456,37.548422],[127.0856,37.548144],[127.08578,37.547595],[127.085791,37.547451],[127.085658,37.546954],[127.085783,37.546702],[127.08595,37.546593],[127.08586,37.546366],[127.085921,37.546299],[127.085451,37.54591],[127.085454,37.545831],[127.085379,37.545741],[127.085318,37.545497],[127.085191,37.545426],[127.085102,37.545283],[127.085056,37.545084],[127.082839,37.545218],[127.082808,37.545141],[127.081537,37.545216],[127.081562,37.545383],[127.079933,37.545301],[127.079546,37.545351],[127.07774,37.545727],[127.077059,37.545922],[127.07574,37.546586],[127.074995,37.547019],[127.074894,37.547058],[127.074832,37.546996],[127.074487,37.547061],[127.07454,37.547221],[127.074388,37.547262],[127.074451,37.547464],[127.074332,37.547586],[127.074284,37.547803],[127.074574,37.547905],[127.07452,37.54803],[127.07475,37.548097],[127.074992,37.548641],[127.07497,37.548717],[127.075051,37.549125],[127.075006,37.549159],[127.075639,37.549715],[127.076023,37.54999],[127.076242,37.550349],[127.076233,37.550393],[127.076178,37.550392],[127.076188,37.550554],[127.076102,37.550619],[127.077177,37.552849],[127.077177,37.552973],[127.077225,37.552959],[127.077724,37.553965],[127.079485,37.557173],[127.087499,37.554041],[127.088041,37.553767],[127.088424,37.553519],[127.088989,37.553009]]]}},{"type":"Feature","properties":{"code":"11215101","name":"중곡동","guCode":"11050","guName":"광진구","labelPoint":[127.087569,37.562962],"legalGuCode":"11215"},"geometry":{"type":"Polygon","coordinates":[[[127.101665,37.572401],[127.102238,37.572155],[127.10313,37.572279],[127.103676,37.571907],[127.10404,37.571529],[127.10423,37.571388],[127.103853,37.570494],[127.103455,37.57005],[127.103206,37.568821],[127.102725,37.567064],[127.102387,37.565637],[127.102255,37.564896],[127.102234,37.564311],[127.101843,37.563823],[127.101625,37.563291],[127.101667,37.562633],[127.101205,37.56158],[127.101122,37.561051],[127.101277,37.560466],[127.101801,37.559567],[127.102167,37.559278],[127.101545,37.559026],[127.101472,37.558954],[127.100327,37.55854],[127.099387,37.558418],[127.09841,37.557958],[127.097455,37.557261],[127.097202,37.556988],[127.095501,37.556457],[127.095005,37.556261],[127.094415,37.555703],[127.093618,37.555358],[127.093306,37.55505],[127.093375,37.554984],[127.090916,37.552782],[127.089476,37.552354],[127.089131,37.552849],[127.088648,37.553339],[127.088062,37.553754],[127.087499,37.554041],[127.072384,37.559961],[127.074093,37.56459],[127.076879,37.56793],[127.078226,37.571887],[127.083329,37.57137],[127.086171,37.570832],[127.088177,37.570846],[127.088396,37.570182],[127.090505,37.569696],[127.092682,37.57025],[127.093387,37.570504],[127.094005,37.570626],[127.094795,37.570756],[127.095117,37.570733],[127.095611,37.570622],[127.095802,37.571007],[127.095849,37.571343],[127.095897,37.571387],[127.096385,37.571353],[127.097411,37.571924],[127.098323,37.572338],[127.098576,37.572635],[127.099475,37.572748],[127.100726,37.573588],[127.100888,37.573763],[127.100936,37.573355],[127.101665,37.572401]]]}},{"type":"Feature","properties":{"code":"11200122","name":"용답동","guCode":"11040","guName":"성동구","labelPoint":[127.054952,37.562377],"legalGuCode":"11200"},"geometry":{"type":"Polygon","coordinates":[[[127.042555,37.572696],[127.047953,37.570382],[127.056321,37.564171],[127.058761,37.562314],[127.070856,37.560584],[127.071028,37.560537],[127.071046,37.560467],[127.072005,37.560101],[127.07075,37.558771],[127.068038,37.556087],[127.062909,37.556872],[127.057458,37.556627],[127.054104,37.557361],[127.053883,37.556926],[127.052846,37.555265],[127.052642,37.554844],[127.051807,37.552257],[127.051194,37.551934],[127.050834,37.55185],[127.050493,37.551832],[127.049827,37.55203],[127.049346,37.552262],[127.049012,37.55255],[127.049516,37.553011],[127.049997,37.553561],[127.050244,37.55428],[127.050603,37.554882],[127.051122,37.55527],[127.051484,37.555685],[127.051531,37.556476],[127.051425,37.556721],[127.051445,37.55696],[127.051933,37.557354],[127.052024,37.557459],[127.052098,37.55767],[127.052067,37.557801],[127.051963,37.557925],[127.051797,37.558018],[127.051548,37.558064],[127.051303,37.558289],[127.05123,37.558424],[127.051282,37.558522],[127.051655,37.558736],[127.051778,37.559158],[127.051656,37.559465],[127.051479,37.559688],[127.050397,37.560213],[127.050129,37.560509],[127.050057,37.560694],[127.050105,37.560862],[127.050509,37.561367],[127.051051,37.561815],[127.051179,37.561987],[127.051232,37.56244],[127.051013,37.562852],[127.050726,37.56307],[127.050376,37.563203],[127.049331,37.563716],[127.049286,37.563552],[127.047365,37.567088],[127.046339,37.569096],[127.045943,37.569619],[127.045564,37.56995],[127.044157,37.570718],[127.042007,37.571671],[127.040408,37.572066],[127.038761,37.572265],[127.03813,37.572265],[127.038178,37.573021],[127.041903,37.572969],[127.042555,37.572696]]]}},{"type":"Feature","properties":{"code":"11200118","name":"송정동","guCode":"11040","guName":"성동구","labelPoint":[127.061322,37.55355],"legalGuCode":"11200"},"geometry":{"type":"Polygon","coordinates":[[[127.072384,37.559963],[127.073735,37.559414],[127.067465,37.548329],[127.065222,37.548163],[127.062631,37.548097],[127.061322,37.548186],[127.059718,37.548415],[127.05868,37.54865],[127.056648,37.549247],[127.053672,37.550468],[127.052892,37.550654],[127.052966,37.550817],[127.052675,37.550897],[127.051713,37.551346],[127.050589,37.551755],[127.050553,37.551836],[127.050834,37.55185],[127.051194,37.551934],[127.051807,37.552257],[127.052642,37.554844],[127.052846,37.555265],[127.053883,37.556926],[127.054104,37.557361],[127.057458,37.556627],[127.062909,37.556872],[127.068038,37.556087],[127.07075,37.558771],[127.072005,37.560101],[127.072384,37.559963]]]}},{"type":"Feature","properties":{"code":"11200115","name":"성수동2가","guCode":"11040","guName":"성동구","labelPoint":[127.056957,37.539447],"legalGuCode":"11200"},"geometry":{"type":"Polygon","coordinates":[[[127.050843,37.541452],[127.051108,37.5422],[127.051914,37.543478],[127.049593,37.544175],[127.049967,37.545352],[127.052194,37.551004],[127.052908,37.550842],[127.052966,37.550817],[127.052892,37.550654],[127.053672,37.550468],[127.056648,37.549247],[127.05868,37.54865],[127.059718,37.548415],[127.061322,37.548186],[127.062631,37.548097],[127.065222,37.548163],[127.067465,37.548329],[127.058212,37.531934],[127.056219,37.528324],[127.055127,37.528668],[127.051617,37.530911],[127.048929,37.532543],[127.050227,37.535809],[127.050377,37.535967],[127.050407,37.536219],[127.050361,37.536379],[127.050394,37.5365],[127.050356,37.536626],[127.050703,37.537027],[127.051005,37.537592],[127.051388,37.537976],[127.051679,37.538144],[127.051907,37.538341],[127.05195,37.538432],[127.051621,37.539003],[127.051304,37.539891],[127.050541,37.540087],[127.050762,37.540808],[127.050665,37.540907],[127.050843,37.541452]]]}},{"type":"Feature","properties":{"code":"11200114","name":"성수동1가","guCode":"11040","guName":"성동구","labelPoint":[127.041511,37.542948],"legalGuCode":"11200"},"geometry":{"type":"Polygon","coordinates":[[[127.050843,37.541452],[127.050665,37.540907],[127.050762,37.540808],[127.050541,37.540087],[127.051304,37.539891],[127.051621,37.539003],[127.05195,37.538432],[127.051907,37.538341],[127.051679,37.538144],[127.051388,37.537976],[127.051005,37.537592],[127.050703,37.537027],[127.050356,37.536626],[127.050394,37.5365],[127.050361,37.536379],[127.050407,37.536219],[127.050377,37.535967],[127.050227,37.535809],[127.048929,37.532543],[127.04601,37.534261],[127.040193,37.535774],[127.039679,37.53584],[127.035807,37.535841],[127.035812,37.537847],[127.034733,37.539231],[127.033152,37.541452],[127.031486,37.542419],[127.031345,37.54415],[127.031342,37.544729],[127.031183,37.545528],[127.03115,37.546053],[127.031182,37.546161],[127.031333,37.54624],[127.032747,37.546352],[127.033115,37.546512],[127.033932,37.547358],[127.034282,37.547633],[127.034568,37.547802],[127.03526,37.547991],[127.03561,37.548157],[127.036324,37.548974],[127.036861,37.54971],[127.037224,37.550119],[127.037674,37.550537],[127.038618,37.551158],[127.039581,37.551666],[127.040221,37.551941],[127.040398,37.551975],[127.040749,37.55218],[127.041363,37.552685],[127.041617,37.552811],[127.041985,37.552918],[127.043247,37.553222],[127.046052,37.55345],[127.045908,37.553689],[127.046365,37.55349],[127.04687,37.553176],[127.048218,37.552801],[127.048779,37.552735],[127.049346,37.552262],[127.049827,37.55203],[127.050553,37.551836],[127.050589,37.551755],[127.051713,37.551346],[127.052675,37.550897],[127.052194,37.551004],[127.049967,37.545352],[127.049593,37.544175],[127.051914,37.543478],[127.051108,37.5422],[127.050843,37.541452]]]}},{"type":"Feature","properties":{"code":"11200113","name":"옥수동","guCode":"11040","guName":"성동구","labelPoint":[127.015032,37.542204],"legalGuCode":"11200"},"geometry":{"type":"Polygon","coordinates":[[[127.014866,37.547621],[127.014914,37.547604],[127.014884,37.547457],[127.014963,37.547374],[127.015259,37.546757],[127.015221,37.546448],[127.015567,37.546167],[127.015643,37.545948],[127.015581,37.545798],[127.015554,37.545398],[127.015979,37.545391],[127.016199,37.545523],[127.016473,37.54557],[127.016456,37.54563],[127.016548,37.54567],[127.01702,37.545813],[127.017083,37.545671],[127.017241,37.545691],[127.017651,37.545513],[127.017773,37.545396],[127.017762,37.545262],[127.018443,37.545051],[127.019055,37.544976],[127.019983,37.545284],[127.0202,37.545323],[127.02039,37.545042],[127.020364,37.543684],[127.020665,37.543385],[127.020853,37.543051],[127.021632,37.5428],[127.021096,37.542079],[127.021998,37.542567],[127.022932,37.541454],[127.02367,37.541454],[127.029077,37.542359],[127.031486,37.542419],[127.033152,37.541452],[127.034733,37.539231],[127.035812,37.537847],[127.035807,37.535841],[127.021176,37.535821],[127.017747,37.534248],[127.017439,37.533993],[127.01753,37.537652],[127.017292,37.537741],[127.016449,37.537896],[127.016403,37.537973],[127.015844,37.538167],[127.015673,37.538269],[127.015479,37.538232],[127.015449,37.538302],[127.015229,37.53833],[127.015032,37.538271],[127.015,37.53854],[127.014786,37.538797],[127.014027,37.53883],[127.013985,37.538967],[127.013874,37.539069],[127.013472,37.538912],[127.013215,37.538885],[127.012818,37.539265],[127.012612,37.539342],[127.011483,37.539009],[127.010715,37.539283],[127.009945,37.539388],[127.009831,37.539454],[127.00976,37.539623],[127.009409,37.540034],[127.009252,37.540573],[127.009278,37.541048],[127.009209,37.541275],[127.008757,37.542],[127.008778,37.542108],[127.008971,37.542299],[127.009033,37.542735],[127.009033,37.543978],[127.008917,37.544476],[127.00854,37.54458],[127.008153,37.54506],[127.008712,37.546015],[127.009212,37.546383],[127.009098,37.547052],[127.009323,37.547475],[127.00968,37.547889],[127.010017,37.547904],[127.010588,37.548269],[127.010927,37.548182],[127.011595,37.548488],[127.011833,37.548754],[127.012167,37.549416],[127.012427,37.549492],[127.013131,37.550054],[127.013458,37.549715],[127.014009,37.550102],[127.014131,37.550243],[127.014924,37.549251],[127.014874,37.549166],[127.014875,37.549046],[127.015048,37.548663],[127.015083,37.548663],[127.015204,37.548504],[127.015395,37.54815],[127.015086,37.547931],[127.014879,37.547729],[127.014866,37.547621]]]}},{"type":"Feature","properties":{"code":"11200112","name":"금호동4가","guCode":"11040","guName":"성동구","labelPoint":[127.025791,37.545128],"legalGuCode":"11200"},"geometry":{"type":"Polygon","coordinates":[[[127.014861,37.547641],[127.014879,37.547728],[127.015091,37.547931],[127.015395,37.548149],[127.015352,37.54825],[127.015795,37.548267],[127.01645,37.548579],[127.017066,37.548403],[127.018062,37.548318],[127.021582,37.548288],[127.024862,37.548121],[127.02528,37.548115],[127.02559,37.548182],[127.025693,37.54816],[127.025826,37.548055],[127.025945,37.548046],[127.026184,37.54814],[127.026864,37.54812],[127.027072,37.548171],[127.027508,37.548404],[127.027679,37.548438],[127.028182,37.548687],[127.028472,37.548615],[127.028642,37.5487],[127.028856,37.548701],[127.029106,37.548856],[127.02928,37.548885],[127.029303,37.548943],[127.029606,37.548683],[127.029654,37.548354],[127.029563,37.548188],[127.029734,37.547893],[127.030046,37.547795],[127.030994,37.547154],[127.031292,37.546701],[127.031527,37.546251],[127.031235,37.546211],[127.031157,37.546078],[127.031145,37.545909],[127.031233,37.545205],[127.031342,37.544729],[127.031488,37.542426],[127.029077,37.542359],[127.02367,37.541454],[127.022932,37.541454],[127.021998,37.542566],[127.021097,37.542078],[127.021632,37.5428],[127.020853,37.543051],[127.020665,37.543384],[127.020364,37.543683],[127.02039,37.545042],[127.0202,37.545323],[127.019983,37.545284],[127.020013,37.545296],[127.019055,37.544976],[127.018443,37.545051],[127.017762,37.545262],[127.017774,37.545394],[127.017652,37.545513],[127.017241,37.545691],[127.017083,37.54567],[127.017006,37.545844],[127.016831,37.545718],[127.016456,37.54563],[127.016473,37.54557],[127.016199,37.545523],[127.01598,37.54539],[127.015554,37.545398],[127.015569,37.545726],[127.015644,37.545947],[127.015567,37.546166],[127.015257,37.546419],[127.015289,37.546753],[127.014964,37.547374],[127.014885,37.547457],[127.014915,37.547603],[127.01487,37.547603],[127.014861,37.547641]]]}},{"type":"Feature","properties":{"code":"11200111","name":"금호동3가","guCode":"11040","guName":"성동구","labelPoint":[127.021127,37.550442],"legalGuCode":"11200"},"geometry":{"type":"Polygon","coordinates":[[[127.013221,37.550125],[127.013733,37.550514],[127.014287,37.551006],[127.016001,37.552614],[127.016202,37.552644],[127.016457,37.551997],[127.016881,37.551222],[127.017284,37.55093],[127.017863,37.550371],[127.018635,37.551903],[127.020974,37.55176],[127.021604,37.551452],[127.021918,37.551176],[127.022102,37.551065],[127.023422,37.550839],[127.025034,37.550154],[127.025244,37.549964],[127.025309,37.54949],[127.025599,37.5492],[127.025651,37.549101],[127.025661,37.548894],[127.025555,37.548661],[127.025612,37.548181],[127.02528,37.548115],[127.024862,37.548121],[127.021582,37.548288],[127.018062,37.548318],[127.017066,37.548403],[127.016512,37.54858],[127.016362,37.548557],[127.015795,37.548267],[127.015352,37.54825],[127.015061,37.548663],[127.014875,37.549045],[127.014874,37.549165],[127.014925,37.54924],[127.014917,37.54927],[127.014131,37.550242],[127.014009,37.550101],[127.013458,37.549716],[127.013416,37.54976],[127.013466,37.549798],[127.013221,37.550125]]]}},{"type":"Feature","properties":{"code":"11200110","name":"금호동2가","guCode":"11040","guName":"성동구","labelPoint":[127.02012,37.552841],"legalGuCode":"11200"},"geometry":{"type":"Polygon","coordinates":[[[127.016734,37.551514],[127.016162,37.55261],[127.016375,37.553114],[127.016986,37.553656],[127.016944,37.553803],[127.01702,37.554081],[127.016985,37.554254],[127.016858,37.554472],[127.017108,37.554896],[127.017236,37.554975],[127.017274,37.555486],[127.017361,37.555919],[127.017724,37.556509],[127.01804,37.556848],[127.018647,37.557086],[127.018793,37.557216],[127.019008,37.557239],[127.019415,37.557437],[127.01968,37.557263],[127.019964,37.556182],[127.019995,37.555869],[127.019989,37.554618],[127.020819,37.553955],[127.021437,37.553569],[127.022011,37.553398],[127.022854,37.553241],[127.023424,37.553073],[127.024722,37.552533],[127.025132,37.552266],[127.025268,37.552113],[127.02545,37.551733],[127.025656,37.550867],[127.025901,37.550464],[127.026067,37.55008],[127.026089,37.549712],[127.0259,37.548469],[127.025744,37.54823],[127.025671,37.548171],[127.025612,37.548181],[127.025555,37.548662],[127.025661,37.548895],[127.02565,37.549102],[127.025599,37.5492],[127.025309,37.54949],[127.025244,37.549964],[127.025053,37.550143],[127.023422,37.550839],[127.022101,37.551065],[127.021918,37.551176],[127.021603,37.551452],[127.020973,37.55176],[127.018635,37.551904],[127.017862,37.550371],[127.01718,37.551017],[127.016887,37.551222],[127.016734,37.551514]]]}},{"type":"Feature","properties":{"code":"11200109","name":"금호동1가","guCode":"11040","guName":"성동구","labelPoint":[127.026524,37.552891],"legalGuCode":"11200"},"geometry":{"type":"Polygon","coordinates":[[[127.026184,37.548141],[127.026005,37.548049],[127.025843,37.548052],[127.025671,37.548171],[127.025781,37.548273],[127.0259,37.548469],[127.026033,37.549205],[127.026095,37.549892],[127.025987,37.550288],[127.025656,37.550867],[127.02545,37.551733],[127.025268,37.552113],[127.025132,37.552266],[127.024722,37.552533],[127.023424,37.553073],[127.022854,37.553241],[127.022011,37.553398],[127.021437,37.553569],[127.020819,37.553955],[127.019989,37.554618],[127.019995,37.555869],[127.019964,37.556182],[127.019829,37.556785],[127.019577,37.557495],[127.020898,37.557828],[127.020929,37.557758],[127.021922,37.557477],[127.022523,37.557778],[127.022554,37.557829],[127.022889,37.557829],[127.022915,37.557862],[127.022945,37.557718],[127.023768,37.557726],[127.02422,37.55777],[127.024605,37.557743],[127.024786,37.557573],[127.024915,37.557211],[127.024924,37.556439],[127.024795,37.556422],[127.024817,37.555916],[127.024754,37.555716],[127.025321,37.555694],[127.025557,37.555365],[127.025488,37.555151],[127.026094,37.554922],[127.02631,37.554895],[127.02652,37.554669],[127.026812,37.554665],[127.027409,37.55452],[127.027319,37.554495],[127.027509,37.554442],[127.027818,37.55418],[127.028336,37.554227],[127.028984,37.553905],[127.029317,37.553899],[127.029464,37.553841],[127.029435,37.553772],[127.029587,37.553496],[127.029588,37.55335],[127.029524,37.553167],[127.029432,37.553006],[127.028943,37.552776],[127.028994,37.552646],[127.029006,37.552413],[127.029064,37.552305],[127.029142,37.552195],[127.02925,37.552225],[127.029341,37.552108],[127.029381,37.551921],[127.029558,37.551767],[127.029581,37.551639],[127.029412,37.551371],[127.029297,37.55073],[127.029261,37.550248],[127.029089,37.549958],[127.028876,37.549756],[127.028811,37.549383],[127.029078,37.549222],[127.029303,37.548944],[127.02928,37.548886],[127.029106,37.548856],[127.028856,37.548701],[127.028642,37.5487],[127.028472,37.548615],[127.028182,37.548687],[127.027679,37.548438],[127.027469,37.548379],[127.027141,37.548197],[127.026864,37.54812],[127.026184,37.548141]]]}},{"type":"Feature","properties":{"code":"11200108","name":"응봉동","guCode":"11040","guName":"성동구","labelPoint":[127.033419,37.550441],"legalGuCode":"11200"},"geometry":{"type":"Polygon","coordinates":[[[127.028811,37.549383],[127.028866,37.549853],[127.029079,37.550055],[127.029251,37.550345],[127.029412,37.55137],[127.029581,37.551639],[127.029558,37.551767],[127.029382,37.55192],[127.029342,37.552108],[127.029251,37.552224],[127.029142,37.552195],[127.029064,37.552305],[127.029006,37.552413],[127.028994,37.552645],[127.028944,37.552776],[127.029433,37.553006],[127.029524,37.553166],[127.029588,37.553349],[127.029587,37.553496],[127.029436,37.553771],[127.029516,37.553869],[127.029842,37.553796],[127.030354,37.553392],[127.031064,37.553067],[127.031329,37.552906],[127.031775,37.552945],[127.031893,37.552963],[127.031861,37.553039],[127.031961,37.553017],[127.032123,37.553139],[127.03254,37.553649],[127.032643,37.553845],[127.033048,37.554231],[127.033284,37.554323],[127.033601,37.554347],[127.033813,37.554472],[127.033907,37.554481],[127.033946,37.554542],[127.034586,37.554542],[127.03497,37.55473],[127.035372,37.554811],[127.035951,37.554767],[127.036012,37.554727],[127.036087,37.554504],[127.036381,37.554116],[127.037169,37.553679],[127.03791,37.553451],[127.039013,37.553616],[127.038494,37.553063],[127.037761,37.552524],[127.037813,37.552432],[127.038379,37.552659],[127.038411,37.552618],[127.040157,37.553276],[127.040398,37.553041],[127.040872,37.552292],[127.04075,37.552179],[127.040398,37.551974],[127.040222,37.551941],[127.039581,37.551666],[127.038619,37.551158],[127.037674,37.550536],[127.037224,37.550118],[127.036861,37.549709],[127.036324,37.548974],[127.03561,37.548157],[127.03526,37.547991],[127.034568,37.547802],[127.034282,37.547632],[127.033932,37.547358],[127.033115,37.546511],[127.032747,37.546351],[127.031527,37.546251],[127.031292,37.546701],[127.030994,37.547154],[127.030046,37.547795],[127.029734,37.547893],[127.029563,37.548188],[127.029654,37.548354],[127.029606,37.548683],[127.029303,37.548943],[127.029084,37.549175],[127.029097,37.549207],[127.028811,37.549383]]]}},{"type":"Feature","properties":{"code":"11200107","name":"행당동","guCode":"11040","guName":"성동구","labelPoint":[127.034916,37.559316],"legalGuCode":"11200"},"geometry":{"type":"Polygon","coordinates":[[[127.031437,37.552939],[127.031328,37.552907],[127.031064,37.553067],[127.03052,37.553303],[127.030294,37.553429],[127.029842,37.553796],[127.029516,37.55387],[127.029488,37.553832],[127.029317,37.553899],[127.028984,37.553905],[127.028336,37.554227],[127.027818,37.55418],[127.027509,37.554442],[127.027319,37.554495],[127.027409,37.55452],[127.026812,37.554665],[127.02652,37.554669],[127.02631,37.554895],[127.026094,37.554922],[127.025488,37.555151],[127.025557,37.555365],[127.025321,37.555694],[127.024754,37.555716],[127.024817,37.555916],[127.024795,37.556422],[127.024924,37.556439],[127.024896,37.557316],[127.024786,37.557573],[127.024248,37.55803],[127.025339,37.55796],[127.026069,37.558615],[127.02631,37.559124],[127.026779,37.559544],[127.027231,37.559904],[127.027451,37.559877],[127.027524,37.55998],[127.027735,37.560036],[127.027848,37.560155],[127.02783,37.560203],[127.027871,37.560235],[127.027797,37.560336],[127.027989,37.560357],[127.028165,37.560281],[127.028296,37.560311],[127.028683,37.560281],[127.028752,37.560269],[127.028871,37.560162],[127.028902,37.560199],[127.028973,37.560179],[127.028989,37.560119],[127.029239,37.560101],[127.029284,37.560054],[127.029469,37.560062],[127.029572,37.560116],[127.029527,37.56012],[127.02957,37.560216],[127.029888,37.560101],[127.030035,37.560219],[127.03016,37.56026],[127.030377,37.560244],[127.030463,37.56015],[127.030754,37.560349],[127.030816,37.560239],[127.030987,37.560325],[127.031058,37.560293],[127.03135,37.56048],[127.031435,37.560475],[127.03155,37.560557],[127.031676,37.560528],[127.031717,37.560662],[127.031878,37.560609],[127.032029,37.560772],[127.032066,37.560997],[127.032357,37.560992],[127.032436,37.561055],[127.032348,37.561194],[127.032334,37.561387],[127.032249,37.561533],[127.03234,37.561551],[127.032473,37.561512],[127.032515,37.561579],[127.032725,37.561543],[127.032819,37.561654],[127.03291,37.56161],[127.032957,37.561647],[127.033051,37.561597],[127.033227,37.56179],[127.033069,37.561868],[127.033152,37.561983],[127.033226,37.561948],[127.033231,37.562027],[127.033333,37.562158],[127.033257,37.562212],[127.033419,37.562386],[127.033354,37.562455],[127.033501,37.562578],[127.03474,37.561633],[127.034742,37.561755],[127.035027,37.561691],[127.035565,37.561408],[127.036022,37.562475],[127.036494,37.566049],[127.037796,37.565904],[127.037916,37.564917],[127.037886,37.564871],[127.037948,37.564552],[127.038306,37.563492],[127.038835,37.562821],[127.038935,37.562837],[127.039048,37.5622],[127.039172,37.562207],[127.039175,37.562154],[127.039219,37.562177],[127.039214,37.56228],[127.039371,37.562284],[127.03937,37.562229],[127.039567,37.562214],[127.040357,37.561997],[127.041049,37.562101],[127.041391,37.562081],[127.041576,37.562114],[127.0418,37.562246],[127.041598,37.561798],[127.041372,37.561014],[127.041649,37.560968],[127.04204,37.560822],[127.042276,37.560659],[127.042389,37.560443],[127.042491,37.560442],[127.042599,37.560383],[127.042682,37.560402],[127.042599,37.560349],[127.042811,37.560133],[127.042927,37.559847],[127.043177,37.559573],[127.043304,37.559509],[127.04332,37.558709],[127.044083,37.55849],[127.044495,37.558203],[127.044868,37.55817],[127.045346,37.557875],[127.045332,37.557378],[127.045852,37.556998],[127.046115,37.556665],[127.046005,37.556375],[127.04588,37.55627],[127.046184,37.554852],[127.046216,37.554445],[127.046119,37.554435],[127.046087,37.554352],[127.045931,37.554217],[127.045831,37.554014],[127.045743,37.55395],[127.046052,37.55345],[127.043693,37.553272],[127.042759,37.553124],[127.041617,37.552811],[127.04136,37.552684],[127.040872,37.552292],[127.040398,37.553041],[127.040157,37.553277],[127.038411,37.552618],[127.038379,37.552659],[127.037813,37.552433],[127.037761,37.552524],[127.038494,37.553063],[127.039013,37.553616],[127.037917,37.553458],[127.037206,37.553674],[127.036394,37.554114],[127.036094,37.554505],[127.035996,37.554739],[127.035379,37.554815],[127.034986,37.554733],[127.034586,37.554542],[127.033939,37.554542],[127.033906,37.554482],[127.033813,37.554473],[127.033601,37.554347],[127.033284,37.554323],[127.033047,37.554231],[127.032642,37.553845],[127.03254,37.55365],[127.032123,37.553139],[127.031978,37.553031],[127.031861,37.55304],[127.031893,37.552963],[127.031437,37.552939]]]}},{"type":"Feature","properties":{"code":"11140106","name":"남대문로1가","guCode":"11020","guName":"중구","labelPoint":[126.983066,37.567629],"legalGuCode":"11140"},"geometry":{"type":"Polygon","coordinates":[[[126.98285,37.568975],[126.983195,37.568905],[126.983143,37.568535],[126.983137,37.567857],[126.9834,37.567852],[126.983663,37.567909],[126.983737,37.567671],[126.983419,37.567545],[126.983365,37.567586],[126.983105,37.567518],[126.983087,37.567103],[126.983165,37.566947],[126.983113,37.566906],[126.983087,37.566684],[126.983089,37.566165],[126.982458,37.566159],[126.982543,37.568945],[126.982578,37.569021],[126.98285,37.568975]]]}},{"type":"Feature","properties":{"code":"11140105","name":"을지로2가","guCode":"11020","guName":"중구","labelPoint":[126.985277,37.565711],"legalGuCode":"11140"},"geometry":{"type":"Polygon","coordinates":[[[126.989678,37.566766],[126.989736,37.566283],[126.989805,37.566091],[126.989806,37.565513],[126.989759,37.565515],[126.989761,37.565749],[126.989521,37.56574],[126.989105,37.565608],[126.989144,37.565253],[126.988687,37.565249],[126.988506,37.565289],[126.988478,37.565372],[126.988315,37.565393],[126.988273,37.565211],[126.987912,37.565252],[126.987771,37.56521],[126.987749,37.565516],[126.987783,37.565801],[126.987617,37.565777],[126.987402,37.565681],[126.986864,37.565368],[126.986633,37.565138],[126.986531,37.564955],[126.986122,37.565045],[126.985669,37.565203],[126.985706,37.565251],[126.985325,37.565261],[126.985218,37.564971],[126.985272,37.564855],[126.984965,37.564806],[126.984973,37.564744],[126.984765,37.564722],[126.984733,37.5648],[126.984313,37.564853],[126.984348,37.564512],[126.982679,37.564402],[126.982974,37.565133],[126.983084,37.565602],[126.983102,37.566721],[126.983289,37.5667],[126.983491,37.566748],[126.983682,37.566735],[126.98369,37.566804],[126.983848,37.566792],[126.983882,37.566743],[126.984006,37.566743],[126.984067,37.566787],[126.984315,37.566706],[126.984441,37.567023],[126.984517,37.566989],[126.984878,37.566981],[126.984872,37.566898],[126.984981,37.566861],[126.985228,37.56698],[126.985681,37.566993],[126.985681,37.566797],[126.987326,37.566791],[126.987329,37.566838],[126.987512,37.566838],[126.987494,37.566701],[126.989678,37.566766]]]}},{"type":"Feature","properties":{"code":"11140104","name":"을지로1가","guCode":"11020","guName":"중구","labelPoint":[126.980285,37.565792],"legalGuCode":"11140"},"geometry":{"type":"Polygon","coordinates":[[[126.979786,37.566912],[126.98098,37.566849],[126.981707,37.566715],[126.982471,37.566735],[126.982458,37.566159],[126.983093,37.566165],[126.983081,37.565941],[126.982477,37.565943],[126.982332,37.565257],[126.982212,37.564882],[126.981707,37.564986],[126.981706,37.565045],[126.98098,37.565278],[126.980514,37.565262],[126.980444,37.565237],[126.980444,37.565187],[126.980223,37.565162],[126.98022,37.565208],[126.980089,37.565222],[126.980015,37.565391],[126.97972,37.565436],[126.979473,37.565301],[126.97924,37.565072],[126.978868,37.56524],[126.978942,37.565372],[126.978985,37.565363],[126.978738,37.565557],[126.978673,37.56546],[126.978185,37.565556],[126.978015,37.565643],[126.97841,37.566184],[126.979208,37.56692],[126.979786,37.566912]]]}},{"type":"Feature","properties":{"code":"11140103","name":"태평로1가","guCode":"11020","guName":"중구","labelPoint":[126.977313,37.567544],"legalGuCode":"11140"},"geometry":{"type":"Polygon","coordinates":[[[126.976188,37.569474],[126.976375,37.569484],[126.976439,37.569362],[126.976445,37.569237],[126.977573,37.569258],[126.97758,37.569313],[126.9779,37.569206],[126.977844,37.568937],[126.978037,37.568609],[126.978214,37.568186],[126.978349,37.568073],[126.978279,37.56804],[126.978332,37.567895],[126.978453,37.567802],[126.978442,37.567769],[126.978613,37.567567],[126.978688,37.567588],[126.97872,37.56752],[126.978459,37.567237],[126.97877,37.567037],[126.978875,37.567059],[126.978901,37.566969],[126.97921,37.566978],[126.979208,37.566906],[126.97841,37.566184],[126.978015,37.565643],[126.977633,37.565798],[126.977252,37.566255],[126.977173,37.566681],[126.977004,37.566681],[126.977002,37.566755],[126.976909,37.566791],[126.97672,37.566709],[126.976692,37.566795],[126.976346,37.567227],[126.975694,37.567708],[126.975526,37.568233],[126.975877,37.568723],[126.975743,37.568775],[126.975781,37.568828],[126.975695,37.568874],[126.975767,37.569226],[126.975711,37.569246],[126.975664,37.569381],[126.97579,37.569407],[126.975827,37.569356],[126.976188,37.569474]]]}},{"type":"Feature","properties":{"code":"11140102","name":"다동","guCode":"11020","guName":"중구","labelPoint":[126.98115,37.567613],"legalGuCode":"11140"},"geometry":{"type":"Polygon","coordinates":[[[126.982578,37.569021],[126.98252,37.568767],[126.982536,37.568315],[126.982471,37.566735],[126.981707,37.566715],[126.98098,37.566849],[126.979786,37.566912],[126.979801,37.568565],[126.979866,37.569037],[126.98092,37.568982],[126.982039,37.569047],[126.982578,37.569021]]]}},{"type":"Feature","properties":{"code":"11110156","name":"종로3가","guCode":"11010","guName":"종로구","labelPoint":[126.992358,37.570358],"legalGuCode":"11110"},"geometry":{"type":"Polygon","coordinates":[[[126.995063,37.570914],[126.995092,37.57075],[126.9953,37.57049],[126.995378,37.570134],[126.99107,37.569995],[126.989461,37.569846],[126.989398,37.570225],[126.989366,37.570632],[126.992298,37.57083],[126.995063,37.570914]]]}},{"type":"Feature","properties":{"code":"11110155","name":"관수동","guCode":"11010","guName":"종로구","labelPoint":[126.990459,37.568947],"legalGuCode":"11110"},"geometry":{"type":"Polygon","coordinates":[[[126.992299,37.570013],[126.992299,37.569693],[126.992134,37.569408],[126.992112,37.569287],[126.992152,37.569257],[126.992103,37.569256],[126.992268,37.568638],[126.992298,37.568335],[126.990151,37.568136],[126.988927,37.568103],[126.988639,37.56936],[126.988537,37.569478],[126.988603,37.569494],[126.988557,37.569824],[126.989461,37.569846],[126.99107,37.569995],[126.992299,37.570013]]]}},{"type":"Feature","properties":{"code":"11440123","name":"망원동","guCode":"11140","guName":"마포구","labelPoint":[126.901223,37.556997],"legalGuCode":"11440"},"geometry":{"type":"Polygon","coordinates":[[[126.904583,37.562071],[126.911661,37.554247],[126.91168,37.554186],[126.905279,37.552116],[126.905018,37.552071],[126.905087,37.552012],[126.904252,37.55175],[126.904253,37.551717],[126.904135,37.551723],[126.895731,37.549043],[126.894684,37.549393],[126.88812,37.552292],[126.891776,37.555821],[126.893274,37.555822],[126.89327,37.558173],[126.894063,37.559427],[126.895423,37.559428],[126.895722,37.559812],[126.895938,37.55975],[126.895835,37.559503],[126.895926,37.559547],[126.895936,37.559522],[126.896269,37.559833],[126.896273,37.559893],[126.89681,37.560232],[126.898078,37.560825],[126.898905,37.561129],[126.8989,37.561204],[126.899302,37.561284],[126.901231,37.562062],[126.903896,37.56283],[126.904583,37.562071]]]}},{"type":"Feature","properties":{"code":"11440122","name":"합정동","guCode":"11140","guName":"마포구","labelPoint":[126.909748,37.547054],"legalGuCode":"11440"},"geometry":{"type":"Polygon","coordinates":[[[126.920218,37.548325],[126.919197,37.546101],[126.918923,37.54562],[126.918856,37.545585],[126.918763,37.545379],[126.918672,37.545381],[126.918715,37.54529],[126.918633,37.545166],[126.918666,37.545076],[126.918638,37.545002],[126.918453,37.544931],[126.91821,37.544625],[126.918073,37.544542],[126.917977,37.544533],[126.917939,37.544704],[126.917766,37.54486],[126.917686,37.544842],[126.917639,37.544795],[126.917648,37.544613],[126.917408,37.544412],[126.91737,37.544137],[126.917234,37.544027],[126.916977,37.543665],[126.916633,37.543459],[126.916691,37.54308],[126.916973,37.543024],[126.917014,37.542907],[126.917095,37.542926],[126.917139,37.541426],[126.904838,37.541416],[126.90461,37.541574],[126.902195,37.544098],[126.90182,37.545019],[126.898943,37.548008],[126.895731,37.549043],[126.905087,37.552012],[126.905018,37.552071],[126.905223,37.552099],[126.906627,37.552554],[126.906658,37.552492],[126.906677,37.552533],[126.907424,37.552773],[126.907424,37.552813],[126.91168,37.554186],[126.912381,37.551882],[126.912939,37.55199],[126.912974,37.55196],[126.912642,37.551896],[126.91324,37.549936],[126.913616,37.549615],[126.914332,37.550147],[126.914615,37.55058],[126.914646,37.550555],[126.914369,37.550167],[126.914597,37.549975],[126.914355,37.549792],[126.915077,37.549177],[126.918744,37.548417],[126.920218,37.548325]]]}},{"type":"Feature","properties":{"code":"11440121","name":"동교동","guCode":"11140","guName":"마포구","labelPoint":[126.924077,37.558191],"legalGuCode":"11440"},"geometry":{"type":"Polygon","coordinates":[[[126.927186,37.56179],[126.926849,37.561281],[126.926693,37.560832],[126.926594,37.558853],[126.932792,37.55658],[126.932601,37.55554],[126.932577,37.555198],[126.932644,37.554754],[126.931299,37.554629],[126.931215,37.554989],[126.929423,37.556036],[126.92839,37.556423],[126.927682,37.556549],[126.927846,37.556631],[126.927079,37.55683],[126.924706,37.556194],[126.924334,37.556036],[126.923524,37.555459],[126.922454,37.554398],[126.918782,37.557528],[126.923273,37.560589],[126.923768,37.559982],[126.923866,37.560149],[126.923905,37.560144],[126.923967,37.560551],[126.924186,37.560968],[126.924198,37.561148],[126.924382,37.561171],[126.924384,37.561113],[126.924456,37.561102],[126.924459,37.561008],[126.924396,37.561013],[126.924453,37.560985],[126.924437,37.560935],[126.924403,37.560938],[126.924419,37.560796],[126.924595,37.560751],[126.924657,37.560662],[126.924917,37.560549],[126.925039,37.560449],[126.925529,37.560379],[126.925589,37.560417],[126.925852,37.560903],[126.92602,37.561061],[126.926496,37.561422],[126.927186,37.56179]]]}},{"type":"Feature","properties":{"code":"11440118","name":"당인동","guCode":"11140","guName":"마포구","labelPoint":[126.926394,37.540111],"legalGuCode":"11440"},"geometry":{"type":"MultiPolygon","coordinates":[[[[126.921801,37.541429],[126.917139,37.541425],[126.917096,37.542897],[126.917014,37.542907],[126.916973,37.543024],[126.916691,37.54308],[126.916633,37.543459],[126.916977,37.543665],[126.917234,37.544027],[126.91737,37.544137],[126.917408,37.544412],[126.917648,37.544613],[126.917639,37.544795],[126.917686,37.544842],[126.917766,37.54486],[126.917939,37.544704],[126.917977,37.544533],[126.918073,37.544542],[126.91821,37.544625],[126.918453,37.544931],[126.918661,37.545034],[126.918633,37.545166],[126.918715,37.54529],[126.918672,37.545381],[126.918763,37.545379],[126.918856,37.545585],[126.918923,37.54562],[126.919197,37.546101],[126.920099,37.548023],[126.920174,37.547924],[126.9202,37.547751],[126.920037,37.547382],[126.920166,37.547257],[126.920905,37.547139],[126.92083,37.546732],[126.920831,37.546538],[126.920907,37.546168],[126.921031,37.546017],[126.920703,37.545868],[126.920707,37.545841],[126.920841,37.545756],[126.921087,37.545813],[126.921264,37.545541],[126.921319,37.545542],[126.921577,37.545383],[126.921655,37.545251],[126.921578,37.5452],[126.921578,37.545161],[126.921665,37.545168],[126.92171,37.545041],[126.921837,37.545032],[126.921984,37.544955],[126.922046,37.54475],[126.922194,37.544613],[126.922126,37.544449],[126.92158,37.54408],[126.92158,37.544049],[126.92179,37.544103],[126.921801,37.541429]]],[[[126.922416,37.541425],[126.930096,37.541434],[126.930333,37.541356],[126.927649,37.539073],[126.927282,37.539135],[126.9271,37.539035],[126.92618,37.539284],[126.925865,37.539457],[126.925368,37.539624],[126.924859,37.539768],[126.924823,37.539743],[126.923076,37.540454],[126.922835,37.540619],[126.922416,37.541425]]]]}},{"type":"Feature","properties":{"code":"11440117","name":"신정동","guCode":"11140","guName":"마포구","labelPoint":[126.930498,37.543193],"legalGuCode":"11440"},"geometry":{"type":"Polygon","coordinates":[[[126.930576,37.545038],[126.930722,37.545038],[126.930682,37.545027],[126.930884,37.544418],[126.931317,37.544418],[126.931617,37.544351],[126.931794,37.544419],[126.931937,37.5444],[126.932742,37.54402],[126.932817,37.543935],[126.932776,37.543863],[126.932896,37.543769],[126.932812,37.543793],[126.932649,37.543715],[126.932652,37.543776],[126.932373,37.543555],[126.932453,37.543452],[126.932385,37.543316],[126.932166,37.543071],[126.932081,37.54271],[126.931947,37.542429],[126.931843,37.542325],[126.931881,37.542281],[126.931852,37.540867],[126.930113,37.541435],[126.928406,37.541433],[126.92887,37.544028],[126.928863,37.544167],[126.928753,37.544486],[126.928782,37.544848],[126.928726,37.545037],[126.929017,37.54541],[126.929094,37.545574],[126.929345,37.545653],[126.930061,37.545578],[126.929892,37.54534],[126.930241,37.545205],[126.930451,37.545039],[126.930576,37.545038]]]}},{"type":"Feature","properties":{"code":"11200106","name":"사근동","guCode":"11040","guName":"성동구","labelPoint":[127.047516,37.558947],"legalGuCode":"11200"},"geometry":{"type":"Polygon","coordinates":[[[127.044164,37.562517],[127.044407,37.562229],[127.045402,37.562158],[127.045724,37.562328],[127.045869,37.562669],[127.045735,37.562909],[127.045864,37.563257],[127.046188,37.56351],[127.046336,37.563964],[127.046747,37.564069],[127.046926,37.564201],[127.047034,37.564386],[127.047014,37.564518],[127.046904,37.564683],[127.046846,37.565024],[127.046937,37.565315],[127.047252,37.565338],[127.047581,37.564653],[127.047915,37.564175],[127.048302,37.564183],[127.049206,37.56245],[127.049256,37.562793],[127.049241,37.563398],[127.049331,37.563716],[127.050375,37.563203],[127.050726,37.56307],[127.051013,37.562852],[127.051232,37.56244],[127.051179,37.561987],[127.051051,37.561815],[127.050509,37.561367],[127.050105,37.560862],[127.050057,37.560694],[127.050129,37.560509],[127.050397,37.560213],[127.051479,37.559688],[127.051656,37.559465],[127.051778,37.559158],[127.051655,37.558736],[127.051282,37.558522],[127.05123,37.558424],[127.051302,37.558289],[127.051547,37.558064],[127.051797,37.558018],[127.051963,37.557925],[127.052066,37.557801],[127.052098,37.55767],[127.052024,37.557459],[127.051933,37.557354],[127.051445,37.55696],[127.051425,37.556721],[127.05153,37.556476],[127.051484,37.555685],[127.051122,37.55527],[127.050602,37.554882],[127.050243,37.55428],[127.049997,37.553561],[127.049515,37.553011],[127.049012,37.55255],[127.048779,37.552735],[127.048218,37.552801],[127.04687,37.553176],[127.046365,37.55349],[127.045908,37.553689],[127.045743,37.55395],[127.045831,37.554014],[127.045931,37.554217],[127.046087,37.554352],[127.046119,37.554435],[127.046216,37.554445],[127.046184,37.554852],[127.04588,37.55627],[127.046005,37.556375],[127.046115,37.556665],[127.045852,37.556998],[127.045332,37.557378],[127.045346,37.557875],[127.044868,37.55817],[127.044495,37.558203],[127.044083,37.55849],[127.04332,37.558709],[127.043304,37.559509],[127.043177,37.559573],[127.042927,37.559847],[127.042811,37.560133],[127.042599,37.560349],[127.042682,37.560402],[127.042599,37.560383],[127.042491,37.560442],[127.042389,37.560443],[127.042276,37.560659],[127.04204,37.560822],[127.041649,37.560968],[127.041372,37.561014],[127.041598,37.561798],[127.0418,37.562246],[127.041825,37.562232],[127.041867,37.562306],[127.042198,37.562226],[127.042304,37.562057],[127.04261,37.561934],[127.043191,37.56226],[127.043886,37.562487],[127.044164,37.562517]]]}},{"type":"Feature","properties":{"code":"11200105","name":"마장동","guCode":"11040","guName":"성동구","labelPoint":[127.040579,37.567155],"legalGuCode":"11200"},"geometry":{"type":"Polygon","coordinates":[[[127.032167,37.570087],[127.032537,37.570222],[127.033058,37.570516],[127.034189,37.57139],[127.035641,37.571999],[127.036166,37.572151],[127.036777,37.572242],[127.038761,37.572265],[127.040408,37.572066],[127.042007,37.571671],[127.04324,37.571144],[127.044156,37.570717],[127.045564,37.56995],[127.045942,37.569618],[127.046197,37.569323],[127.048547,37.564876],[127.049285,37.563551],[127.049242,37.563397],[127.049257,37.562792],[127.049207,37.56245],[127.048302,37.564183],[127.047916,37.564175],[127.047559,37.564695],[127.047338,37.565155],[127.047332,37.565321],[127.047017,37.565334],[127.046937,37.565314],[127.046842,37.564995],[127.046919,37.564632],[127.047015,37.564517],[127.047034,37.564386],[127.046927,37.564201],[127.046775,37.564081],[127.046337,37.563964],[127.046188,37.563509],[127.045864,37.563256],[127.045736,37.562909],[127.045869,37.562669],[127.045724,37.562328],[127.045402,37.562157],[127.044384,37.562259],[127.044164,37.562518],[127.043888,37.562488],[127.043189,37.56226],[127.042607,37.56193],[127.042304,37.562056],[127.042198,37.562226],[127.041873,37.562308],[127.041825,37.562232],[127.041768,37.562242],[127.041576,37.562113],[127.040706,37.562071],[127.040357,37.561996],[127.039567,37.562213],[127.03937,37.562229],[127.039371,37.562284],[127.039215,37.562279],[127.039219,37.562176],[127.039175,37.562153],[127.039173,37.562207],[127.039048,37.5622],[127.038936,37.562837],[127.038832,37.562823],[127.038307,37.563491],[127.037948,37.564552],[127.037886,37.564871],[127.037916,37.564917],[127.037796,37.565904],[127.034745,37.566248],[127.032886,37.568061],[127.033614,37.568432],[127.033518,37.56899],[127.032167,37.570087]]]}},{"type":"Feature","properties":{"code":"11200104","name":"도선동","guCode":"11040","guName":"성동구","labelPoint":[127.033841,37.56347],"legalGuCode":"11200"},"geometry":{"type":"Polygon","coordinates":[[[127.036318,37.56472],[127.036022,37.562475],[127.035565,37.561408],[127.035027,37.561691],[127.034743,37.561755],[127.033533,37.562654],[127.032717,37.563084],[127.031806,37.563406],[127.03125,37.563533],[127.030101,37.564115],[127.030094,37.565431],[127.036318,37.56472]]]}},{"type":"Feature","properties":{"code":"11200103","name":"홍익동","guCode":"11040","guName":"성동구","labelPoint":[127.031817,37.56732],"legalGuCode":"11200"},"geometry":{"type":"Polygon","coordinates":[[[127.028911,37.566213],[127.029116,37.566479],[127.029287,37.566618],[127.02969,37.566801],[127.029677,37.566865],[127.029534,37.566979],[127.029827,37.566945],[127.029965,37.567027],[127.030018,37.567623],[127.030111,37.567612],[127.030704,37.567781],[127.031254,37.567855],[127.031517,37.567947],[127.031618,37.568067],[127.031867,37.568226],[127.031968,37.568244],[127.032053,37.568168],[127.032389,37.568123],[127.033026,37.568193],[127.033255,37.568321],[127.033367,37.568688],[127.033465,37.568734],[127.033505,37.568838],[127.033276,37.568763],[127.03323,37.568927],[127.033083,37.568959],[127.032937,37.568914],[127.032811,37.568923],[127.032788,37.569126],[127.032659,37.569352],[127.03249,37.569294],[127.032438,37.569392],[127.032455,37.569533],[127.032403,37.569672],[127.03099,37.56929],[127.030394,37.569235],[127.030245,37.569262],[127.030289,37.569809],[127.031261,37.5698],[127.031567,37.569865],[127.032167,37.570087],[127.033518,37.56899],[127.033614,37.568432],[127.032886,37.568061],[127.034745,37.566242],[127.036494,37.566049],[127.036318,37.56472],[127.030094,37.565429],[127.0301,37.564115],[127.029135,37.564604],[127.029209,37.56459],[127.028962,37.564659],[127.029026,37.564742],[127.029115,37.564744],[127.02918,37.564843],[127.029249,37.565047],[127.029178,37.565057],[127.029299,37.565156],[127.029314,37.565376],[127.029384,37.565388],[127.029402,37.565486],[127.029315,37.565706],[127.029241,37.565699],[127.029218,37.565786],[127.029274,37.565823],[127.029252,37.565866],[127.028911,37.566213]]]}},{"type":"Feature","properties":{"code":"11200102","name":"하왕십리동","guCode":"11040","guName":"성동구","labelPoint":[127.028249,37.564312],"legalGuCode":"11200"},"geometry":{"type":"Polygon","coordinates":[[[127.022387,37.559027],[127.022759,37.559331],[127.023022,37.559693],[127.02322,37.559999],[127.02335,37.560663],[127.023463,37.560799],[127.023459,37.560727],[127.023464,37.560801],[127.023938,37.561375],[127.024188,37.561521],[127.024486,37.561855],[127.025412,37.56228],[127.025929,37.562603],[127.026526,37.563391],[127.026619,37.563581],[127.026651,37.563749],[127.026753,37.563894],[127.026697,37.564153],[127.026798,37.564198],[127.026757,37.564426],[127.026678,37.564504],[127.026735,37.564768],[127.026673,37.564794],[127.026766,37.564934],[127.026778,37.565039],[127.027227,37.56502],[127.027293,37.565341],[127.025827,37.565421],[127.024935,37.565676],[127.025058,37.565872],[127.025173,37.565966],[127.025349,37.566003],[127.025559,37.566123],[127.025473,37.566402],[127.02544,37.566803],[127.025536,37.56701],[127.025758,37.567243],[127.025906,37.567471],[127.025885,37.567576],[127.025838,37.567584],[127.025888,37.5689],[127.026434,37.570245],[127.026655,37.570171],[127.026678,37.570214],[127.026635,37.570228],[127.02675,37.570403],[127.026792,37.57039],[127.02721,37.570857],[127.027149,37.570573],[127.02888,37.57011],[127.030289,37.569809],[127.030245,37.569262],[127.030394,37.569235],[127.03099,37.56929],[127.032403,37.569672],[127.032455,37.569533],[127.032438,37.569392],[127.03249,37.569294],[127.032659,37.569352],[127.032788,37.569126],[127.032811,37.568923],[127.032937,37.568914],[127.033083,37.568959],[127.03323,37.568927],[127.033276,37.568763],[127.033505,37.568838],[127.033465,37.568734],[127.033367,37.568688],[127.033255,37.568321],[127.033026,37.568193],[127.032389,37.568123],[127.032053,37.568168],[127.031968,37.568244],[127.031867,37.568226],[127.031618,37.568067],[127.031517,37.567947],[127.031254,37.567855],[127.030704,37.567781],[127.030111,37.567612],[127.030014,37.567622],[127.029965,37.567027],[127.029827,37.566945],[127.029534,37.56698],[127.029677,37.566865],[127.02969,37.566801],[127.029287,37.566618],[127.029116,37.566479],[127.028911,37.566213],[127.029252,37.565866],[127.029274,37.565823],[127.029218,37.565786],[127.029241,37.565699],[127.029315,37.565706],[127.029402,37.565486],[127.029384,37.565388],[127.029314,37.565376],[127.029299,37.565156],[127.029178,37.565057],[127.029249,37.565047],[127.02918,37.564843],[127.029115,37.564744],[127.029026,37.564742],[127.028962,37.564659],[127.029494,37.564441],[127.030017,37.564141],[127.03078,37.563788],[127.031048,37.563616],[127.032503,37.563172],[127.033162,37.562862],[127.033533,37.562653],[127.034743,37.561755],[127.03474,37.561633],[127.033501,37.562577],[127.033354,37.562455],[127.033419,37.562385],[127.033257,37.562212],[127.033333,37.562158],[127.033232,37.562027],[127.033226,37.561948],[127.033152,37.561983],[127.03307,37.561868],[127.033224,37.561791],[127.033112,37.561643],[127.033051,37.561596],[127.032957,37.561646],[127.03291,37.56161],[127.032819,37.561654],[127.032726,37.561543],[127.032515,37.561579],[127.032474,37.561511],[127.032268,37.561536],[127.032379,37.561364],[127.032366,37.561185],[127.032457,37.561073],[127.032357,37.560992],[127.032066,37.560996],[127.032029,37.560772],[127.03188,37.560611],[127.031717,37.560662],[127.031676,37.560528],[127.03155,37.560557],[127.031435,37.560475],[127.031347,37.560478],[127.031058,37.560293],[127.030987,37.560325],[127.030817,37.560239],[127.030754,37.560349],[127.030463,37.560153],[127.030377,37.560244],[127.03016,37.560259],[127.030036,37.560218],[127.029889,37.5601],[127.02957,37.560217],[127.029527,37.560119],[127.029573,37.560116],[127.029469,37.560062],[127.029284,37.560054],[127.029239,37.560101],[127.028989,37.560118],[127.028974,37.560178],[127.028903,37.560198],[127.028869,37.560163],[127.028747,37.560268],[127.028502,37.560306],[127.028164,37.560283],[127.027988,37.560354],[127.027797,37.560338],[127.027868,37.560235],[127.027829,37.560203],[127.027845,37.560156],[127.027729,37.560037],[127.027521,37.559981],[127.027448,37.559876],[127.027229,37.559905],[127.026473,37.559275],[127.026315,37.559121],[127.026076,37.558613],[127.025482,37.558081],[127.02519,37.558001],[127.024304,37.557999],[127.024575,37.557747],[127.024221,37.55777],[127.023768,37.557726],[127.022946,37.557717],[127.022847,37.558957],[127.022387,37.559027]]]}},{"type":"Feature","properties":{"code":"11200101","name":"상왕십리동","guCode":"11040","guName":"성동구","labelPoint":[127.02468,37.568242],"legalGuCode":"11200"},"geometry":{"type":"Polygon","coordinates":[[[127.023391,37.571907],[127.024172,37.571435],[127.024585,37.571048],[127.025192,37.570852],[127.025497,37.570841],[127.025722,37.570909],[127.026161,37.571256],[127.027289,37.570923],[127.026792,37.57039],[127.02675,37.570403],[127.026635,37.570228],[127.026678,37.570214],[127.026655,37.570171],[127.026434,37.570245],[127.025888,37.5689],[127.025838,37.567584],[127.025885,37.567575],[127.025906,37.567471],[127.025758,37.567243],[127.025536,37.56701],[127.02544,37.566803],[127.025473,37.566402],[127.025559,37.566123],[127.025349,37.566003],[127.025173,37.565966],[127.025058,37.565872],[127.024936,37.565676],[127.025828,37.565421],[127.027293,37.565341],[127.027225,37.565019],[127.026795,37.565062],[127.023587,37.565162],[127.023391,37.571907]]]}},{"type":"Feature","properties":{"code":"11170136","name":"보광동","guCode":"11030","guName":"용산구","labelPoint":[127.000603,37.526838],"legalGuCode":"11170"},"geometry":{"type":"Polygon","coordinates":[[[126.997819,37.532598],[126.998058,37.5326],[127.000166,37.531946],[127.000431,37.531951],[127.000575,37.531908],[127.000837,37.531685],[127.001156,37.5315],[127.003352,37.53031],[127.003829,37.529324],[127.003794,37.529306],[127.003809,37.529276],[127.003733,37.529274],[127.003344,37.529019],[127.003159,37.528808],[127.003329,37.528744],[127.003268,37.528616],[127.003097,37.528507],[127.002924,37.528465],[127.002801,37.528159],[127.003311,37.527898],[127.003307,37.52787],[127.003501,37.527875],[127.003535,37.527758],[127.003497,37.52767],[127.003562,37.527623],[127.004091,37.527777],[127.004065,37.527784],[127.004407,37.527789],[127.004336,37.527759],[127.004202,37.527229],[127.004257,37.527012],[127.004435,37.526658],[127.004795,37.526355],[127.007654,37.524656],[127.006456,37.52344],[127.003189,37.521164],[127.001504,37.522829],[127.00115,37.522929],[127.000741,37.523213],[127.000788,37.52317],[127.000639,37.523036],[127.00003,37.522654],[126.999802,37.522825],[126.999767,37.522927],[126.999702,37.522951],[126.999737,37.522993],[126.999722,37.523072],[126.999245,37.523052],[126.999231,37.523005],[126.999047,37.522982],[126.999014,37.522925],[126.998871,37.522908],[126.998652,37.523121],[126.998448,37.523231],[126.998267,37.523154],[126.998138,37.523408],[126.99839,37.523527],[126.998349,37.523626],[126.998413,37.523654],[126.998299,37.523757],[126.998358,37.523803],[126.998423,37.52403],[126.998328,37.524337],[126.99836,37.524409],[126.997832,37.524611],[126.997398,37.524812],[126.997244,37.524923],[126.996976,37.524977],[126.996865,37.524938],[126.99681,37.524961],[126.996868,37.525124],[126.997042,37.525353],[126.996857,37.525441],[126.996746,37.525648],[126.996785,37.525723],[126.996708,37.52578],[126.99663,37.52577],[126.996595,37.525889],[126.996607,37.525935],[126.996731,37.525935],[126.996726,37.526032],[126.996832,37.526057],[126.996775,37.526288],[126.997004,37.526548],[126.996908,37.526606],[126.996963,37.526664],[126.996674,37.527162],[126.996375,37.527853],[126.996032,37.528131],[126.995903,37.528573],[126.99576,37.528731],[126.995711,37.529263],[126.996025,37.529706],[126.996232,37.530147],[126.996526,37.530542],[126.996578,37.53056],[126.996524,37.530593],[126.99687,37.531639],[126.997007,37.531804],[126.997345,37.532082],[126.997522,37.532302],[126.997803,37.53243],[126.997819,37.532598]]]}},{"type":"Feature","properties":{"code":"11170135","name":"용산동6가","guCode":"11030","guName":"용산구","labelPoint":[126.984116,37.516877],"legalGuCode":"11170"},"geometry":{"type":"Polygon","coordinates":[[[126.991534,37.527183],[126.991525,37.52705],[126.991675,37.526707],[126.991742,37.52629],[126.991569,37.525922],[126.991555,37.526006],[126.991526,37.525948],[126.991574,37.525726],[126.991901,37.525257],[126.991936,37.525138],[126.991639,37.525141],[126.991258,37.525046],[126.991157,37.524985],[126.990747,37.524284],[126.990655,37.523977],[126.990244,37.523509],[126.990147,37.523284],[126.990078,37.522811],[126.989975,37.522717],[126.989877,37.52242],[126.989741,37.522305],[126.989523,37.522212],[126.989177,37.522151],[126.988897,37.521994],[126.988799,37.521901],[126.988618,37.521468],[126.987973,37.520974],[126.987724,37.520524],[126.987778,37.520481],[126.987842,37.519246],[126.986352,37.519207],[126.985634,37.519108],[126.985635,37.519152],[126.985253,37.519139],[126.98547,37.516227],[126.990684,37.513096],[126.98554,37.506543],[126.982413,37.506539],[126.98242,37.514425],[126.982511,37.515999],[126.981577,37.51645],[126.982806,37.516542],[126.982817,37.517213],[126.982909,37.51723],[126.982916,37.517695],[126.983124,37.517733],[126.982919,37.517722],[126.982946,37.51947],[126.982099,37.519652],[126.981784,37.519536],[126.981502,37.519619],[126.981699,37.51976],[126.980892,37.519897],[126.979587,37.520231],[126.977196,37.520981],[126.976801,37.521119],[126.976947,37.52143],[126.976453,37.521586],[126.976607,37.521636],[126.976989,37.52152],[126.977717,37.523012],[126.978015,37.523386],[126.978145,37.52364],[126.978222,37.523808],[126.978239,37.524011],[126.979967,37.526014],[126.979987,37.52618],[126.981294,37.526131],[126.981601,37.526166],[126.983357,37.526613],[126.985831,37.52714],[126.987546,37.527151],[126.988591,37.527046],[126.989625,37.527171],[126.991534,37.527183]]]}},{"type":"Feature","properties":{"code":"11170134","name":"주성동","guCode":"11030","guName":"용산구","labelPoint":[127.000163,37.521552],"legalGuCode":"11170"},"geometry":{"type":"Polygon","coordinates":[[[127.003189,37.521164],[127.000792,37.519501],[126.998939,37.518324],[126.997608,37.521397],[126.997564,37.521379],[126.997498,37.521707],[126.997352,37.521891],[126.997516,37.522108],[126.997437,37.522659],[126.997772,37.5231],[126.997765,37.523272],[126.997808,37.523383],[126.997738,37.523473],[126.997817,37.523608],[126.997721,37.523671],[126.99772,37.523837],[126.997752,37.523983],[126.997867,37.52413],[126.997694,37.524261],[126.99775,37.524395],[126.997479,37.524468],[126.99736,37.524707],[126.997398,37.524812],[126.99836,37.524409],[126.998328,37.524337],[126.998423,37.52403],[126.998358,37.523803],[126.998299,37.523757],[126.998413,37.523654],[126.998349,37.523626],[126.99839,37.523527],[126.998138,37.523408],[126.998267,37.523154],[126.998448,37.523231],[126.998652,37.523121],[126.998871,37.522908],[126.999014,37.522925],[126.999047,37.522982],[126.999231,37.523005],[126.999245,37.523052],[126.999722,37.523072],[126.999737,37.522993],[126.999702,37.522951],[126.999767,37.522927],[126.999802,37.522825],[127.00003,37.522654],[127.000639,37.523036],[127.000788,37.52317],[127.000741,37.523213],[127.00115,37.522929],[127.001504,37.522829],[127.003189,37.521164]]]}},{"type":"Feature","properties":{"code":"11170133","name":"서빙고동","guCode":"11030","guName":"용산구","labelPoint":[126.991163,37.519124],"legalGuCode":"11170"},"geometry":{"type":"Polygon","coordinates":[[[126.997516,37.517423],[126.990684,37.513096],[126.98547,37.516227],[126.985253,37.519139],[126.985635,37.519152],[126.985634,37.519108],[126.986352,37.519207],[126.987842,37.519246],[126.987778,37.520481],[126.987724,37.520524],[126.987849,37.520795],[126.987973,37.520974],[126.988618,37.521468],[126.988799,37.521901],[126.988897,37.521994],[126.989177,37.522151],[126.989523,37.522212],[126.989832,37.522365],[126.989927,37.522524],[126.989975,37.522717],[126.990078,37.522811],[126.990147,37.523284],[126.990244,37.523509],[126.990655,37.523977],[126.990747,37.524284],[126.991108,37.524918],[126.991258,37.525046],[126.991829,37.525152],[126.992672,37.524442],[126.992641,37.524658],[126.992931,37.524259],[126.993179,37.524087],[126.993475,37.52395],[126.993869,37.523455],[126.993832,37.523443],[126.993899,37.523372],[126.993987,37.523346],[126.994186,37.522975],[126.99427,37.52273],[126.994453,37.522475],[126.994579,37.522043],[126.994619,37.52202],[126.994767,37.52156],[126.994978,37.521104],[126.995283,37.520744],[126.995558,37.520561],[126.995559,37.520526],[126.996022,37.520137],[126.997516,37.517423]]]}},{"type":"Feature","properties":{"code":"11170132","name":"동빙고동","guCode":"11030","guName":"용산구","labelPoint":[126.99579,37.523541],"legalGuCode":"11170"},"geometry":{"type":"Polygon","coordinates":[[[126.995735,37.529192],[126.99576,37.528731],[126.995903,37.528573],[126.996032,37.528131],[126.996375,37.527853],[126.996674,37.527162],[126.996963,37.526664],[126.996908,37.526606],[126.997004,37.526548],[126.996775,37.526288],[126.996832,37.526057],[126.996726,37.526032],[126.996731,37.525935],[126.996607,37.525935],[126.996595,37.525889],[126.99663,37.52577],[126.996708,37.52578],[126.996785,37.525723],[126.996746,37.525648],[126.996857,37.525441],[126.997042,37.525353],[126.996868,37.525124],[126.99681,37.524961],[126.996865,37.524938],[126.996976,37.524977],[126.997244,37.524923],[126.997398,37.524812],[126.99736,37.524707],[126.997479,37.524468],[126.99775,37.524395],[126.997694,37.524261],[126.997867,37.52413],[126.997752,37.523983],[126.99772,37.523837],[126.997721,37.523671],[126.997817,37.523608],[126.997738,37.523473],[126.997808,37.523383],[126.997765,37.523272],[126.997772,37.5231],[126.997437,37.522659],[126.997516,37.522108],[126.997352,37.521891],[126.997498,37.521707],[126.997564,37.521379],[126.997608,37.521397],[126.998939,37.518324],[126.997516,37.517423],[126.996022,37.520137],[126.995559,37.520526],[126.995558,37.520561],[126.995283,37.520744],[126.994978,37.521104],[126.994767,37.52156],[126.994619,37.52202],[126.994579,37.522043],[126.994453,37.522475],[126.99427,37.52273],[126.994186,37.522975],[126.993987,37.523346],[126.993899,37.523372],[126.993832,37.523443],[126.993869,37.523455],[126.993475,37.52395],[126.993179,37.524087],[126.992931,37.524259],[126.992641,37.524658],[126.992672,37.524442],[126.992166,37.524893],[126.991851,37.525112],[126.991829,37.525152],[126.991936,37.525138],[126.991941,37.52518],[126.991574,37.525726],[126.991526,37.525948],[126.991555,37.526006],[126.991569,37.525922],[126.991689,37.526172],[126.991742,37.52629],[126.99174,37.526419],[126.991675,37.526707],[126.991525,37.52705],[126.991534,37.527183],[126.99166,37.527185],[126.991383,37.529657],[126.991501,37.529732],[126.992025,37.529021],[126.992108,37.529067],[126.992237,37.528998],[126.992652,37.529181],[126.992767,37.529376],[126.993072,37.529251],[126.993152,37.529096],[126.993166,37.528918],[126.993471,37.528876],[126.993719,37.529004],[126.993852,37.529128],[126.99419,37.529064],[126.994837,37.528845],[126.995061,37.5289],[126.995735,37.529192]]]}},{"type":"Feature","properties":{"code":"11170131","name":"한남동","guCode":"11030","guName":"용산구","labelPoint":[127.006491,37.537151],"legalGuCode":"11170"},"geometry":{"type":"Polygon","coordinates":[[[127.004575,37.5498],[127.004572,37.54941],[127.004688,37.548685],[127.004956,37.548432],[127.005695,37.548282],[127.006076,37.548371],[127.006132,37.548212],[127.005875,37.547946],[127.005567,37.547525],[127.00533,37.547349],[127.005434,37.547064],[127.005306,37.546875],[127.005006,37.546221],[127.005017,37.546172],[127.007263,37.543857],[127.008999,37.544137],[127.009033,37.543978],[127.009033,37.542735],[127.008971,37.542299],[127.008778,37.542108],[127.008757,37.542],[127.009209,37.541275],[127.009279,37.541048],[127.009252,37.540573],[127.009409,37.540034],[127.00976,37.539623],[127.009831,37.539454],[127.009945,37.539388],[127.010715,37.539283],[127.011483,37.539009],[127.012612,37.539342],[127.012818,37.539265],[127.013215,37.538885],[127.013472,37.538912],[127.013874,37.539069],[127.013985,37.538967],[127.014027,37.53883],[127.014786,37.538797],[127.015,37.53854],[127.015032,37.538271],[127.015229,37.53833],[127.015449,37.538302],[127.015479,37.538232],[127.015673,37.538269],[127.015844,37.538167],[127.016403,37.537973],[127.016449,37.537896],[127.017292,37.537741],[127.01753,37.537652],[127.017439,37.533993],[127.015545,37.53243],[127.01502,37.532132],[127.013688,37.530878],[127.012291,37.529536],[127.010001,37.527042],[127.007654,37.524656],[127.004795,37.526355],[127.004435,37.526658],[127.004257,37.527012],[127.004202,37.527229],[127.004336,37.527759],[127.004407,37.527789],[127.004065,37.527784],[127.004091,37.527777],[127.003562,37.527623],[127.003497,37.52767],[127.003535,37.527758],[127.003501,37.527875],[127.003307,37.52787],[127.003311,37.527898],[127.002801,37.528159],[127.002924,37.528465],[127.003097,37.528507],[127.003268,37.528616],[127.003329,37.528744],[127.003159,37.528808],[127.003344,37.529019],[127.003733,37.529274],[127.003809,37.529276],[127.003794,37.529306],[127.003829,37.529324],[127.003352,37.53031],[127.001156,37.5315],[127.000837,37.531685],[127.000575,37.531908],[127.000431,37.531951],[127.000166,37.531946],[126.998058,37.5326],[126.997827,37.532597],[126.997496,37.532687],[126.997417,37.532875],[126.997501,37.532849],[126.997391,37.533124],[126.997272,37.533211],[126.997135,37.533226],[126.997172,37.533272],[126.997016,37.533451],[126.99697,37.533694],[126.997028,37.533944],[126.996997,37.534148],[126.996943,37.534247],[126.996759,37.53425],[126.996893,37.534265],[126.996849,37.534695],[126.997059,37.534708],[126.997013,37.535238],[126.996832,37.535212],[126.996663,37.535766],[126.996387,37.53605],[126.996103,37.536247],[126.996152,37.536499],[126.996101,37.53671],[126.996015,37.536676],[126.994953,37.537593],[126.994634,37.537972],[126.995131,37.53855],[126.995381,37.53876],[126.995378,37.538868],[126.995416,37.538852],[126.995355,37.539261],[126.99542,37.539431],[126.995589,37.53963],[126.996867,37.540491],[126.997602,37.540861],[126.997808,37.541264],[126.997881,37.542122],[126.997886,37.54221],[126.997597,37.542913],[126.997445,37.543164],[126.997081,37.543697],[126.996716,37.543966],[126.996645,37.54494],[126.99672,37.545056],[126.995822,37.546664],[126.99522,37.547232],[126.996355,37.547449],[126.996697,37.547816],[126.996747,37.54797],[126.99669,37.548081],[126.996755,37.548239],[126.996748,37.548521],[126.997378,37.549001],[126.997429,37.549159],[126.99766,37.549362],[126.998325,37.549695],[126.998608,37.549709],[126.998909,37.549795],[126.999094,37.549733],[127.000124,37.549818],[127.000522,37.550021],[127.0008,37.550013],[127.001109,37.549898],[127.001352,37.550028],[127.001684,37.55006],[127.002002,37.549954],[127.002198,37.549711],[127.002827,37.549633],[127.003421,37.550019],[127.004185,37.550145],[127.004336,37.550211],[127.004575,37.5498]]]}},{"type":"Feature","properties":{"code":"11170130","name":"이태원동","guCode":"11030","guName":"용산구","labelPoint":[126.991134,37.53886],"legalGuCode":"11170"},"geometry":{"type":"Polygon","coordinates":[[[126.997409,37.540739],[126.996867,37.540491],[126.995589,37.53963],[126.99542,37.539431],[126.995355,37.539261],[126.995416,37.538852],[126.995378,37.538868],[126.995381,37.53876],[126.995131,37.53855],[126.994634,37.537972],[126.994953,37.537593],[126.996015,37.536676],[126.996101,37.53671],[126.996152,37.536499],[126.996103,37.536247],[126.996387,37.53605],[126.996663,37.535766],[126.996832,37.535212],[126.997013,37.535238],[126.997059,37.534708],[126.996849,37.534695],[126.996893,37.534265],[126.996759,37.53425],[126.996943,37.534247],[126.996997,37.534148],[126.997028,37.533944],[126.99697,37.533694],[126.997049,37.533379],[126.997172,37.533272],[126.997135,37.533226],[126.997272,37.533211],[126.997391,37.533124],[126.997501,37.532849],[126.997417,37.532875],[126.997496,37.532687],[126.997819,37.532598],[126.997803,37.53243],[126.997522,37.532302],[126.997345,37.532082],[126.997007,37.531804],[126.99687,37.531639],[126.996524,37.530593],[126.996578,37.53056],[126.996526,37.530542],[126.996232,37.530147],[126.996025,37.529706],[126.995711,37.529263],[126.995735,37.529192],[126.995061,37.5289],[126.994837,37.528845],[126.99419,37.529064],[126.993852,37.529128],[126.993719,37.529004],[126.993471,37.528876],[126.993166,37.528918],[126.993152,37.529096],[126.993072,37.529251],[126.992767,37.529376],[126.992652,37.529181],[126.99238,37.529037],[126.992237,37.528998],[126.992108,37.529067],[126.992025,37.529021],[126.988204,37.534247],[126.988138,37.534247],[126.988077,37.534328],[126.987302,37.534593],[126.987298,37.534649],[126.987088,37.534721],[126.987084,37.53476],[126.987183,37.534833],[126.987075,37.536196],[126.986899,37.537048],[126.98687,37.537047],[126.986645,37.537997],[126.986674,37.538143],[126.986636,37.538182],[126.98687,37.538236],[126.986885,37.538483],[126.986819,37.538655],[126.988349,37.54305],[126.988515,37.543255],[126.98875,37.543405],[126.989039,37.543691],[126.988943,37.543698],[126.989494,37.544049],[126.989802,37.545054],[126.989869,37.545049],[126.990278,37.546559],[126.990929,37.547164],[126.991563,37.547887],[126.992796,37.548515],[126.993325,37.548869],[126.994009,37.54841],[126.994184,37.547998],[126.994305,37.54788],[126.994351,37.547647],[126.994459,37.547488],[126.994697,37.547365],[126.99522,37.547232],[126.995822,37.546664],[126.99672,37.545056],[126.996645,37.54494],[126.996716,37.543966],[126.997081,37.543697],[126.997445,37.543164],[126.997597,37.542913],[126.997886,37.54221],[126.997808,37.541264],[126.997602,37.540861],[126.997409,37.540739]]]}},{"type":"Feature","properties":{"code":"11170129","name":"이촌동","guCode":"11030","guName":"용산구","labelPoint":[126.966409,37.518602],"legalGuCode":"11170"},"geometry":{"type":"Polygon","coordinates":[[[126.954414,37.531121],[126.954603,37.53102],[126.954711,37.531027],[126.954779,37.530724],[126.9545,37.530196],[126.954457,37.529948],[126.954603,37.528488],[126.954707,37.528163],[126.955201,37.527328],[126.955864,37.527135],[126.95694,37.526972],[126.956879,37.525546],[126.95699,37.525423],[126.957519,37.524974],[126.958098,37.524607],[126.960312,37.52329],[126.961135,37.522921],[126.962043,37.522723],[126.96207,37.522754],[126.962555,37.522624],[126.963107,37.522309],[126.963493,37.522137],[126.964024,37.521964],[126.964825,37.521812],[126.965657,37.521768],[126.965947,37.521777],[126.966775,37.521902],[126.969311,37.522597],[126.969377,37.52244],[126.970185,37.52279],[126.970625,37.522803],[126.97093,37.522697],[126.972318,37.522508],[126.976352,37.521274],[126.979587,37.520231],[126.980892,37.519897],[126.981699,37.51976],[126.981502,37.519619],[126.981784,37.519536],[126.982099,37.519652],[126.982946,37.51947],[126.982919,37.517722],[126.983124,37.517733],[126.982916,37.517695],[126.982909,37.51723],[126.982817,37.517213],[126.982806,37.516542],[126.981577,37.51645],[126.982511,37.515999],[126.98242,37.514425],[126.982413,37.506539],[126.978188,37.506557],[126.975247,37.507019],[126.970121,37.509007],[126.966857,37.509899],[126.964974,37.510818],[126.962585,37.512619],[126.9619,37.51309],[126.96119,37.513459],[126.959805,37.513956],[126.954708,37.516033],[126.949887,37.517514],[126.949878,37.527029],[126.947417,37.530163],[126.947113,37.530632],[126.951263,37.530634],[126.951506,37.5306],[126.951785,37.530634],[126.95346,37.530634],[126.954414,37.531121]]]}},{"type":"Feature","properties":{"code":"11140101","name":"무교동","guCode":"11020","guName":"중구","labelPoint":[126.979055,37.568056],"legalGuCode":"11140"},"geometry":{"type":"Polygon","coordinates":[[[126.979866,37.569037],[126.979801,37.568565],[126.979786,37.566912],[126.979208,37.56692],[126.97921,37.566978],[126.978901,37.566969],[126.978875,37.567059],[126.97877,37.567037],[126.978721,37.567094],[126.978614,37.567119],[126.978459,37.567237],[126.97872,37.56752],[126.978688,37.567588],[126.978613,37.567567],[126.978442,37.567769],[126.978453,37.567802],[126.978332,37.567895],[126.978279,37.56804],[126.978349,37.568073],[126.978214,37.568186],[126.978037,37.568609],[126.977844,37.568937],[126.9779,37.569206],[126.979866,37.569037]]]}},{"type":"Feature","properties":{"code":"11110187","name":"무악동","guCode":"11010","guName":"종로구","labelPoint":[126.95876,37.576813],"legalGuCode":"11110"},"geometry":{"type":"Polygon","coordinates":[[[126.957202,37.579819],[126.957263,37.579842],[126.957303,37.580025],[126.957283,37.580141],[126.95761,37.58035],[126.957828,37.580431],[126.95806,37.580445],[126.958191,37.580529],[126.958713,37.580501],[126.959313,37.580279],[126.959751,37.580006],[126.960055,37.579721],[126.960421,37.579264],[126.960609,37.579111],[126.960854,37.579003],[126.961036,37.578862],[126.961215,37.578425],[126.961873,37.577984],[126.962231,37.577689],[126.962294,37.577762],[126.962653,37.577652],[126.962865,37.577534],[126.962423,37.57714],[126.962369,37.576842],[126.962238,37.576783],[126.962075,37.57636],[126.962009,37.576291],[126.962088,37.576138],[126.962059,37.575956],[126.961943,37.575725],[126.961964,37.575425],[126.961814,37.575197],[126.961768,37.575013],[126.96186,37.574753],[126.961554,37.574453],[126.961168,37.574214],[126.960961,37.574018],[126.960792,37.57362],[126.960593,37.573352],[126.960486,37.573379],[126.960416,37.573347],[126.960352,37.57338],[126.960024,37.573333],[126.959924,37.573285],[126.959936,37.573258],[126.959889,37.573265],[126.95982,37.573156],[126.959769,37.573135],[126.959717,37.573166],[126.959404,37.57305],[126.958338,37.574098],[126.956373,37.575681],[126.955634,37.576595],[126.955449,37.576545],[126.954706,37.577399],[126.954672,37.577509],[126.953559,37.578749],[126.95363,37.578818],[126.953981,37.578955],[126.955107,37.579296],[126.955231,37.579427],[126.955678,37.579684],[126.957202,37.579819]]]}},{"type":"Feature","properties":{"code":"11110186","name":"신영동","guCode":"11010","guName":"종로구","labelPoint":[126.96162,37.602999],"legalGuCode":"11110"},"geometry":{"type":"Polygon","coordinates":[[[126.961733,37.607138],[126.962534,37.605753],[126.962649,37.605713],[126.962696,37.605614],[126.962809,37.605525],[126.962754,37.605226],[126.962803,37.605097],[126.962974,37.604993],[126.962913,37.604851],[126.963112,37.604577],[126.963162,37.604051],[126.964034,37.604028],[126.96403,37.603922],[126.964129,37.603617],[126.964209,37.603522],[126.964422,37.60341],[126.964631,37.603469],[126.964721,37.603434],[126.964999,37.602937],[126.964922,37.602785],[126.965418,37.602085],[126.965478,37.601939],[126.965398,37.601848],[126.96489,37.60193],[126.964807,37.601864],[126.964915,37.601798],[126.964832,37.601611],[126.964885,37.601586],[126.964913,37.60148],[126.964835,37.601486],[126.964969,37.60071],[126.965246,37.60052],[126.96548,37.600165],[126.965319,37.599112],[126.964933,37.599007],[126.964816,37.599077],[126.964259,37.599124],[126.963673,37.599032],[126.963573,37.599066],[126.96334,37.598962],[126.963081,37.599077],[126.962978,37.599004],[126.96276,37.599068],[126.962647,37.599152],[126.962171,37.599164],[126.96172,37.599285],[126.961534,37.599375],[126.961327,37.599386],[126.960351,37.599965],[126.960035,37.600249],[126.959947,37.600402],[126.959792,37.600422],[126.959677,37.600565],[126.959675,37.600655],[126.959392,37.600973],[126.959418,37.601009],[126.959319,37.601068],[126.959304,37.601149],[126.959181,37.601152],[126.958913,37.601264],[126.959055,37.601331],[126.95908,37.601366],[126.959049,37.601414],[126.959209,37.601497],[126.959347,37.601487],[126.959338,37.601554],[126.959165,37.601571],[126.95912,37.60168],[126.95892,37.60165],[126.958734,37.601708],[126.958689,37.601812],[126.958354,37.601889],[126.958224,37.602071],[126.958226,37.602148],[126.958158,37.602248],[126.958161,37.602335],[126.958092,37.602489],[126.958119,37.602656],[126.958191,37.602715],[126.958206,37.602891],[126.958315,37.603062],[126.958312,37.603184],[126.958201,37.603366],[126.958187,37.603525],[126.958432,37.603605],[126.958691,37.603752],[126.958737,37.603827],[126.958545,37.604118],[126.958609,37.604586],[126.958815,37.604671],[126.959335,37.604745],[126.959764,37.604855],[126.959823,37.604791],[126.959828,37.604601],[126.959958,37.604602],[126.959898,37.604878],[126.959838,37.604967],[126.959741,37.605005],[126.959641,37.605197],[126.959632,37.605364],[126.959702,37.60564],[126.960147,37.60597],[126.960449,37.606332],[126.960664,37.606729],[126.960876,37.606827],[126.960993,37.606932],[126.961197,37.606875],[126.961327,37.606906],[126.961424,37.606958],[126.961451,37.607069],[126.961733,37.607138]]]}},{"type":"Feature","properties":{"code":"11110185","name":"홍지동","guCode":"11010","guName":"종로구","labelPoint":[126.95635,37.60061],"legalGuCode":"11110"},"geometry":{"type":"Polygon","coordinates":[[[126.958187,37.603525],[126.958201,37.603366],[126.958312,37.603184],[126.958315,37.603062],[126.958206,37.602891],[126.958191,37.602715],[126.958119,37.602656],[126.958092,37.602489],[126.958161,37.602335],[126.958158,37.602248],[126.958226,37.602148],[126.958224,37.602071],[126.958354,37.601889],[126.958689,37.601812],[126.958734,37.601708],[126.95892,37.60165],[126.95912,37.60168],[126.959165,37.601571],[126.959338,37.601554],[126.959347,37.601487],[126.959209,37.601497],[126.959049,37.601414],[126.95908,37.601366],[126.959055,37.601331],[126.958913,37.601264],[126.959181,37.601152],[126.959304,37.601149],[126.959319,37.601068],[126.959418,37.601009],[126.959392,37.600973],[126.959675,37.600655],[126.959677,37.600565],[126.959792,37.600422],[126.959947,37.600402],[126.960035,37.600249],[126.960351,37.599965],[126.961158,37.599485],[126.960987,37.599371],[126.960888,37.599168],[126.960763,37.599116],[126.960728,37.599024],[126.960413,37.598874],[126.960412,37.598551],[126.960321,37.598463],[126.960348,37.598382],[126.960261,37.598156],[126.96035,37.597962],[126.960258,37.597531],[126.960291,37.597481],[126.959942,37.596909],[126.959589,37.596884],[126.959429,37.596789],[126.959203,37.596756],[126.958706,37.596368],[126.95853,37.596722],[126.958398,37.597143],[126.958269,37.597789],[126.958042,37.598156],[126.957714,37.598367],[126.957308,37.598531],[126.956747,37.598575],[126.956738,37.59869],[126.956781,37.598747],[126.956599,37.598869],[126.956541,37.598828],[126.956011,37.599111],[126.955493,37.599217],[126.955411,37.599274],[126.954881,37.599309],[126.954201,37.599084],[126.954141,37.599098],[126.954032,37.598916],[126.953943,37.598862],[126.953922,37.59877],[126.953841,37.598673],[126.953644,37.598612],[126.953408,37.598566],[126.953238,37.598595],[126.953061,37.598759],[126.953011,37.598936],[126.953046,37.599074],[126.953299,37.599365],[126.953381,37.599531],[126.953379,37.599643],[126.953321,37.599767],[126.953362,37.600168],[126.95323,37.600436],[126.952905,37.600711],[126.952888,37.60085],[126.952597,37.601229],[126.952469,37.601623],[126.95255,37.601887],[126.952495,37.601999],[126.952451,37.602318],[126.952375,37.602476],[126.95267,37.602713],[126.952707,37.602895],[126.953276,37.603663],[126.953415,37.604215],[126.953567,37.604479],[126.953763,37.60469],[126.953934,37.604787],[126.954424,37.604574],[126.954529,37.604595],[126.954702,37.604524],[126.954865,37.604296],[126.955135,37.604152],[126.955301,37.603931],[126.955459,37.603809],[126.955558,37.603654],[126.955709,37.603584],[126.955959,37.603539],[126.956282,37.603713],[126.956438,37.603653],[126.95656,37.603729],[126.957188,37.603902],[126.957342,37.604074],[126.957461,37.603974],[126.957878,37.603851],[126.958062,37.6036],[126.958187,37.603525]]]}},{"type":"Feature","properties":{"code":"11110184","name":"부암동","guCode":"11010","guName":"종로구","labelPoint":[126.962672,37.593486],"legalGuCode":"11110"},"geometry":{"type":"Polygon","coordinates":[[[126.965478,37.601939],[126.965565,37.601985],[126.965832,37.601579],[126.966307,37.601211],[126.966551,37.601236],[126.966854,37.601363],[126.966996,37.601464],[126.967475,37.60163],[126.96768,37.601456],[126.968147,37.601345],[126.968351,37.601165],[126.968575,37.600735],[126.969048,37.600602],[126.969255,37.600642],[126.969369,37.600747],[126.96961,37.60063],[126.969897,37.600723],[126.970178,37.600709],[126.971074,37.600781],[126.971463,37.601035],[126.97162,37.60101],[126.971935,37.600703],[126.972291,37.600199],[126.9728,37.599957],[126.973337,37.599845],[126.973772,37.59981],[126.97415,37.599573],[126.974606,37.599442],[126.976185,37.599378],[126.976449,37.599117],[126.976808,37.598957],[126.977208,37.59864],[126.977142,37.598455],[126.976719,37.597906],[126.976556,37.59809],[126.976417,37.598037],[126.976684,37.597719],[126.976561,37.597495],[126.976202,37.597152],[126.975971,37.596832],[126.975884,37.596548],[126.975537,37.596029],[126.975091,37.59583],[126.975037,37.595735],[126.97503,37.595595],[126.975083,37.595485],[126.975154,37.594995],[126.975152,37.594757],[126.974618,37.594534],[126.974566,37.594398],[126.974249,37.594129],[126.97416,37.594003],[126.974116,37.593842],[126.973602,37.593364],[126.973587,37.593271],[126.973413,37.593215],[126.973314,37.59323],[126.972613,37.59368],[126.971895,37.593875],[126.97175,37.593829],[126.971547,37.593681],[126.971142,37.593699],[126.970983,37.593829],[126.970791,37.593876],[126.970476,37.593635],[126.970113,37.593511],[126.969842,37.593473],[126.969614,37.5935],[126.968923,37.593363],[126.968786,37.593381],[126.96864,37.593464],[126.968242,37.59359],[126.968045,37.593591],[126.967323,37.593242],[126.966588,37.592972],[126.966396,37.5928],[126.966338,37.592826],[126.96633,37.592703],[126.966518,37.592603],[126.966504,37.592555],[126.966456,37.592563],[126.966388,37.592361],[126.966384,37.592081],[126.966318,37.591878],[126.966036,37.591552],[126.965931,37.591458],[126.965732,37.591411],[126.96516,37.59139],[126.965006,37.591336],[126.96469,37.591119],[126.964576,37.59097],[126.964303,37.590263],[126.964113,37.58998],[126.964143,37.589578],[126.964243,37.589339],[126.964239,37.589137],[126.964195,37.589057],[126.963797,37.588733],[126.963566,37.588467],[126.963507,37.58826],[126.963173,37.587864],[126.963042,37.587819],[126.962949,37.58783],[126.9624,37.587521],[126.962323,37.587189],[126.962392,37.587035],[126.962248,37.586909],[126.961988,37.58684],[126.961667,37.586652],[126.960772,37.586324],[126.96051,37.586258],[126.960345,37.586296],[126.959704,37.586046],[126.95948,37.586007],[126.959186,37.586096],[126.958871,37.585951],[126.95865,37.585779],[126.957823,37.585003],[126.957464,37.586025],[126.957374,37.58697],[126.957464,37.587954],[126.957327,37.588722],[126.957462,37.589516],[126.957483,37.590075],[126.95782,37.59146],[126.95781,37.592565],[126.957512,37.593061],[126.957517,37.593529],[126.958085,37.59394],[126.958541,37.594183],[126.958654,37.594463],[126.958854,37.594569],[126.959034,37.594789],[126.959051,37.595034],[126.958645,37.595863],[126.958706,37.596368],[126.959203,37.596756],[126.959429,37.596789],[126.959589,37.596884],[126.959942,37.596909],[126.960291,37.597481],[126.960258,37.597531],[126.96035,37.597962],[126.960261,37.598156],[126.960348,37.598382],[126.960321,37.598463],[126.960412,37.598551],[126.960413,37.598874],[126.960728,37.599024],[126.960763,37.599116],[126.960888,37.599168],[126.960987,37.599371],[126.961158,37.599485],[126.961327,37.599386],[126.961534,37.599375],[126.96172,37.599285],[126.962171,37.599164],[126.962647,37.599152],[126.96276,37.599068],[126.96299,37.599003],[126.963081,37.599077],[126.96334,37.598962],[126.963573,37.599066],[126.963673,37.599032],[126.964259,37.599124],[126.964816,37.599077],[126.964933,37.599007],[126.965319,37.599112],[126.96548,37.600165],[126.965246,37.60052],[126.964969,37.60071],[126.964835,37.601486],[126.964913,37.60148],[126.964885,37.601586],[126.964832,37.601611],[126.964915,37.601798],[126.964807,37.601864],[126.96489,37.60193],[126.965398,37.601848],[126.965478,37.601939]]]}},{"type":"Feature","properties":{"code":"11110183","name":"평창동","guCode":"11010","guName":"종로구","labelPoint":[126.974941,37.613763],"legalGuCode":"11110"},"geometry":{"type":"Polygon","coordinates":[[[126.974957,37.629],[126.978419,37.629289],[126.979528,37.628893],[126.97993,37.628561],[126.980186,37.627928],[126.979868,37.627452],[126.979604,37.626375],[126.980909,37.62539],[126.98183,37.624323],[126.983648,37.621147],[126.983175,37.620199],[126.983164,37.619253],[126.983723,37.61777],[126.984399,37.616873],[126.984543,37.615999],[126.985163,37.615504],[126.985415,37.615141],[126.986584,37.613979],[126.986408,37.613547],[126.986138,37.613223],[126.98618,37.612981],[126.985648,37.611379],[126.985787,37.610898],[126.985859,37.610165],[126.985873,37.609464],[126.986301,37.609147],[126.986834,37.60887],[126.986703,37.608277],[126.986356,37.607849],[126.986396,37.607837],[126.986341,37.60783],[126.98625,37.607722],[126.986112,37.607391],[126.986374,37.606863],[126.986309,37.606508],[126.986755,37.606087],[126.986665,37.605067],[126.986787,37.604511],[126.986666,37.604017],[126.985935,37.603643],[126.985757,37.603452],[126.984738,37.603372],[126.984341,37.603121],[126.983982,37.603208],[126.982847,37.602144],[126.982566,37.602258],[126.980669,37.601623],[126.980475,37.601471],[126.980134,37.601459],[126.9798,37.601258],[126.979502,37.601222],[126.979208,37.601041],[126.978502,37.601],[126.97825,37.600798],[126.977935,37.600307],[126.977683,37.60023],[126.977416,37.599416],[126.977415,37.599101],[126.977208,37.59864],[126.976808,37.598957],[126.976449,37.599117],[126.976185,37.599378],[126.974606,37.599442],[126.97415,37.599573],[126.973772,37.59981],[126.973337,37.599845],[126.9728,37.599957],[126.972291,37.600199],[126.971935,37.600703],[126.97162,37.60101],[126.971463,37.601035],[126.971074,37.600781],[126.970178,37.600709],[126.969897,37.600723],[126.96961,37.60063],[126.969369,37.600747],[126.969255,37.600642],[126.969048,37.600602],[126.968575,37.600735],[126.968351,37.601165],[126.968147,37.601345],[126.96768,37.601456],[126.967475,37.60163],[126.966996,37.601464],[126.966854,37.601363],[126.966551,37.601236],[126.966307,37.601211],[126.965832,37.601579],[126.965565,37.601985],[126.965478,37.601939],[126.965418,37.602085],[126.964922,37.602785],[126.964999,37.602937],[126.964721,37.603434],[126.964631,37.603469],[126.964422,37.60341],[126.964209,37.603522],[126.964129,37.603617],[126.96403,37.603922],[126.964034,37.604028],[126.963162,37.604051],[126.963112,37.604577],[126.962913,37.604851],[126.962974,37.604993],[126.962803,37.605097],[126.962754,37.605226],[126.962809,37.605525],[126.962696,37.605614],[126.962649,37.605713],[126.962534,37.605753],[126.961733,37.607138],[126.961933,37.607166],[126.962078,37.607234],[126.962112,37.607355],[126.962415,37.607605],[126.962477,37.607718],[126.962487,37.607871],[126.96238,37.607976],[126.962056,37.608156],[126.962037,37.608248],[126.962081,37.608322],[126.96201,37.608458],[126.962334,37.609925],[126.96254,37.610409],[126.962139,37.610701],[126.962029,37.611506],[126.96269,37.612102],[126.962592,37.612624],[126.963108,37.613508],[126.963639,37.613996],[126.964088,37.614961],[126.964682,37.615863],[126.964746,37.616788],[126.96493,37.617433],[126.96481,37.618341],[126.964808,37.619195],[126.965329,37.620088],[126.965211,37.620757],[126.965335,37.621576],[126.965665,37.622171],[126.965989,37.623594],[126.966621,37.624342],[126.968163,37.624922],[126.968977,37.625638],[126.970486,37.62552],[126.971363,37.625921],[126.972735,37.625947],[126.973656,37.626432],[126.974371,37.627299],[126.974957,37.629]]]}},{"type":"Feature","properties":{"code":"11110182","name":"구기동","guCode":"11010","guName":"종로구","labelPoint":[126.957449,37.617992],"legalGuCode":"11110"},"geometry":{"type":"Polygon","coordinates":[[[126.958418,37.62947],[126.958814,37.629589],[126.96144,37.629959],[126.963767,37.629793],[126.964331,37.63036],[126.965228,37.630768],[126.966047,37.630816],[126.966802,37.630688],[126.967654,37.630743],[126.968236,37.63073],[126.969389,37.631016],[126.970583,37.631485],[126.971328,37.631619],[126.97303,37.632375],[126.973672,37.632031],[126.974453,37.63198],[126.975388,37.631733],[126.975073,37.631183],[126.974671,37.629805],[126.974957,37.629],[126.974371,37.627299],[126.973656,37.626432],[126.972735,37.625947],[126.971363,37.625921],[126.970486,37.62552],[126.968977,37.625638],[126.968163,37.624922],[126.966621,37.624342],[126.965989,37.623594],[126.965665,37.622171],[126.965335,37.621576],[126.965211,37.620757],[126.965329,37.620088],[126.964808,37.619195],[126.96481,37.618341],[126.96493,37.617433],[126.964746,37.616788],[126.964682,37.615863],[126.964088,37.614961],[126.963639,37.613996],[126.963108,37.613508],[126.962592,37.612624],[126.96269,37.612102],[126.962029,37.611506],[126.962139,37.610701],[126.96254,37.610409],[126.962334,37.609925],[126.96201,37.608458],[126.962081,37.608322],[126.962037,37.608248],[126.962056,37.608156],[126.96238,37.607976],[126.962487,37.607871],[126.962477,37.607718],[126.962415,37.607605],[126.962112,37.607355],[126.962078,37.607234],[126.961933,37.607166],[126.961451,37.607069],[126.961424,37.606958],[126.961301,37.606897],[126.961197,37.606875],[126.960993,37.606932],[126.960876,37.606827],[126.960664,37.606729],[126.960449,37.606332],[126.960147,37.60597],[126.959702,37.60564],[126.959632,37.605364],[126.959641,37.605197],[126.959741,37.605005],[126.959838,37.604967],[126.959898,37.604878],[126.959958,37.604602],[126.959828,37.604601],[126.959823,37.604791],[126.959764,37.604855],[126.959335,37.604745],[126.958815,37.604671],[126.958609,37.604586],[126.958536,37.604193],[126.95861,37.603982],[126.958737,37.603827],[126.958691,37.603752],[126.958343,37.603561],[126.958187,37.603525],[126.958062,37.6036],[126.957878,37.603851],[126.957461,37.603974],[126.957315,37.604073],[126.957188,37.603902],[126.957075,37.603857],[126.95656,37.603729],[126.956438,37.603653],[126.956282,37.603713],[126.956227,37.603699],[126.956084,37.603583],[126.955959,37.603539],[126.955709,37.603584],[126.955558,37.603654],[126.955459,37.603809],[126.955301,37.603931],[126.955135,37.604152],[126.954865,37.604296],[126.954702,37.604524],[126.954529,37.604595],[126.954424,37.604574],[126.953934,37.604787],[126.954061,37.605073],[126.953096,37.605503],[126.95271,37.605914],[126.952703,37.606315],[126.952586,37.606657],[126.952247,37.606886],[126.951744,37.607385],[126.951448,37.608015],[126.950596,37.608361],[126.950542,37.608866],[126.95033,37.609109],[126.950382,37.610582],[126.94981,37.611656],[126.950446,37.612867],[126.950712,37.613517],[126.95077,37.613861],[126.950565,37.615121],[126.950704,37.615529],[126.950448,37.616081],[126.950135,37.617642],[126.949836,37.618765],[126.949804,37.6193],[126.949907,37.619915],[126.949902,37.620922],[126.949232,37.622338],[126.948899,37.623271],[126.949002,37.624335],[126.949991,37.625719],[126.950413,37.62642],[126.951579,37.626556],[126.95198,37.626868],[126.952758,37.627066],[126.953493,37.627368],[126.954035,37.627359],[126.955205,37.628151],[126.955566,37.62825],[126.956379,37.62822],[126.956727,37.628618],[126.957467,37.629131],[126.958418,37.62947]]]}},{"type":"Feature","properties":{"code":"11110181","name":"행촌동","guCode":"11010","guName":"종로구","labelPoint":[126.962634,37.574607],"legalGuCode":"11110"},"geometry":{"type":"Polygon","coordinates":[[[126.962865,37.577534],[126.963077,37.577023],[126.962931,37.576579],[126.962974,37.576387],[126.963097,37.576246],[126.963127,37.576122],[126.963098,37.57612],[126.963109,37.575941],[126.963383,37.575509],[126.963467,37.575225],[126.963579,37.57446],[126.963549,37.574033],[126.963998,37.573552],[126.964134,37.573456],[126.964425,37.573061],[126.964609,37.572946],[126.964965,37.572906],[126.965234,37.572816],[126.965342,37.572686],[126.965452,37.572439],[126.965257,37.572417],[126.96513,37.572499],[126.965079,37.572477],[126.965015,37.572347],[126.964999,37.572213],[126.964875,37.572166],[126.964719,37.572208],[126.964579,37.572025],[126.964243,37.571921],[126.963982,37.571976],[126.963723,37.571433],[126.96358,37.571513],[126.962978,37.571648],[126.96255,37.571545],[126.962174,37.571625],[126.961781,37.571844],[126.961134,37.572404],[126.96065,37.572624],[126.960107,37.572959],[126.959879,37.573149],[126.95982,37.573156],[126.959889,37.573265],[126.959936,37.573258],[126.959924,37.573285],[126.960024,37.573333],[126.960352,37.57338],[126.960416,37.573347],[126.960486,37.573379],[126.960593,37.573352],[126.960792,37.57362],[126.960961,37.574018],[126.961168,37.574214],[126.961554,37.574453],[126.96186,37.574753],[126.961768,37.575013],[126.961814,37.575197],[126.961964,37.575425],[126.961943,37.575725],[126.962059,37.575956],[126.962088,37.576138],[126.962009,37.576291],[126.962075,37.57636],[126.962238,37.576783],[126.962369,37.576842],[126.962423,37.57714],[126.962865,37.577534]]]}},{"type":"Feature","properties":{"code":"11110180","name":"교북동","guCode":"11010","guName":"종로구","labelPoint":[126.961757,37.571379],"legalGuCode":"11110"},"geometry":{"type":"Polygon","coordinates":[[[126.95982,37.573156],[126.959879,37.573149],[126.960107,37.572959],[126.96065,37.572624],[126.961134,37.572404],[126.961937,37.571742],[126.962174,37.571625],[126.96255,37.571545],[126.962514,37.571459],[126.962274,37.571299],[126.962539,37.571041],[126.962747,37.570438],[126.962881,37.570465],[126.962933,37.57028],[126.963175,37.569814],[126.96291,37.569685],[126.960375,37.572083],[126.959404,37.57305],[126.959717,37.573166],[126.959769,37.573135],[126.95982,37.573156]]]}},{"type":"Feature","properties":{"code":"11110179","name":"홍파동","guCode":"11010","guName":"종로구","labelPoint":[126.963771,37.571163],"legalGuCode":"11110"},"geometry":{"type":"Polygon","coordinates":[[[126.965994,37.571593],[126.965759,37.571545],[126.965542,37.571583],[126.965306,37.571564],[126.965014,37.571505],[126.965171,37.571205],[126.965087,37.571121],[126.964908,37.571076],[126.964849,37.571118],[126.964622,37.570938],[126.96455,37.570977],[126.964507,37.570945],[126.964691,37.570856],[126.964604,37.570799],[126.96463,37.570724],[126.964512,37.57068],[126.96442,37.57053],[126.964081,37.570294],[126.964206,37.570219],[126.964,37.569917],[126.963658,37.569951],[126.963175,37.569814],[126.962933,37.57028],[126.962881,37.570465],[126.962747,37.570438],[126.962539,37.571041],[126.962274,37.571299],[126.962514,37.571459],[126.96255,37.571545],[126.962978,37.571648],[126.96358,37.571513],[126.963723,37.571433],[126.963982,37.571976],[126.964243,37.571921],[126.964579,37.572025],[126.964719,37.572208],[126.964875,37.572166],[126.964999,37.572213],[126.965015,37.572347],[126.965079,37.572477],[126.96513,37.572499],[126.965257,37.572417],[126.965457,37.572438],[126.965581,37.572006],[126.965994,37.571593]]]}},{"type":"Feature","properties":{"code":"11110178","name":"송월동","guCode":"11010","guName":"종로구","labelPoint":[126.965129,37.570191],"legalGuCode":"11110"},"geometry":{"type":"Polygon","coordinates":[[[126.965994,37.571593],[126.966189,37.571457],[126.966239,37.571342],[126.965903,37.57073],[126.965926,37.570531],[126.966085,37.570163],[126.96612,37.569929],[126.966459,37.569692],[126.966474,37.569625],[126.966581,37.569522],[126.966341,37.569388],[126.966115,37.569201],[126.965674,37.569086],[126.965552,37.568898],[126.965306,37.568846],[126.965059,37.568968],[126.964536,37.568753],[126.964224,37.569022],[126.964124,37.569233],[126.964077,37.569518],[126.964088,37.569802],[126.964002,37.56995],[126.964206,37.570219],[126.964081,37.570294],[126.96442,37.57053],[126.964512,37.57068],[126.96463,37.570724],[126.964604,37.570799],[126.964691,37.570856],[126.964546,37.570907],[126.964507,37.570945],[126.964528,37.570965],[126.964622,37.570938],[126.964849,37.571118],[126.964908,37.571076],[126.965087,37.571121],[126.965171,37.571205],[126.965014,37.571505],[126.965306,37.571564],[126.965542,37.571583],[126.965759,37.571545],[126.965994,37.571593]]]}},{"type":"Feature","properties":{"code":"11110177","name":"평동","guCode":"11010","guName":"종로구","labelPoint":[126.967092,37.567549],"legalGuCode":"11110"},"geometry":{"type":"Polygon","coordinates":[[[126.966581,37.569522],[126.966813,37.569384],[126.966809,37.56935],[126.966985,37.569304],[126.967493,37.569232],[126.967792,37.569249],[126.967942,37.569182],[126.968336,37.568637],[126.968511,37.568481],[126.96845,37.568481],[126.968582,37.568353],[126.968743,37.568308],[126.968995,37.568345],[126.969099,37.568248],[126.966698,37.56582],[126.965574,37.566912],[126.965842,37.567104],[126.965778,37.567197],[126.965822,37.567229],[126.965865,37.567201],[126.966006,37.567315],[126.965547,37.567783],[126.965172,37.568291],[126.964536,37.568753],[126.965059,37.568968],[126.965306,37.568846],[126.965552,37.568898],[126.965674,37.569086],[126.966115,37.569201],[126.966341,37.569388],[126.966581,37.569522]]]}},{"type":"Feature","properties":{"code":"11110154","name":"장사동","guCode":"11010","guName":"종로구","labelPoint":[126.994175,37.569073],"legalGuCode":"11110"},"geometry":{"type":"Polygon","coordinates":[[[126.995378,37.570134],[126.995446,37.569853],[126.99557,37.569652],[126.995894,37.569437],[126.996352,37.56889],[126.996353,37.568655],[126.992298,37.568335],[126.992268,37.568638],[126.992103,37.569256],[126.992152,37.569257],[126.992112,37.569287],[126.992134,37.569408],[126.992299,37.569693],[126.992299,37.570013],[126.995378,37.570134]]]}},{"type":"Feature","properties":{"code":"11110153","name":"돈의동","guCode":"11010","guName":"종로구","labelPoint":[126.990455,37.572021],"legalGuCode":"11110"},"geometry":{"type":"Polygon","coordinates":[[[126.991014,37.573358],[126.991215,37.572602],[126.991467,37.571915],[126.991784,37.570804],[126.990524,37.5707],[126.990486,37.571014],[126.990559,37.571047],[126.990486,37.571247],[126.990439,37.571238],[126.990344,37.571637],[126.990217,37.571642],[126.990172,37.571888],[126.990029,37.571895],[126.990027,37.571932],[126.989506,37.571864],[126.989468,37.572111],[126.989789,37.572151],[126.989747,37.572532],[126.989889,37.572581],[126.989852,37.57269],[126.989927,37.572779],[126.989887,37.572899],[126.990139,37.572932],[126.990222,37.572994],[126.990191,37.573125],[126.991014,37.573358]]]}},{"type":"Feature","properties":{"code":"11440116","name":"하중동","guCode":"11140","guName":"마포구","labelPoint":[126.927624,37.54273],"legalGuCode":"11440"},"geometry":{"type":"Polygon","coordinates":[[[126.929265,37.545866],[126.929404,37.545864],[126.929345,37.545652],[126.929094,37.545574],[126.929017,37.545409],[126.928726,37.545037],[126.928782,37.544848],[126.928753,37.544486],[126.928863,37.544166],[126.92887,37.544027],[126.928406,37.541433],[126.926502,37.541432],[126.926731,37.54415],[126.926673,37.544168],[126.926884,37.544423],[126.9271,37.544608],[126.927192,37.544861],[126.927335,37.545039],[126.927473,37.545321],[126.9274,37.545527],[126.927562,37.545581],[126.927776,37.545738],[126.927793,37.545997],[126.928101,37.545957],[126.928466,37.545765],[126.928673,37.546018],[126.928602,37.546171],[126.92884,37.546263],[126.929019,37.545892],[126.929265,37.545866]]]}},{"type":"Feature","properties":{"code":"11440115","name":"상수동","guCode":"11140","guName":"마포구","labelPoint":[126.924177,37.547018],"legalGuCode":"11440"},"geometry":{"type":"Polygon","coordinates":[[[126.920218,37.548326],[126.920595,37.548503],[126.92099,37.548585],[126.921908,37.549124],[126.922252,37.549525],[126.922999,37.550044],[126.923042,37.550175],[126.923177,37.550313],[126.92343,37.550481],[126.923745,37.550549],[126.923919,37.550704],[126.923951,37.550871],[126.924202,37.550935],[126.924232,37.551038],[126.924168,37.551296],[126.924159,37.55154],[126.924043,37.551906],[126.924052,37.55203],[126.924002,37.552111],[126.924156,37.552365],[126.924229,37.552341],[126.925557,37.552618],[126.928235,37.551126],[126.927878,37.550946],[126.927492,37.550552],[126.926852,37.54945],[126.927256,37.54848],[126.927483,37.548228],[126.92767,37.547937],[126.927616,37.547727],[126.927708,37.547521],[126.92754,37.547493],[126.927553,37.547302],[126.927506,37.547282],[126.927442,37.547031],[126.927501,37.547004],[126.927428,37.546919],[126.928288,37.546731],[126.928265,37.546703],[126.928422,37.546611],[126.928542,37.546256],[126.928673,37.546018],[126.928466,37.545766],[126.928022,37.545984],[126.927776,37.545984],[126.927777,37.545738],[126.927562,37.545582],[126.9274,37.545527],[126.927473,37.545321],[126.927335,37.54504],[126.927192,37.544862],[126.92711,37.544621],[126.926884,37.544424],[126.926673,37.544169],[126.926731,37.54415],[126.926502,37.541432],[126.921801,37.541429],[126.92179,37.544103],[126.92158,37.54405],[126.92158,37.544081],[126.922126,37.544449],[126.922194,37.544613],[126.922046,37.544751],[126.921984,37.544955],[126.921837,37.545033],[126.92171,37.545041],[126.921666,37.545169],[126.921579,37.545161],[126.921579,37.5452],[126.921656,37.545251],[126.921577,37.545384],[126.921319,37.545542],[126.921264,37.545542],[126.921087,37.545813],[126.920841,37.545756],[126.920707,37.545841],[126.920703,37.545868],[126.921031,37.546018],[126.920907,37.546168],[126.920831,37.546538],[126.92083,37.546732],[126.920905,37.547139],[126.920166,37.547257],[126.920037,37.547382],[126.9202,37.547752],[126.920174,37.547924],[126.920099,37.548024],[126.920078,37.548005],[126.920218,37.548326]]]}},{"type":"Feature","properties":{"code":"11440114","name":"창전동","guCode":"11140","guName":"마포구","labelPoint":[126.930069,37.550097],"legalGuCode":"11440"},"geometry":{"type":"Polygon","coordinates":[[[126.932691,37.554295],[126.933385,37.553865],[126.933945,37.553451],[126.933595,37.553277],[126.933384,37.553121],[126.933128,37.552839],[126.93303,37.551624],[126.932952,37.551253],[126.932944,37.550442],[126.932876,37.549753],[126.932626,37.548073],[126.932587,37.547613],[126.932636,37.547439],[126.932411,37.546547],[126.932412,37.546306],[126.931804,37.545439],[126.931428,37.545235],[126.930965,37.545187],[126.930576,37.545038],[126.930451,37.545038],[126.930241,37.545205],[126.929892,37.545339],[126.930061,37.545578],[126.929345,37.545652],[126.929404,37.545864],[126.929371,37.54584],[126.929019,37.545892],[126.92884,37.546263],[126.928602,37.546171],[126.928422,37.54661],[126.928265,37.546702],[126.928288,37.546731],[126.927428,37.546919],[126.9275,37.547004],[126.927442,37.54703],[126.927506,37.547282],[126.927553,37.547301],[126.92754,37.547492],[126.927708,37.547521],[126.927616,37.547726],[126.92767,37.547937],[126.927483,37.548227],[126.927256,37.548479],[126.926852,37.54945],[126.927492,37.550552],[126.927878,37.550946],[126.928235,37.551125],[126.925557,37.552618],[126.924229,37.552341],[126.924156,37.552364],[126.924198,37.552452],[126.924195,37.55262],[126.924797,37.552766],[126.925004,37.552917],[126.92517,37.553109],[126.925365,37.553192],[126.925555,37.55322],[126.92644,37.553146],[126.926884,37.553199],[126.928322,37.553506],[126.928789,37.55365],[126.929681,37.554211],[126.930177,37.554667],[126.93025,37.554693],[126.930675,37.554688],[126.931188,37.55462],[126.932094,37.554699],[126.932691,37.554295]]]}},{"type":"Feature","properties":{"code":"11440113","name":"구수동","guCode":"11140","guName":"마포구","labelPoint":[126.932821,37.546076],"legalGuCode":"11440"},"geometry":{"type":"Polygon","coordinates":[[[126.933953,37.545041],[126.933744,37.545148],[126.933399,37.545129],[126.933269,37.545079],[126.933011,37.544887],[126.932896,37.544627],[126.932916,37.544542],[126.933102,37.544474],[126.933115,37.544333],[126.933029,37.544217],[126.933109,37.544132],[126.932989,37.544068],[126.932895,37.543956],[126.932817,37.543935],[126.932742,37.54402],[126.93247,37.544168],[126.931937,37.5444],[126.931794,37.544419],[126.931617,37.544351],[126.931317,37.544418],[126.930884,37.544418],[126.930682,37.545027],[126.930722,37.545038],[126.930576,37.545038],[126.930965,37.545187],[126.931428,37.545235],[126.931804,37.54544],[126.932326,37.546169],[126.932412,37.546306],[126.932411,37.546547],[126.932636,37.547439],[126.932587,37.547613],[126.932626,37.548073],[126.932942,37.547918],[126.933583,37.547867],[126.933724,37.547742],[126.934062,37.547653],[126.933964,37.547564],[126.933789,37.547253],[126.933567,37.547264],[126.933499,37.547103],[126.933579,37.546948],[126.933525,37.546911],[126.933213,37.546916],[126.933243,37.546621],[126.933084,37.546497],[126.933055,37.546421],[126.933255,37.546242],[126.933333,37.546245],[126.933414,37.545972],[126.93346,37.545983],[126.933523,37.545862],[126.933539,37.545746],[126.933471,37.545675],[126.933571,37.545531],[126.933553,37.545359],[126.933632,37.545381],[126.933781,37.545319],[126.93371,37.545262],[126.933953,37.545041]]]}},{"type":"Feature","properties":{"code":"11170128","name":"한강로3가","guCode":"11030","guName":"용산구","labelPoint":[126.959906,37.527933],"legalGuCode":"11170"},"geometry":{"type":"Polygon","coordinates":[[[126.963798,37.534315],[126.964018,37.533728],[126.964163,37.532911],[126.964225,37.532918],[126.964266,37.532716],[126.964694,37.532549],[126.964892,37.532431],[126.966617,37.530722],[126.966848,37.530574],[126.966848,37.530481],[126.967244,37.530234],[126.967219,37.530085],[126.966895,37.529742],[126.9667,37.529601],[126.966487,37.529553],[126.964753,37.527703],[126.965063,37.526542],[126.965964,37.526002],[126.967503,37.527609],[126.969297,37.526523],[126.9699,37.526494],[126.970301,37.5264],[126.970133,37.526011],[126.970078,37.525152],[126.969643,37.524658],[126.970005,37.523741],[126.970018,37.523506],[126.970698,37.523416],[126.971326,37.523419],[126.971625,37.523352],[126.971996,37.523038],[126.972002,37.522551],[126.97093,37.522697],[126.970625,37.522803],[126.970185,37.52279],[126.969377,37.52244],[126.969311,37.522597],[126.966775,37.521902],[126.965947,37.521777],[126.964825,37.521812],[126.96387,37.522004],[126.963035,37.522342],[126.962555,37.522624],[126.96207,37.522754],[126.962043,37.522723],[126.961135,37.522921],[126.960932,37.523004],[126.960312,37.52329],[126.958098,37.524607],[126.957519,37.524974],[126.956879,37.525546],[126.95694,37.526972],[126.955864,37.527135],[126.955201,37.527328],[126.954707,37.528163],[126.954603,37.528488],[126.954457,37.529948],[126.9545,37.530196],[126.954779,37.530724],[126.954711,37.531027],[126.954603,37.53102],[126.954414,37.531121],[126.955377,37.531856],[126.955781,37.532086],[126.956445,37.532587],[126.956841,37.532827],[126.957704,37.533154],[126.958304,37.533051],[126.958672,37.533057],[126.959664,37.533476],[126.959873,37.533498],[126.960268,37.533472],[126.961634,37.533261],[126.962311,37.533359],[126.962658,37.533459],[126.962874,37.533584],[126.963407,37.534092],[126.963798,37.534315]]]}},{"type":"Feature","properties":{"code":"11170127","name":"용산동5가","guCode":"11030","guName":"용산구","labelPoint":[126.97485,37.525581],"legalGuCode":"11170"},"geometry":{"type":"Polygon","coordinates":[[[126.980154,37.529518],[126.980071,37.526177],[126.979987,37.52618],[126.979967,37.526014],[126.978239,37.524011],[126.978222,37.523808],[126.978145,37.52364],[126.978015,37.523386],[126.977717,37.523012],[126.976989,37.52152],[126.976607,37.521636],[126.976453,37.521586],[126.976947,37.52143],[126.976801,37.521119],[126.972318,37.522508],[126.972002,37.522551],[126.971996,37.523038],[126.971625,37.523352],[126.971326,37.523419],[126.970698,37.523416],[126.970018,37.523506],[126.970005,37.523741],[126.969643,37.524658],[126.970078,37.525152],[126.970133,37.526011],[126.970301,37.5264],[126.9699,37.526494],[126.969297,37.526523],[126.96782,37.527417],[126.96795,37.527544],[126.969116,37.527382],[126.969241,37.52799],[126.969237,37.52837],[126.969449,37.529281],[126.969677,37.529344],[126.971345,37.530081],[126.972463,37.529936],[126.97414,37.529428],[126.97636,37.529203],[126.980084,37.529668],[126.980131,37.529631],[126.980154,37.529518]]]}},{"type":"Feature","properties":{"code":"11170126","name":"용산동3가","guCode":"11030","guName":"용산구","labelPoint":[126.977305,37.532173],"legalGuCode":"11170"},"geometry":{"type":"Polygon","coordinates":[[[126.980609,37.534749],[126.980311,37.532985],[126.980154,37.529518],[126.980131,37.529631],[126.980084,37.529668],[126.97636,37.529203],[126.97414,37.529428],[126.972463,37.529936],[126.97195,37.530026],[126.971936,37.530122],[126.972692,37.531104],[126.973372,37.531283],[126.973537,37.532329],[126.974136,37.532018],[126.974685,37.532443],[126.975332,37.53285],[126.975479,37.533614],[126.974732,37.533895],[126.974461,37.533847],[126.974302,37.53428],[126.974496,37.534337],[126.974295,37.534762],[126.974589,37.534737],[126.974953,37.534815],[126.974845,37.535124],[126.97504,37.535114],[126.975019,37.535092],[126.975758,37.534568],[126.980609,37.534749]]]}},{"type":"Feature","properties":{"code":"11170125","name":"한강로2가","guCode":"11030","guName":"용산구","labelPoint":[126.969586,37.531193],"legalGuCode":"11170"},"geometry":{"type":"Polygon","coordinates":[[[126.968718,37.533706],[126.968896,37.533681],[126.969423,37.534244],[126.970443,37.535843],[126.970536,37.535863],[126.970504,37.536112],[126.970683,37.536553],[126.971398,37.536339],[126.97131,37.536155],[126.971722,37.536031],[126.971811,37.536211],[126.971973,37.536162],[126.971878,37.535984],[126.973189,37.535578],[126.971864,37.534244],[126.971967,37.534181],[126.971093,37.533244],[126.971298,37.533201],[126.972062,37.532746],[126.973143,37.5325],[126.972504,37.531827],[126.973372,37.531283],[126.972692,37.531104],[126.971936,37.530122],[126.97195,37.530026],[126.971345,37.530081],[126.969677,37.529344],[126.969449,37.529281],[126.969237,37.52837],[126.969241,37.52799],[126.969116,37.527382],[126.96795,37.527544],[126.96782,37.527417],[126.967503,37.527609],[126.965964,37.526002],[126.965063,37.526542],[126.964753,37.527703],[126.966487,37.529553],[126.9667,37.529601],[126.966895,37.529742],[126.967219,37.530085],[126.967244,37.530234],[126.966848,37.530481],[126.966848,37.530574],[126.966617,37.530722],[126.964892,37.532431],[126.964694,37.532549],[126.964266,37.532716],[126.964225,37.532918],[126.964163,37.532911],[126.964018,37.533728],[126.963798,37.534315],[126.964015,37.53439],[126.964902,37.534478],[126.966977,37.53403],[126.968718,37.533706]]]}},{"type":"Feature","properties":{"code":"11170124","name":"한강로1가","guCode":"11030","guName":"용산구","labelPoint":[126.973755,37.535781],"legalGuCode":"11170"},"geometry":{"type":"Polygon","coordinates":[[[126.973306,37.540376],[126.974026,37.53764],[126.974762,37.537671],[126.974767,37.537588],[126.974873,37.537595],[126.974991,37.535541],[126.975106,37.535161],[126.975178,37.535106],[126.974845,37.535124],[126.974953,37.534815],[126.974589,37.534737],[126.974295,37.534762],[126.974496,37.534337],[126.974302,37.53428],[126.974348,37.534123],[126.974461,37.533847],[126.974732,37.533895],[126.975479,37.533614],[126.975332,37.53285],[126.974685,37.532443],[126.974141,37.532021],[126.973537,37.532329],[126.973375,37.531304],[126.972504,37.531827],[126.973143,37.5325],[126.972062,37.532746],[126.971298,37.533201],[126.971093,37.533244],[126.971967,37.534181],[126.971864,37.534244],[126.973189,37.535578],[126.971878,37.535984],[126.971973,37.536162],[126.971811,37.536211],[126.971722,37.536031],[126.97131,37.536155],[126.971398,37.536339],[126.970683,37.536553],[126.970929,37.53754],[126.970938,37.537715],[126.970857,37.53791],[126.970862,37.539406],[126.971086,37.539408],[126.971076,37.539955],[126.971457,37.53996],[126.971813,37.540123],[126.971826,37.540081],[126.973306,37.540376]]]}},{"type":"Feature","properties":{"code":"11170123","name":"신계동","guCode":"11030","guName":"용산구","labelPoint":[126.966756,37.535444],"legalGuCode":"11170"},"geometry":{"type":"Polygon","coordinates":[[[126.966889,37.53764],[126.967407,37.537275],[126.967781,37.536928],[126.968169,37.536466],[126.968505,37.535874],[126.96872,37.535278],[126.968811,37.534754],[126.968806,37.534241],[126.968718,37.533706],[126.966977,37.53403],[126.964902,37.534478],[126.964015,37.53439],[126.963798,37.534315],[126.963407,37.534092],[126.962874,37.533584],[126.962658,37.533459],[126.962337,37.533364],[126.961634,37.533261],[126.960985,37.533337],[126.960544,37.533432],[126.961088,37.534144],[126.96218,37.534719],[126.9625,37.534667],[126.962498,37.534628],[126.962888,37.534603],[126.962884,37.534722],[126.963006,37.534774],[126.964914,37.535271],[126.964791,37.53561],[126.965231,37.535656],[126.96542,37.537074],[126.965859,37.537193],[126.966889,37.53764]]]}},{"type":"Feature","properties":{"code":"11170122","name":"문배동","guCode":"11030","guName":"용산구","labelPoint":[126.969207,37.537101],"legalGuCode":"11170"},"geometry":{"type":"Polygon","coordinates":[[[126.971076,37.539955],[126.971086,37.539408],[126.970862,37.539406],[126.970857,37.53791],[126.970938,37.537715],[126.970929,37.53754],[126.970681,37.536536],[126.970504,37.536112],[126.970536,37.535863],[126.970443,37.535843],[126.969423,37.534244],[126.968896,37.533681],[126.968718,37.533706],[126.968806,37.534241],[126.968811,37.534754],[126.96872,37.535278],[126.968505,37.535874],[126.968169,37.536466],[126.967781,37.536928],[126.967407,37.537275],[126.966889,37.53764],[126.966945,37.537847],[126.967004,37.537974],[126.967617,37.538055],[126.96827,37.538195],[126.968901,37.538454],[126.969382,37.53871],[126.969835,37.539048],[126.970287,37.539479],[126.970779,37.540259],[126.970889,37.540574],[126.971075,37.540129],[126.971076,37.539955]]]}},{"type":"Feature","properties":{"code":"11170121","name":"용문동","guCode":"11030","guName":"용산구","labelPoint":[126.959937,37.537795],"legalGuCode":"11170"},"geometry":{"type":"Polygon","coordinates":[[[126.959092,37.539758],[126.95961,37.539647],[126.959692,37.539607],[126.95964,37.539511],[126.959886,37.539451],[126.960557,37.539324],[126.960613,37.539447],[126.961124,37.539316],[126.961982,37.539068],[126.962192,37.538992],[126.962177,37.538957],[126.96256,37.538838],[126.963642,37.538537],[126.963826,37.538454],[126.963934,37.538462],[126.963771,37.538326],[126.96372,37.538057],[126.963626,37.538056],[126.963594,37.537534],[126.963535,37.537453],[126.9625,37.537357],[126.961946,37.537124],[126.961934,37.536746],[126.961986,37.53643],[126.96068,37.535934],[126.960662,37.535958],[126.960532,37.535875],[126.960628,37.535784],[126.960544,37.535703],[126.959974,37.535958],[126.959738,37.535703],[126.95947,37.53581],[126.959376,37.535684],[126.95913,37.535784],[126.959128,37.535814],[126.958685,37.535937],[126.958616,37.536032],[126.958667,37.536116],[126.958404,37.536351],[126.95844,37.536393],[126.958308,37.536476],[126.958066,37.536546],[126.956758,37.536431],[126.956542,37.536191],[126.95602,37.536289],[126.955451,37.537032],[126.956676,37.538182],[126.95734,37.538862],[126.958277,37.5385],[126.958174,37.538604],[126.958435,37.538717],[126.958492,37.538695],[126.958595,37.538832],[126.958525,37.538938],[126.959092,37.539758]]]}},{"type":"Feature","properties":{"code":"11170120","name":"도원동","guCode":"11030","guName":"용산구","labelPoint":[126.955616,37.538775],"legalGuCode":"11170"},"geometry":{"type":"Polygon","coordinates":[[[126.956639,37.540611],[126.956886,37.540499],[126.957078,37.54035],[126.957439,37.540211],[126.95803,37.540019],[126.958388,37.539983],[126.958589,37.539881],[126.958863,37.539842],[126.958852,37.53979],[126.959092,37.539758],[126.958525,37.538938],[126.958595,37.538832],[126.958492,37.538695],[126.958435,37.538717],[126.958174,37.538604],[126.958277,37.5385],[126.95734,37.538862],[126.956676,37.538182],[126.955442,37.537024],[126.955274,37.537241],[126.955016,37.53708],[126.954907,37.537192],[126.954533,37.536953],[126.954377,37.537097],[126.954221,37.537048],[126.954211,37.537113],[126.954132,37.537127],[126.954145,37.537079],[126.954065,37.537044],[126.953932,37.537156],[126.95398,37.537179],[126.953397,37.537484],[126.953397,37.537582],[126.953651,37.538335],[126.954096,37.538933],[126.954323,37.539014],[126.955185,37.539185],[126.955734,37.539471],[126.956066,37.539965],[126.956262,37.540126],[126.956639,37.540611]]]}},{"type":"Feature","properties":{"code":"11170119","name":"효창동","guCode":"11030","guName":"용산구","labelPoint":[126.959771,37.543466],"legalGuCode":"11170"},"geometry":{"type":"MultiPolygon","coordinates":[[[[126.964408,37.542955],[126.963964,37.542927],[126.962946,37.542593],[126.962954,37.542944],[126.962905,37.543169],[126.962954,37.543355],[126.963128,37.543553],[126.963576,37.543645],[126.964261,37.543668],[126.964123,37.543123],[126.964408,37.542955]]],[[[126.963394,37.547474],[126.963372,37.546803],[126.963317,37.546742],[126.962934,37.546772],[126.963057,37.546721],[126.963197,37.546722],[126.963161,37.54658],[126.962762,37.546067],[126.962541,37.545844],[126.962339,37.545432],[126.962264,37.544868],[126.962365,37.544505],[126.962267,37.54438],[126.962275,37.544248],[126.962031,37.544091],[126.962169,37.541843],[126.962178,37.541812],[126.962781,37.542197],[126.963353,37.542477],[126.964173,37.542612],[126.964602,37.542608],[126.964889,37.541445],[126.96486,37.541198],[126.964775,37.540954],[126.964198,37.540093],[126.964147,37.539527],[126.964339,37.539143],[126.964339,37.538802],[126.964255,37.538693],[126.964015,37.53856],[126.964015,37.538503],[126.963826,37.538454],[126.963642,37.538537],[126.962177,37.538957],[126.962192,37.538992],[126.961982,37.539068],[126.960613,37.539447],[126.960557,37.539324],[126.95964,37.539511],[126.959692,37.539607],[126.95961,37.539647],[126.958852,37.53979],[126.958863,37.539842],[126.958589,37.539881],[126.958388,37.539983],[126.958005,37.540025],[126.957175,37.540309],[126.956521,37.540703],[126.956718,37.540864],[126.956854,37.541136],[126.95695,37.541356],[126.956964,37.541483],[126.956935,37.541488],[126.956986,37.541637],[126.957312,37.541867],[126.957874,37.542096],[126.958176,37.542312],[126.958206,37.542515],[126.95835,37.542759],[126.958078,37.542913],[126.957584,37.542974],[126.957408,37.543226],[126.957536,37.543705],[126.957456,37.543839],[126.95745,37.544004],[126.957574,37.544224],[126.958107,37.544424],[126.957819,37.545142],[126.957908,37.545458],[126.958413,37.545508],[126.958718,37.545683],[126.958971,37.545746],[126.959122,37.545886],[126.959098,37.545901],[126.959316,37.546043],[126.959533,37.545973],[126.960051,37.546067],[126.960044,37.546159],[126.960132,37.546375],[126.960754,37.546994],[126.961077,37.547419],[126.96133,37.547518],[126.961701,37.547593],[126.962222,37.548128],[126.962202,37.548559],[126.962241,37.548623],[126.962937,37.548693],[126.963339,37.548642],[126.963314,37.548403],[126.963393,37.548393],[126.963394,37.547474]]]]}},{"type":"Feature","properties":{"code":"11170118","name":"원효로4가","guCode":"11030","guName":"용산구","labelPoint":[126.95014,37.532865],"legalGuCode":"11170"},"geometry":{"type":"Polygon","coordinates":[[[126.955216,37.534434],[126.954759,37.534364],[126.954768,37.534267],[126.954635,37.534265],[126.954479,37.534205],[126.954466,37.534139],[126.954589,37.534147],[126.954608,37.534087],[126.954703,37.534096],[126.954723,37.534047],[126.954543,37.534016],[126.954573,37.533618],[126.954702,37.533384],[126.954753,37.533402],[126.954771,37.533308],[126.954703,37.533239],[126.954676,37.533057],[126.954293,37.532391],[126.954692,37.532373],[126.955245,37.532497],[126.955645,37.532257],[126.955669,37.532186],[126.955781,37.532086],[126.955377,37.531856],[126.954414,37.531121],[126.95346,37.530634],[126.951785,37.530634],[126.951506,37.5306],[126.951263,37.530634],[126.947113,37.530632],[126.945477,37.532673],[126.947046,37.533948],[126.947502,37.533957],[126.947703,37.534028],[126.947684,37.534086],[126.947735,37.53412],[126.947431,37.534316],[126.947641,37.534329],[126.948211,37.534461],[126.94864,37.534451],[126.948956,37.534331],[126.949245,37.534168],[126.949735,37.534039],[126.949888,37.534013],[126.950259,37.534101],[126.950503,37.533944],[126.950745,37.533849],[126.950828,37.533934],[126.950979,37.533854],[126.951021,37.533888],[126.951263,37.53383],[126.95147,37.53396],[126.951547,37.534068],[126.951645,37.534072],[126.951672,37.533969],[126.951732,37.533925],[126.951829,37.534061],[126.951841,37.534156],[126.951669,37.534312],[126.952247,37.534534],[126.952324,37.53446],[126.952641,37.534575],[126.952645,37.534711],[126.95274,37.534784],[126.952793,37.534953],[126.952961,37.535136],[126.953097,37.535225],[126.953179,37.535201],[126.953315,37.535259],[126.953441,37.53525],[126.953487,37.535095],[126.953691,37.534985],[126.954735,37.534889],[126.954733,37.534823],[126.95496,37.534717],[126.955025,37.534597],[126.955151,37.534633],[126.955214,37.534539],[126.955216,37.534434]]]}},{"type":"Feature","properties":{"code":"11170117","name":"원효로3가","guCode":"11030","guName":"용산구","labelPoint":[126.95785,37.534315],"legalGuCode":"11170"},"geometry":{"type":"Polygon","coordinates":[[[126.960628,37.535784],[126.960792,37.535628],[126.960009,37.535204],[126.960226,37.534913],[126.960275,37.534778],[126.961139,37.534173],[126.960544,37.533432],[126.959873,37.533498],[126.959664,37.533476],[126.958672,37.533057],[126.958304,37.533051],[126.957704,37.533154],[126.956841,37.532827],[126.956445,37.532587],[126.955781,37.532086],[126.955669,37.532186],[126.955645,37.532257],[126.955245,37.532497],[126.954692,37.532373],[126.954293,37.532391],[126.954676,37.533057],[126.954703,37.533239],[126.954771,37.533308],[126.954753,37.533402],[126.954702,37.533384],[126.954573,37.533618],[126.954543,37.534016],[126.954723,37.534047],[126.954703,37.534096],[126.954608,37.534087],[126.954589,37.534147],[126.954466,37.534139],[126.954479,37.534205],[126.954635,37.534265],[126.954768,37.534267],[126.954759,37.534364],[126.955975,37.534519],[126.956073,37.53484],[126.956474,37.534725],[126.956541,37.535388],[126.956598,37.535465],[126.956654,37.535459],[126.956749,37.535524],[126.956799,37.535634],[126.95654,37.535799],[126.956559,37.535865],[126.956516,37.536042],[126.956542,37.536191],[126.956758,37.536431],[126.958066,37.536546],[126.958308,37.536476],[126.95844,37.536393],[126.958404,37.536351],[126.958667,37.536116],[126.958616,37.536032],[126.958685,37.535937],[126.959128,37.535814],[126.95913,37.535784],[126.959376,37.535684],[126.95947,37.53581],[126.959738,37.535703],[126.959974,37.535958],[126.960544,37.535703],[126.960628,37.535784]]]}},{"type":"Feature","properties":{"code":"11170116","name":"청암동","guCode":"11030","guName":"용산구","labelPoint":[126.94622,37.534266],"legalGuCode":"11170"},"geometry":{"type":"Polygon","coordinates":[[[126.948902,37.535627],[126.948941,37.535489],[126.949108,37.535245],[126.949139,37.535096],[126.949057,37.534882],[126.948981,37.534848],[126.948974,37.534807],[126.948967,37.534711],[126.949021,37.534684],[126.949071,37.534454],[126.949015,37.534296],[126.94864,37.534451],[126.948453,37.534475],[126.947431,37.534316],[126.947735,37.53412],[126.947684,37.534086],[126.947703,37.534028],[126.947502,37.533957],[126.947046,37.533948],[126.945477,37.532673],[126.944585,37.533781],[126.944932,37.534235],[126.944931,37.534317],[126.94482,37.534522],[126.945095,37.534962],[126.945562,37.534985],[126.94544,37.535183],[126.945648,37.535271],[126.945911,37.535487],[126.946275,37.535692],[126.946417,37.535738],[126.946525,37.535581],[126.947185,37.535374],[126.94738,37.53522],[126.947474,37.535305],[126.947386,37.535384],[126.947485,37.535828],[126.947586,37.535838],[126.947719,37.535664],[126.947845,37.535619],[126.948281,37.535654],[126.948408,37.535595],[126.948601,37.535579],[126.948786,37.535581],[126.948902,37.535627]]]}},{"type":"Feature","properties":{"code":"11170115","name":"산천동","guCode":"11030","guName":"용산구","labelPoint":[126.951126,37.535697],"legalGuCode":"11170"},"geometry":{"type":"Polygon","coordinates":[[[126.954065,37.537044],[126.954082,37.536784],[126.953925,37.536552],[126.953586,37.536304],[126.953523,37.536211],[126.953437,37.536261],[126.953372,37.536219],[126.953273,37.53604],[126.953262,37.535929],[126.953323,37.535863],[126.953321,37.535754],[126.953265,37.535548],[126.953096,37.53533],[126.953122,37.535252],[126.952793,37.534953],[126.95274,37.534784],[126.952645,37.534711],[126.952641,37.534575],[126.952324,37.53446],[126.952247,37.534534],[126.951669,37.534312],[126.951841,37.534156],[126.951829,37.534061],[126.951732,37.533925],[126.951672,37.533969],[126.951645,37.534072],[126.951547,37.534068],[126.95147,37.53396],[126.951263,37.53383],[126.951021,37.533888],[126.950979,37.533854],[126.950828,37.533934],[126.950745,37.533849],[126.950503,37.533944],[126.950259,37.534101],[126.949875,37.534013],[126.949245,37.534168],[126.949017,37.534301],[126.949071,37.534454],[126.949021,37.534684],[126.948967,37.534711],[126.948974,37.534807],[126.948981,37.534848],[126.949057,37.534882],[126.949139,37.535096],[126.949108,37.535245],[126.948941,37.535489],[126.948898,37.535644],[126.948997,37.535749],[126.949909,37.536047],[126.950604,37.536098],[126.951284,37.536288],[126.951464,37.536394],[126.951549,37.536541],[126.952114,37.536774],[126.953397,37.537582],[126.953397,37.537484],[126.95398,37.537179],[126.953932,37.537156],[126.954065,37.537044]]]}},{"type":"Feature","properties":{"code":"11170114","name":"신창동","guCode":"11030","guName":"용산구","labelPoint":[126.954936,37.535831],"legalGuCode":"11170"},"geometry":{"type":"Polygon","coordinates":[[[126.955451,37.537032],[126.95602,37.536289],[126.956542,37.536191],[126.956516,37.536042],[126.956559,37.535865],[126.95654,37.535799],[126.956799,37.535634],[126.956749,37.535524],[126.956654,37.535459],[126.956598,37.535465],[126.956541,37.535388],[126.956474,37.534725],[126.956073,37.53484],[126.955975,37.534519],[126.955724,37.534501],[126.955596,37.534449],[126.955467,37.534474],[126.955216,37.534434],[126.955214,37.534539],[126.955151,37.534633],[126.955025,37.534597],[126.95496,37.534717],[126.954733,37.534823],[126.954735,37.534889],[126.953822,37.534952],[126.953487,37.535095],[126.953441,37.53525],[126.953315,37.535259],[126.953179,37.535201],[126.953097,37.535225],[126.953122,37.535252],[126.953096,37.53533],[126.953237,37.535492],[126.953321,37.535754],[126.953323,37.535863],[126.953262,37.535929],[126.953273,37.53604],[126.953372,37.536219],[126.953437,37.536261],[126.953523,37.536211],[126.953586,37.536304],[126.953925,37.536552],[126.954082,37.536784],[126.954063,37.537066],[126.954145,37.537079],[126.954132,37.537127],[126.954211,37.537113],[126.954221,37.537048],[126.954377,37.537097],[126.954533,37.536953],[126.954907,37.537192],[126.955016,37.53708],[126.955274,37.537241],[126.955451,37.537032]]]}},{"type":"Feature","properties":{"code":"11170113","name":"원효로2가","guCode":"11030","guName":"용산구","labelPoint":[126.963333,37.536194],"legalGuCode":"11170"},"geometry":{"type":"Polygon","coordinates":[[[126.963934,37.538462],[126.964055,37.538524],[126.965339,37.538201],[126.966711,37.537746],[126.966889,37.53764],[126.965859,37.537193],[126.96542,37.537074],[126.965231,37.535656],[126.964791,37.53561],[126.964914,37.535271],[126.963006,37.534774],[126.962884,37.534722],[126.962888,37.534603],[126.962498,37.534628],[126.9625,37.534667],[126.96218,37.534719],[126.961139,37.534173],[126.960275,37.534778],[126.960226,37.534913],[126.960009,37.535204],[126.960792,37.535628],[126.960532,37.535875],[126.960662,37.535958],[126.96068,37.535934],[126.961986,37.53643],[126.961934,37.536746],[126.961946,37.537124],[126.9625,37.537357],[126.963535,37.537453],[126.963615,37.537599],[126.963626,37.538056],[126.96372,37.538057],[126.963771,37.538326],[126.963934,37.538462]]]}},{"type":"Feature","properties":{"code":"11170112","name":"원효로1가","guCode":"11030","guName":"용산구","labelPoint":[126.967378,37.539917],"legalGuCode":"11170"},"geometry":{"type":"Polygon","coordinates":[[[126.971056,37.541847],[126.970995,37.54101],[126.970899,37.540603],[126.970779,37.540259],[126.970469,37.539741],[126.970157,37.539332],[126.969835,37.539048],[126.969382,37.53871],[126.968901,37.538454],[126.96827,37.538195],[126.967617,37.538055],[126.967004,37.537974],[126.966889,37.53764],[126.966711,37.537746],[126.965569,37.538137],[126.964055,37.538524],[126.964015,37.538503],[126.964015,37.53856],[126.964212,37.538659],[126.964339,37.538802],[126.964339,37.539143],[126.964147,37.539527],[126.964198,37.540093],[126.964775,37.540954],[126.96486,37.541198],[126.964889,37.541501],[126.965165,37.541635],[126.966706,37.541609],[126.968141,37.54145],[126.968393,37.541579],[126.96842,37.541756],[126.968346,37.541899],[126.968457,37.542165],[126.970563,37.541516],[126.970949,37.541847],[126.971056,37.541847]]]}},{"type":"Feature","properties":{"code":"11170111","name":"청파동3가","guCode":"11030","guName":"용산구","labelPoint":[126.967597,37.543254],"legalGuCode":"11170"},"geometry":{"type":"Polygon","coordinates":[[[126.970986,37.544232],[126.971033,37.544003],[126.971026,37.543339],[126.971108,37.542725],[126.971056,37.541847],[126.970949,37.541847],[126.970563,37.541516],[126.968457,37.542165],[126.968346,37.541899],[126.96842,37.541756],[126.968393,37.541579],[126.968141,37.54145],[126.966706,37.541609],[126.965165,37.541635],[126.964889,37.541501],[126.964602,37.542608],[126.964173,37.542612],[126.963353,37.542477],[126.962781,37.542197],[126.962178,37.541812],[126.962169,37.541843],[126.962085,37.542861],[126.962064,37.543869],[126.962672,37.543851],[126.962914,37.543801],[126.963408,37.543947],[126.963718,37.544235],[126.963979,37.544418],[126.96401,37.544557],[126.964054,37.544595],[126.964934,37.545028],[126.965089,37.545149],[126.96547,37.545046],[126.96546,37.545007],[126.965796,37.544906],[126.966303,37.544829],[126.966789,37.544822],[126.966954,37.544871],[126.967142,37.544794],[126.967307,37.544821],[126.967457,37.544915],[126.967689,37.544754],[126.968086,37.544644],[126.96854,37.544375],[126.968862,37.544541],[126.96925,37.544609],[126.969468,37.544803],[126.969703,37.544854],[126.969896,37.544975],[126.970651,37.5451],[126.970669,37.544881],[126.970638,37.544872],[126.970676,37.544752],[126.970953,37.544271],[126.97093,37.544236],[126.970986,37.544232]],[[126.962905,37.543169],[126.962954,37.542944],[126.962946,37.542593],[126.963964,37.542927],[126.964408,37.542955],[126.964123,37.543123],[126.964261,37.543668],[126.963576,37.543645],[126.963128,37.543553],[126.962954,37.543355],[126.962905,37.543169]]]}},{"type":"Feature","properties":{"code":"11170110","name":"청파동2가","guCode":"11030","guName":"용산구","labelPoint":[126.966854,37.546048],"legalGuCode":"11170"},"geometry":{"type":"Polygon","coordinates":[[[126.963439,37.548673],[126.963404,37.548449],[126.963509,37.548366],[126.963817,37.548251],[126.96466,37.548175],[126.964673,37.548241],[126.965104,37.548137],[126.965788,37.548057],[126.966305,37.547714],[126.966232,37.547497],[126.96626,37.547367],[126.966507,37.547285],[126.966783,37.547266],[126.967116,37.547053],[126.96723,37.546806],[126.967365,37.54687],[126.96752,37.546831],[126.967709,37.547069],[126.967922,37.547086],[126.968705,37.547062],[126.96869,37.54702],[126.968786,37.546968],[126.969194,37.546854],[126.969626,37.546891],[126.970067,37.546888],[126.970073,37.546858],[126.970209,37.546858],[126.970215,37.546826],[126.970441,37.546858],[126.970686,37.546316],[126.970834,37.546371],[126.970906,37.546468],[126.970975,37.54631],[126.970998,37.544476],[126.971014,37.544402],[126.971105,37.544302],[126.971303,37.544249],[126.97093,37.544236],[126.970953,37.544271],[126.970676,37.544752],[126.970638,37.544872],[126.970669,37.544881],[126.970651,37.5451],[126.969896,37.544975],[126.969703,37.544854],[126.969468,37.544803],[126.96925,37.544609],[126.968862,37.544541],[126.96854,37.544375],[126.968086,37.544644],[126.967689,37.544754],[126.967457,37.544915],[126.967307,37.544821],[126.967142,37.544794],[126.966954,37.544871],[126.966789,37.544822],[126.966303,37.544829],[126.965796,37.544906],[126.96546,37.545007],[126.96547,37.545046],[126.965089,37.545149],[126.964934,37.545028],[126.964054,37.544595],[126.96401,37.544557],[126.963979,37.544418],[126.963718,37.544235],[126.963408,37.543947],[126.962914,37.543801],[126.962672,37.543851],[126.962064,37.543869],[126.962031,37.544091],[126.962275,37.544248],[126.962267,37.54438],[126.962365,37.544505],[126.962264,37.544868],[126.962339,37.545432],[126.962541,37.545844],[126.962917,37.546253],[126.963161,37.54658],[126.963197,37.546689],[126.963197,37.546722],[126.963057,37.546721],[126.962934,37.546772],[126.963317,37.546742],[126.963372,37.546803],[126.963393,37.548393],[126.963314,37.548403],[126.963307,37.548445],[126.963339,37.548642],[126.963439,37.548673]]]}},{"type":"Feature","properties":{"code":"11170109","name":"청파동1가","guCode":"11030","guName":"용산구","labelPoint":[126.967048,37.548939],"legalGuCode":"11170"},"geometry":{"type":"Polygon","coordinates":[[[126.970138,37.549614],[126.97012,37.5492],[126.970439,37.549128],[126.970119,37.549139],[126.970117,37.54909],[126.970371,37.54909],[126.970371,37.548796],[126.970397,37.549088],[126.970501,37.549082],[126.970699,37.548703],[126.970152,37.548277],[126.970098,37.548221],[126.97011,37.548159],[126.970752,37.54866],[126.970867,37.54866],[126.970771,37.548589],[126.970867,37.548299],[126.970848,37.546967],[126.970857,37.546588],[126.970906,37.546468],[126.970743,37.546319],[126.970686,37.546316],[126.970441,37.546858],[126.970215,37.546826],[126.970209,37.546858],[126.970073,37.546858],[126.970067,37.546888],[126.969626,37.546891],[126.969194,37.546854],[126.968786,37.546968],[126.96869,37.54702],[126.968705,37.547062],[126.967922,37.547086],[126.967709,37.547069],[126.96752,37.546831],[126.967365,37.54687],[126.96723,37.546806],[126.967116,37.547053],[126.966783,37.547266],[126.966507,37.547285],[126.96626,37.547367],[126.966232,37.547497],[126.966305,37.547714],[126.965788,37.548057],[126.965104,37.548137],[126.964673,37.548241],[126.96466,37.548175],[126.963817,37.548251],[126.963509,37.548366],[126.963404,37.548449],[126.963439,37.548673],[126.963731,37.548793],[126.963711,37.549254],[126.963898,37.549763],[126.964091,37.549565],[126.964213,37.549557],[126.964584,37.549748],[126.964633,37.54984],[126.965102,37.5501],[126.965286,37.550305],[126.965244,37.550378],[126.965336,37.550491],[126.965451,37.550506],[126.965609,37.550819],[126.966038,37.551182],[126.96628,37.551468],[126.966348,37.551445],[126.966364,37.551363],[126.966728,37.551227],[126.966788,37.551129],[126.966981,37.551009],[126.96699,37.550951],[126.967335,37.550664],[126.968101,37.550375],[126.968169,37.550297],[126.968166,37.550194],[126.96831,37.550105],[126.968451,37.550071],[126.968669,37.550121],[126.968933,37.549952],[126.969131,37.549894],[126.969298,37.549922],[126.969573,37.549597],[126.970138,37.549614]]]}},{"type":"Feature","properties":{"code":"11170108","name":"서계동","guCode":"11030","guName":"용산구","labelPoint":[126.966497,37.552692],"legalGuCode":"11170"},"geometry":{"type":"Polygon","coordinates":[[[126.969186,37.555662],[126.969168,37.554066],[126.969105,37.552854],[126.969149,37.55253],[126.969233,37.552316],[126.969405,37.552188],[126.969432,37.552113],[126.970364,37.551545],[126.970593,37.551182],[126.970674,37.55096],[126.970673,37.550818],[126.970571,37.550702],[126.970429,37.550631],[126.970248,37.550346],[126.970188,37.550144],[126.970138,37.549614],[126.969573,37.549597],[126.969298,37.549922],[126.969131,37.549894],[126.968933,37.549952],[126.968669,37.550121],[126.968451,37.550071],[126.96831,37.550105],[126.968166,37.550194],[126.968169,37.550297],[126.968101,37.550375],[126.967335,37.550664],[126.96699,37.550951],[126.966981,37.551009],[126.966788,37.551129],[126.966728,37.551227],[126.966364,37.551363],[126.966348,37.551445],[126.96628,37.551468],[126.966038,37.551182],[126.965609,37.550819],[126.965451,37.550506],[126.965336,37.550491],[126.965244,37.550378],[126.965286,37.550305],[126.96516,37.550148],[126.964633,37.54984],[126.964584,37.549748],[126.964277,37.549576],[126.96414,37.549544],[126.963969,37.549661],[126.963928,37.549744],[126.963772,37.549796],[126.963549,37.549948],[126.963488,37.550179],[126.963234,37.55046],[126.963187,37.550661],[126.962842,37.551024],[126.962397,37.551379],[126.962343,37.551549],[126.96338,37.552262],[126.964634,37.55337],[126.96571,37.554152],[126.967018,37.554548],[126.969186,37.555662]]]}},{"type":"Feature","properties":{"code":"11170107","name":"동자동","guCode":"11030","guName":"용산구","labelPoint":[126.972734,37.551514],"legalGuCode":"11170"},"geometry":{"type":"Polygon","coordinates":[[[126.969171,37.554876],[126.972408,37.554877],[126.972413,37.55465],[126.974347,37.553549],[126.97583,37.553389],[126.976426,37.553089],[126.976456,37.553517],[126.976561,37.553505],[126.976619,37.553303],[126.976585,37.553252],[126.976576,37.552962],[126.976696,37.552586],[126.976544,37.552607],[126.976453,37.552344],[126.976349,37.552413],[126.976227,37.552411],[126.976092,37.552318],[126.975735,37.552265],[126.975284,37.551926],[126.975298,37.551758],[126.975058,37.551484],[126.975116,37.551128],[126.975346,37.551109],[126.975459,37.551041],[126.975421,37.550977],[126.975396,37.550607],[126.97575,37.550231],[126.975724,37.550195],[126.9755,37.55028],[126.975316,37.550293],[126.975182,37.550198],[126.975233,37.550071],[126.975026,37.550027],[126.975135,37.549772],[126.975121,37.549731],[126.974707,37.54954],[126.974508,37.549576],[126.974448,37.549394],[126.97446,37.549234],[126.974341,37.549093],[126.97433,37.548923],[126.974195,37.548808],[126.973985,37.548761],[126.973933,37.549036],[126.973678,37.549203],[126.973489,37.549407],[126.972807,37.549797],[126.972804,37.549912],[126.971862,37.549821],[126.971848,37.549588],[126.971778,37.549467],[126.97011,37.548159],[126.970098,37.548221],[126.970152,37.548277],[126.970699,37.548703],[126.970501,37.549082],[126.970397,37.549088],[126.970371,37.548796],[126.970371,37.54909],[126.970117,37.54909],[126.970119,37.549139],[126.970436,37.549115],[126.97012,37.5492],[126.970163,37.549969],[126.970248,37.550346],[126.970429,37.550631],[126.970571,37.550702],[126.970673,37.550818],[126.970674,37.55096],[126.970593,37.551182],[126.970364,37.551545],[126.969432,37.552113],[126.969405,37.552188],[126.969233,37.552316],[126.969149,37.55253],[126.969105,37.552854],[126.969148,37.5534],[126.969171,37.554876]]]}},{"type":"Feature","properties":{"code":"11170106","name":"용산동1가","guCode":"11030","guName":"용산구","labelPoint":[126.976806,37.53977],"legalGuCode":"11170"},"geometry":{"type":"Polygon","coordinates":[[[126.978369,37.54596],[126.978792,37.54492],[126.97903,37.544435],[126.979067,37.543901],[126.979192,37.543616],[126.97902,37.542426],[126.979508,37.541376],[126.980401,37.539136],[126.980468,37.53794],[126.980402,37.537843],[126.980609,37.534749],[126.975758,37.534568],[126.975019,37.535092],[126.975178,37.535106],[126.975106,37.535161],[126.974991,37.535541],[126.974873,37.537595],[126.974767,37.537588],[126.974762,37.537671],[126.974026,37.53764],[126.973297,37.540404],[126.974656,37.540666],[126.973437,37.545292],[126.978369,37.54596]]]}},{"type":"Feature","properties":{"code":"11170105","name":"남영동","guCode":"11030","guName":"용산구","labelPoint":[126.973434,37.542593],"legalGuCode":"11170"},"geometry":{"type":"Polygon","coordinates":[[[126.973297,37.540404],[126.972213,37.544519],[126.972088,37.54511],[126.973437,37.545292],[126.974656,37.540666],[126.973297,37.540404]]]}},{"type":"Feature","properties":{"code":"11170104","name":"갈월동","guCode":"11030","guName":"용산구","labelPoint":[126.971573,37.544815],"legalGuCode":"11170"},"geometry":{"type":"Polygon","coordinates":[[[126.973985,37.548761],[126.97376,37.548725],[126.973682,37.548553],[126.97352,37.548412],[126.973454,37.548255],[126.973453,37.548144],[126.973258,37.547851],[126.973574,37.54767],[126.973637,37.547553],[126.973875,37.547502],[126.974051,37.547581],[126.974203,37.547575],[126.9743,37.547496],[126.974475,37.547204],[126.974577,37.547186],[126.974619,37.547026],[126.974821,37.547024],[126.974873,37.54707],[126.975052,37.546987],[126.974945,37.546858],[126.974991,37.546858],[126.974939,37.546797],[126.974603,37.546494],[126.974686,37.546393],[126.975089,37.546505],[126.975327,37.546765],[126.975283,37.546629],[126.975323,37.546608],[126.975272,37.54661],[126.975064,37.546435],[126.974938,37.546387],[126.975082,37.545584],[126.975328,37.545601],[126.975328,37.545545],[126.972088,37.54511],[126.972213,37.544519],[126.973306,37.540376],[126.971826,37.540081],[126.971813,37.540123],[126.971457,37.53996],[126.971076,37.539955],[126.971075,37.540129],[126.970889,37.540574],[126.970995,37.54101],[126.971108,37.542725],[126.971026,37.543339],[126.971033,37.544003],[126.970986,37.544232],[126.971303,37.544249],[126.971105,37.544302],[126.971014,37.544402],[126.970998,37.544476],[126.970984,37.54627],[126.970857,37.546588],[126.970867,37.548299],[126.970771,37.548589],[126.970867,37.54866],[126.970752,37.54866],[126.971778,37.549467],[126.971848,37.549588],[126.971862,37.549821],[126.972804,37.549912],[126.972807,37.549797],[126.973489,37.549407],[126.973678,37.549203],[126.973933,37.549036],[126.973985,37.548761]]]}},{"type":"Feature","properties":{"code":"11170103","name":"용산동4가","guCode":"11030","guName":"용산구","labelPoint":[126.985404,37.530964],"legalGuCode":"11170"},"geometry":{"type":"Polygon","coordinates":[[[126.9806,37.534824],[126.985992,37.535039],[126.988077,37.534328],[126.988138,37.534247],[126.988204,37.534247],[126.9915,37.529734],[126.991383,37.529655],[126.99166,37.527185],[126.989625,37.527171],[126.988591,37.527046],[126.987546,37.527151],[126.985831,37.52714],[126.983357,37.526613],[126.981601,37.526166],[126.981294,37.526131],[126.980071,37.526177],[126.980116,37.52888],[126.980258,37.532193],[126.98034,37.533233],[126.9806,37.534824]]]}},{"type":"Feature","properties":{"code":"11170102","name":"용산동2가","guCode":"11030","guName":"용산구","labelPoint":[126.983766,37.543123],"legalGuCode":"11170"},"geometry":{"type":"Polygon","coordinates":[[[126.978369,37.54596],[126.982373,37.54644],[126.983544,37.546523],[126.98541,37.547422],[126.986103,37.547855],[126.986584,37.547897],[126.986858,37.547749],[126.987182,37.548092],[126.987586,37.548839],[126.987341,37.549391],[126.987286,37.550044],[126.987463,37.550239],[126.987591,37.550567],[126.987559,37.55091],[126.987474,37.551136],[126.987725,37.551452],[126.988656,37.551553],[126.989159,37.551402],[126.989379,37.551277],[126.989476,37.551322],[126.989868,37.551261],[126.990245,37.551281],[126.990706,37.551118],[126.990996,37.550768],[126.991647,37.550271],[126.992371,37.55006],[126.992961,37.549518],[126.993111,37.549104],[126.993325,37.548869],[126.992796,37.548515],[126.991563,37.547887],[126.990929,37.547164],[126.990278,37.546559],[126.989869,37.545049],[126.989802,37.545054],[126.989494,37.544049],[126.988943,37.543698],[126.989039,37.543691],[126.98875,37.543405],[126.988494,37.543235],[126.98833,37.543011],[126.986819,37.538655],[126.986885,37.538483],[126.98687,37.538236],[126.986636,37.538182],[126.986674,37.538143],[126.986645,37.537997],[126.98687,37.537047],[126.986899,37.537048],[126.987075,37.536196],[126.987183,37.534833],[126.987084,37.53476],[126.987088,37.534721],[126.987298,37.534649],[126.987302,37.534593],[126.985992,37.535039],[126.9806,37.534824],[126.980402,37.537843],[126.980468,37.53794],[126.980401,37.539136],[126.979508,37.541376],[126.97902,37.542426],[126.979192,37.543616],[126.979067,37.543901],[126.97903,37.544435],[126.978792,37.54492],[126.978369,37.54596]]]}},{"type":"Feature","properties":{"code":"11170101","name":"후암동","guCode":"11030","guName":"용산구","labelPoint":[126.98155,37.55043],"legalGuCode":"11170"},"geometry":{"type":"Polygon","coordinates":[[[126.976456,37.553517],[126.97655,37.555221],[126.977258,37.555011],[126.978102,37.554415],[126.978795,37.554087],[126.978713,37.553795],[126.978732,37.553205],[126.979193,37.553285],[126.980352,37.553391],[126.980691,37.553671],[126.980847,37.553861],[126.981187,37.55381],[126.981719,37.553859],[126.98202,37.553794],[126.982198,37.553635],[126.982484,37.553478],[126.983309,37.553357],[126.983383,37.553271],[126.983683,37.553116],[126.984028,37.553039],[126.984623,37.553137],[126.985418,37.553705],[126.986108,37.553341],[126.986596,37.552581],[126.987052,37.552292],[126.987401,37.551825],[126.987424,37.551671],[126.987541,37.551507],[126.987725,37.551452],[126.987474,37.551136],[126.987559,37.55091],[126.987591,37.550567],[126.987463,37.550239],[126.987286,37.550044],[126.987341,37.549391],[126.987586,37.548839],[126.987182,37.548092],[126.986858,37.547749],[126.986584,37.547897],[126.986103,37.547855],[126.98541,37.547422],[126.983544,37.546523],[126.982411,37.546444],[126.980374,37.546218],[126.975328,37.545545],[126.975328,37.545601],[126.975082,37.545584],[126.974938,37.546387],[126.975064,37.546435],[126.975272,37.54661],[126.975323,37.546608],[126.975283,37.546629],[126.975327,37.546765],[126.975089,37.546505],[126.974686,37.546393],[126.974603,37.546494],[126.974939,37.546797],[126.974991,37.546858],[126.974945,37.546858],[126.975052,37.546987],[126.974873,37.54707],[126.974821,37.547024],[126.974619,37.547026],[126.974577,37.547186],[126.974475,37.547204],[126.9743,37.547496],[126.974203,37.547575],[126.974051,37.547581],[126.973875,37.547502],[126.973606,37.547563],[126.973574,37.54767],[126.973371,37.547761],[126.973252,37.54788],[126.973453,37.548144],[126.973454,37.548255],[126.97352,37.548412],[126.973682,37.548553],[126.97376,37.548725],[126.974195,37.548808],[126.97433,37.548923],[126.974341,37.549093],[126.97446,37.549234],[126.974448,37.549394],[126.974508,37.549576],[126.974707,37.54954],[126.975121,37.549731],[126.975135,37.549772],[126.975026,37.550027],[126.975233,37.550071],[126.975182,37.550198],[126.975316,37.550293],[126.9755,37.55028],[126.975724,37.550195],[126.97575,37.550231],[126.975396,37.550607],[126.975421,37.550977],[126.975459,37.551041],[126.975346,37.551109],[126.975116,37.551128],[126.975058,37.551484],[126.975298,37.551758],[126.975284,37.551926],[126.975735,37.552265],[126.976092,37.552318],[126.976227,37.552411],[126.976349,37.552413],[126.976453,37.552344],[126.976544,37.552607],[126.976696,37.552586],[126.976576,37.552962],[126.976585,37.553252],[126.976618,37.553307],[126.976561,37.553505],[126.976456,37.553517]]]}},{"type":"Feature","properties":{"code":"11140174","name":"만리동2가","guCode":"11020","guName":"중구","labelPoint":[126.964069,37.554289],"legalGuCode":"11140"},"geometry":{"type":"Polygon","coordinates":[[[126.964739,37.556672],[126.96494,37.556617],[126.965309,37.556326],[126.965461,37.556259],[126.965737,37.555944],[126.966488,37.555764],[126.966443,37.555652],[126.966488,37.555449],[126.966845,37.554708],[126.96681,37.554565],[126.966563,37.554514],[126.96662,37.554429],[126.965706,37.554149],[126.964634,37.55337],[126.963381,37.552262],[126.962343,37.551549],[126.962405,37.551648],[126.962287,37.551881],[126.962327,37.551991],[126.962289,37.552906],[126.962007,37.554035],[126.96204,37.554063],[126.961931,37.554448],[126.961774,37.554795],[126.961777,37.554982],[126.961978,37.555127],[126.962142,37.555531],[126.962363,37.555726],[126.962477,37.555911],[126.962772,37.556005],[126.962748,37.556053],[126.962791,37.55611],[126.963157,37.556533],[126.963357,37.556685],[126.963437,37.556854],[126.963424,37.556957],[126.963826,37.556828],[126.96434,37.556778],[126.964739,37.556672]]]}},{"type":"Feature","properties":{"code":"11140173","name":"만리동1가","guCode":"11020","guName":"중구","labelPoint":[126.967653,37.555854],"legalGuCode":"11140"},"geometry":{"type":"Polygon","coordinates":[[[126.969227,37.556835],[126.969187,37.555662],[126.967018,37.554548],[126.96662,37.554429],[126.966563,37.554514],[126.96681,37.554565],[126.966845,37.554708],[126.966488,37.555449],[126.966443,37.555652],[126.966488,37.555764],[126.965737,37.555944],[126.965461,37.556259],[126.965309,37.556326],[126.96494,37.556617],[126.964739,37.556672],[126.964709,37.556722],[126.964878,37.556725],[126.965032,37.556879],[126.965604,37.557106],[126.965632,37.557331],[126.965777,37.557233],[126.965772,37.55727],[126.965876,37.557345],[126.966411,37.55706],[126.966803,37.557105],[126.966954,37.556993],[126.967114,37.556988],[126.96765,37.55724],[126.967819,37.557039],[126.96801,37.557111],[126.968129,37.557112],[126.96828,37.557178],[126.968256,37.557205],[126.968386,37.557279],[126.968853,37.557059],[126.968809,37.556967],[126.969227,37.556835]]]}},{"type":"Feature","properties":{"code":"11110176","name":"교남동","guCode":"11010","guName":"종로구","labelPoint":[126.964553,37.568463],"legalGuCode":"11110"},"geometry":{"type":"Polygon","coordinates":[[[126.964,37.569917],[126.964088,37.569802],[126.964077,37.569518],[126.964124,37.569233],[126.964224,37.569022],[126.965172,37.568291],[126.965547,37.567783],[126.966006,37.567315],[126.965865,37.567201],[126.965822,37.567229],[126.965778,37.567197],[126.965842,37.567104],[126.965574,37.566912],[126.964,37.568634],[126.962913,37.569683],[126.963216,37.569839],[126.963658,37.569951],[126.964,37.569917]]]}},{"type":"Feature","properties":{"code":"11110175","name":"숭인동","guCode":"11010","guName":"종로구","labelPoint":[127.019356,37.576601],"legalGuCode":"11110"},"geometry":{"type":"Polygon","coordinates":[[[127.014828,37.582325],[127.014998,37.582154],[127.0151,37.582149],[127.015317,37.581987],[127.015374,37.581821],[127.015612,37.581779],[127.016358,37.581936],[127.016477,37.58182],[127.016683,37.581714],[127.016828,37.58143],[127.016812,37.581176],[127.016925,37.581038],[127.016868,37.580877],[127.017138,37.580722],[127.017277,37.580553],[127.017304,37.580248],[127.017577,37.579719],[127.017972,37.579516],[127.01828,37.579029],[127.018152,37.578615],[127.017802,37.578291],[127.017695,37.578139],[127.017806,37.577977],[127.017779,37.577961],[127.018019,37.577737],[127.018107,37.577578],[127.018418,37.577671],[127.018772,37.577518],[127.018914,37.577657],[127.019187,37.577762],[127.019187,37.577814],[127.019502,37.577908],[127.019371,37.57808],[127.020898,37.578693],[127.02148,37.578864],[127.021825,37.578862],[127.021981,37.578743],[127.022327,37.578629],[127.022513,37.578441],[127.022757,37.578335],[127.02253,37.578084],[127.022883,37.577827],[127.022976,37.577827],[127.023139,37.578021],[127.023182,37.576787],[127.023214,37.57675],[127.023185,37.576729],[127.023193,37.576474],[127.023358,37.571907],[127.022995,37.571983],[127.022436,37.572022],[127.021528,37.571926],[127.020755,37.571716],[127.019024,37.571013],[127.018862,37.571201],[127.01835,37.571246],[127.018005,37.571243],[127.017929,37.5712],[127.017138,37.571109],[127.016779,37.571115],[127.015753,37.571246],[127.015663,37.571361],[127.015693,37.572621],[127.015606,37.573239],[127.015667,37.574626],[127.015757,37.575305],[127.015552,37.576133],[127.015458,37.577621],[127.015341,37.57797],[127.015305,37.578863],[127.015433,37.578878],[127.015443,37.578934],[127.015378,37.579425],[127.015427,37.579569],[127.015401,37.57975],[127.015202,37.579822],[127.015349,37.580098],[127.015205,37.580233],[127.01509,37.580495],[127.014979,37.58057],[127.01501,37.580756],[127.014954,37.580825],[127.014964,37.581266],[127.014834,37.581709],[127.014734,37.582303],[127.014828,37.582325]]]}},{"type":"Feature","properties":{"code":"11110174","name":"창신동","guCode":"11010","guName":"종로구","labelPoint":[127.012004,37.575934],"legalGuCode":"11110"},"geometry":{"type":"Polygon","coordinates":[[[127.00799,37.578645],[127.008087,37.579384],[127.008472,37.579735],[127.008623,37.580021],[127.008638,37.58046],[127.010032,37.580279],[127.010589,37.580254],[127.011126,37.581044],[127.011789,37.581574],[127.012085,37.581585],[127.01286,37.581386],[127.013246,37.58145],[127.013447,37.581633],[127.014119,37.58182],[127.014224,37.582096],[127.014734,37.582303],[127.014834,37.581708],[127.014964,37.581266],[127.014953,37.580825],[127.015009,37.580756],[127.014979,37.58057],[127.01509,37.580495],[127.015205,37.580233],[127.015349,37.580098],[127.015202,37.579821],[127.015401,37.579749],[127.015427,37.579568],[127.015378,37.579424],[127.015443,37.578934],[127.015433,37.578878],[127.015305,37.578862],[127.015341,37.577969],[127.015458,37.577621],[127.015552,37.576133],[127.015757,37.575305],[127.015667,37.574626],[127.015606,37.573238],[127.015693,37.57262],[127.015663,37.57136],[127.015753,37.571246],[127.016779,37.571115],[127.017138,37.571109],[127.017929,37.571199],[127.018005,37.571242],[127.018862,37.571201],[127.019018,37.571016],[127.017767,37.57029],[127.017111,37.569964],[127.016104,37.569797],[127.015384,37.569739],[127.013077,37.569692],[127.012107,37.569766],[127.010035,37.569776],[127.01002,37.570029],[127.009844,37.570028],[127.010019,37.570067],[127.010014,37.570193],[127.009879,37.570179],[127.009665,37.570939],[127.009886,37.571005],[127.009968,37.571178],[127.009924,37.571273],[127.009768,37.571386],[127.009655,37.571585],[127.009704,37.571938],[127.009595,37.571962],[127.009497,37.572238],[127.009305,37.572431],[127.008922,37.572626],[127.008816,37.572856],[127.008857,37.573118],[127.008831,37.573404],[127.008905,37.573646],[127.008808,37.573819],[127.008769,37.57411],[127.008905,37.574718],[127.008792,37.575131],[127.008417,37.575767],[127.008396,37.5761],[127.008578,37.576592],[127.008561,37.576766],[127.008638,37.576986],[127.008649,37.577189],[127.008366,37.577477],[127.008318,37.577576],[127.008356,37.578071],[127.008055,37.578477],[127.00799,37.578645]]]}},{"type":"Feature","properties":{"code":"11110173","name":"명륜3가","guCode":"11010","guName":"종로구","labelPoint":[126.991574,37.587304],"legalGuCode":"11110"},"geometry":{"type":"Polygon","coordinates":[[[126.993487,37.586681],[126.993624,37.586725],[126.993383,37.587036],[126.993463,37.587191],[126.993405,37.587261],[126.993504,37.587327],[126.990428,37.587104],[126.989531,37.587492],[126.989374,37.587636],[126.988731,37.587607],[126.988191,37.587325],[126.987674,37.587259],[126.987695,37.587491],[126.987832,37.587863],[126.987734,37.588091],[126.98786,37.588434],[126.988006,37.588607],[126.987973,37.588721],[126.988055,37.58899],[126.988374,37.589139],[126.988428,37.589338],[126.988653,37.589624],[126.98902,37.589622],[126.989092,37.589826],[126.989179,37.59053],[126.989012,37.591342],[126.989084,37.591409],[126.989222,37.591257],[126.989867,37.591469],[126.990819,37.591533],[126.99097,37.59153],[126.991147,37.591456],[126.991432,37.591409],[126.991669,37.591492],[126.991795,37.591756],[126.991923,37.591904],[126.99216,37.591995],[126.992388,37.591986],[126.993564,37.591731],[126.993671,37.591515],[126.993824,37.591448],[126.994314,37.591455],[126.994463,37.591532],[126.994773,37.591135],[126.99498,37.591087],[126.995328,37.590907],[126.995566,37.590921],[126.995661,37.590767],[126.99567,37.590422],[126.995631,37.590125],[126.995876,37.589795],[126.996011,37.589733],[126.996269,37.589219],[126.995859,37.588843],[126.995473,37.588383],[126.99581,37.588173],[126.996396,37.587894],[126.996609,37.587681],[126.996648,37.587592],[126.996462,37.587283],[126.996578,37.58698],[126.996592,37.586636],[126.996738,37.586272],[126.996931,37.585508],[126.997016,37.584919],[126.996944,37.584387],[126.997251,37.584188],[126.997532,37.583871],[126.998202,37.5834],[126.998323,37.583277],[126.998368,37.583049],[126.998428,37.583001],[126.998374,37.583],[126.998004,37.582766],[126.997831,37.582853],[126.997677,37.582809],[126.997654,37.582788],[126.997716,37.582687],[126.997536,37.58262],[126.997395,37.582807],[126.997187,37.582926],[126.996872,37.58286],[126.996781,37.582903],[126.996887,37.582845],[126.99659,37.582775],[126.996324,37.582778],[126.99626,37.582841],[126.996163,37.583149],[126.996042,37.583366],[126.99607,37.583372],[126.995997,37.583571],[126.99597,37.583556],[126.995913,37.58362],[126.995835,37.583584],[126.995179,37.584256],[126.994832,37.584694],[126.994873,37.584731],[126.994832,37.584703],[126.994687,37.584891],[126.994579,37.585095],[126.994152,37.585493],[126.993848,37.585963],[126.993887,37.585972],[126.993674,37.586419],[126.993671,37.586496],[126.993487,37.586681]]]}},{"type":"Feature","properties":{"code":"11110172","name":"명륜4가","guCode":"11010","guName":"종로구","labelPoint":[126.999669,37.582476],"legalGuCode":"11110"},"geometry":{"type":"Polygon","coordinates":[[[127.001706,37.583168],[127.001662,37.582902],[127.001758,37.582331],[127.001888,37.58188],[127.002056,37.581478],[127.001759,37.581415],[127.00069,37.581394],[127.000689,37.581338],[126.999857,37.581136],[126.999717,37.581236],[126.998761,37.581278],[126.997892,37.581209],[126.997795,37.581805],[126.997571,37.581929],[126.997597,37.58196],[126.99752,37.58201],[126.997746,37.582174],[126.997536,37.58262],[126.997716,37.582687],[126.997654,37.582788],[126.997772,37.582849],[126.99788,37.582844],[126.998004,37.582766],[126.998381,37.583003],[126.998625,37.582969],[126.998918,37.582794],[126.999254,37.582856],[127.000107,37.583238],[127.001278,37.583639],[127.00138,37.583641],[127.001542,37.58355],[127.001657,37.583426],[127.001706,37.583168]]]}},{"type":"Feature","properties":{"code":"11110152","name":"봉익동","guCode":"11010","guName":"종로구","labelPoint":[126.992706,37.572716],"legalGuCode":"11110"},"geometry":{"type":"Polygon","coordinates":[[[126.992537,37.573853],[126.992779,37.573443],[126.993614,37.572349],[126.993768,37.572195],[126.993944,37.57209],[126.994086,37.572064],[126.994107,37.571807],[126.994291,37.571508],[126.994186,37.571448],[126.994361,37.571225],[126.994184,37.571126],[126.994257,37.571044],[126.994273,37.570874],[126.992897,37.570851],[126.992552,37.571593],[126.992294,37.572027],[126.991962,37.573083],[126.991837,37.573298],[126.991633,37.573891],[126.991714,37.573741],[126.992138,37.573844],[126.992141,37.573883],[126.992175,37.573885],[126.992174,37.573809],[126.992271,37.573821],[126.99229,37.573778],[126.992537,37.573853]]]}},{"type":"Feature","properties":{"code":"11110151","name":"묘동","guCode":"11010","guName":"종로구","labelPoint":[126.99169,37.572555],"legalGuCode":"11110"},"geometry":{"type":"Polygon","coordinates":[[[126.991545,37.5742],[126.99158,37.574007],[126.991837,37.573298],[126.991962,37.573083],[126.992294,37.572027],[126.992552,37.571593],[126.992897,37.570851],[126.991784,37.570804],[126.99075,37.574201],[126.991329,37.574296],[126.991374,37.574186],[126.991545,37.5742]]]}},{"type":"Feature","properties":{"code":"11110150","name":"훈정동","guCode":"11010","guName":"종로구","labelPoint":[126.994262,37.574284],"legalGuCode":"11110"},"geometry":{"type":"Polygon","coordinates":[[[126.995657,37.576202],[126.995774,37.575843],[126.99584,37.575328],[126.996206,37.574717],[126.996653,37.572989],[126.996658,37.572732],[126.996299,37.572233],[126.996009,37.572091],[126.995835,37.572051],[126.99591,37.571869],[126.995915,37.570953],[126.994273,37.570874],[126.994257,37.571044],[126.994184,37.571126],[126.994361,37.571225],[126.994186,37.571448],[126.994291,37.571508],[126.994107,37.571807],[126.994086,37.572064],[126.993944,37.57209],[126.993768,37.572195],[126.993375,37.572628],[126.99276,37.57347],[126.992382,37.574078],[126.992031,37.57449],[126.991625,37.5752],[126.991468,37.575693],[126.991429,37.575974],[126.991715,37.576648],[126.991889,37.576865],[126.992298,37.577235],[126.992543,37.577405],[126.992815,37.577533],[126.992795,37.577559],[126.992992,37.577352],[126.99349,37.577131],[126.993751,37.576958],[126.994197,37.576862],[126.995043,37.576838],[126.995417,37.576701],[126.995594,37.576199],[126.995657,37.576202]]]}},{"type":"Feature","properties":{"code":"11110149","name":"원서동","guCode":"11010","guName":"종로구","labelPoint":[126.98813,37.584395],"legalGuCode":"11110"},"geometry":{"type":"Polygon","coordinates":[[[126.989134,37.590849],[126.989179,37.59053],[126.989092,37.589826],[126.98902,37.589622],[126.988653,37.589624],[126.988428,37.589338],[126.988374,37.589139],[126.988055,37.58899],[126.987973,37.588721],[126.988006,37.588607],[126.98786,37.588434],[126.987734,37.588091],[126.987832,37.587863],[126.987695,37.587491],[126.987674,37.587259],[126.987727,37.587268],[126.987705,37.587118],[126.987875,37.586666],[126.987786,37.586198],[126.987948,37.585723],[126.987954,37.585557],[126.988111,37.58554],[126.988148,37.585611],[126.9884,37.585661],[126.988901,37.585604],[126.988774,37.585029],[126.988795,37.58489],[126.98904,37.584097],[126.989326,37.583682],[126.98937,37.58351],[126.989375,37.582913],[126.989662,37.582548],[126.98974,37.582318],[126.989678,37.582109],[126.98949,37.581772],[126.989459,37.581775],[126.989435,37.581651],[126.989439,37.581405],[126.989481,37.581335],[126.989476,37.58092],[126.989246,37.580918],[126.989187,37.580846],[126.989197,37.580369],[126.989279,37.579715],[126.989289,37.579297],[126.989225,37.578772],[126.989301,37.578195],[126.989266,37.578111],[126.989265,37.577649],[126.988774,37.577636],[126.987764,37.577511],[126.987738,37.577683],[126.987818,37.578195],[126.987859,37.578192],[126.988098,37.578525],[126.988069,37.578993],[126.988137,37.578998],[126.988117,37.57946],[126.988292,37.579702],[126.987959,37.579884],[126.987898,37.580315],[126.988316,37.580383],[126.988254,37.58093],[126.988049,37.58143],[126.988266,37.581486],[126.98843,37.581434],[126.988478,37.581552],[126.988387,37.581605],[126.988314,37.582228],[126.988218,37.58222],[126.988159,37.582264],[126.988124,37.582474],[126.988149,37.582838],[126.987912,37.582794],[126.987669,37.582861],[126.987702,37.583054],[126.987654,37.583498],[126.987667,37.583769],[126.987567,37.584026],[126.987106,37.584692],[126.987233,37.58476],[126.987255,37.584854],[126.987579,37.584902],[126.987537,37.585012],[126.987552,37.585239],[126.987591,37.585236],[126.987635,37.585408],[126.987524,37.585449],[126.987318,37.586092],[126.98738,37.586174],[126.987296,37.586334],[126.987216,37.586746],[126.986912,37.587388],[126.986747,37.587617],[126.986598,37.587749],[126.986463,37.588153],[126.986507,37.588593],[126.986393,37.588862],[126.986825,37.589188],[126.987109,37.589562],[126.987352,37.589607],[126.987678,37.589835],[126.988109,37.590043],[126.988775,37.590641],[126.989134,37.590849]]]}},{"type":"Feature","properties":{"code":"11110148","name":"계동","guCode":"11010","guName":"종로구","labelPoint":[126.986999,37.58289],"legalGuCode":"11110"},"geometry":{"type":"Polygon","coordinates":[[[126.986393,37.588862],[126.986507,37.588593],[126.986463,37.588153],[126.986598,37.587749],[126.986747,37.587617],[126.986912,37.587388],[126.987216,37.586746],[126.987296,37.586334],[126.98738,37.586174],[126.987318,37.586092],[126.987524,37.585449],[126.987635,37.585408],[126.987591,37.585236],[126.987552,37.585239],[126.987537,37.585012],[126.987579,37.584902],[126.987255,37.584854],[126.987233,37.58476],[126.987106,37.584692],[126.987567,37.584026],[126.987667,37.583769],[126.987654,37.583498],[126.987702,37.583054],[126.987669,37.582861],[126.987912,37.582794],[126.988149,37.582838],[126.988124,37.582474],[126.988159,37.582264],[126.988218,37.58222],[126.988314,37.582228],[126.988387,37.581605],[126.988478,37.581552],[126.98843,37.581434],[126.988266,37.581486],[126.988049,37.58143],[126.988254,37.58093],[126.988316,37.580383],[126.987898,37.580315],[126.987959,37.579884],[126.988292,37.579702],[126.988117,37.57946],[126.988137,37.578998],[126.988069,37.578993],[126.988098,37.578525],[126.987859,37.578192],[126.987818,37.578195],[126.987738,37.577683],[126.987764,37.577511],[126.986985,37.577246],[126.986428,37.576942],[126.986343,37.5771],[126.986516,37.577144],[126.986423,37.577337],[126.986481,37.577367],[126.986464,37.577436],[126.986429,37.577441],[126.986398,37.577772],[126.986566,37.577761],[126.986582,37.577882],[126.986611,37.57788],[126.986475,37.577917],[126.986447,37.578543],[126.986695,37.578571],[126.986693,37.578752],[126.986078,37.57875],[126.985976,37.578973],[126.985861,37.579444],[126.986009,37.579954],[126.986008,37.580183],[126.986048,37.580355],[126.986103,37.58042],[126.986135,37.580655],[126.986094,37.580743],[126.98606,37.581095],[126.986126,37.582061],[126.98612,37.58222],[126.986059,37.582395],[126.9862,37.582573],[126.986238,37.582804],[126.986439,37.583007],[126.986552,37.58292],[126.986632,37.582961],[126.986693,37.58309],[126.986855,37.583056],[126.986738,37.583174],[126.986726,37.583624],[126.986688,37.583707],[126.98653,37.583789],[126.986625,37.583946],[126.98618,37.583966],[126.986059,37.584741],[126.985888,37.585145],[126.985872,37.585596],[126.985649,37.585873],[126.985479,37.586211],[126.985307,37.586124],[126.985236,37.586303],[126.985289,37.586557],[126.985435,37.58657],[126.985775,37.58676],[126.986036,37.587132],[126.985959,37.58733],[126.986081,37.587599],[126.98592,37.588344],[126.986067,37.588554],[126.986225,37.588634],[126.986393,37.588862]]]}},{"type":"Feature","properties":{"code":"11110147","name":"재동","guCode":"11010","guName":"종로구","labelPoint":[126.985312,37.578272],"legalGuCode":"11110"},"geometry":{"type":"Polygon","coordinates":[[[126.985861,37.579444],[126.985976,37.578973],[126.986078,37.57875],[126.986693,37.578752],[126.986695,37.578571],[126.986447,37.578543],[126.986475,37.577917],[126.986611,37.57788],[126.986582,37.577882],[126.986566,37.577761],[126.986398,37.577772],[126.986429,37.577441],[126.986464,37.577436],[126.986481,37.577367],[126.986423,37.577337],[126.986516,37.577144],[126.986343,37.5771],[126.986428,37.576942],[126.98554,37.576638],[126.985396,37.576878],[126.9855,37.576928],[126.985389,37.577146],[126.985326,37.577391],[126.985076,37.577366],[126.985071,37.577408],[126.984614,37.577324],[126.984312,37.578081],[126.984187,37.578154],[126.984143,37.57839],[126.983915,37.578429],[126.983785,37.578827],[126.984014,37.578884],[126.98403,37.578855],[126.984173,37.578881],[126.984151,37.578971],[126.98426,37.579011],[126.983823,37.579352],[126.983774,37.579475],[126.983901,37.579594],[126.984036,37.579615],[126.984808,37.579619],[126.984816,37.579671],[126.985046,37.579672],[126.985054,37.579592],[126.985198,37.579593],[126.985339,37.57961],[126.985351,37.579669],[126.985667,37.579604],[126.985674,37.579396],[126.985861,37.579444]]]}},{"type":"Feature","properties":{"code":"11110146","name":"가회동","guCode":"11010","guName":"종로구","labelPoint":[126.984529,37.582714],"legalGuCode":"11110"},"geometry":{"type":"Polygon","coordinates":[[[126.985307,37.586124],[126.985479,37.586211],[126.985649,37.585873],[126.985872,37.585596],[126.985888,37.585145],[126.986059,37.584741],[126.98618,37.583966],[126.986625,37.583946],[126.98653,37.583789],[126.986688,37.583707],[126.986726,37.583624],[126.986738,37.583174],[126.986855,37.583056],[126.986693,37.58309],[126.986632,37.582961],[126.986552,37.58292],[126.986439,37.583007],[126.986238,37.582804],[126.9862,37.582573],[126.986059,37.582395],[126.98612,37.58222],[126.986126,37.582061],[126.98606,37.581095],[126.986094,37.580743],[126.986135,37.580655],[126.986123,37.580525],[126.986048,37.580355],[126.986009,37.579954],[126.985861,37.579444],[126.985674,37.579396],[126.985667,37.579604],[126.985499,37.57966],[126.985351,37.579669],[126.985339,37.57961],[126.985097,37.579592],[126.985054,37.579592],[126.985046,37.579672],[126.984816,37.579671],[126.984808,37.579619],[126.983901,37.579594],[126.983846,37.579649],[126.983826,37.579783],[126.983909,37.579795],[126.983833,37.579952],[126.983917,37.580233],[126.983644,37.580326],[126.983406,37.580504],[126.983342,37.580683],[126.983342,37.580821],[126.983398,37.580847],[126.983732,37.580771],[126.983743,37.580821],[126.983635,37.580856],[126.983716,37.58108],[126.98396,37.581037],[126.984012,37.581137],[126.984059,37.581148],[126.984013,37.581402],[126.983949,37.581539],[126.983878,37.581571],[126.983902,37.58163],[126.983819,37.581568],[126.983835,37.581527],[126.983647,37.581646],[126.983629,37.581685],[126.983759,37.581762],[126.983662,37.581965],[126.983718,37.582016],[126.983627,37.582131],[126.983609,37.581942],[126.98354,37.5819],[126.983284,37.582045],[126.983299,37.582082],[126.983135,37.582097],[126.983001,37.582055],[126.982941,37.582417],[126.982834,37.582623],[126.982841,37.583139],[126.982898,37.583355],[126.983098,37.58353],[126.98344,37.583729],[126.983695,37.583796],[126.983719,37.583909],[126.983527,37.584148],[126.983426,37.584384],[126.983748,37.585017],[126.984498,37.585392],[126.984859,37.585632],[126.984995,37.585785],[126.985038,37.585962],[126.985307,37.586124]]]}},{"type":"Feature","properties":{"code":"11440112","name":"현석동","guCode":"11140","guName":"마포구","labelPoint":[126.934497,37.542199],"legalGuCode":"11440"},"geometry":{"type":"Polygon","coordinates":[[[126.935379,37.544081],[126.935462,37.543941],[126.935643,37.543935],[126.935765,37.543846],[126.935784,37.543723],[126.935897,37.543691],[126.935919,37.543748],[126.936123,37.543811],[126.936473,37.543857],[126.936808,37.543667],[126.936393,37.542858],[126.936597,37.5428],[126.936567,37.542621],[126.9368,37.542409],[126.937208,37.542407],[126.93708,37.542117],[126.93717,37.542078],[126.937119,37.541947],[126.937048,37.541847],[126.93692,37.54182],[126.936724,37.541438],[126.935338,37.539352],[126.932903,37.540523],[126.931852,37.540867],[126.93188,37.542281],[126.931843,37.542325],[126.931946,37.542429],[126.932081,37.54271],[126.932166,37.543071],[126.932385,37.543316],[126.932453,37.543452],[126.932372,37.543555],[126.932652,37.543776],[126.932648,37.543715],[126.932812,37.543793],[126.932896,37.543769],[126.932776,37.543863],[126.932817,37.543935],[126.932895,37.543956],[126.932989,37.544068],[126.933109,37.544132],[126.933029,37.544217],[126.933115,37.544333],[126.933101,37.544474],[126.932916,37.544542],[126.932896,37.544627],[126.933011,37.544887],[126.933269,37.545079],[126.933399,37.545129],[126.933623,37.54516],[126.933801,37.545129],[126.933953,37.545041],[126.934023,37.544916],[126.934319,37.544751],[126.934335,37.544658],[126.934522,37.544571],[126.934823,37.544526],[126.93487,37.54455],[126.934935,37.544393],[126.935241,37.544225],[126.935379,37.544081]]]}},{"type":"Feature","properties":{"code":"11440111","name":"신수동","guCode":"11140","guName":"마포구","labelPoint":[126.93635,37.547966],"legalGuCode":"11440"},"geometry":{"type":"Polygon","coordinates":[[[126.935379,37.544081],[126.935241,37.544225],[126.934935,37.544393],[126.93487,37.54455],[126.934823,37.544526],[126.934522,37.544571],[126.934335,37.544658],[126.934319,37.544751],[126.934023,37.544916],[126.933905,37.545109],[126.933781,37.545176],[126.93371,37.545262],[126.933781,37.545319],[126.933632,37.545381],[126.933552,37.545359],[126.933571,37.545531],[126.93347,37.545675],[126.933538,37.545746],[126.933523,37.545862],[126.93346,37.545983],[126.933414,37.545972],[126.933333,37.546245],[126.933255,37.546242],[126.933055,37.546421],[126.933084,37.546497],[126.933243,37.546621],[126.933212,37.546916],[126.933525,37.546911],[126.933579,37.546948],[126.933499,37.547103],[126.933567,37.547264],[126.933788,37.547253],[126.933963,37.547564],[126.934062,37.547653],[126.933723,37.547742],[126.933583,37.547867],[126.932942,37.547918],[126.932626,37.548073],[126.932876,37.549753],[126.932943,37.550442],[126.932952,37.551253],[126.93303,37.551624],[126.933127,37.552839],[126.93337,37.553108],[126.933648,37.553014],[126.93387,37.552883],[126.93405,37.55271],[126.934036,37.552598],[126.934782,37.552099],[126.935495,37.551713],[126.935787,37.551596],[126.936138,37.551515],[126.936309,37.551414],[126.936484,37.551592],[126.936602,37.552002],[126.936774,37.552247],[126.9374,37.552787],[126.937408,37.552737],[126.937571,37.552748],[126.937757,37.552777],[126.937766,37.552843],[126.937983,37.552839],[126.938505,37.553074],[126.940047,37.553604],[126.940357,37.553504],[126.941027,37.553156],[126.941335,37.553243],[126.941861,37.553],[126.940686,37.552417],[126.940623,37.552136],[126.940122,37.550918],[126.940644,37.550167],[126.940667,37.549211],[126.940431,37.548338],[126.939869,37.548015],[126.939783,37.547632],[126.939782,37.547544],[126.940035,37.547152],[126.940175,37.54655],[126.939884,37.546279],[126.93954,37.546239],[126.939035,37.544908],[126.938999,37.544827],[126.93895,37.544833],[126.938788,37.544391],[126.938627,37.5441],[126.937417,37.542779],[126.937315,37.542656],[126.937208,37.542407],[126.9368,37.542409],[126.936567,37.542621],[126.936597,37.5428],[126.936393,37.542858],[126.936808,37.543667],[126.936473,37.543857],[126.936123,37.543811],[126.935919,37.543748],[126.935897,37.543691],[126.935784,37.543723],[126.935765,37.543846],[126.935643,37.543935],[126.935462,37.543941],[126.935379,37.544081]]]}},{"type":"Feature","properties":{"code":"11440110","name":"노고산동","guCode":"11140","guName":"마포구","labelPoint":[126.937988,37.554043],"legalGuCode":"11440"},"geometry":{"type":"Polygon","coordinates":[[[126.943347,37.554603],[126.943129,37.554512],[126.942946,37.554099],[126.94239,37.553862],[126.941851,37.553216],[126.941861,37.553],[126.941336,37.553242],[126.941027,37.553156],[126.940357,37.553503],[126.940048,37.553604],[126.938505,37.553074],[126.937983,37.552839],[126.937766,37.552842],[126.937758,37.552777],[126.937571,37.552748],[126.937408,37.552736],[126.937401,37.552787],[126.936774,37.552246],[126.936602,37.552002],[126.936484,37.551591],[126.936309,37.551414],[126.936138,37.551515],[126.935787,37.551595],[126.935495,37.551713],[126.934783,37.552098],[126.934036,37.552598],[126.93405,37.55271],[126.933871,37.552883],[126.933648,37.553014],[126.933371,37.553108],[126.933595,37.553277],[126.933945,37.553451],[126.933217,37.553988],[126.932877,37.554318],[126.932644,37.554754],[126.932577,37.555197],[126.932601,37.55554],[126.932792,37.556579],[126.936864,37.555101],[126.940992,37.55647],[126.941372,37.556546],[126.94288,37.556635],[126.942932,37.555685],[126.94238,37.555086],[126.942398,37.555037],[126.943045,37.555005],[126.943821,37.554796],[126.943877,37.554732],[126.943661,37.554544],[126.943584,37.554426],[126.943417,37.553691],[126.943261,37.553509],[126.943049,37.553391],[126.943347,37.554603]]]}},{"type":"Feature","properties":{"code":"11440109","name":"염리동","guCode":"11140","guName":"마포구","labelPoint":[126.947078,37.549216],"legalGuCode":"11440"},"geometry":{"type":"Polygon","coordinates":[[[126.947449,37.545307],[126.946326,37.545816],[126.946054,37.545442],[126.949582,37.543895],[126.949199,37.543366],[126.949098,37.54332],[126.948991,37.543324],[126.948332,37.543626],[126.948226,37.54365],[126.948119,37.543621],[126.945535,37.541454],[126.94365,37.542756],[126.945535,37.544474],[126.944511,37.545133],[126.944969,37.545579],[126.944451,37.545743],[126.944432,37.545832],[126.944555,37.545784],[126.944571,37.546046],[126.94442,37.546095],[126.944183,37.546293],[126.944007,37.54651],[126.943809,37.546835],[126.943769,37.547181],[126.943787,37.54735],[126.944075,37.547755],[126.944323,37.548363],[126.944443,37.548546],[126.944675,37.54913],[126.944783,37.549303],[126.944989,37.549528],[126.945596,37.549492],[126.94592,37.549515],[126.94664,37.550783],[126.946784,37.551459],[126.94665,37.551788],[126.94679,37.551947],[126.946927,37.552469],[126.946711,37.552803],[126.946822,37.552837],[126.946814,37.552931],[126.946702,37.553069],[126.946579,37.553092],[126.946512,37.556846],[126.94894,37.556993],[126.948936,37.556793],[126.948457,37.556581],[126.948468,37.556448],[126.94853,37.556447],[126.948566,37.555729],[126.948752,37.555426],[126.948945,37.555538],[126.949069,37.555547],[126.949588,37.555329],[126.949623,37.554915],[126.949717,37.554618],[126.950302,37.554262],[126.949834,37.55417],[126.949977,37.55393],[126.950524,37.554053],[126.95058,37.55366],[126.950538,37.553654],[126.950538,37.553549],[126.950747,37.553164],[126.950536,37.551888],[126.950402,37.55142],[126.950071,37.551034],[126.949534,37.550557],[126.949374,37.549954],[126.949222,37.549631],[126.94948,37.54911],[126.949972,37.547606],[126.949277,37.54703],[126.948499,37.545909],[126.947948,37.5454],[126.947898,37.545424],[126.947807,37.545295],[126.94753,37.545418],[126.947449,37.545307]]]}},{"type":"Feature","properties":{"code":"11440108","name":"대흥동","guCode":"11140","guName":"마포구","labelPoint":[126.943381,37.549847],"legalGuCode":"11440"},"geometry":{"type":"Polygon","coordinates":[[[126.938666,37.544093],[126.938627,37.544099],[126.938788,37.54439],[126.93895,37.544833],[126.938999,37.544827],[126.939035,37.544908],[126.939541,37.546239],[126.939884,37.546279],[126.940175,37.54655],[126.940035,37.547152],[126.939783,37.547544],[126.939783,37.547632],[126.939869,37.548015],[126.940431,37.548338],[126.940667,37.549211],[126.940645,37.550166],[126.940122,37.550918],[126.940623,37.552135],[126.940687,37.552417],[126.941861,37.553],[126.941851,37.553216],[126.94239,37.553862],[126.942946,37.554099],[126.943129,37.554512],[126.943347,37.554603],[126.943049,37.553391],[126.943216,37.553476],[126.943442,37.553734],[126.943594,37.554448],[126.943711,37.554594],[126.94387,37.554703],[126.943821,37.554796],[126.943045,37.555005],[126.942398,37.555037],[126.94238,37.555086],[126.942932,37.555685],[126.94288,37.556635],[126.946513,37.556846],[126.946579,37.553091],[126.946703,37.553069],[126.946814,37.552931],[126.946822,37.552837],[126.946711,37.552803],[126.946927,37.552469],[126.94679,37.551946],[126.94665,37.551788],[126.946784,37.551459],[126.94664,37.550782],[126.94592,37.549514],[126.945596,37.549492],[126.944989,37.549528],[126.944784,37.549303],[126.944675,37.549129],[126.944443,37.548546],[126.944323,37.548363],[126.944075,37.547754],[126.943787,37.54735],[126.943769,37.54718],[126.943809,37.546835],[126.944007,37.54651],[126.944183,37.546293],[126.94442,37.546094],[126.944571,37.546046],[126.944555,37.545784],[126.944432,37.545832],[126.944451,37.545743],[126.944969,37.545579],[126.944511,37.545133],[126.945535,37.544473],[126.943913,37.542995],[126.943695,37.543003],[126.943439,37.542944],[126.943222,37.543023],[126.943158,37.54317],[126.942895,37.54323],[126.942885,37.543361],[126.942622,37.543453],[126.942415,37.543624],[126.942028,37.543716],[126.941894,37.543847],[126.941766,37.543897],[126.941212,37.543893],[126.940837,37.543809],[126.940221,37.543893],[126.93994,37.543849],[126.939452,37.54404],[126.939192,37.544032],[126.938666,37.544093]]]}},{"type":"Feature","properties":{"code":"11440107","name":"마포동","guCode":"11140","guName":"마포구","labelPoint":[126.943557,37.536835],"legalGuCode":"11440"},"geometry":{"type":"Polygon","coordinates":[[[126.944579,37.539793],[126.945478,37.539245],[126.945532,37.539151],[126.945678,37.539061],[126.94614,37.538959],[126.94637,37.538789],[126.946204,37.53834],[126.946219,37.537858],[126.94629,37.537731],[126.946316,37.537571],[126.946511,37.537278],[126.946532,37.537119],[126.946571,37.537115],[126.946564,37.536969],[126.946812,37.536474],[126.946868,37.536282],[126.946821,37.536088],[126.946588,37.535839],[126.946433,37.535721],[126.946275,37.535692],[126.945911,37.535487],[126.945648,37.535271],[126.94544,37.535183],[126.945563,37.534985],[126.945096,37.534962],[126.94482,37.534522],[126.944931,37.534317],[126.944932,37.534235],[126.944585,37.533781],[126.94422,37.534235],[126.940346,37.536701],[126.941626,37.537959],[126.941592,37.538042],[126.941704,37.538142],[126.941244,37.538741],[126.942616,37.539976],[126.943874,37.539092],[126.944579,37.539793]]]}},{"type":"Feature","properties":{"code":"11680110","name":"압구정동","guCode":"11230","guName":"강남구","labelPoint":[127.022722,37.528843],"legalGuCode":"11680"},"geometry":{"type":"Polygon","coordinates":[[[127.013651,37.528601],[127.012657,37.52974],[127.014896,37.532207],[127.015532,37.532435],[127.017742,37.534251],[127.021172,37.535823],[127.039664,37.535857],[127.046003,37.534272],[127.046514,37.533933],[127.045371,37.530172],[127.044956,37.530307],[127.043761,37.527028],[127.036367,37.528914],[127.03569,37.529056],[127.034824,37.529155],[127.034124,37.52917],[127.033252,37.529107],[127.032567,37.528993],[127.031737,37.528772],[127.030798,37.528398],[127.017822,37.521812],[127.01694,37.523024],[127.015231,37.524845],[127.016341,37.526002],[127.016382,37.526006],[127.013651,37.528601]]]}},{"type":"Feature","properties":{"code":"11680108","name":"논현동","guCode":"11230","guName":"강남구","labelPoint":[127.03116,37.514455],"legalGuCode":"11680"},"geometry":{"type":"Polygon","coordinates":[[[127.043852,37.510275],[127.038472,37.508697],[127.024485,37.504477],[127.020515,37.512799],[127.019526,37.516112],[127.028065,37.51969],[127.039058,37.52318],[127.043852,37.510275]]]}},{"type":"Feature","properties":{"code":"11680107","name":"신사동","guCode":"11230","guName":"강남구","labelPoint":[127.028037,37.522496],"legalGuCode":"11680"},"geometry":{"type":"MultiPolygon","coordinates":[[[[127.017822,37.521812],[127.030798,37.528398],[127.031416,37.52866],[127.032231,37.528915],[127.03308,37.529084],[127.033774,37.529155],[127.034474,37.52917],[127.035346,37.529106],[127.0362,37.528955],[127.040694,37.527811],[127.039058,37.52318],[127.028065,37.51969],[127.019525,37.516112],[127.017822,37.521812]]],[[[127.015231,37.524845],[127.013863,37.523335],[127.013386,37.522907],[127.013188,37.522583],[127.008595,37.525589],[127.009886,37.526914],[127.011349,37.528596],[127.012411,37.529718],[127.013651,37.528601],[127.016382,37.526006],[127.016341,37.526002],[127.015231,37.524845]]]]}},{"type":"Feature","properties":{"code":"11680106","name":"대치동","guCode":"11230","guName":"강남구","labelPoint":[127.06576,37.498915],"legalGuCode":"11680"},"geometry":{"type":"Polygon","coordinates":[[[127.080289,37.499584],[127.079486,37.498245],[127.078789,37.49742],[127.078489,37.497611],[127.078429,37.497438],[127.074761,37.496259],[127.074682,37.496177],[127.074407,37.495246],[127.074091,37.494701],[127.073743,37.494244],[127.072184,37.494246],[127.069759,37.491893],[127.068145,37.490929],[127.066897,37.490447],[127.06112,37.489383],[127.059238,37.48893],[127.057071,37.487972],[127.056427,37.487586],[127.055435,37.490734],[127.055486,37.490759],[127.048986,37.504516],[127.066504,37.509888],[127.068869,37.5103],[127.069684,37.50347],[127.069815,37.502738],[127.076987,37.502067],[127.079927,37.501086],[127.080289,37.499584]]]}},{"type":"Feature","properties":{"code":"11680105","name":"삼성동","guCode":"11230","guName":"강남구","labelPoint":[127.055502,37.513759],"legalGuCode":"11680"},"geometry":{"type":"Polygon","coordinates":[[[127.041272,37.517218],[127.057048,37.520048],[127.062375,37.521895],[127.062542,37.521891],[127.062698,37.521826],[127.062831,37.521954],[127.063146,37.521653],[127.063711,37.521609],[127.065465,37.525087],[127.066455,37.525089],[127.067518,37.524633],[127.067619,37.520907],[127.067724,37.519324],[127.067803,37.519198],[127.0679,37.518583],[127.067942,37.517883],[127.068868,37.5103],[127.066504,37.509888],[127.048986,37.504516],[127.048342,37.50586],[127.047912,37.506418],[127.047418,37.506819],[127.045065,37.508283],[127.044674,37.508635],[127.044366,37.509036],[127.04415,37.509474],[127.041272,37.517218]]]}},{"type":"Feature","properties":{"code":"11560123","name":"문래동5가","guCode":"11190","guName":"영등포구","labelPoint":[126.885119,37.516262],"legalGuCode":"11560"},"geometry":{"type":"Polygon","coordinates":[[[126.884533,37.517878],[126.888808,37.517223],[126.887365,37.51409],[126.887886,37.513875],[126.887797,37.513758],[126.887328,37.513945],[126.886959,37.513492],[126.887016,37.51345],[126.887058,37.513268],[126.887589,37.513227],[126.887835,37.513116],[126.887843,37.513013],[126.887505,37.513186],[126.886344,37.513356],[126.885685,37.51358],[126.885085,37.513628],[126.884599,37.513714],[126.884415,37.513812],[126.884309,37.513986],[126.88431,37.514355],[126.884089,37.514391],[126.882707,37.515138],[126.882681,37.51581],[126.882448,37.515968],[126.882016,37.516103],[126.881729,37.51642],[126.879484,37.517775],[126.879325,37.517854],[126.878803,37.517908],[126.87862,37.518043],[126.878425,37.518246],[126.878205,37.518749],[126.8782,37.519096],[126.878351,37.519486],[126.878571,37.519709],[126.882054,37.519703],[126.882234,37.518239],[126.884533,37.517878]]]}},{"type":"Feature","properties":{"code":"11560122","name":"문래동4가","guCode":"11190","guName":"영등포구","labelPoint":[126.890065,37.514355],"legalGuCode":"11560"},"geometry":{"type":"Polygon","coordinates":[[[126.891968,37.513829],[126.891411,37.513343],[126.890588,37.512703],[126.890589,37.51265],[126.890442,37.512753],[126.890441,37.512612],[126.890764,37.512352],[126.890571,37.512111],[126.890493,37.512073],[126.89046,37.511993],[126.89038,37.511953],[126.890226,37.511969],[126.890178,37.511931],[126.890187,37.511854],[126.890143,37.5118],[126.889925,37.511699],[126.889781,37.511724],[126.889674,37.511823],[126.8898,37.512084],[126.889705,37.512233],[126.888791,37.512243],[126.888611,37.512259],[126.888356,37.512344],[126.887984,37.512915],[126.887843,37.513013],[126.887835,37.513116],[126.887561,37.513235],[126.887058,37.513268],[126.887016,37.51345],[126.886959,37.513492],[126.887328,37.513945],[126.887797,37.513758],[126.887886,37.513875],[126.887365,37.51409],[126.888809,37.517225],[126.893314,37.515061],[126.892984,37.51462],[126.891968,37.513829]]]}},{"type":"Feature","properties":{"code":"11560121","name":"문래동3가","guCode":"11190","guName":"영등포구","labelPoint":[126.895916,37.516681],"legalGuCode":"11560"},"geometry":{"type":"Polygon","coordinates":[[[126.897879,37.51339],[126.897228,37.51316],[126.888809,37.517225],[126.889729,37.521045],[126.900001,37.519442],[126.900543,37.519242],[126.901123,37.518804],[126.902095,37.516138],[126.902641,37.51542],[126.903072,37.515198],[126.897879,37.51339]]]}},{"type":"Feature","properties":{"code":"11560120","name":"문래동2가","guCode":"11190","guName":"영등포구","labelPoint":[126.893253,37.512715],"legalGuCode":"11560"},"geometry":{"type":"Polygon","coordinates":[[[126.895937,37.512727],[126.8941,37.512078],[126.89186,37.510954],[126.892161,37.510633],[126.89194,37.510491],[126.891815,37.510355],[126.891582,37.510439],[126.89132,37.510461],[126.89105,37.510375],[126.890672,37.510667],[126.89064,37.510888],[126.89042,37.511101],[126.890236,37.511369],[126.889984,37.511476],[126.889925,37.511527],[126.889931,37.511674],[126.889812,37.511715],[126.889925,37.511699],[126.890143,37.5118],[126.890187,37.511854],[126.890178,37.511931],[126.890226,37.511969],[126.89038,37.511953],[126.89046,37.511993],[126.890493,37.512073],[126.890571,37.512111],[126.890764,37.512352],[126.890441,37.512612],[126.890442,37.512753],[126.890589,37.51265],[126.890588,37.512703],[126.892984,37.51462],[126.893314,37.515061],[126.897228,37.51316],[126.895937,37.512727]]]}},{"type":"Feature","properties":{"code":"11560119","name":"문래동1가","guCode":"11190","guName":"영등포구","labelPoint":[126.895876,37.511961],"legalGuCode":"11560"},"geometry":{"type":"Polygon","coordinates":[[[126.894904,37.51068],[126.892964,37.509831],[126.893019,37.509737],[126.893011,37.509379],[126.892881,37.509326],[126.893011,37.508975],[126.893011,37.508536],[126.892372,37.50906],[126.892129,37.50934],[126.892023,37.509827],[126.891886,37.510118],[126.891696,37.510315],[126.891476,37.510388],[126.891089,37.510345],[126.89105,37.510375],[126.89132,37.510461],[126.891582,37.510439],[126.891815,37.510355],[126.89194,37.510491],[126.892161,37.510633],[126.89186,37.510954],[126.8941,37.512078],[126.903072,37.515198],[126.903929,37.514858],[126.904063,37.514617],[126.899403,37.512585],[126.8976,37.511843],[126.895911,37.511059],[126.894904,37.51068]]]}},{"type":"Feature","properties":{"code":"11560118","name":"도림동","guCode":"11190","guName":"영등포구","labelPoint":[126.899298,37.508242],"legalGuCode":"11560"},"geometry":{"type":"Polygon","coordinates":[[[126.909858,37.512104],[126.909859,37.511789],[126.909948,37.511906],[126.909963,37.511862],[126.909864,37.511733],[126.910168,37.51082],[126.910135,37.510764],[126.91008,37.510756],[126.910093,37.510722],[126.909847,37.510608],[126.910114,37.51036],[126.909871,37.510253],[126.909848,37.510284],[126.909845,37.510242],[126.909282,37.510005],[126.908892,37.509888],[126.906901,37.509023],[126.906684,37.509171],[126.903419,37.507723],[126.902744,37.507319],[126.901381,37.506775],[126.901161,37.50678],[126.901246,37.506646],[126.898245,37.505373],[126.89933,37.504362],[126.899226,37.504033],[126.898526,37.504277],[126.897135,37.505569],[126.897069,37.505564],[126.897027,37.505714],[126.896868,37.505685],[126.897007,37.505721],[126.896739,37.505962],[126.896404,37.506595],[126.895487,37.50716],[126.895331,37.507396],[126.894594,37.507935],[126.894162,37.508126],[126.893852,37.508359],[126.89338,37.508493],[126.893011,37.508536],[126.893011,37.508975],[126.892881,37.509326],[126.893011,37.509379],[126.893019,37.509737],[126.892964,37.509831],[126.894724,37.510615],[126.894747,37.510587],[126.894997,37.510737],[126.895911,37.511059],[126.8976,37.511843],[126.898014,37.511257],[126.900325,37.512052],[126.901099,37.511667],[126.901116,37.511328],[126.901335,37.511115],[126.901382,37.51078],[126.901644,37.51016],[126.901723,37.509865],[126.901939,37.509744],[126.902525,37.50963],[126.902912,37.509665],[126.90355,37.509586],[126.904056,37.509662],[126.904309,37.509815],[126.904475,37.509869],[126.905008,37.510189],[126.905388,37.510456],[126.905502,37.510578],[126.90584,37.510737],[126.906039,37.511187],[126.906768,37.511555],[126.906969,37.511824],[126.907649,37.512356],[126.908141,37.512279],[126.908786,37.51241],[126.90906,37.51242],[126.909161,37.512179],[126.909249,37.512038],[126.90919,37.512246],[126.909306,37.512334],[126.909727,37.512424],[126.909989,37.512436],[126.909858,37.512104]]]}},{"type":"Feature","properties":{"code":"11560117","name":"당산동","guCode":"11190","guName":"영등포구","labelPoint":[126.906419,37.534619],"legalGuCode":"11560"},"geometry":{"type":"Polygon","coordinates":[[[126.901233,37.537084],[126.901281,37.537269],[126.90114,37.537725],[126.901056,37.537865],[126.900755,37.538135],[126.900519,37.537823],[126.900341,37.53768],[126.900729,37.538139],[126.900624,37.5383],[126.900199,37.538425],[126.899751,37.538481],[126.89928,37.538614],[126.899088,37.538579],[126.89899,37.538494],[126.899145,37.53869],[126.899314,37.538822],[126.899561,37.539242],[126.898148,37.539747],[126.89799,37.539598],[126.898157,37.539223],[126.898145,37.53912],[126.897914,37.539286],[126.898128,37.539238],[126.897967,37.539589],[126.897728,37.539412],[126.896392,37.540328],[126.895831,37.540668],[126.895538,37.540898],[126.894132,37.541649],[126.893844,37.542217],[126.894204,37.542189],[126.894712,37.542088],[126.895228,37.541929],[126.895677,37.541713],[126.895749,37.541919],[126.896044,37.542467],[126.896527,37.542992],[126.897848,37.542462],[126.898124,37.542717],[126.898221,37.542647],[126.898374,37.542772],[126.898655,37.542587],[126.898619,37.542512],[126.899064,37.542187],[126.899681,37.541985],[126.900124,37.54178],[126.900374,37.541957],[126.900531,37.542129],[126.900734,37.542191],[126.900801,37.542102],[126.901,37.542228],[126.901009,37.542343],[126.900948,37.542442],[126.900672,37.542651],[126.900724,37.542724],[126.900657,37.542805],[126.901052,37.543122],[126.901515,37.543292],[126.901537,37.543413],[126.901586,37.543446],[126.901483,37.543556],[126.902189,37.544125],[126.90378,37.542553],[126.904831,37.54142],[126.906536,37.539354],[126.907596,37.536104],[126.908178,37.532817],[126.909169,37.530819],[126.910283,37.528267],[126.911057,37.526342],[126.910681,37.526289],[126.910701,37.52625],[126.910437,37.526253],[126.908616,37.526013],[126.907185,37.525645],[126.907085,37.525663],[126.906763,37.526399],[126.906562,37.527118],[126.906454,37.52799],[126.906515,37.528791],[126.906467,37.528793],[126.906468,37.528835],[126.906645,37.532522],[126.906817,37.532668],[126.906835,37.532751],[126.907111,37.532953],[126.907171,37.532804],[126.907353,37.532804],[126.906845,37.53335],[126.906681,37.533277],[126.906646,37.533318],[126.906499,37.533295],[126.906394,37.533324],[126.906282,37.533227],[126.906049,37.533609],[126.905783,37.533923],[126.90536,37.534316],[126.9046,37.534923],[126.904796,37.535081],[126.905002,37.53508],[126.904977,37.5351],[126.904627,37.535284],[126.903859,37.535555],[126.903632,37.535605],[126.903444,37.53557],[126.902405,37.536225],[126.901233,37.537084]]]}},{"type":"Feature","properties":{"code":"11560112","name":"당산동2가","guCode":"11190","guName":"영등포구","labelPoint":[126.893795,37.522986],"legalGuCode":"11560"},"geometry":{"type":"Polygon","coordinates":[[[126.895712,37.521883],[126.895295,37.52019],[126.891634,37.520749],[126.891702,37.521092],[126.8916,37.521213],[126.891442,37.521527],[126.89136,37.521902],[126.892025,37.524725],[126.896235,37.52407],[126.895712,37.521883]]]}},{"type":"Feature","properties":{"code":"11560111","name":"당산동1가","guCode":"11190","guName":"영등포구","labelPoint":[126.898379,37.521334],"legalGuCode":"11560"},"geometry":{"type":"Polygon","coordinates":[[[126.901358,37.521941],[126.901013,37.520727],[126.900924,37.520013],[126.900965,37.519467],[126.901123,37.518804],[126.900543,37.519242],[126.900008,37.519441],[126.895295,37.52019],[126.896235,37.52407],[126.901745,37.523235],[126.901358,37.521941]]]}},{"type":"Feature","properties":{"code":"11560110","name":"여의도동","guCode":"11190","guName":"영등포구","labelPoint":[126.929016,37.529215],"legalGuCode":"11560"},"geometry":{"type":"Polygon","coordinates":[[[126.921582,37.541429],[126.922416,37.541425],[126.922835,37.540619],[126.923076,37.540454],[126.924823,37.539743],[126.924859,37.539768],[126.925368,37.539624],[126.925865,37.539457],[126.92618,37.539284],[126.9271,37.539035],[126.927282,37.539135],[126.927649,37.539073],[126.930333,37.541356],[126.932903,37.540523],[126.938558,37.537835],[126.944219,37.534235],[126.94714,37.530599],[126.947418,37.530163],[126.949879,37.527028],[126.949887,37.517514],[126.949561,37.517621],[126.939281,37.516077],[126.935487,37.51595],[126.934708,37.515892],[126.934138,37.515913],[126.932386,37.515575],[126.928996,37.515419],[126.925754,37.515612],[126.923669,37.516502],[126.91873,37.51806],[126.917356,37.518985],[126.916106,37.519695],[126.913575,37.522479],[126.911078,37.526292],[126.910283,37.528267],[126.909169,37.530818],[126.908178,37.532817],[126.907596,37.536104],[126.906535,37.539353],[126.904833,37.541416],[126.921582,37.541429]]]}},{"type":"Feature","properties":{"code":"11680104","name":"청담동","guCode":"11230","guName":"강남구","labelPoint":[127.05148,37.52605],"legalGuCode":"11680"},"geometry":{"type":"Polygon","coordinates":[[[127.046518,37.533946],[127.049495,37.532215],[127.052078,37.530622],[127.055127,37.528668],[127.060156,37.527091],[127.065456,37.52507],[127.063711,37.521609],[127.063147,37.521653],[127.062831,37.521955],[127.062698,37.521826],[127.062542,37.521891],[127.062334,37.521888],[127.057049,37.520048],[127.041272,37.517219],[127.039058,37.523181],[127.040694,37.527811],[127.043761,37.527029],[127.044956,37.530307],[127.045372,37.530172],[127.046518,37.533946]]]}},{"type":"Feature","properties":{"code":"11680103","name":"개포동","guCode":"11230","guName":"강남구","labelPoint":[127.061756,37.482383],"legalGuCode":"11680"},"geometry":{"type":"Polygon","coordinates":[[[127.078789,37.49742],[127.080197,37.496646],[127.08079,37.496278],[127.081423,37.495482],[127.081278,37.495385],[127.080667,37.494726],[127.080284,37.494419],[127.080375,37.494231],[127.080269,37.494206],[127.08035,37.494063],[127.072989,37.491664],[127.072919,37.491684],[127.072659,37.49155],[127.075622,37.486026],[127.076255,37.486397],[127.076345,37.486388],[127.076635,37.486494],[127.077201,37.486782],[127.077522,37.486801],[127.077659,37.486517],[127.078026,37.486118],[127.0774,37.484712],[127.076745,37.484028],[127.07592,37.48304],[127.076056,37.482617],[127.075687,37.48223],[127.075114,37.480996],[127.074788,37.480577],[127.073556,37.479995],[127.073111,37.479605],[127.072592,37.479377],[127.072695,37.478671],[127.072894,37.478195],[127.073246,37.47778],[127.073864,37.477376],[127.074352,37.476155],[127.075788,37.475622],[127.076094,37.475389],[127.076642,37.475398],[127.076924,37.475242],[127.076506,37.474493],[127.075367,37.473496],[127.074226,37.472989],[127.073855,37.472982],[127.072689,37.471995],[127.071901,37.471923],[127.071744,37.471768],[127.071352,37.471578],[127.070748,37.471416],[127.07041,37.471093],[127.069931,37.47099],[127.069657,37.471105],[127.068591,37.471061],[127.067891,37.470465],[127.066468,37.470175],[127.066268,37.469937],[127.065942,37.469841],[127.065678,37.46959],[127.065114,37.469371],[127.064188,37.469242],[127.063866,37.469033],[127.063247,37.469079],[127.062606,37.469378],[127.062423,37.46936],[127.062153,37.469118],[127.06185,37.46908],[127.061656,37.469],[127.061041,37.468993],[127.060919,37.468918],[127.060415,37.469098],[127.059995,37.469076],[127.05911,37.469159],[127.058727,37.468851],[127.057808,37.468846],[127.057187,37.468943],[127.056592,37.468429],[127.056118,37.468373],[127.055371,37.468761],[127.055057,37.468797],[127.054937,37.468565],[127.054238,37.468054],[127.053588,37.468011],[127.053313,37.468127],[127.053079,37.468012],[127.051968,37.467746],[127.051328,37.467426],[127.050799,37.467245],[127.050773,37.467399],[127.050952,37.467585],[127.05112,37.468537],[127.051051,37.469365],[127.050446,37.469734],[127.050308,37.46968],[127.049523,37.469838],[127.048859,37.469893],[127.048669,37.470059],[127.049809,37.470878],[127.051182,37.471789],[127.0509,37.47181],[127.046069,37.476471],[127.045975,37.476675],[127.045641,37.476997],[127.045404,37.477112],[127.045228,37.477303],[127.045099,37.477519],[127.044005,37.479942],[127.044658,37.480726],[127.047959,37.482536],[127.057071,37.487972],[127.059238,37.48893],[127.06112,37.489383],[127.066897,37.490447],[127.068145,37.490929],[127.069759,37.491893],[127.072184,37.494246],[127.073743,37.494244],[127.074091,37.494701],[127.074407,37.495246],[127.074682,37.496177],[127.074761,37.496259],[127.078429,37.497438],[127.078489,37.497611],[127.078789,37.49742]]]}},{"type":"Feature","properties":{"code":"11680101","name":"역삼동","guCode":"11230","guName":"강남구","labelPoint":[127.038685,37.500393],"legalGuCode":"11680"},"geometry":{"type":"Polygon","coordinates":[[[127.048986,37.504516],[127.052863,37.496308],[127.046717,37.494191],[127.034558,37.49046],[127.034557,37.490314],[127.03201,37.489532],[127.031964,37.48945],[127.031875,37.489636],[127.031612,37.489555],[127.024485,37.504478],[127.038472,37.508697],[127.043852,37.510276],[127.044225,37.509296],[127.044605,37.508712],[127.045152,37.508219],[127.047418,37.506819],[127.047838,37.506491],[127.048117,37.50619],[127.048342,37.505861],[127.048986,37.504516]]]}},{"type":"Feature","properties":{"code":"11650111","name":"신원동","guCode":"11220","guName":"서초구","labelPoint":[127.063998,37.445148],"legalGuCode":"11650"},"geometry":{"type":"Polygon","coordinates":[[[127.047783,37.460541],[127.04792,37.460188],[127.047889,37.45988],[127.048017,37.459558],[127.048202,37.459274],[127.048479,37.458993],[127.048761,37.458482],[127.049007,37.458265],[127.049659,37.457917],[127.049874,37.457675],[127.050277,37.457048],[127.050842,37.457271],[127.051067,37.457277],[127.051852,37.457419],[127.052456,37.457596],[127.052892,37.457528],[127.053863,37.45763],[127.054236,37.457342],[127.054834,37.457086],[127.055205,37.456843],[127.056685,37.456664],[127.056685,37.456706],[127.056741,37.456705],[127.056815,37.456598],[127.05687,37.45658],[127.056878,37.456383],[127.057676,37.456739],[127.057969,37.456752],[127.058338,37.456888],[127.058428,37.45688],[127.058397,37.456614],[127.058553,37.456327],[127.058615,37.456256],[127.058897,37.4561],[127.058898,37.455831],[127.058787,37.455704],[127.058763,37.455427],[127.058841,37.455377],[127.059013,37.455415],[127.059127,37.455354],[127.059246,37.455214],[127.059558,37.455116],[127.059574,37.455023],[127.059443,37.454856],[127.059427,37.454778],[127.059444,37.454549],[127.059404,37.454494],[127.059488,37.454218],[127.059495,37.454041],[127.059411,37.453907],[127.059296,37.453873],[127.059263,37.453722],[127.058961,37.453404],[127.058746,37.452997],[127.058798,37.453067],[127.059152,37.452581],[127.061344,37.451468],[127.06153,37.451269],[127.061893,37.451084],[127.061977,37.450503],[127.06224,37.44988],[127.062206,37.449755],[127.063485,37.448382],[127.064136,37.447868],[127.064765,37.447493],[127.065753,37.446441],[127.066041,37.446357],[127.066417,37.446352],[127.066869,37.44655],[127.067688,37.446637],[127.068326,37.44643],[127.068717,37.446187],[127.069388,37.446023],[127.069809,37.445439],[127.070578,37.444945],[127.071204,37.444363],[127.071463,37.443758],[127.071882,37.443217],[127.072095,37.442876],[127.072138,37.442263],[127.071915,37.441926],[127.071703,37.441704],[127.071626,37.441524],[127.071861,37.44103],[127.072212,37.439383],[127.072008,37.438857],[127.07249,37.438593],[127.072966,37.438208],[127.07376,37.437789],[127.073844,37.437408],[127.07356,37.436964],[127.073204,37.43667],[127.073024,37.436407],[127.072779,37.436299],[127.072094,37.436161],[127.071965,37.436054],[127.071689,37.435981],[127.07144,37.435864],[127.071272,37.435601],[127.071275,37.435349],[127.071446,37.435038],[127.071485,37.434638],[127.071546,37.434529],[127.071503,37.434445],[127.07152,37.434117],[127.071119,37.433402],[127.071004,37.433341],[127.07091,37.433095],[127.070731,37.432941],[127.070571,37.432417],[127.070629,37.432045],[127.07096,37.431696],[127.071207,37.430818],[127.07122,37.430661],[127.07117,37.43042],[127.071105,37.430419],[127.070953,37.430213],[127.070883,37.430187],[127.070335,37.43048],[127.070032,37.43091],[127.069874,37.430972],[127.06982,37.430969],[127.069911,37.430863],[127.069615,37.430612],[127.068964,37.430432],[127.068751,37.430456],[127.068372,37.430664],[127.06827,37.430679],[127.06783,37.430407],[127.0667,37.430129],[127.066586,37.430053],[127.066577,37.429973],[127.065961,37.429533],[127.065698,37.429158],[127.065682,37.428985],[127.065393,37.429011],[127.065074,37.428987],[127.064669,37.429172],[127.064386,37.429114],[127.063656,37.429532],[127.063462,37.429593],[127.063316,37.429752],[127.062881,37.429703],[127.061145,37.429985],[127.061169,37.430439],[127.061672,37.430706],[127.061957,37.431078],[127.061814,37.431395],[127.062053,37.431786],[127.062097,37.432043],[127.062067,37.432467],[127.061991,37.432687],[127.062006,37.433011],[127.062967,37.43347],[127.063273,37.433806],[127.063495,37.433908],[127.063359,37.434453],[127.063655,37.435117],[127.063924,37.435601],[127.06399,37.436158],[127.063615,37.436997],[127.063485,37.437435],[127.063556,37.437522],[127.063652,37.437431],[127.06355,37.437627],[127.06353,37.4379],[127.06337,37.438112],[127.063309,37.438265],[127.062948,37.438588],[127.062701,37.438966],[127.062063,37.439369],[127.061878,37.439543],[127.061705,37.439847],[127.061271,37.440269],[127.060839,37.440488],[127.060588,37.440763],[127.060037,37.440959],[127.059873,37.441069],[127.059642,37.441345],[127.059459,37.441799],[127.059064,37.442178],[127.058791,37.442595],[127.058747,37.442789],[127.058601,37.442993],[127.058585,37.443229],[127.058523,37.44337],[127.058587,37.443591],[127.058477,37.443848],[127.058377,37.444312],[127.05825,37.444484],[127.058028,37.444621],[127.057708,37.445116],[127.057755,37.445121],[127.057703,37.445186],[127.057663,37.445175],[127.057635,37.44525],[127.057088,37.445627],[127.057075,37.445957],[127.056912,37.446303],[127.056711,37.446468],[127.056394,37.446505],[127.055925,37.44669],[127.055689,37.446995],[127.055692,37.447097],[127.055651,37.447162],[127.055404,37.447451],[127.054969,37.447788],[127.054857,37.447932],[127.05466,37.448067],[127.054261,37.448445],[127.054188,37.448615],[127.053876,37.448959],[127.053624,37.449056],[127.053493,37.44916],[127.053374,37.449328],[127.053364,37.449385],[127.053394,37.449385],[127.052967,37.449879],[127.052998,37.450211],[127.0529,37.450348],[127.051928,37.451028],[127.051474,37.451422],[127.050963,37.451946],[127.050556,37.452751],[127.050486,37.452984],[127.050489,37.453108],[127.05061,37.453356],[127.050696,37.453753],[127.050599,37.454001],[127.049994,37.454995],[127.04967,37.455642],[127.049587,37.455767],[127.048896,37.456363],[127.047824,37.45741],[127.046845,37.458219],[127.046656,37.458638],[127.046374,37.458967],[127.046056,37.459487],[127.045983,37.459682],[127.045901,37.460426],[127.045778,37.460591],[127.045809,37.460591],[127.045476,37.460971],[127.045432,37.461299],[127.045951,37.46129],[127.046369,37.461172],[127.047125,37.460798],[127.047468,37.460388],[127.047783,37.460541]]]}},{"type":"Feature","properties":{"code":"11650110","name":"염곡동","guCode":"11220","guName":"서초구","labelPoint":[127.054214,37.463078],"legalGuCode":"11650"},"geometry":{"type":"Polygon","coordinates":[[[127.059106,37.469193],[127.060028,37.469091],[127.060346,37.469125],[127.060919,37.468918],[127.061041,37.468993],[127.061449,37.468998],[127.06208,37.467953],[127.062428,37.466236],[127.062275,37.465712],[127.062305,37.464255],[127.062176,37.463873],[127.062083,37.463722],[127.062138,37.463424],[127.062372,37.462956],[127.06179,37.462629],[127.060975,37.461941],[127.0606,37.461727],[127.059837,37.461479],[127.059588,37.461337],[127.058942,37.46074],[127.058856,37.46062],[127.058927,37.460271],[127.059055,37.46003],[127.059225,37.459855],[127.058624,37.459116],[127.058726,37.458278],[127.058733,37.457858],[127.058428,37.45688],[127.058338,37.456889],[127.057969,37.456752],[127.057676,37.456739],[127.057236,37.456566],[127.056924,37.456391],[127.056878,37.456383],[127.05687,37.45658],[127.056815,37.456598],[127.056741,37.456705],[127.056685,37.456706],[127.056685,37.456664],[127.055205,37.456843],[127.054834,37.457086],[127.054236,37.457342],[127.053863,37.45763],[127.052892,37.457528],[127.052456,37.457596],[127.051852,37.457419],[127.051067,37.457277],[127.050842,37.457271],[127.050277,37.457048],[127.049874,37.457675],[127.049659,37.457917],[127.049007,37.458265],[127.048761,37.458482],[127.048479,37.458993],[127.048202,37.459274],[127.048017,37.459558],[127.047889,37.45988],[127.04792,37.460188],[127.047783,37.460541],[127.047974,37.460633],[127.047849,37.461078],[127.047293,37.46203],[127.047173,37.462408],[127.046906,37.462513],[127.046634,37.462811],[127.045881,37.463199],[127.045139,37.46371],[127.043012,37.465656],[127.04886,37.469893],[127.049523,37.469838],[127.05029,37.469707],[127.050436,37.46975],[127.051035,37.469356],[127.051096,37.46859],[127.050918,37.467563],[127.050762,37.467402],[127.050756,37.467296],[127.050802,37.467268],[127.051285,37.467436],[127.051949,37.467768],[127.053052,37.468059],[127.053243,37.468159],[127.053596,37.46807],[127.05421,37.468114],[127.054915,37.468626],[127.055044,37.468853],[127.055387,37.468817],[127.056084,37.468438],[127.056532,37.468479],[127.057197,37.469008],[127.05783,37.468903],[127.058709,37.468905],[127.059106,37.469193]]]}},{"type":"Feature","properties":{"code":"11650109","name":"내곡동","guCode":"11220","guName":"서초구","labelPoint":[127.076844,37.458379],"legalGuCode":"11650"},"geometry":{"type":"Polygon","coordinates":[[[127.084882,37.475512],[127.084506,37.475106],[127.084449,37.474665],[127.0845,37.474281],[127.084481,37.47404],[127.084164,37.472993],[127.084173,37.472819],[127.085028,37.4712],[127.085896,37.4711],[127.086589,37.470759],[127.086712,37.470661],[127.087185,37.469884],[127.087532,37.469762],[127.087595,37.469318],[127.087808,37.469137],[127.088165,37.468316],[127.088446,37.468096],[127.088985,37.468122],[127.089038,37.46824],[127.08946,37.467574],[127.089709,37.467339],[127.090166,37.467046],[127.090437,37.467025],[127.091117,37.466109],[127.091617,37.465626],[127.091934,37.465136],[127.092028,37.464789],[127.092055,37.463916],[127.092024,37.462274],[127.093194,37.461272],[127.093872,37.461172],[127.094639,37.46095],[127.095677,37.461004],[127.095753,37.460639],[127.095607,37.46025],[127.095271,37.460049],[127.09506,37.459769],[127.095174,37.459462],[127.094896,37.45848],[127.095354,37.457882],[127.09544,37.457561],[127.095214,37.456321],[127.094312,37.456225],[127.093774,37.456078],[127.09354,37.455888],[127.093458,37.45555],[127.093143,37.454906],[127.093218,37.454716],[127.092815,37.453759],[127.092726,37.453634],[127.091882,37.453467],[127.091129,37.452956],[127.090959,37.452783],[127.090303,37.451267],[127.090141,37.451096],[127.08962,37.450887],[127.089543,37.450166],[127.088821,37.44975],[127.08896,37.449462],[127.088432,37.448995],[127.088327,37.448628],[127.088415,37.448075],[127.088642,37.447597],[127.088369,37.44724],[127.088277,37.446554],[127.088387,37.446398],[127.088238,37.446178],[127.088161,37.445385],[127.087855,37.444894],[127.087477,37.444802],[127.087304,37.444642],[127.086421,37.444263],[127.085703,37.444417],[127.083862,37.443922],[127.083805,37.443417],[127.083335,37.442958],[127.083208,37.442568],[127.082975,37.442321],[127.082905,37.442174],[127.082432,37.44158],[127.082097,37.441351],[127.081444,37.441231],[127.08125,37.441119],[127.080701,37.441151],[127.080172,37.441051],[127.079961,37.441212],[127.079575,37.441387],[127.079083,37.441299],[127.078531,37.441558],[127.078179,37.441552],[127.077748,37.441863],[127.077602,37.441709],[127.077359,37.441631],[127.077078,37.441651],[127.076936,37.441716],[127.076721,37.441938],[127.076011,37.442139],[127.075243,37.441942],[127.074756,37.442219],[127.073853,37.442213],[127.072993,37.442018],[127.07225,37.4422],[127.072138,37.442263],[127.072095,37.442876],[127.071882,37.443217],[127.071463,37.443758],[127.071204,37.444363],[127.070578,37.444945],[127.069809,37.445439],[127.069388,37.446023],[127.068717,37.446187],[127.068326,37.44643],[127.067688,37.446637],[127.066869,37.44655],[127.066417,37.446352],[127.066041,37.446357],[127.065753,37.446441],[127.064765,37.447493],[127.064136,37.447868],[127.063485,37.448382],[127.062206,37.449755],[127.06224,37.44988],[127.061977,37.450503],[127.061893,37.451084],[127.06153,37.451269],[127.061344,37.451468],[127.059152,37.452581],[127.058798,37.453067],[127.058746,37.452997],[127.058961,37.453404],[127.059263,37.453722],[127.059296,37.453873],[127.059411,37.453907],[127.059495,37.454041],[127.059488,37.454218],[127.059404,37.454494],[127.059444,37.454549],[127.059427,37.454778],[127.059443,37.454856],[127.059574,37.455023],[127.059558,37.455116],[127.059246,37.455214],[127.059127,37.455354],[127.059013,37.455415],[127.058841,37.455377],[127.058763,37.455427],[127.058787,37.455704],[127.058898,37.455831],[127.058897,37.4561],[127.058604,37.456265],[127.058397,37.456614],[127.058428,37.45688],[127.058733,37.457858],[127.058726,37.458278],[127.058624,37.459116],[127.059225,37.459855],[127.059055,37.46003],[127.058927,37.460271],[127.058856,37.46062],[127.059014,37.460817],[127.059588,37.461337],[127.059837,37.461479],[127.0606,37.461727],[127.060975,37.461941],[127.06179,37.462629],[127.062372,37.462956],[127.062138,37.463424],[127.062083,37.463722],[127.062176,37.463873],[127.062305,37.464255],[127.062275,37.465712],[127.062428,37.466236],[127.06208,37.467953],[127.061449,37.468998],[127.061612,37.468965],[127.061859,37.469047],[127.062135,37.469082],[127.062403,37.469329],[127.0626,37.469341],[127.063235,37.46904],[127.063813,37.469001],[127.064156,37.469206],[127.065099,37.469336],[127.06562,37.469538],[127.065917,37.469797],[127.066252,37.469901],[127.066454,37.470136],[127.067868,37.470428],[127.068574,37.471008],[127.069619,37.471048],[127.069937,37.470928],[127.070423,37.471051],[127.070748,37.471362],[127.07136,37.471539],[127.071749,37.471732],[127.071918,37.471883],[127.072684,37.471958],[127.07311,37.472256],[127.073845,37.472935],[127.07423,37.472953],[127.075372,37.473489],[127.076463,37.474455],[127.076911,37.475158],[127.077935,37.474736],[127.078515,37.474961],[127.078991,37.474767],[127.081876,37.475294],[127.08275,37.475304],[127.083232,37.475527],[127.083917,37.475419],[127.084505,37.475614],[127.084882,37.475512]]]}},{"type":"Feature","properties":{"code":"11650108","name":"서초동","guCode":"11220","guName":"서초구","labelPoint":[127.016369,37.488327],"legalGuCode":"11650"},"geometry":{"type":"Polygon","coordinates":[[[127.024485,37.504478],[127.034087,37.484369],[127.033856,37.484337],[127.034251,37.48396],[127.033651,37.484148],[127.033713,37.483848],[127.034093,37.483104],[127.034086,37.482968],[127.03439,37.482714],[127.034248,37.482508],[127.034305,37.482212],[127.033709,37.481913],[127.033319,37.481506],[127.033114,37.481494],[127.032853,37.481334],[127.032537,37.481012],[127.031814,37.480736],[127.031668,37.480764],[127.031321,37.480738],[127.030673,37.480466],[127.03042,37.480299],[127.029329,37.48055],[127.028839,37.48094],[127.028552,37.481079],[127.02811,37.481047],[127.027821,37.480915],[127.027638,37.480726],[127.026499,37.4805],[127.025576,37.480867],[127.024602,37.480629],[127.024381,37.480614],[127.024266,37.480444],[127.023992,37.479842],[127.023439,37.479399],[127.022796,37.47914],[127.022665,37.47902],[127.022762,37.478949],[127.022591,37.478391],[127.022172,37.478081],[127.021708,37.477456],[127.021634,37.477005],[127.021068,37.477281],[127.020566,37.477156],[127.020169,37.476967],[127.019737,37.477029],[127.019246,37.476842],[127.018528,37.476692],[127.018174,37.476538],[127.017524,37.4765],[127.017067,37.476348],[127.016533,37.47605],[127.016383,37.475609],[127.016389,37.475292],[127.015861,37.475203],[127.015377,37.474929],[127.01497,37.474313],[127.014888,37.473899],[127.014658,37.473704],[127.013939,37.473226],[127.013548,37.473327],[127.012965,37.473325],[127.012111,37.473201],[127.011651,37.472856],[127.011061,37.472852],[127.010112,37.472545],[127.008232,37.476075],[127.007698,37.476651],[127.007402,37.477236],[127.007165,37.47748],[127.007041,37.477418],[127.004466,37.48274],[127.002228,37.482308],[127.002075,37.482468],[127.002138,37.482818],[127.001849,37.482719],[127.001739,37.483124],[127.000807,37.483563],[127.000753,37.483718],[127.000858,37.484384],[127.00059,37.485098],[127.000323,37.485399],[127.000241,37.485634],[127.000375,37.485705],[127.000648,37.485978],[127.001365,37.486838],[127.000991,37.487879],[127.000667,37.488113],[127.000415,37.488541],[127.000488,37.489722],[126.999825,37.49018],[126.999853,37.491565],[127.000294,37.491815],[127.000864,37.491794],[127.001255,37.491978],[127.001506,37.492271],[127.001832,37.492783],[127.002242,37.493113],[127.002394,37.493492],[127.002944,37.494004],[127.003275,37.494397],[127.003482,37.494808],[127.00355,37.495029],[127.003505,37.495576],[127.003524,37.495969],[127.003984,37.496096],[127.004976,37.496692],[127.004931,37.496738],[127.005611,37.496839],[127.006147,37.496696],[127.006823,37.496787],[127.007152,37.496886],[127.00759,37.497182],[127.00843,37.497007],[127.008769,37.496801],[127.009615,37.497171],[127.010705,37.497426],[127.010779,37.49857],[127.010384,37.498222],[127.009911,37.498071],[127.009472,37.498033],[127.009329,37.498133],[127.00927,37.498521],[127.009972,37.498508],[127.009976,37.498628],[127.012518,37.498973],[127.012394,37.499518],[127.013396,37.499663],[127.015862,37.501532],[127.016675,37.501115],[127.019759,37.499996],[127.018604,37.503034],[127.019369,37.503051],[127.020197,37.503189],[127.024485,37.504478]]]}},{"type":"Feature","properties":{"code":"11650107","name":"반포동","guCode":"11220","guName":"서초구","labelPoint":[127.002368,37.504534],"legalGuCode":"11650"},"geometry":{"type":"Polygon","coordinates":[[[126.990684,37.513096],[126.997423,37.517364],[127.001133,37.513596],[126.997757,37.511915],[127.001155,37.505002],[127.021327,37.511102],[127.024485,37.504478],[127.020197,37.503189],[127.019369,37.503051],[127.018604,37.503034],[127.019759,37.499996],[127.016675,37.501115],[127.015862,37.501532],[127.013396,37.499663],[127.012394,37.499518],[127.012518,37.498973],[127.009976,37.498628],[127.009972,37.498508],[127.00927,37.498521],[127.009329,37.498133],[127.009472,37.498033],[127.009911,37.498071],[127.010384,37.498222],[127.010779,37.49857],[127.010705,37.497426],[127.009615,37.497171],[127.008769,37.496801],[127.00843,37.497007],[127.00759,37.497182],[127.007152,37.496886],[127.006823,37.496787],[127.006147,37.496696],[127.005611,37.496839],[127.004931,37.496738],[127.004976,37.496692],[127.003984,37.496096],[127.003524,37.495969],[127.003505,37.495576],[127.00355,37.495029],[127.003482,37.494808],[127.003275,37.494397],[127.002944,37.494004],[127.002394,37.493492],[127.002242,37.493113],[127.001832,37.492783],[127.001506,37.492271],[127.001255,37.491978],[127.000864,37.491794],[127.000294,37.491815],[126.99981,37.49304],[126.99966,37.493137],[126.998406,37.493414],[126.997355,37.493875],[126.997134,37.493831],[126.996725,37.494161],[126.995634,37.494094],[126.995199,37.493969],[126.995382,37.494289],[126.995352,37.494739],[126.994828,37.495392],[126.994757,37.495854],[126.994155,37.496032],[126.993405,37.496044],[126.993215,37.496113],[126.993203,37.496086],[126.992796,37.496359],[126.992872,37.496472],[126.992817,37.496767],[126.992358,37.496987],[126.992335,37.49703],[126.991422,37.497233],[126.991001,37.497514],[126.990995,37.497798],[126.990948,37.497851],[126.990857,37.497849],[126.990804,37.497917],[126.990589,37.497967],[126.989475,37.497991],[126.98931,37.498043],[126.989312,37.498394],[126.989048,37.498531],[126.98895,37.498521],[126.988834,37.498607],[126.988832,37.498751],[126.988744,37.498841],[126.987944,37.498639],[126.987294,37.498614],[126.987,37.498639],[126.986555,37.498808],[126.985839,37.499379],[126.985581,37.499709],[126.984285,37.500711],[126.983412,37.501257],[126.982026,37.502044],[126.980543,37.502692],[126.980388,37.502863],[126.980211,37.503215],[126.980131,37.503703],[126.979835,37.504178],[126.979839,37.504376],[126.980054,37.504375],[126.980112,37.504456],[126.980397,37.50459],[126.980404,37.506545],[126.985541,37.506543],[126.990684,37.513096]]]}},{"type":"Feature","properties":{"code":"11650106","name":"잠원동","guCode":"11220","guName":"서초구","labelPoint":[127.009496,37.51548],"legalGuCode":"11650"},"geometry":{"type":"Polygon","coordinates":[[[127.007655,37.524656],[127.008578,37.525595],[127.01318,37.522586],[127.01338,37.522913],[127.01386,37.523341],[127.015232,37.524844],[127.01694,37.523025],[127.017822,37.521812],[127.020515,37.512799],[127.021327,37.511102],[127.001155,37.505002],[126.997757,37.511915],[127.001133,37.513596],[126.997423,37.517364],[127.000987,37.519631],[127.006456,37.52344],[127.007655,37.524656]]]}},{"type":"Feature","properties":{"code":"11650104","name":"원지동","guCode":"11220","guName":"서초구","labelPoint":[127.048003,37.444868],"legalGuCode":"11650"},"geometry":{"type":"Polygon","coordinates":[[[127.045432,37.461299],[127.045476,37.460971],[127.045809,37.460591],[127.045778,37.460591],[127.045901,37.460426],[127.045983,37.459682],[127.046056,37.459487],[127.046374,37.458967],[127.046656,37.458638],[127.046845,37.458219],[127.047824,37.45741],[127.048896,37.456363],[127.049587,37.455767],[127.04967,37.455642],[127.049994,37.454995],[127.050599,37.454001],[127.050696,37.453753],[127.05061,37.453356],[127.050489,37.453108],[127.050486,37.452984],[127.050556,37.452751],[127.050963,37.451946],[127.051474,37.451422],[127.051928,37.451028],[127.0529,37.450348],[127.052998,37.450211],[127.052967,37.449879],[127.053394,37.449385],[127.053364,37.449385],[127.053374,37.449328],[127.053493,37.44916],[127.053624,37.449056],[127.053876,37.448959],[127.054188,37.448615],[127.054261,37.448445],[127.05466,37.448067],[127.054857,37.447932],[127.054969,37.447788],[127.055404,37.447451],[127.055651,37.447162],[127.055692,37.447097],[127.055689,37.446995],[127.055925,37.44669],[127.056394,37.446505],[127.056711,37.446468],[127.056912,37.446303],[127.057075,37.445957],[127.057088,37.445627],[127.057635,37.44525],[127.057663,37.445175],[127.057703,37.445186],[127.057755,37.445121],[127.057708,37.445116],[127.058028,37.444621],[127.05825,37.444484],[127.058377,37.444312],[127.058477,37.443848],[127.058587,37.443591],[127.058523,37.44337],[127.058585,37.443229],[127.058601,37.442993],[127.058747,37.442789],[127.058791,37.442595],[127.059064,37.442178],[127.059459,37.441799],[127.059642,37.441345],[127.059873,37.441069],[127.060037,37.440959],[127.060588,37.440763],[127.060839,37.440488],[127.061271,37.440269],[127.061705,37.439847],[127.061878,37.439543],[127.062063,37.439369],[127.062701,37.438966],[127.062948,37.438588],[127.063309,37.438265],[127.06337,37.438112],[127.06353,37.4379],[127.06355,37.437627],[127.063652,37.437431],[127.063556,37.437522],[127.063485,37.437435],[127.063615,37.436997],[127.06399,37.436158],[127.063924,37.435601],[127.063655,37.435117],[127.063359,37.434453],[127.063495,37.433908],[127.063273,37.433806],[127.062967,37.43347],[127.062006,37.433011],[127.061991,37.432687],[127.062067,37.432467],[127.062097,37.432043],[127.062053,37.431786],[127.061814,37.431395],[127.061957,37.431078],[127.061672,37.430706],[127.061169,37.430439],[127.061145,37.429985],[127.060518,37.429764],[127.060207,37.429714],[127.059961,37.429569],[127.059057,37.429664],[127.05807,37.430011],[127.056808,37.429731],[127.056395,37.429581],[127.056108,37.429611],[127.055547,37.429361],[127.055338,37.429398],[127.055121,37.429293],[127.054769,37.429273],[127.05389,37.428982],[127.053684,37.428975],[127.05338,37.428752],[127.052911,37.428536],[127.052501,37.428446],[127.052396,37.428319],[127.052325,37.428297],[127.052169,37.42834],[127.051418,37.429054],[127.051359,37.429198],[127.050918,37.429451],[127.050554,37.429729],[127.050194,37.429902],[127.049865,37.43031],[127.04958,37.43027],[127.047555,37.430607],[127.047369,37.430702],[127.047181,37.431732],[127.047225,37.43204],[127.046536,37.432651],[127.046312,37.433447],[127.045906,37.433481],[127.044951,37.433847],[127.044626,37.434069],[127.044364,37.434424],[127.044186,37.435055],[127.042646,37.436372],[127.041443,37.43711],[127.04114,37.437415],[127.04109,37.437769],[127.04048,37.438082],[127.040053,37.438237],[127.039032,37.438151],[127.038437,37.438361],[127.0378,37.438268],[127.037395,37.438313],[127.037068,37.438275],[127.036856,37.438365],[127.036323,37.438778],[127.036056,37.438823],[127.035574,37.439004],[127.035579,37.439404],[127.035492,37.439762],[127.03532,37.439967],[127.035169,37.440606],[127.035172,37.440942],[127.035619,37.441328],[127.036088,37.441563],[127.036431,37.441833],[127.036654,37.44208],[127.036837,37.44236],[127.036819,37.442587],[127.036975,37.442897],[127.037483,37.443267],[127.037568,37.443838],[127.037935,37.444179],[127.03823,37.44518],[127.038206,37.445859],[127.037351,37.446301],[127.037254,37.446448],[127.037532,37.447361],[127.037159,37.44801],[127.037375,37.448564],[127.037812,37.448922],[127.037744,37.449419],[127.037296,37.45001],[127.036914,37.450808],[127.036809,37.45088],[127.036543,37.45121],[127.03641,37.451497],[127.036477,37.451463],[127.036901,37.451693],[127.037084,37.451901],[127.03679,37.452578],[127.036954,37.453203],[127.037208,37.453495],[127.037567,37.453744],[127.038476,37.454236],[127.038718,37.454414],[127.038766,37.454957],[127.038613,37.455082],[127.03823,37.455971],[127.038926,37.456583],[127.039125,37.45703],[127.039241,37.458237],[127.039556,37.458605],[127.039719,37.458737],[127.040048,37.459446],[127.040663,37.460188],[127.040971,37.460407],[127.0411,37.460418],[127.041325,37.460599],[127.041506,37.460876],[127.041718,37.461042],[127.04181,37.461252],[127.042118,37.461531],[127.043404,37.461676],[127.044229,37.461629],[127.045416,37.461345],[127.045432,37.461299]]]}},{"type":"Feature","properties":{"code":"11650103","name":"우면동","guCode":"11220","guName":"서초구","labelPoint":[127.017164,37.466085],"legalGuCode":"11650"},"geometry":{"type":"Polygon","coordinates":[[[127.021634,37.477005],[127.022051,37.476832],[127.022299,37.476616],[127.022578,37.476513],[127.022743,37.476334],[127.023243,37.476369],[127.024269,37.475973],[127.024461,37.47572],[127.024844,37.475435],[127.025752,37.475166],[127.026063,37.47497],[127.026914,37.474791],[127.027157,37.474643],[127.02734,37.474428],[127.027846,37.474292],[127.028052,37.474137],[127.028449,37.474177],[127.029115,37.473912],[127.029399,37.47366],[127.029249,37.473229],[127.030121,37.47337],[127.030301,37.473347],[127.032031,37.471493],[127.030922,37.47041],[127.028968,37.467721],[127.029929,37.465352],[127.029527,37.465374],[127.029489,37.464844],[127.029511,37.46447],[127.029671,37.464164],[127.029694,37.463906],[127.029606,37.463275],[127.029316,37.462701],[127.028924,37.462215],[127.028427,37.461725],[127.028043,37.461245],[127.028157,37.460622],[127.028462,37.460131],[127.028362,37.459894],[127.028158,37.459838],[127.027532,37.459826],[127.026572,37.459642],[127.026401,37.459454],[127.026445,37.458337],[127.026347,37.458104],[127.025995,37.457817],[127.025278,37.457494],[127.024126,37.457447],[127.023713,37.457319],[127.022793,37.457251],[127.022432,37.456916],[127.022203,37.456616],[127.021974,37.456458],[127.021503,37.456226],[127.020366,37.456158],[127.019692,37.455787],[127.019201,37.455731],[127.018836,37.455789],[127.018065,37.456027],[127.017545,37.456135],[127.016946,37.45597],[127.016288,37.45523],[127.015575,37.454916],[127.015065,37.454832],[127.01451,37.454861],[127.014156,37.454978],[127.013387,37.455348],[127.012373,37.455549],[127.011368,37.455408],[127.011151,37.455447],[127.011151,37.455382],[127.010823,37.455423],[127.010655,37.456038],[127.010584,37.456169],[127.010406,37.456309],[127.010288,37.456483],[127.009908,37.456875],[127.009612,37.457078],[127.009233,37.457221],[127.008711,37.457765],[127.008532,37.458052],[127.008599,37.458123],[127.008548,37.458397],[127.008577,37.458411],[127.008328,37.458492],[127.008315,37.458646],[127.008218,37.458773],[127.008214,37.4591],[127.008021,37.459163],[127.007876,37.459545],[127.007312,37.460038],[127.007269,37.460141],[127.007041,37.460215],[127.006809,37.46055],[127.006139,37.461713],[127.006024,37.461825],[127.006157,37.461888],[127.005769,37.462548],[127.005457,37.462758],[127.005329,37.462795],[127.004969,37.463187],[127.004765,37.46358],[127.004748,37.463836],[127.00447,37.464073],[127.004805,37.464881],[127.004684,37.465172],[127.004905,37.465843],[127.004489,37.466328],[127.004525,37.466798],[127.00413,37.467287],[127.003675,37.46772],[127.003666,37.467865],[127.004098,37.46834],[127.004439,37.468878],[127.004489,37.469263],[127.005153,37.4697],[127.005546,37.470226],[127.005855,37.470444],[127.006479,37.470661],[127.006763,37.470633],[127.007527,37.471052],[127.007641,37.471185],[127.008176,37.471406],[127.008966,37.471152],[127.010008,37.472313],[127.010112,37.472545],[127.011061,37.472852],[127.011651,37.472856],[127.012111,37.473201],[127.012965,37.473325],[127.013548,37.473327],[127.013939,37.473226],[127.014658,37.473704],[127.014888,37.473899],[127.01497,37.474313],[127.015377,37.474929],[127.015861,37.475203],[127.016389,37.475292],[127.016383,37.475609],[127.016533,37.47605],[127.017067,37.476348],[127.017524,37.4765],[127.018174,37.476538],[127.018528,37.476692],[127.019246,37.476842],[127.019737,37.477029],[127.020169,37.476967],[127.020566,37.477156],[127.021068,37.477281],[127.021634,37.477005]]]}},{"type":"Feature","properties":{"code":"11650102","name":"양재동","guCode":"11220","guName":"서초구","labelPoint":[127.038559,37.468807],"legalGuCode":"11650"},"geometry":{"type":"Polygon","coordinates":[[[127.044005,37.479942],[127.044144,37.47929],[127.04504,37.477317],[127.045265,37.477058],[127.050826,37.471635],[127.050618,37.471411],[127.048669,37.47006],[127.04886,37.469893],[127.043012,37.465656],[127.045139,37.46371],[127.045881,37.463199],[127.046634,37.462811],[127.046906,37.462513],[127.047173,37.462408],[127.047293,37.46203],[127.047849,37.461078],[127.047974,37.460633],[127.047468,37.460388],[127.047125,37.460798],[127.046369,37.461172],[127.045951,37.46129],[127.045432,37.461299],[127.045416,37.461345],[127.044229,37.461629],[127.043404,37.461676],[127.042118,37.461531],[127.04181,37.461252],[127.041718,37.461042],[127.041506,37.460876],[127.041325,37.460599],[127.0411,37.460418],[127.040971,37.460407],[127.040663,37.460188],[127.040048,37.459446],[127.039719,37.458737],[127.039556,37.458605],[127.039241,37.458237],[127.039125,37.45703],[127.039009,37.456762],[127.038926,37.456583],[127.03823,37.455971],[127.038613,37.455082],[127.038766,37.454957],[127.038718,37.454414],[127.038476,37.454236],[127.037567,37.453744],[127.037208,37.453495],[127.036954,37.453203],[127.03679,37.452578],[127.037084,37.451901],[127.036901,37.451693],[127.036477,37.451463],[127.036077,37.451663],[127.035861,37.451991],[127.035776,37.452196],[127.035371,37.452227],[127.035147,37.452439],[127.034755,37.452617],[127.034824,37.453106],[127.034998,37.453239],[127.035469,37.453437],[127.035588,37.454088],[127.035738,37.454186],[127.036267,37.454262],[127.036425,37.454651],[127.036825,37.454934],[127.037128,37.455208],[127.037067,37.455474],[127.03685,37.455823],[127.036741,37.456444],[127.035763,37.457481],[127.035016,37.457894],[127.034968,37.457989],[127.034925,37.458444],[127.035011,37.458868],[127.035057,37.458739],[127.034924,37.460175],[127.034643,37.46013],[127.034504,37.460065],[127.034328,37.460145],[127.034316,37.460252],[127.034013,37.4603],[127.033899,37.460832],[127.033732,37.461237],[127.033877,37.46168],[127.033957,37.462229],[127.034106,37.462573],[127.034533,37.463335],[127.034522,37.46343],[127.034693,37.464155],[127.03348,37.464636],[127.033141,37.465017],[127.032758,37.465193],[127.03224,37.46533],[127.031922,37.465519],[127.031196,37.465626],[127.030397,37.465486],[127.030166,37.465362],[127.029929,37.465352],[127.028968,37.467721],[127.030922,37.47041],[127.032031,37.471493],[127.030301,37.473347],[127.030121,37.47337],[127.029249,37.473229],[127.029399,37.47366],[127.029115,37.473912],[127.028449,37.474177],[127.028052,37.474137],[127.027846,37.474292],[127.02734,37.474428],[127.027157,37.474643],[127.026914,37.474791],[127.026063,37.47497],[127.025752,37.475166],[127.024844,37.475435],[127.024461,37.47572],[127.024269,37.475973],[127.023797,37.476168],[127.023243,37.476369],[127.022743,37.476334],[127.022578,37.476513],[127.022299,37.476616],[127.022051,37.476832],[127.021634,37.477005],[127.021708,37.477456],[127.022172,37.478081],[127.022591,37.478391],[127.022762,37.478949],[127.022665,37.47902],[127.022796,37.47914],[127.023439,37.479399],[127.023992,37.479842],[127.024266,37.480444],[127.024381,37.480614],[127.024602,37.480629],[127.025576,37.480867],[127.026499,37.4805],[127.027638,37.480726],[127.027821,37.480915],[127.02811,37.481047],[127.028552,37.481079],[127.028839,37.48094],[127.029329,37.48055],[127.03042,37.480299],[127.030673,37.480466],[127.031321,37.480738],[127.031668,37.480764],[127.031814,37.480736],[127.032537,37.481012],[127.032853,37.481334],[127.033114,37.481494],[127.033319,37.481506],[127.033709,37.481913],[127.034305,37.482212],[127.034248,37.482508],[127.03439,37.482714],[127.034086,37.482968],[127.034093,37.483104],[127.033713,37.483848],[127.033651,37.484148],[127.034251,37.48396],[127.033856,37.484337],[127.04175,37.485437],[127.041609,37.485239],[127.042951,37.482272],[127.043063,37.482259],[127.043038,37.482231],[127.043157,37.481976],[127.043137,37.481866],[127.043547,37.481222],[127.043889,37.480561],[127.044005,37.479942]]]}},{"type":"Feature","properties":{"code":"11650101","name":"방배동","guCode":"11220","guName":"서초구","labelPoint":[126.993835,37.479894],"legalGuCode":"11650"},"geometry":{"type":"Polygon","coordinates":[[[126.985385,37.499861],[126.985581,37.499709],[126.985839,37.499379],[126.986268,37.499012],[126.986737,37.49872],[126.987,37.498639],[126.987652,37.498621],[126.98828,37.498704],[126.988744,37.498841],[126.988832,37.498751],[126.988834,37.498607],[126.98895,37.498521],[126.989048,37.498531],[126.989312,37.498394],[126.98931,37.498043],[126.989475,37.497991],[126.990589,37.497967],[126.990804,37.497917],[126.990857,37.497849],[126.990948,37.497851],[126.990995,37.497798],[126.991001,37.497514],[126.991422,37.497233],[126.992335,37.49703],[126.992358,37.496987],[126.992817,37.496767],[126.992872,37.496472],[126.992796,37.496359],[126.993203,37.496086],[126.993215,37.496113],[126.993405,37.496044],[126.994155,37.496032],[126.994757,37.495854],[126.994828,37.495392],[126.995352,37.494739],[126.995382,37.494289],[126.995199,37.493969],[126.995634,37.494094],[126.996725,37.494161],[126.997134,37.493831],[126.997355,37.493875],[126.998406,37.493414],[126.99966,37.493137],[126.99981,37.49304],[127.000294,37.491815],[126.999853,37.491565],[126.999825,37.49018],[127.000488,37.489722],[127.000415,37.488541],[127.000667,37.488113],[127.000991,37.487879],[127.001365,37.486838],[127.000648,37.485978],[127.000375,37.485705],[127.000241,37.485634],[127.000323,37.485399],[127.00059,37.485098],[127.000858,37.484384],[127.000753,37.483718],[127.000807,37.483563],[127.001739,37.483124],[127.001849,37.482719],[127.002138,37.482818],[127.002075,37.482468],[127.002228,37.482308],[127.004466,37.48274],[127.007041,37.477418],[127.007165,37.47748],[127.007402,37.477236],[127.007698,37.476651],[127.008232,37.476075],[127.010112,37.472545],[127.010008,37.472313],[127.008966,37.471152],[127.008176,37.471406],[127.007641,37.471185],[127.007527,37.471052],[127.006763,37.470633],[127.006479,37.470661],[127.005855,37.470444],[127.005546,37.470226],[127.005153,37.4697],[127.004489,37.469263],[127.004439,37.468878],[127.004098,37.46834],[127.003666,37.467865],[127.003675,37.46772],[127.002735,37.467125],[127.001963,37.467087],[127.001486,37.467323],[127.000477,37.467063],[126.99878,37.467234],[126.998085,37.467055],[126.997802,37.467023],[126.997427,37.467242],[126.996986,37.46718],[126.996752,37.467072],[126.996231,37.466608],[126.996524,37.465917],[126.996455,37.465685],[126.996643,37.465428],[126.996619,37.464779],[126.997194,37.464184],[126.997371,37.463687],[126.996985,37.463159],[126.996769,37.461873],[126.99429,37.461421],[126.993354,37.461496],[126.992895,37.460948],[126.992655,37.460344],[126.992028,37.460546],[126.991698,37.460519],[126.991332,37.460136],[126.989995,37.459463],[126.989499,37.458523],[126.988646,37.458145],[126.988459,37.458542],[126.987864,37.459292],[126.987667,37.459701],[126.98755,37.460149],[126.987524,37.460669],[126.988265,37.463493],[126.988339,37.463999],[126.988225,37.464227],[126.988158,37.464932],[126.987934,37.465937],[126.987726,37.466415],[126.987247,37.467228],[126.987105,37.467228],[126.987274,37.467619],[126.986628,37.468235],[126.985325,37.46925],[126.984922,37.469633],[126.984027,37.470542],[126.983194,37.471613],[126.982158,37.473723],[126.981869,37.47487],[126.981718,37.47568],[126.981683,37.477172],[126.982189,37.486728],[126.982319,37.488537],[126.982518,37.489391],[126.982626,37.490076],[126.982664,37.491881],[126.982761,37.492321],[126.982774,37.49264],[126.982811,37.492674],[126.982926,37.496994],[126.98319,37.497373],[126.985385,37.499861]]]}},{"type":"Feature","properties":{"code":"11620103","name":"남현동","guCode":"11210","guName":"관악구","labelPoint":[126.979957,37.46302],"legalGuCode":"11620"},"geometry":{"type":"Polygon","coordinates":[[[126.970523,37.475377],[126.972262,37.475788],[126.974286,37.476201],[126.978423,37.47665],[126.981691,37.476531],[126.981718,37.47568],[126.981869,37.47487],[126.982158,37.473723],[126.983194,37.471613],[126.984027,37.470542],[126.984922,37.469633],[126.985325,37.46925],[126.986628,37.468235],[126.987274,37.467619],[126.987105,37.467228],[126.987247,37.467228],[126.987726,37.466415],[126.987934,37.465937],[126.988158,37.464932],[126.988225,37.464227],[126.988339,37.463999],[126.988265,37.463493],[126.987524,37.460669],[126.987542,37.460224],[126.987649,37.459752],[126.987864,37.459292],[126.988459,37.458542],[126.988636,37.458166],[126.986781,37.457403],[126.986613,37.457212],[126.985264,37.457182],[126.984903,37.457043],[126.984388,37.457106],[126.982888,37.456827],[126.981904,37.456936],[126.982398,37.455891],[126.97979,37.455647],[126.978477,37.455735],[126.977757,37.455199],[126.97458,37.454413],[126.973372,37.453238],[126.972844,37.452382],[126.971753,37.451737],[126.971068,37.45047],[126.970569,37.449453],[126.97031,37.451035],[126.968767,37.452826],[126.968392,37.454052],[126.967636,37.455828],[126.966613,37.456067],[126.966682,37.456613],[126.966915,37.457348],[126.966584,37.457958],[126.968383,37.459227],[126.969064,37.459974],[126.969042,37.460381],[126.969814,37.461001],[126.970302,37.462028],[126.970661,37.462168],[126.971139,37.462741],[126.971642,37.462842],[126.971904,37.463199],[126.972692,37.463503],[126.9734,37.463529],[126.973525,37.464018],[126.973992,37.465067],[126.973021,37.465709],[126.973147,37.466039],[126.972761,37.466979],[126.97241,37.467319],[126.972153,37.467431],[126.971958,37.467653],[126.97167,37.467882],[126.971523,37.468516],[126.971169,37.46921],[126.971139,37.469442],[126.971381,37.469771],[126.971414,37.469928],[126.971175,37.471475],[126.971062,37.47197],[126.971174,37.47268],[126.971488,37.473096],[126.97137,37.473478],[126.97074,37.474208],[126.970809,37.474328],[126.970872,37.474608],[126.970523,37.475377]]]}},{"type":"Feature","properties":{"code":"11620102","name":"신림동","guCode":"11210","guName":"관악구","labelPoint":[126.934584,37.462925],"legalGuCode":"11620"},"geometry":{"type":"Polygon","coordinates":[[[126.903199,37.485003],[126.905528,37.484913],[126.906098,37.484961],[126.909393,37.485898],[126.909889,37.485903],[126.910614,37.486059],[126.911248,37.486258],[126.911923,37.486514],[126.912311,37.486773],[126.912449,37.486928],[126.913066,37.487384],[126.913567,37.488013],[126.914862,37.488688],[126.916653,37.489554],[126.918708,37.490143],[126.919457,37.490277],[126.920104,37.490319],[126.921302,37.490332],[126.922181,37.490149],[126.92359,37.48998],[126.92544,37.489977],[126.926271,37.489862],[126.927272,37.48964],[126.928202,37.489352],[126.928869,37.489091],[126.9342,37.4867],[126.934208,37.484804],[126.934422,37.484831],[126.934434,37.484651],[126.935204,37.48468],[126.936137,37.484556],[126.936753,37.484348],[126.937788,37.48389],[126.937783,37.483311],[126.937289,37.482921],[126.93697,37.482476],[126.937519,37.482229],[126.936314,37.48119],[126.935583,37.480979],[126.935586,37.480711],[126.936128,37.480515],[126.936611,37.480496],[126.936543,37.480203],[126.937091,37.479405],[126.937961,37.479325],[126.938546,37.478944],[126.939251,37.478956],[126.939468,37.478915],[126.939539,37.478839],[126.939355,37.478577],[126.939303,37.478315],[126.939508,37.477994],[126.939678,37.477529],[126.939886,37.477324],[126.940314,37.477251],[126.940681,37.476858],[126.940719,37.476644],[126.940888,37.476726],[126.941244,37.476479],[126.942066,37.476151],[126.942813,37.475379],[126.944274,37.474266],[126.944787,37.473962],[126.944931,37.473925],[126.945243,37.473682],[126.945835,37.47352],[126.945998,37.473176],[126.946791,37.472605],[126.947859,37.472406],[126.94872,37.472719],[126.949071,37.472803],[126.949403,37.472439],[126.949709,37.472345],[126.949897,37.472088],[126.950408,37.471579],[126.950608,37.471594],[126.950779,37.471435],[126.951101,37.471597],[126.951397,37.47167],[126.952322,37.471064],[126.952478,37.471003],[126.95305,37.471035],[126.953255,37.470829],[126.953728,37.468944],[126.953961,37.46878],[126.954199,37.467947],[126.954682,37.467597],[126.95516,37.467164],[126.955101,37.46695],[126.955373,37.466549],[126.955446,37.466366],[126.955689,37.466067],[126.956157,37.465805],[126.955676,37.464376],[126.956054,37.463847],[126.955568,37.462686],[126.956946,37.460768],[126.956901,37.46063],[126.957101,37.459759],[126.957289,37.459643],[126.957527,37.459643],[126.959597,37.458012],[126.960351,37.457353],[126.961647,37.456123],[126.965461,37.45499],[126.966613,37.456067],[126.967636,37.455828],[126.968392,37.454052],[126.968767,37.452826],[126.97031,37.451035],[126.970569,37.449453],[126.967663,37.448381],[126.96429,37.446267],[126.963934,37.445215],[126.964419,37.444313],[126.964303,37.44377],[126.964382,37.442577],[126.964634,37.44204],[126.963784,37.441287],[126.963803,37.440787],[126.962943,37.44028],[126.961763,37.440279],[126.960056,37.440401],[126.959543,37.439979],[126.958966,37.43907],[126.957567,37.43893],[126.956368,37.438754],[126.955109,37.438692],[126.954631,37.438857],[126.953904,37.43901],[126.952411,37.43919],[126.951467,37.438577],[126.951158,37.438444],[126.950925,37.438734],[126.950033,37.438622],[126.949843,37.43838],[126.949284,37.43825],[126.948766,37.438646],[126.948363,37.438713],[126.947854,37.438492],[126.946789,37.438167],[126.94659,37.43793],[126.945676,37.437305],[126.945091,37.437088],[126.943385,37.437283],[126.94198,37.437506],[126.941424,37.437404],[126.941103,37.436918],[126.94053,37.43628],[126.940427,37.435802],[126.94022,37.435712],[126.939364,37.436026],[126.938622,37.436029],[126.938575,37.43642],[126.938326,37.436653],[126.938013,37.437189],[126.937747,37.437386],[126.937744,37.437879],[126.937563,37.438327],[126.937273,37.438632],[126.937247,37.439213],[126.937694,37.439684],[126.937864,37.440198],[126.937354,37.440872],[126.936812,37.441438],[126.936735,37.441635],[126.936647,37.441746],[126.936202,37.441954],[126.935986,37.442142],[126.935643,37.442178],[126.935441,37.442497],[126.935255,37.44266],[126.935032,37.443064],[126.934896,37.443212],[126.934564,37.443197],[126.934028,37.443485],[126.933219,37.444079],[126.93175,37.444976],[126.930554,37.445468],[126.930163,37.446378],[126.930278,37.446621],[126.930368,37.447698],[126.930174,37.448366],[126.92991,37.448735],[126.929286,37.449472],[126.928992,37.449634],[126.928911,37.449866],[126.928399,37.450213],[126.928506,37.450551],[126.928389,37.450988],[126.927881,37.451092],[126.927306,37.45101],[126.926693,37.451733],[126.926275,37.452538],[126.925701,37.452913],[126.925434,37.452994],[126.924786,37.452829],[126.924265,37.453376],[126.924179,37.453678],[126.923833,37.453928],[126.923347,37.454196],[126.923094,37.454512],[126.922796,37.455247],[126.92253,37.456329],[126.922187,37.456627],[126.920886,37.456829],[126.919676,37.456759],[126.919139,37.456894],[126.918316,37.456927],[126.918043,37.457033],[126.917457,37.457123],[126.917283,37.457339],[126.916899,37.457522],[126.916261,37.457342],[126.9156,37.457432],[126.914949,37.457314],[126.914567,37.457452],[126.914026,37.45789],[126.914017,37.458454],[126.914237,37.45894],[126.914,37.45947],[126.914246,37.459947],[126.914167,37.460715],[126.914185,37.460956],[126.91438,37.461393],[126.914389,37.461579],[126.913946,37.461936],[126.913712,37.46279],[126.913287,37.463061],[126.912959,37.463558],[126.912892,37.463942],[126.912954,37.464225],[126.913239,37.464619],[126.913692,37.465426],[126.913545,37.465427],[126.913067,37.465668],[126.912552,37.465743],[126.912379,37.465876],[126.91238,37.46625],[126.911638,37.466803],[126.911612,37.467119],[126.911091,37.467727],[126.91104,37.46808],[126.909956,37.468763],[126.910242,37.469239],[126.909941,37.469791],[126.90981,37.469905],[126.909786,37.470062],[126.909554,37.470447],[126.909592,37.470694],[126.908778,37.471783],[126.908607,37.472155],[126.908366,37.472368],[126.9082,37.472682],[126.908194,37.472729],[126.908561,37.472956],[126.909318,37.473192],[126.909595,37.473213],[126.909944,37.473304],[126.91003,37.473429],[126.910538,37.473605],[126.91075,37.473601],[126.911031,37.473891],[126.911078,37.474191],[126.911361,37.474478],[126.911302,37.474755],[126.911326,37.47491],[126.911183,37.475218],[126.911283,37.475433],[126.911372,37.475986],[126.911619,37.476296],[126.911797,37.476861],[126.911823,37.477806],[126.910662,37.47795],[126.910495,37.478174],[126.910429,37.478355],[126.909834,37.478201],[126.909477,37.478018],[126.908623,37.479077],[126.908738,37.47925],[126.908697,37.479396],[126.908812,37.479556],[126.909099,37.479641],[126.908977,37.480088],[126.909935,37.480253],[126.909786,37.480766],[126.905517,37.479983],[126.905289,37.479987],[126.905239,37.480113],[126.898944,37.47894],[126.899047,37.479355],[126.899226,37.479842],[126.899419,37.480238],[126.89971,37.480704],[126.903199,37.485003]]]}},{"type":"Feature","properties":{"code":"11620101","name":"봉천동","guCode":"11210","guName":"관악구","labelPoint":[126.957007,37.474994],"legalGuCode":"11620"},"geometry":{"type":"Polygon","coordinates":[[[126.929863,37.493993],[126.930073,37.493988],[126.931341,37.493262],[126.931362,37.493215],[126.9324,37.492973],[126.932442,37.492923],[126.933828,37.493147],[126.934351,37.493046],[126.934381,37.493069],[126.935373,37.492763],[126.935842,37.49242],[126.936145,37.492318],[126.936354,37.492062],[126.936552,37.49199],[126.937259,37.491929],[126.937372,37.492005],[126.937598,37.492061],[126.937847,37.49224],[126.938147,37.492247],[126.938344,37.492374],[126.938834,37.492337],[126.939235,37.492207],[126.939443,37.492299],[126.93949,37.492471],[126.939561,37.492554],[126.939725,37.492642],[126.939739,37.492791],[126.939948,37.492894],[126.940383,37.492958],[126.940563,37.492847],[126.940832,37.492891],[126.940956,37.492747],[126.941068,37.492407],[126.941524,37.492262],[126.941579,37.492192],[126.94173,37.492172],[126.942294,37.492242],[126.942527,37.492217],[126.942619,37.492149],[126.943372,37.492255],[126.943532,37.492362],[126.943955,37.492502],[126.94444,37.4925],[126.944463,37.493079],[126.94453,37.493097],[126.944538,37.493143],[126.945487,37.49335],[126.945867,37.493529],[126.946096,37.493498],[126.946794,37.493896],[126.946974,37.494083],[126.947171,37.494005],[126.947535,37.493725],[126.948332,37.493685],[126.94878,37.493819],[126.948814,37.493139],[126.949423,37.492967],[126.949569,37.492738],[126.949961,37.492576],[126.951695,37.492179],[126.952065,37.491927],[126.952241,37.491656],[126.952803,37.491465],[126.952845,37.491328],[126.953715,37.490626],[126.954178,37.490937],[126.954873,37.490995],[126.95516,37.491311],[126.955406,37.491442],[126.95623,37.491497],[126.956656,37.491661],[126.956959,37.491721],[126.957479,37.491977],[126.9576,37.492355],[126.958023,37.492534],[126.958453,37.492625],[126.958696,37.492916],[126.958946,37.493605],[126.959338,37.493803],[126.960289,37.493744],[126.961053,37.493258],[126.960947,37.492923],[126.961378,37.492874],[126.961338,37.49246],[126.961401,37.491495],[126.960781,37.490822],[126.960873,37.490176],[126.961014,37.489996],[126.96139,37.489132],[126.961752,37.488989],[126.961822,37.488651],[126.961946,37.488597],[126.961695,37.487205],[126.961842,37.487107],[126.961803,37.486317],[126.961673,37.485987],[126.961986,37.485176],[126.961636,37.48471],[126.961695,37.484511],[126.961626,37.484228],[126.961074,37.483723],[126.961075,37.483561],[126.961826,37.482944],[126.962048,37.482446],[126.962694,37.482061],[126.963276,37.481375],[126.963944,37.481019],[126.964355,37.479913],[126.964415,37.479816],[126.964794,37.479491],[126.965648,37.479206],[126.966342,37.478924],[126.966884,37.478443],[126.967279,37.478015],[126.967782,37.477836],[126.968221,37.477272],[126.96883,37.476603],[126.970241,37.476518],[126.970275,37.476484],[126.970304,37.475849],[126.970872,37.474608],[126.970809,37.474328],[126.97074,37.474208],[126.97137,37.473478],[126.971488,37.473096],[126.971174,37.47268],[126.971062,37.47197],[126.971175,37.471475],[126.971414,37.469928],[126.971381,37.469771],[126.971139,37.469442],[126.971169,37.46921],[126.971523,37.468516],[126.97167,37.467882],[126.971958,37.467653],[126.972153,37.467431],[126.97241,37.467319],[126.972761,37.466979],[126.973147,37.466039],[126.973021,37.465709],[126.973992,37.465067],[126.973525,37.464018],[126.9734,37.463529],[126.972692,37.463503],[126.971904,37.463199],[126.971642,37.462842],[126.971139,37.462741],[126.970661,37.462168],[126.970302,37.462028],[126.969814,37.461001],[126.969042,37.460381],[126.969064,37.459974],[126.968383,37.459227],[126.966584,37.457958],[126.966915,37.457348],[126.966682,37.456613],[126.966613,37.456067],[126.965461,37.45499],[126.961647,37.456123],[126.960351,37.457353],[126.959597,37.458012],[126.957527,37.459643],[126.957289,37.459643],[126.957101,37.459759],[126.956901,37.46063],[126.956946,37.460768],[126.955568,37.462686],[126.956054,37.463847],[126.955676,37.464376],[126.956157,37.465805],[126.955689,37.466067],[126.955446,37.466366],[126.955373,37.466549],[126.955101,37.46695],[126.95516,37.467164],[126.954682,37.467597],[126.954199,37.467947],[126.953961,37.46878],[126.953728,37.468944],[126.953255,37.470829],[126.95305,37.471035],[126.952478,37.471003],[126.952322,37.471064],[126.951397,37.47167],[126.951101,37.471597],[126.950779,37.471435],[126.950608,37.471594],[126.950408,37.471579],[126.949897,37.472088],[126.949709,37.472345],[126.949403,37.472439],[126.949071,37.472803],[126.94872,37.472719],[126.947859,37.472406],[126.946791,37.472605],[126.945998,37.473176],[126.945835,37.47352],[126.945243,37.473682],[126.944931,37.473925],[126.944787,37.473962],[126.944274,37.474266],[126.942813,37.475379],[126.942066,37.476151],[126.941244,37.476479],[126.940888,37.476726],[126.940719,37.476644],[126.940681,37.476858],[126.940314,37.477251],[126.939886,37.477324],[126.939678,37.477529],[126.939508,37.477994],[126.939303,37.478315],[126.939355,37.478577],[126.939539,37.478839],[126.939468,37.478915],[126.939251,37.478956],[126.938546,37.478944],[126.937961,37.479325],[126.937091,37.479405],[126.936543,37.480203],[126.936611,37.480496],[126.936128,37.480515],[126.935586,37.480711],[126.935583,37.480979],[126.936314,37.48119],[126.937519,37.482229],[126.93697,37.482476],[126.937289,37.482921],[126.937783,37.483311],[126.937788,37.48389],[126.936753,37.484348],[126.936137,37.484556],[126.935204,37.48468],[126.934434,37.484651],[126.934422,37.484831],[126.934208,37.484804],[126.9342,37.4867],[126.928869,37.489091],[126.928202,37.489352],[126.927158,37.489669],[126.925946,37.489913],[126.92544,37.489977],[126.924155,37.489964],[126.924183,37.490318],[126.924151,37.49034],[126.924279,37.490459],[126.924357,37.4906],[126.924651,37.490748],[126.92482,37.490923],[126.924986,37.491369],[126.925091,37.491512],[126.925114,37.491655],[126.925242,37.491771],[126.925337,37.491938],[126.925392,37.492138],[126.925406,37.492465],[126.925577,37.492799],[126.925902,37.493041],[126.925975,37.493058],[126.926492,37.493494],[126.926558,37.493675],[126.926608,37.494112],[126.927135,37.494546],[126.927206,37.494724],[126.927452,37.494992],[126.92791,37.49507],[126.928219,37.494945],[126.928544,37.494787],[126.929863,37.493993]]]}},{"type":"Feature","properties":{"code":"11590109","name":"신대방동","guCode":"11200","guName":"동작구","labelPoint":[126.917184,37.492038],"legalGuCode":"11590"},"geometry":{"type":"Polygon","coordinates":[[[126.928653,37.498861],[126.928875,37.4986],[126.929223,37.498397],[126.929442,37.497998],[126.929655,37.497799],[126.929637,37.497734],[126.930093,37.497786],[126.929698,37.496972],[126.929753,37.496159],[126.929427,37.495744],[126.929419,37.495353],[126.92962,37.494916],[126.929629,37.494722],[126.929863,37.493993],[126.928544,37.494787],[126.928219,37.494945],[126.92791,37.49507],[126.927452,37.494992],[126.927206,37.494724],[126.927135,37.494546],[126.926608,37.494112],[126.926558,37.493675],[126.926492,37.493494],[126.925975,37.493058],[126.925902,37.493041],[126.925577,37.492799],[126.925406,37.492465],[126.925392,37.492138],[126.925337,37.491938],[126.925242,37.491771],[126.925114,37.491655],[126.925091,37.491512],[126.924986,37.491369],[126.92482,37.490923],[126.924651,37.490748],[126.924357,37.4906],[126.924279,37.490459],[126.924151,37.49034],[126.924183,37.490318],[126.924155,37.489964],[126.922808,37.490058],[126.921302,37.490332],[126.919457,37.490277],[126.918708,37.490143],[126.916653,37.489554],[126.914217,37.488355],[126.913567,37.488013],[126.913066,37.487384],[126.912449,37.486928],[126.912311,37.486773],[126.911923,37.486514],[126.911248,37.486258],[126.910614,37.486059],[126.909889,37.485903],[126.909393,37.485898],[126.906098,37.484961],[126.905528,37.484913],[126.903199,37.485003],[126.906635,37.489205],[126.906821,37.489203],[126.907518,37.490007],[126.908408,37.491336],[126.910348,37.493623],[126.910844,37.494289],[126.911267,37.495047],[126.911806,37.495877],[126.912129,37.496181],[126.912525,37.496353],[126.912895,37.496418],[126.914864,37.496609],[126.919406,37.497599],[126.91982,37.4978],[126.920217,37.498338],[126.920245,37.498507],[126.921552,37.497978],[126.921776,37.497922],[126.922163,37.49792],[126.922378,37.497947],[126.922509,37.498023],[126.922549,37.49799],[126.923452,37.498282],[126.924209,37.498425],[126.925837,37.498997],[126.92703,37.499347],[126.928653,37.498861]]]}},{"type":"Feature","properties":{"code":"11590108","name":"대방동","guCode":"11200","guName":"동작구","labelPoint":[126.928856,37.506697],"legalGuCode":"11590"},"geometry":{"type":"Polygon","coordinates":[[[126.926862,37.515544],[126.928996,37.515419],[126.932386,37.515575],[126.932503,37.514821],[126.932592,37.514641],[126.933308,37.514309],[126.933445,37.514202],[126.933502,37.514092],[126.933946,37.513798],[126.934168,37.513576],[126.934287,37.513322],[126.934406,37.513209],[126.934421,37.513],[126.934454,37.512996],[126.934657,37.512375],[126.934704,37.511322],[126.93469,37.510801],[126.934804,37.510713],[126.93495,37.510514],[126.934962,37.509268],[126.934782,37.508893],[126.93473,37.508299],[126.934949,37.507594],[126.935214,37.507081],[126.935213,37.506901],[126.935121,37.506614],[126.934961,37.506611],[126.934977,37.506759],[126.934732,37.506761],[126.934619,37.506635],[126.934624,37.506572],[126.934562,37.506533],[126.934608,37.506274],[126.934461,37.505927],[126.934433,37.50571],[126.934147,37.505396],[126.933905,37.505362],[126.933945,37.505216],[126.93382,37.505221],[126.93377,37.505129],[126.933535,37.505279],[126.933481,37.505233],[126.932969,37.505724],[126.932929,37.505683],[126.933,37.505621],[126.93293,37.505539],[126.932763,37.505583],[126.932854,37.506001],[126.932848,37.506073],[126.932761,37.506094],[126.932677,37.505139],[126.932632,37.505082],[126.932653,37.504914],[126.932623,37.504851],[126.932655,37.504801],[126.932589,37.504558],[126.932671,37.504068],[126.932515,37.503993],[126.932407,37.503884],[126.932358,37.50377],[126.931869,37.503595],[126.931576,37.503649],[126.931067,37.503478],[126.930522,37.503455],[126.929693,37.504133],[126.929299,37.504362],[126.929272,37.504224],[126.92899,37.503913],[126.928906,37.503855],[126.928651,37.503809],[126.92837,37.503681],[126.928164,37.503047],[126.928565,37.502592],[126.928772,37.502091],[126.928788,37.501847],[126.928728,37.501178],[126.928912,37.500901],[126.92949,37.500621],[126.92996,37.500286],[126.930322,37.499951],[126.930367,37.50003],[126.930419,37.50003],[126.930365,37.499942],[126.930382,37.499684],[126.930239,37.499537],[126.929574,37.499196],[126.929195,37.499082],[126.928988,37.498952],[126.928987,37.498861],[126.928653,37.498861],[126.92703,37.499347],[126.925837,37.498997],[126.924209,37.498425],[126.923452,37.498282],[126.922549,37.49799],[126.922509,37.498023],[126.922416,37.497997],[126.922348,37.497939],[126.921776,37.497922],[126.921552,37.497978],[126.920245,37.498507],[126.92029,37.500032],[126.920353,37.500041],[126.925386,37.512523],[126.926793,37.512805],[126.926759,37.513136],[126.926964,37.513215],[126.92698,37.513496],[126.927028,37.513651],[126.926981,37.51401],[126.926698,37.514269],[126.926668,37.514391],[126.926762,37.514457],[126.926865,37.514407],[126.9269,37.514522],[126.926802,37.514705],[126.926862,37.515544]]]}},{"type":"Feature","properties":{"code":"11560116","name":"당산동6가","guCode":"11190","guName":"영등포구","labelPoint":[126.902719,37.534619],"legalGuCode":"11560"},"geometry":{"type":"Polygon","coordinates":[[[126.900646,37.53748],[126.901287,37.537072],[126.902405,37.536225],[126.903444,37.53557],[126.903632,37.535605],[126.903859,37.535555],[126.904627,37.535284],[126.904977,37.5351],[126.905002,37.53508],[126.904796,37.535081],[126.9046,37.534923],[126.90536,37.534316],[126.905783,37.533923],[126.906049,37.533609],[126.906282,37.533227],[126.906394,37.533324],[126.906499,37.533295],[126.906646,37.533318],[126.906681,37.533277],[126.906845,37.53335],[126.907353,37.532804],[126.907171,37.532804],[126.907111,37.532953],[126.905747,37.531999],[126.898954,37.535365],[126.900646,37.53748]]]}},{"type":"Feature","properties":{"code":"11560115","name":"당산동5가","guCode":"11190","guName":"영등포구","labelPoint":[126.90154,37.531658],"legalGuCode":"11560"},"geometry":{"type":"Polygon","coordinates":[[[126.89907,37.535307],[126.905443,37.532149],[126.905028,37.531167],[126.904908,37.530668],[126.904092,37.52888],[126.902591,37.529303],[126.896547,37.532302],[126.898869,37.535281],[126.898954,37.535365],[126.89907,37.535307]]]}},{"type":"Feature","properties":{"code":"11740110","name":"강일동","guCode":"11250","guName":"강동구","labelPoint":[127.173751,37.569077],"legalGuCode":"11740"},"geometry":{"type":"Polygon","coordinates":[[[127.162007,37.576386],[127.162555,37.57673],[127.166747,37.578975],[127.170252,37.579016],[127.171837,37.579262],[127.175106,37.580267],[127.176518,37.581034],[127.177155,37.5812],[127.177121,37.580572],[127.177083,37.580477],[127.177137,37.580185],[127.177143,37.579858],[127.17706,37.579544],[127.176989,37.579416],[127.176883,37.579265],[127.176537,37.578932],[127.176179,37.578743],[127.175962,37.578559],[127.175592,37.578455],[127.175442,37.578363],[127.175415,37.578299],[127.175331,37.577705],[127.17536,37.577523],[127.175328,37.577235],[127.175498,37.57702],[127.175529,37.576681],[127.175584,37.576563],[127.175764,37.575661],[127.175683,37.574899],[127.176027,37.574359],[127.176131,37.574088],[127.176498,37.573801],[127.176637,37.573585],[127.176944,37.573294],[127.177114,37.572944],[127.177387,37.572523],[127.177819,37.572058],[127.177877,37.57187],[127.177795,37.571794],[127.17784,37.571463],[127.177982,37.571153],[127.178321,37.570707],[127.178397,37.570374],[127.178654,37.569768],[127.179064,37.569235],[127.179216,37.568918],[127.17934,37.568137],[127.179436,37.567814],[127.179497,37.56773],[127.179439,37.5676],[127.17943,37.567172],[127.179469,37.56627],[127.179584,37.565496],[127.179784,37.565055],[127.180194,37.564587],[127.180457,37.564128],[127.180625,37.563919],[127.180846,37.563469],[127.180995,37.563322],[127.181186,37.563017],[127.181514,37.562267],[127.181506,37.562145],[127.181622,37.561814],[127.18191,37.561248],[127.181995,37.560992],[127.18197,37.560722],[127.182041,37.560405],[127.182008,37.560229],[127.182021,37.559947],[127.181984,37.559656],[127.181871,37.559275],[127.181871,37.559136],[127.181812,37.558989],[127.181757,37.55838],[127.181614,37.558365],[127.181646,37.558542],[127.181544,37.558613],[127.176043,37.557421],[127.176061,37.557366],[127.176022,37.557331],[127.175723,37.557523],[127.175424,37.557514],[127.1755,37.557299],[127.174043,37.557056],[127.172967,37.55703],[127.171984,37.557058],[127.171984,37.557031],[127.171627,37.557032],[127.171546,37.556968],[127.171475,37.556981],[127.171499,37.557108],[127.171401,37.5574],[127.170971,37.559309],[127.170999,37.559588],[127.170692,37.56121],[127.170624,37.561372],[127.170589,37.561738],[127.170529,37.561849],[127.170317,37.561893],[127.170032,37.562145],[127.170305,37.562404],[127.170475,37.562391],[127.170969,37.562462],[127.171212,37.562582],[127.172972,37.563703],[127.17271,37.564018],[127.172401,37.564272],[127.172022,37.564672],[127.172124,37.56475],[127.170758,37.566316],[127.170371,37.566902],[127.17003,37.567154],[127.169611,37.56768],[127.169494,37.56777],[127.169223,37.568117],[127.168575,37.568809],[127.167767,37.569817],[127.167217,37.570334],[127.167535,37.570736],[127.167511,37.57087],[127.16734,37.571033],[127.167295,37.571287],[127.167217,37.571371],[127.167121,37.571591],[127.166951,37.571717],[127.166716,37.572138],[127.166473,37.572248],[127.165997,37.572832],[127.165797,37.573197],[127.165773,37.573712],[127.165687,37.573873],[127.165039,37.573869],[127.16503,37.574264],[127.164361,37.574263],[127.163995,37.574303],[127.163998,37.574592],[127.16409,37.574751],[127.163963,37.57499],[127.163763,37.575074],[127.162923,37.575652],[127.162007,37.576386]]]}},{"type":"Feature","properties":{"code":"11740109","name":"천호동","guCode":"11250","guName":"강동구","labelPoint":[127.126012,37.544095],"legalGuCode":"11740"},"geometry":{"type":"Polygon","coordinates":[[[127.141531,37.550801],[127.142737,37.550668],[127.143953,37.550785],[127.143188,37.546371],[127.141189,37.540981],[127.137826,37.541165],[127.137604,37.541128],[127.1373,37.54101],[127.137054,37.540826],[127.136886,37.540592],[127.136781,37.540625],[127.134979,37.536906],[127.134915,37.536863],[127.134244,37.535557],[127.129552,37.537001],[127.129489,37.536992],[127.126671,37.537895],[127.126606,37.537826],[127.126533,37.537887],[127.126562,37.537932],[127.123636,37.538845],[127.123625,37.538945],[127.123682,37.539154],[127.123465,37.53937],[127.123314,37.538945],[127.122503,37.539209],[127.122405,37.539014],[127.121849,37.539289],[127.120257,37.540329],[127.119739,37.540621],[127.118848,37.540994],[127.118952,37.541121],[127.118875,37.541074],[127.117367,37.541527],[127.117335,37.541489],[127.116526,37.541958],[127.113047,37.542981],[127.113105,37.543171],[127.109143,37.543166],[127.110215,37.545019],[127.111466,37.546943],[127.111534,37.550378],[127.11585,37.55016],[127.116423,37.550029],[127.116916,37.550055],[127.118159,37.549969],[127.119117,37.549767],[127.119699,37.549698],[127.120753,37.549659],[127.121245,37.5496],[127.121407,37.549622],[127.122227,37.549472],[127.122497,37.54954],[127.122272,37.548915],[127.126734,37.547899],[127.127535,37.55013],[127.134517,37.547137],[127.135136,37.547917],[127.136315,37.549065],[127.137084,37.549768],[127.13746,37.549914],[127.137678,37.550086],[127.138125,37.550268],[127.139046,37.55041],[127.139682,37.550569],[127.139656,37.550505],[127.140609,37.550605],[127.140622,37.550689],[127.141531,37.550801]]]}},{"type":"Feature","properties":{"code":"11740108","name":"성내동","guCode":"11250","guName":"강동구","labelPoint":[127.128751,37.530146],"legalGuCode":"11740"},"geometry":{"type":"Polygon","coordinates":[[[127.134244,37.535557],[127.134203,37.535478],[127.133957,37.535466],[127.133886,37.535385],[127.13856,37.533959],[127.133868,37.521433],[127.119093,37.52796],[127.120135,37.529663],[127.120606,37.530629],[127.121173,37.532368],[127.12344,37.538645],[127.122405,37.539014],[127.122503,37.539209],[127.123314,37.538945],[127.123465,37.53937],[127.123682,37.539154],[127.123625,37.538945],[127.123636,37.538845],[127.126562,37.537932],[127.126533,37.537887],[127.126606,37.537826],[127.126671,37.537895],[127.129489,37.536992],[127.129552,37.537001],[127.134244,37.535557]]]}},{"type":"Feature","properties":{"code":"11740107","name":"암사동","guCode":"11250","guName":"강동구","labelPoint":[127.130197,37.557783],"legalGuCode":"11740"},"geometry":{"type":"Polygon","coordinates":[[[127.143525,37.554904],[127.143111,37.554474],[127.142848,37.553817],[127.142696,37.553608],[127.14254,37.553466],[127.142074,37.553217],[127.14186,37.553057],[127.141322,37.552389],[127.140995,37.55188],[127.140449,37.551312],[127.140425,37.551345],[127.140315,37.551236],[127.140516,37.550941],[127.141531,37.550801],[127.140622,37.550689],[127.140609,37.550605],[127.139656,37.550505],[127.139682,37.550569],[127.139046,37.55041],[127.138125,37.550268],[127.137678,37.550086],[127.13746,37.549914],[127.137084,37.549768],[127.136315,37.549065],[127.135136,37.547917],[127.134517,37.547137],[127.127535,37.55013],[127.126734,37.547899],[127.122272,37.548915],[127.122497,37.54954],[127.122227,37.549472],[127.121407,37.549622],[127.121245,37.5496],[127.120753,37.549659],[127.119699,37.549698],[127.119117,37.549767],[127.118159,37.549969],[127.116916,37.550055],[127.116423,37.550029],[127.11585,37.55016],[127.111534,37.550378],[127.111554,37.550507],[127.114095,37.554087],[127.114258,37.554366],[127.115646,37.5577],[127.117339,37.559464],[127.120096,37.5612],[127.122956,37.56349],[127.12861,37.56616],[127.134267,37.567954],[127.134741,37.568025],[127.137666,37.568424],[127.145586,37.568431],[127.145587,37.567745],[127.145082,37.566629],[127.145116,37.566344],[127.145035,37.565949],[127.144773,37.56568],[127.145407,37.56528],[127.145239,37.564697],[127.145272,37.564428],[127.145482,37.563855],[127.146147,37.563474],[127.146555,37.562639],[127.146549,37.562238],[127.147175,37.561251],[127.147451,37.561079],[127.146994,37.560891],[127.146799,37.560852],[127.146652,37.560745],[127.14604,37.560552],[127.145782,37.560356],[127.144788,37.559402],[127.143914,37.558645],[127.144259,37.558379],[127.14451,37.558118],[127.144652,37.557866],[127.144704,37.557612],[127.144305,37.554962],[127.144207,37.554901],[127.143525,37.554904]]]}},{"type":"Feature","properties":{"code":"11740106","name":"둔촌동","guCode":"11250","guName":"강동구","labelPoint":[127.144829,37.528956],"legalGuCode":"11740"},"geometry":{"type":"Polygon","coordinates":[[[127.156686,37.537558],[127.156541,37.537447],[127.156338,37.53737],[127.156033,37.537343],[127.15594,37.53706],[127.155262,37.536216],[127.154865,37.535358],[127.154526,37.534869],[127.154021,37.534515],[127.153817,37.533971],[127.153567,37.533665],[127.153934,37.53192],[127.153725,37.531562],[127.153377,37.531331],[127.153325,37.531035],[127.153432,37.530914],[127.153539,37.530437],[127.153129,37.529948],[127.15329,37.529469],[127.153164,37.529109],[127.152779,37.528802],[127.152687,37.528529],[127.151638,37.527705],[127.150782,37.526857],[127.150402,37.526373],[127.149869,37.526208],[127.149455,37.525751],[127.149596,37.525294],[127.149476,37.525021],[127.149236,37.52483],[127.149025,37.524334],[127.149009,37.52412],[127.148596,37.523561],[127.148598,37.523192],[127.148179,37.522922],[127.14783,37.522393],[127.147797,37.52215],[127.145666,37.521932],[127.145643,37.521581],[127.145271,37.520879],[127.145078,37.520304],[127.144978,37.520135],[127.144786,37.519625],[127.144842,37.519111],[127.144805,37.518775],[127.144902,37.51839],[127.144827,37.517974],[127.144856,37.517748],[127.145083,37.517144],[127.145092,37.516835],[127.143828,37.517033],[127.138565,37.519353],[127.138477,37.519305],[127.138191,37.519404],[127.138138,37.519516],[127.138165,37.519528],[127.134271,37.521256],[127.134273,37.522515],[127.13856,37.533959],[127.139265,37.533812],[127.140025,37.533736],[127.140791,37.533743],[127.141298,37.533794],[127.142042,37.533937],[127.142755,37.534159],[127.145379,37.535257],[127.145254,37.535083],[127.145127,37.535022],[127.145165,37.534897],[127.152309,37.537927],[127.153995,37.538596],[127.15397,37.538618],[127.159583,37.541028],[127.159573,37.540987],[127.159102,37.540726],[127.158959,37.540484],[127.158452,37.540003],[127.158247,37.53975],[127.157651,37.53927],[127.157396,37.538952],[127.157315,37.538698],[127.157175,37.538441],[127.156941,37.538371],[127.156941,37.537967],[127.156789,37.537659],[127.156686,37.537558]]]}},{"type":"Feature","properties":{"code":"11740105","name":"길동","guCode":"11250","guName":"강동구","labelPoint":[127.146278,37.539605],"legalGuCode":"11740"},"geometry":{"type":"Polygon","coordinates":[[[127.150738,37.545338],[127.150935,37.544797],[127.151843,37.544979],[127.152103,37.544168],[127.15226,37.544043],[127.152941,37.543811],[127.153482,37.543687],[127.153494,37.543243],[127.15379,37.542497],[127.153844,37.542459],[127.153664,37.542338],[127.153811,37.542087],[127.153894,37.542078],[127.155729,37.542828],[127.155981,37.542846],[127.156603,37.543462],[127.157548,37.54316],[127.15828,37.542682],[127.158693,37.54266],[127.159359,37.542487],[127.1596,37.54206],[127.160096,37.541515],[127.159924,37.541392],[127.159723,37.541357],[127.159647,37.541284],[127.159583,37.541028],[127.15397,37.538618],[127.153995,37.538596],[127.152309,37.537927],[127.145631,37.535085],[127.145165,37.534897],[127.145127,37.535022],[127.145254,37.535083],[127.145379,37.535257],[127.142755,37.534159],[127.142042,37.533937],[127.141298,37.533794],[127.140535,37.533732],[127.13977,37.533752],[127.139015,37.533855],[127.13856,37.533959],[127.133886,37.535385],[127.133957,37.535466],[127.134203,37.535478],[127.134915,37.536863],[127.134979,37.536906],[127.136781,37.540625],[127.136886,37.540592],[127.137128,37.540894],[127.137499,37.541097],[127.137939,37.541169],[127.141189,37.540981],[127.142721,37.545073],[127.145752,37.544353],[127.145638,37.544491],[127.145722,37.544533],[127.146711,37.544641],[127.147262,37.544792],[127.147775,37.544893],[127.147897,37.544882],[127.14805,37.545],[127.148896,37.545024],[127.149192,37.54529],[127.149374,37.545615],[127.15043,37.545672],[127.150619,37.545402],[127.150738,37.545338]]]}},{"type":"Feature","properties":{"code":"11740103","name":"상일동","guCode":"11250","guName":"강동구","labelPoint":[127.169649,37.551417],"legalGuCode":"11740"},"geometry":{"type":"Polygon","coordinates":[[[127.171416,37.557338],[127.171499,37.557108],[127.171474,37.556982],[127.171545,37.556966],[127.171627,37.557032],[127.171984,37.557031],[127.171984,37.557058],[127.172967,37.55703],[127.174043,37.557057],[127.175499,37.5573],[127.175424,37.557514],[127.175723,37.557523],[127.176021,37.557331],[127.176061,37.557367],[127.176043,37.557421],[127.17839,37.557905],[127.180904,37.558498],[127.181544,37.558613],[127.181646,37.558542],[127.181614,37.558366],[127.181754,37.55838],[127.181553,37.557553],[127.181675,37.556828],[127.181684,37.555996],[127.181486,37.555444],[127.181392,37.554922],[127.181487,37.554695],[127.181495,37.554332],[127.18134,37.552965],[127.181421,37.552758],[127.181704,37.552508],[127.182933,37.551753],[127.183119,37.551082],[127.183102,37.550658],[127.183022,37.550664],[127.182927,37.550236],[127.182896,37.549571],[127.182844,37.549429],[127.183076,37.548633],[127.182676,37.547876],[127.182656,37.547524],[127.182723,37.54741],[127.182759,37.546784],[127.182724,37.546704],[127.182825,37.546344],[127.183795,37.545574],[127.183539,37.54517],[127.183137,37.545356],[127.182846,37.54558],[127.182745,37.545514],[127.18244,37.545601],[127.182202,37.545725],[127.181963,37.546151],[127.181693,37.546445],[127.181256,37.54658],[127.179331,37.546567],[127.178417,37.54628],[127.178292,37.546317],[127.176793,37.545754],[127.176784,37.545433],[127.176749,37.545378],[127.176637,37.545336],[127.176466,37.545401],[127.176201,37.545579],[127.175981,37.545637],[127.175768,37.545404],[127.175717,37.545208],[127.17547,37.545241],[127.175383,37.545202],[127.174314,37.545298],[127.174207,37.545411],[127.174138,37.545712],[127.173906,37.545582],[127.173615,37.54554],[127.173404,37.545572],[127.172107,37.545535],[127.171571,37.545386],[127.171514,37.545307],[127.171065,37.545122],[127.17037,37.544909],[127.169763,37.544805],[127.169387,37.544896],[127.168822,37.545148],[127.168248,37.545123],[127.16817,37.545079],[127.16795,37.54506],[127.167587,37.545088],[127.167303,37.545191],[127.166978,37.545203],[127.166891,37.545127],[127.166746,37.544818],[127.166801,37.544589],[127.166923,37.544323],[127.166894,37.544273],[127.166637,37.544253],[127.165298,37.544399],[127.165188,37.544487],[127.165168,37.544632],[127.164885,37.544695],[127.164727,37.544689],[127.16437,37.544843],[127.164241,37.544825],[127.164045,37.544901],[127.163914,37.544895],[127.163488,37.545016],[127.16317,37.544988],[127.16294,37.545141],[127.162793,37.545594],[127.162596,37.545743],[127.162569,37.545803],[127.162407,37.545801],[127.162022,37.545647],[127.161313,37.545542],[127.160841,37.545591],[127.160568,37.545567],[127.159945,37.54537],[127.159058,37.545406],[127.158306,37.545503],[127.157489,37.545763],[127.156783,37.545912],[127.156624,37.545988],[127.155916,37.546089],[127.156536,37.555377],[127.16502,37.556567],[127.171416,37.557338]]]}},{"type":"Feature","properties":{"code":"11740102","name":"고덕동","guCode":"11250","guName":"강동구","labelPoint":[127.158289,37.565479],"legalGuCode":"11740"},"geometry":{"type":"Polygon","coordinates":[[[127.171416,37.557338],[127.165021,37.556567],[127.15159,37.554699],[127.148077,37.554706],[127.148109,37.554823],[127.145928,37.554848],[127.145806,37.554902],[127.14467,37.554901],[127.144593,37.554956],[127.144702,37.555656],[127.144397,37.555549],[127.144704,37.557612],[127.144685,37.557762],[127.144624,37.55793],[127.144448,37.558196],[127.143914,37.558644],[127.144788,37.559402],[127.145782,37.560355],[127.146039,37.560552],[127.146651,37.560744],[127.146798,37.560852],[127.146994,37.560891],[127.147451,37.561079],[127.147175,37.56125],[127.146549,37.562237],[127.146555,37.562638],[127.146147,37.563473],[127.145482,37.563854],[127.145272,37.564428],[127.145239,37.564697],[127.145407,37.565279],[127.144773,37.56568],[127.145035,37.565949],[127.145116,37.566343],[127.145082,37.566629],[127.145587,37.567745],[127.145586,37.568431],[127.14895,37.568434],[127.154981,37.572043],[127.156899,37.572954],[127.160846,37.575652],[127.162007,37.576386],[127.162923,37.575652],[127.163763,37.575074],[127.163963,37.57499],[127.16409,37.574751],[127.163998,37.574592],[127.163995,37.574303],[127.164361,37.574263],[127.16503,37.574264],[127.165039,37.573869],[127.165687,37.573873],[127.165773,37.573712],[127.165797,37.573197],[127.165997,37.572832],[127.166473,37.572248],[127.166716,37.572138],[127.166951,37.571717],[127.167121,37.571591],[127.167217,37.571371],[127.167295,37.571287],[127.16734,37.571033],[127.167511,37.57087],[127.167535,37.570736],[127.167217,37.570334],[127.167767,37.569817],[127.168575,37.568809],[127.169223,37.568117],[127.169494,37.56777],[127.169611,37.56768],[127.17003,37.567154],[127.170373,37.566899],[127.170758,37.566316],[127.172124,37.56475],[127.172022,37.564672],[127.172401,37.564272],[127.17271,37.564018],[127.172972,37.563703],[127.171212,37.562582],[127.170969,37.562462],[127.170475,37.562391],[127.170305,37.562404],[127.170032,37.562145],[127.170317,37.561893],[127.170529,37.561849],[127.170589,37.561738],[127.170624,37.561372],[127.170692,37.56121],[127.170999,37.559588],[127.170971,37.559309],[127.171416,37.557338]]]}},{"type":"Feature","properties":{"code":"11740101","name":"명일동","guCode":"11250","guName":"강동구","labelPoint":[127.149819,37.54852],"legalGuCode":"11740"},"geometry":{"type":"Polygon","coordinates":[[[127.156537,37.555377],[127.155916,37.546089],[127.156624,37.545988],[127.156783,37.545912],[127.157489,37.545763],[127.158306,37.545503],[127.159058,37.545406],[127.159945,37.54537],[127.160568,37.545567],[127.160841,37.545591],[127.161313,37.545542],[127.162022,37.545647],[127.162407,37.545801],[127.162569,37.545803],[127.162596,37.545743],[127.162793,37.545594],[127.162941,37.545141],[127.163163,37.544991],[127.16282,37.544559],[127.162745,37.544474],[127.162715,37.544486],[127.162481,37.544142],[127.162181,37.543827],[127.16171,37.54346],[127.161263,37.542949],[127.16031,37.541626],[127.160096,37.541515],[127.1596,37.54206],[127.159359,37.542487],[127.158693,37.54266],[127.15828,37.542682],[127.157548,37.54316],[127.156603,37.543462],[127.155981,37.542846],[127.155729,37.542828],[127.153894,37.542078],[127.153811,37.542087],[127.153664,37.542338],[127.153844,37.542459],[127.15379,37.542497],[127.153494,37.543243],[127.153482,37.543687],[127.152941,37.543811],[127.15226,37.544043],[127.152103,37.544168],[127.151843,37.544979],[127.150935,37.544797],[127.150738,37.545338],[127.150619,37.545402],[127.15043,37.545672],[127.149374,37.545615],[127.149192,37.54529],[127.148896,37.545024],[127.14805,37.545],[127.147897,37.544882],[127.147775,37.544893],[127.147262,37.544792],[127.146711,37.544641],[127.145722,37.544533],[127.145638,37.544491],[127.145752,37.544353],[127.142721,37.545073],[127.143188,37.546371],[127.143953,37.550785],[127.142737,37.550668],[127.141531,37.550801],[127.140516,37.550941],[127.140315,37.551236],[127.140425,37.551345],[127.140449,37.551312],[127.140995,37.55188],[127.141322,37.552389],[127.14186,37.553057],[127.142074,37.553217],[127.14254,37.553466],[127.142696,37.553608],[127.142848,37.553817],[127.143111,37.554474],[127.143525,37.554904],[127.144207,37.554901],[127.144305,37.554962],[127.144397,37.55555],[127.144702,37.555656],[127.144593,37.554956],[127.14467,37.554902],[127.145806,37.554903],[127.145928,37.554848],[127.148109,37.554823],[127.148077,37.554706],[127.15159,37.5547],[127.156537,37.555377]]]}},{"type":"Feature","properties":{"code":"11710114","name":"마천동","guCode":"11240","guName":"송파구","labelPoint":[127.153859,37.497397],"legalGuCode":"11710"},"geometry":{"type":"Polygon","coordinates":[[[127.144103,37.504397],[127.144547,37.504216],[127.144874,37.50403],[127.145126,37.503691],[127.145126,37.503557],[127.145201,37.503557],[127.145203,37.503642],[127.145277,37.503557],[127.145416,37.503614],[127.145583,37.503416],[127.145503,37.503306],[127.145952,37.503227],[127.146239,37.50323],[127.146341,37.503352],[127.146542,37.503358],[127.146578,37.503318],[127.146509,37.503238],[127.146865,37.50326],[127.147194,37.503384],[127.147695,37.503212],[127.148054,37.503578],[127.148602,37.503723],[127.150205,37.504742],[127.150824,37.504062],[127.151654,37.503396],[127.152109,37.502971],[127.15226,37.502979],[127.152501,37.503092],[127.152844,37.503056],[127.153231,37.50268],[127.153954,37.502664],[127.156438,37.501859],[127.156555,37.501894],[127.157729,37.503179],[127.158866,37.502391],[127.159074,37.50188],[127.159397,37.501363],[127.160504,37.501095],[127.16122,37.500396],[127.161258,37.500276],[127.16139,37.500201],[127.161431,37.500023],[127.161388,37.499711],[127.16142,37.499706],[127.161354,37.499538],[127.161251,37.499391],[127.161069,37.499245],[127.160953,37.498983],[127.160808,37.498845],[127.160633,37.49855],[127.160567,37.497555],[127.160271,37.497239],[127.160008,37.497082],[127.159779,37.496824],[127.159737,37.496548],[127.159851,37.496156],[127.15983,37.496001],[127.159865,37.495684],[127.159974,37.495423],[127.160026,37.494375],[127.159811,37.493924],[127.159757,37.493642],[127.159652,37.493435],[127.159517,37.493275],[127.159184,37.493065],[127.159007,37.492892],[127.158651,37.492427],[127.158479,37.492048],[127.158361,37.491591],[127.15826,37.49115],[127.158285,37.490758],[127.15817,37.490519],[127.157659,37.490175],[127.157039,37.490654],[127.156232,37.491043],[127.155634,37.491431],[127.155243,37.491634],[127.1552,37.491573],[127.153821,37.492236],[127.153676,37.492312],[127.15373,37.492348],[127.153289,37.492573],[127.153188,37.492554],[127.152425,37.493059],[127.151654,37.493929],[127.15099,37.494779],[127.150179,37.495416],[127.148719,37.496372],[127.147995,37.496943],[127.147994,37.496916],[127.146683,37.497823],[127.146666,37.497787],[127.145136,37.498847],[127.14521,37.498917],[127.144517,37.4994],[127.142489,37.499399],[127.142157,37.499503],[127.14166,37.499824],[127.14333,37.503216],[127.142937,37.503591],[127.143423,37.504094],[127.144103,37.504397]]]}},{"type":"Feature","properties":{"code":"11710113","name":"거여동","guCode":"11240","guName":"송파구","labelPoint":[127.146726,37.490632],"legalGuCode":"11710"},"geometry":{"type":"Polygon","coordinates":[[[127.135571,37.481459],[127.135606,37.481607],[127.1358,37.481659],[127.135892,37.481995],[127.135768,37.48216],[127.135848,37.482202],[127.135854,37.482525],[127.135946,37.482755],[127.13593,37.482929],[127.136018,37.483042],[127.136062,37.483318],[127.136042,37.483446],[127.13591,37.483521],[127.135965,37.483882],[127.136078,37.48384],[127.136069,37.483879],[127.13616,37.483902],[127.136151,37.484113],[127.136257,37.48416],[127.1363,37.484251],[127.136269,37.484854],[127.136113,37.48475],[127.136182,37.48515],[127.136262,37.485252],[127.136219,37.485276],[127.136472,37.485421],[127.13639,37.485868],[127.136437,37.485947],[127.136744,37.487383],[127.136729,37.4875],[127.13658,37.487492],[127.136616,37.48767],[127.136814,37.488531],[127.136964,37.488528],[127.137062,37.488644],[127.136984,37.488715],[127.137012,37.488769],[127.137174,37.488807],[127.137188,37.488995],[127.137261,37.48915],[127.137301,37.48938],[127.137125,37.489467],[127.137458,37.490196],[127.136987,37.490271],[127.13667,37.490412],[127.136358,37.49061],[127.137354,37.491443],[127.137353,37.493346],[127.13819,37.493933],[127.138136,37.494196],[127.137962,37.49446],[127.138633,37.49513],[127.13894,37.495318],[127.139123,37.495591],[127.13924,37.495529],[127.139368,37.49565],[127.139781,37.496183],[127.140211,37.496887],[127.14166,37.499824],[127.142157,37.499502],[127.142489,37.499399],[127.144517,37.499399],[127.14521,37.498916],[127.145136,37.498847],[127.146666,37.497787],[127.146683,37.497823],[127.147994,37.496915],[127.147995,37.496942],[127.148719,37.496371],[127.150179,37.495416],[127.15099,37.494778],[127.151654,37.493929],[127.152425,37.493059],[127.153188,37.492554],[127.153289,37.492573],[127.15373,37.492347],[127.153676,37.492311],[127.15382,37.492236],[127.1552,37.491573],[127.155243,37.491633],[127.155634,37.49143],[127.156232,37.491042],[127.157039,37.490654],[127.157659,37.490175],[127.157282,37.48995],[127.157591,37.489909],[127.158382,37.489894],[127.158407,37.489799],[127.158514,37.489666],[127.155452,37.48806],[127.155505,37.487993],[127.155341,37.487937],[127.153741,37.48706],[127.153587,37.486921],[127.153162,37.486688],[127.15043,37.485249],[127.149922,37.484906],[127.149466,37.484427],[127.149095,37.483883],[127.148683,37.484043],[127.14777,37.482624],[127.147588,37.482222],[127.147479,37.481773],[127.144654,37.481885],[127.14463,37.481498],[127.143159,37.481556],[127.143178,37.481862],[127.142138,37.481903],[127.142041,37.481833],[127.142027,37.4816],[127.141778,37.48161],[127.141797,37.481916],[127.141492,37.481928],[127.138861,37.481764],[127.137937,37.481867],[127.137604,37.481815],[127.136785,37.481516],[127.136615,37.481588],[127.136043,37.481555],[127.135571,37.481459]]]}},{"type":"Feature","properties":{"code":"11560109","name":"영등포동8가","guCode":"11190","guName":"영등포구","labelPoint":[126.905512,37.529797],"legalGuCode":"11560"},"geometry":{"type":"Polygon","coordinates":[[[126.906621,37.532052],[126.906467,37.528793],[126.906515,37.528791],[126.906454,37.52799],[126.906574,37.52707],[126.906763,37.526399],[126.907071,37.525687],[126.906433,37.525406],[126.903969,37.525777],[126.902921,37.526099],[126.904112,37.528926],[126.904908,37.530668],[126.905028,37.531167],[126.905443,37.532149],[126.905747,37.531999],[126.906835,37.532751],[126.906817,37.532668],[126.906645,37.532522],[126.906621,37.532052]]]}},{"type":"Feature","properties":{"code":"11560108","name":"영등포동7가","guCode":"11190","guName":"영등포구","labelPoint":[126.907218,37.524691],"legalGuCode":"11560"},"geometry":{"type":"Polygon","coordinates":[[[126.911078,37.526292],[126.912494,37.524111],[126.909169,37.522679],[126.909129,37.522695],[126.908642,37.522164],[126.901849,37.523203],[126.902093,37.524081],[126.902531,37.52527],[126.902629,37.525419],[126.902798,37.52597],[126.902885,37.526021],[126.902921,37.526099],[126.903969,37.525777],[126.906433,37.525406],[126.907071,37.525687],[126.907108,37.525646],[126.907185,37.525645],[126.908616,37.526013],[126.910437,37.526253],[126.910701,37.52625],[126.910681,37.526289],[126.911057,37.526342],[126.911078,37.526292]]]}},{"type":"Feature","properties":{"code":"11560107","name":"영등포동6가","guCode":"11190","guName":"영등포구","labelPoint":[126.903155,37.521718],"legalGuCode":"11560"},"geometry":{"type":"Polygon","coordinates":[[[126.904877,37.520639],[126.904804,37.519994],[126.901124,37.52057],[126.901072,37.519664],[126.901224,37.51886],[126.901348,37.518531],[126.901204,37.518564],[126.901077,37.518943],[126.900933,37.519744],[126.900924,37.520013],[126.901013,37.520727],[126.902012,37.524111],[126.902271,37.524854],[126.902516,37.52541],[126.902612,37.525759],[126.902723,37.525961],[126.902794,37.525958],[126.902735,37.525725],[126.902093,37.524081],[126.901849,37.523203],[126.905121,37.522709],[126.904877,37.520639]]]}},{"type":"Feature","properties":{"code":"11560106","name":"영등포동5가","guCode":"11190","guName":"영등포구","labelPoint":[126.906657,37.520917],"legalGuCode":"11560"},"geometry":{"type":"Polygon","coordinates":[[[126.908182,37.52003],[126.908173,37.519991],[126.908103,37.519992],[126.907942,37.519355],[126.904804,37.519994],[126.905121,37.522709],[126.908642,37.522164],[126.908799,37.521831],[126.90862,37.521804],[126.908182,37.52003]]]}},{"type":"Feature","properties":{"code":"11560105","name":"영등포동4가","guCode":"11190","guName":"영등포구","labelPoint":[126.90395,37.517206],"legalGuCode":"11560"},"geometry":{"type":"Polygon","coordinates":[[[126.904804,37.519994],[126.905458,37.519862],[126.904881,37.519863],[126.905778,37.518086],[126.905701,37.518098],[126.90572,37.518028],[126.906695,37.516382],[126.906364,37.516228],[126.903209,37.515141],[126.902912,37.515255],[126.902641,37.51542],[126.9021,37.51613],[126.901989,37.516385],[126.901204,37.518564],[126.901348,37.518531],[126.901224,37.51886],[126.901072,37.519664],[126.901124,37.52057],[126.904804,37.519994]]]}},{"type":"Feature","properties":{"code":"11710112","name":"오금동","guCode":"11240","guName":"송파구","labelPoint":[127.134274,37.503842],"legalGuCode":"11710"},"geometry":{"type":"Polygon","coordinates":[[[127.12369,37.504829],[127.127995,37.511807],[127.134109,37.509299],[127.134183,37.50891],[127.138215,37.50728],[127.139357,37.506857],[127.139314,37.506985],[127.139355,37.506977],[127.139436,37.506751],[127.139419,37.506715],[127.139606,37.506428],[127.13969,37.506645],[127.139813,37.507224],[127.139845,37.507281],[127.139931,37.507287],[127.140291,37.508251],[127.140015,37.508475],[127.140014,37.508525],[127.140309,37.508305],[127.140381,37.508106],[127.140315,37.507826],[127.140347,37.507752],[127.14051,37.50764],[127.140687,37.507593],[127.140885,37.507438],[127.141257,37.50706],[127.141517,37.506708],[127.141178,37.506319],[127.140813,37.505979],[127.141044,37.505643],[127.141012,37.505485],[127.141048,37.505407],[127.141132,37.505464],[127.142123,37.505076],[127.142233,37.504885],[127.143424,37.504414],[127.144103,37.504397],[127.143423,37.504094],[127.142937,37.503591],[127.14333,37.503216],[127.140211,37.496887],[127.139781,37.496183],[127.139368,37.49565],[127.130737,37.500269],[127.124638,37.504328],[127.12369,37.504829]]]}},{"type":"Feature","properties":{"code":"11710111","name":"방이동","guCode":"11240","guName":"송파구","labelPoint":[127.127193,37.516247],"legalGuCode":"11710"},"geometry":{"type":"Polygon","coordinates":[[[127.119291,37.527873],[127.138165,37.519528],[127.138138,37.519516],[127.138191,37.519404],[127.138337,37.51934],[127.138477,37.519305],[127.138565,37.519353],[127.143828,37.517033],[127.145112,37.516833],[127.145329,37.516608],[127.145434,37.516429],[127.145439,37.516065],[127.145024,37.515862],[127.144854,37.515678],[127.144604,37.515607],[127.143883,37.51564],[127.143374,37.515578],[127.142625,37.515584],[127.142136,37.515653],[127.14183,37.515653],[127.141746,37.515646],[127.141705,37.515599],[127.141187,37.515548],[127.140614,37.515589],[127.140616,37.515549],[127.14121,37.515045],[127.141668,37.514892],[127.142642,37.514335],[127.142919,37.514099],[127.14343,37.513881],[127.143395,37.51387],[127.143373,37.513695],[127.143433,37.513613],[127.143363,37.513451],[127.143528,37.512657],[127.142885,37.512734],[127.142211,37.512528],[127.141511,37.512419],[127.141387,37.512356],[127.141278,37.512153],[127.141238,37.511678],[127.141105,37.511127],[127.14122,37.511047],[127.141217,37.510823],[127.140947,37.510398],[127.14072,37.51035],[127.140552,37.510256],[127.140343,37.510225],[127.140367,37.510109],[127.140238,37.509854],[127.140245,37.509586],[127.14017,37.509239],[127.139935,37.508524],[127.140014,37.508525],[127.140015,37.508475],[127.140291,37.508251],[127.139931,37.507287],[127.139845,37.507281],[127.139813,37.507224],[127.13969,37.506645],[127.139606,37.506428],[127.139419,37.506715],[127.139436,37.506751],[127.139355,37.506977],[127.139314,37.506985],[127.139357,37.506857],[127.138215,37.50728],[127.134183,37.50891],[127.134109,37.509299],[127.127995,37.511807],[127.12369,37.504829],[127.122746,37.505332],[127.11669,37.507764],[127.112395,37.510252],[127.108137,37.511984],[127.106657,37.515468],[127.112701,37.517522],[127.112908,37.517448],[127.119291,37.527873]]]}},{"type":"Feature","properties":{"code":"11710109","name":"장지동","guCode":"11240","guName":"송파구","labelPoint":[127.136591,37.478468],"legalGuCode":"11710"},"geometry":{"type":"Polygon","coordinates":[[[127.116031,37.477598],[127.116621,37.477733],[127.117445,37.477632],[127.117444,37.478302],[127.118268,37.478303],[127.118412,37.478109],[127.120286,37.477509],[127.121144,37.477289],[127.125333,37.476561],[127.126652,37.476417],[127.126704,37.476476],[127.126657,37.476724],[127.126579,37.477059],[127.126395,37.477561],[127.125427,37.479537],[127.125592,37.479488],[127.125749,37.479678],[127.12578,37.480068],[127.126087,37.479463],[127.126793,37.479661],[127.126837,37.479815],[127.127052,37.480073],[127.12719,37.480504],[127.127327,37.480706],[127.127838,37.481043],[127.128176,37.481521],[127.128524,37.481722],[127.129308,37.482383],[127.129446,37.482568],[127.129606,37.482656],[127.129507,37.482792],[127.129745,37.482934],[127.129995,37.483007],[127.129973,37.483182],[127.130089,37.483471],[127.130255,37.48368],[127.130252,37.483728],[127.130553,37.483965],[127.130635,37.484088],[127.130735,37.484402],[127.13091,37.484574],[127.130986,37.484773],[127.131286,37.484881],[127.131378,37.484965],[127.131655,37.484999],[127.132377,37.485419],[127.133249,37.486098],[127.133604,37.486279],[127.133919,37.486612],[127.134044,37.486835],[127.134329,37.48718],[127.13476,37.487258],[127.134997,37.487455],[127.135032,37.487663],[127.135111,37.487823],[127.135207,37.487905],[127.135224,37.488008],[127.135502,37.488347],[127.135542,37.488558],[127.135748,37.488698],[127.135801,37.488925],[127.135968,37.489],[127.135966,37.48918],[127.136131,37.489477],[127.13589,37.489542],[127.135934,37.490203],[127.136358,37.49061],[127.13667,37.490412],[127.136987,37.490271],[127.137458,37.490196],[127.137125,37.489467],[127.137301,37.48938],[127.137261,37.48915],[127.137188,37.488995],[127.137174,37.488807],[127.137012,37.488769],[127.136984,37.488715],[127.137062,37.488644],[127.136964,37.488528],[127.136814,37.488531],[127.136616,37.48767],[127.13658,37.487492],[127.136729,37.4875],[127.136744,37.487383],[127.136437,37.485947],[127.13639,37.485868],[127.136472,37.485421],[127.136219,37.485276],[127.136262,37.485252],[127.136182,37.48515],[127.136113,37.48475],[127.136269,37.484854],[127.1363,37.484251],[127.136257,37.48416],[127.136151,37.484113],[127.13616,37.483902],[127.136069,37.483879],[127.136078,37.48384],[127.135965,37.483882],[127.13591,37.483521],[127.136042,37.483446],[127.136062,37.483318],[127.136018,37.483042],[127.13593,37.482929],[127.135946,37.482755],[127.135854,37.482525],[127.135848,37.482202],[127.135768,37.48216],[127.135892,37.481995],[127.1358,37.481659],[127.135606,37.481607],[127.135571,37.481459],[127.136043,37.481555],[127.136615,37.481588],[127.136785,37.481516],[127.137604,37.481815],[127.137937,37.481867],[127.138861,37.481764],[127.141492,37.481928],[127.141797,37.481916],[127.141778,37.48161],[127.142027,37.4816],[127.142041,37.481833],[127.142138,37.481903],[127.143178,37.481862],[127.143159,37.481556],[127.14463,37.481498],[127.144654,37.481885],[127.147479,37.481773],[127.147282,37.47874],[127.147242,37.478633],[127.147145,37.477222],[127.14437,37.477331],[127.144321,37.476612],[127.144269,37.476395],[127.144124,37.476084],[127.143715,37.475426],[127.143619,37.475171],[127.143527,37.47393],[127.1401,37.474038],[127.138334,37.474135],[127.136397,37.47417],[127.135287,37.474257],[127.133661,37.474531],[127.132856,37.474626],[127.132739,37.474555],[127.132687,37.474286],[127.132593,37.472795],[127.132624,37.472395],[127.132829,37.471703],[127.132824,37.471201],[127.132657,37.471208],[127.132616,37.47096],[127.132491,37.470618],[127.131983,37.469798],[127.132058,37.469614],[127.132319,37.469244],[127.13235,37.469136],[127.1328,37.468394],[127.131959,37.468177],[127.130876,37.467758],[127.130545,37.467739],[127.129268,37.467976],[127.128628,37.468273],[127.128276,37.468388],[127.12692,37.468641],[127.126833,37.468586],[127.126666,37.468625],[127.126373,37.468792],[127.126025,37.469106],[127.125203,37.46962],[127.124878,37.469597],[127.124851,37.469523],[127.124937,37.469491],[127.124898,37.469386],[127.125016,37.46903],[127.125168,37.468752],[127.125138,37.468469],[127.125182,37.468352],[127.125199,37.467833],[127.125072,37.467678],[127.12506,37.467476],[127.125103,37.467447],[127.125048,37.467265],[127.124938,37.467199],[127.124759,37.466916],[127.124531,37.466755],[127.124488,37.466643],[127.12421,37.466517],[127.119701,37.472764],[127.119719,37.472581],[127.118242,37.474699],[127.116031,37.477598]]]}},{"type":"Feature","properties":{"code":"11710108","name":"문정동","guCode":"11240","guName":"송파구","labelPoint":[127.122245,37.485209],"legalGuCode":"11710"},"geometry":{"type":"Polygon","coordinates":[[[127.138009,37.494368],[127.138136,37.494196],[127.13819,37.493933],[127.137353,37.493346],[127.137354,37.491443],[127.136358,37.49061],[127.135934,37.490203],[127.135891,37.489542],[127.136131,37.489477],[127.135966,37.48918],[127.135969,37.489],[127.135801,37.488925],[127.135749,37.488698],[127.135542,37.488558],[127.135503,37.488347],[127.135224,37.488008],[127.135207,37.487905],[127.135111,37.487823],[127.135032,37.487663],[127.134997,37.487455],[127.13476,37.487257],[127.134329,37.48718],[127.134044,37.486835],[127.133919,37.486612],[127.133604,37.486279],[127.133249,37.486098],[127.132377,37.485419],[127.131655,37.484999],[127.131378,37.484965],[127.131286,37.484881],[127.130986,37.484773],[127.13091,37.484574],[127.130735,37.484402],[127.130635,37.484088],[127.130553,37.483965],[127.130252,37.483728],[127.130255,37.48368],[127.130089,37.483471],[127.129973,37.483182],[127.129995,37.483007],[127.129745,37.482935],[127.129507,37.482792],[127.129606,37.482656],[127.129446,37.482568],[127.129308,37.482383],[127.128524,37.481722],[127.128176,37.481521],[127.127838,37.481043],[127.127327,37.480705],[127.12719,37.480505],[127.127052,37.480073],[127.126837,37.479815],[127.126793,37.479661],[127.126087,37.479463],[127.12578,37.480068],[127.125749,37.479678],[127.125592,37.479488],[127.125427,37.479537],[127.126395,37.477561],[127.126579,37.477059],[127.126657,37.476724],[127.126704,37.476476],[127.126652,37.476417],[127.125333,37.476561],[127.121144,37.477289],[127.120286,37.477509],[127.118412,37.478109],[127.118268,37.478303],[127.117444,37.478302],[127.117445,37.477632],[127.116621,37.477733],[127.116035,37.4776],[127.112968,37.481722],[127.111658,37.48379],[127.111782,37.483827],[127.111988,37.483725],[127.112105,37.48373],[127.112591,37.484071],[127.112909,37.484378],[127.113039,37.484441],[127.112218,37.485555],[127.112143,37.485529],[127.109264,37.489488],[127.113922,37.490957],[127.118427,37.492267],[127.118571,37.492252],[127.118817,37.491966],[127.118851,37.492032],[127.119081,37.492165],[127.119224,37.492304],[127.119889,37.491416],[127.120467,37.490471],[127.121294,37.488862],[127.12891,37.492915],[127.129288,37.493164],[127.129577,37.49342],[127.13355,37.490507],[127.138009,37.494368]]]}},{"type":"Feature","properties":{"code":"11710107","name":"가락동","guCode":"11240","guName":"송파구","labelPoint":[127.119031,37.494293],"legalGuCode":"11710"},"geometry":{"type":"Polygon","coordinates":[[[127.13416,37.498445],[127.139368,37.49565],[127.13924,37.495529],[127.139123,37.495591],[127.13894,37.495318],[127.138633,37.49513],[127.137963,37.49446],[127.138009,37.494368],[127.13355,37.490508],[127.129577,37.49342],[127.129288,37.493165],[127.12891,37.492916],[127.121294,37.488863],[127.120467,37.490471],[127.119889,37.491417],[127.119224,37.492304],[127.119081,37.492166],[127.118851,37.492032],[127.118817,37.491966],[127.118571,37.492253],[127.118427,37.492267],[127.113922,37.490957],[127.109264,37.489488],[127.112143,37.48553],[127.112218,37.485555],[127.113039,37.484441],[127.112909,37.484378],[127.112482,37.483985],[127.112054,37.483714],[127.111782,37.483827],[127.111658,37.48379],[127.110495,37.485451],[127.109268,37.487112],[127.109147,37.487286],[127.109176,37.487315],[127.109121,37.487321],[127.107007,37.490292],[127.103308,37.49282],[127.100575,37.494073],[127.100457,37.494091],[127.100358,37.494219],[127.099826,37.4944],[127.099763,37.494509],[127.098794,37.494895],[127.097401,37.495189],[127.097801,37.495479],[127.097145,37.495831],[127.095856,37.496298],[127.096285,37.496298],[127.09694,37.496074],[127.097649,37.497391],[127.10961,37.500941],[127.109759,37.500936],[127.110743,37.49987],[127.111842,37.500479],[127.114221,37.497842],[127.118745,37.500279],[127.119848,37.50101],[127.121566,37.502303],[127.122327,37.50298],[127.122976,37.503729],[127.12369,37.504829],[127.124638,37.504328],[127.130737,37.500269],[127.13416,37.498445]]]}},{"type":"Feature","properties":{"code":"11710106","name":"삼전동","guCode":"11240","guName":"송파구","labelPoint":[127.092319,37.503815],"legalGuCode":"11710"},"geometry":{"type":"Polygon","coordinates":[[[127.096842,37.500873],[127.09657,37.49719],[127.097386,37.496908],[127.09694,37.496074],[127.096285,37.496298],[127.095856,37.496298],[127.094794,37.496681],[127.084214,37.499653],[127.082111,37.500363],[127.082711,37.500892],[127.083607,37.500631],[127.085245,37.501093],[127.09074,37.507535],[127.097285,37.506537],[127.096842,37.500873]]]}},{"type":"Feature","properties":{"code":"11710105","name":"석촌동","guCode":"11240","guName":"송파구","labelPoint":[127.102814,37.503697],"legalGuCode":"11710"},"geometry":{"type":"Polygon","coordinates":[[[127.103973,37.508738],[127.111603,37.500353],[127.110743,37.49987],[127.109759,37.500936],[127.10961,37.500941],[127.097649,37.497391],[127.097386,37.496908],[127.09657,37.49719],[127.097285,37.506537],[127.098136,37.506453],[127.098757,37.506471],[127.099311,37.506546],[127.099988,37.506717],[127.101826,37.507474],[127.102511,37.507795],[127.103282,37.508241],[127.103973,37.508738]]]}},{"type":"Feature","properties":{"code":"11590107","name":"사당동","guCode":"11200","guName":"동작구","labelPoint":[126.971952,37.484943],"legalGuCode":"11590"},"geometry":{"type":"Polygon","coordinates":[[[126.96291,37.494766],[126.963524,37.494436],[126.963871,37.494109],[126.964908,37.493384],[126.965525,37.493321],[126.965819,37.493661],[126.967561,37.493925],[126.968002,37.494142],[126.968287,37.493867],[126.96896,37.493661],[126.969476,37.493685],[126.96997,37.493453],[126.970332,37.493532],[126.971502,37.493249],[126.972263,37.493297],[126.972986,37.493422],[126.973035,37.493821],[126.973238,37.493959],[126.973525,37.494296],[126.974261,37.494464],[126.974431,37.494681],[126.974839,37.494968],[126.975277,37.494893],[126.975556,37.494638],[126.975758,37.494539],[126.976422,37.494575],[126.976971,37.49454],[126.977413,37.494361],[126.977926,37.49424],[126.977604,37.493823],[126.97762,37.493657],[126.978062,37.493568],[126.978086,37.493631],[126.978143,37.493619],[126.978619,37.49349],[126.978603,37.493458],[126.978845,37.493374],[126.979054,37.493904],[126.979328,37.49369],[126.979563,37.493592],[126.979594,37.493317],[126.979817,37.493113],[126.980247,37.493004],[126.980512,37.492831],[126.980935,37.492821],[126.981079,37.492692],[126.981279,37.492609],[126.98144,37.492399],[126.981494,37.492383],[126.981772,37.492327],[126.981952,37.492446],[126.982583,37.492666],[126.982781,37.492649],[126.982761,37.492321],[126.982664,37.491881],[126.982626,37.490076],[126.982518,37.489391],[126.982319,37.488537],[126.982189,37.486728],[126.981715,37.477849],[126.981691,37.476531],[126.978423,37.47665],[126.974286,37.476201],[126.972262,37.475788],[126.970523,37.475377],[126.970304,37.475849],[126.970275,37.476484],[126.970241,37.476518],[126.96883,37.476603],[126.968221,37.477272],[126.967782,37.477836],[126.967279,37.478015],[126.966884,37.478443],[126.966342,37.478924],[126.965648,37.479206],[126.964794,37.479491],[126.964415,37.479816],[126.963944,37.481019],[126.963276,37.481375],[126.962694,37.482061],[126.962048,37.482446],[126.961826,37.482944],[126.961067,37.483582],[126.961074,37.483723],[126.961626,37.484228],[126.961695,37.484511],[126.961636,37.48471],[126.961986,37.485176],[126.961673,37.485987],[126.961803,37.486317],[126.961842,37.487107],[126.961695,37.487205],[126.961946,37.488597],[126.961822,37.488651],[126.961752,37.488989],[126.96139,37.489132],[126.961014,37.489996],[126.960873,37.490176],[126.960781,37.490822],[126.961401,37.491495],[126.961338,37.49246],[126.961378,37.492874],[126.961613,37.493041],[126.961782,37.493489],[126.961882,37.493524],[126.961923,37.493589],[126.9622,37.494219],[126.96291,37.494766]]]}},{"type":"Feature","properties":{"code":"11590106","name":"동작동","guCode":"11200","guName":"동작구","labelPoint":[126.974603,37.499937],"legalGuCode":"11590"},"geometry":{"type":"Polygon","coordinates":[[[126.974059,37.507481],[126.975248,37.507019],[126.978171,37.506559],[126.980404,37.506545],[126.980397,37.50459],[126.980112,37.504456],[126.980054,37.504375],[126.979839,37.504376],[126.979835,37.504178],[126.980131,37.503703],[126.980211,37.503215],[126.980388,37.502863],[126.980543,37.502692],[126.982026,37.502044],[126.983412,37.501257],[126.984289,37.500708],[126.985385,37.499861],[126.98319,37.497373],[126.982926,37.496994],[126.982808,37.49265],[126.982583,37.492666],[126.981952,37.492446],[126.981772,37.492327],[126.981494,37.492383],[126.98144,37.492399],[126.981279,37.492609],[126.981079,37.492692],[126.980935,37.492821],[126.980512,37.492831],[126.980247,37.493004],[126.979817,37.493113],[126.979594,37.493317],[126.979563,37.493592],[126.979328,37.49369],[126.979054,37.493904],[126.978845,37.493374],[126.978603,37.493458],[126.978619,37.49349],[126.978143,37.493619],[126.978086,37.493631],[126.978062,37.493568],[126.97762,37.493657],[126.977604,37.493823],[126.977926,37.49424],[126.977413,37.494361],[126.976971,37.49454],[126.976422,37.494575],[126.975758,37.494539],[126.975556,37.494638],[126.975277,37.494893],[126.974839,37.494968],[126.974431,37.494681],[126.974261,37.494464],[126.973525,37.494296],[126.973238,37.493959],[126.973035,37.493821],[126.972986,37.493422],[126.972263,37.493297],[126.971502,37.493249],[126.970332,37.493532],[126.96997,37.493453],[126.969476,37.493685],[126.96896,37.493661],[126.968287,37.493867],[126.968002,37.494142],[126.967561,37.493925],[126.965819,37.493661],[126.965525,37.493321],[126.964908,37.493384],[126.963871,37.494109],[126.963524,37.494436],[126.96291,37.494766],[126.962818,37.495461],[126.962743,37.495464],[126.962364,37.495787],[126.962388,37.49653],[126.9623,37.496863],[126.961937,37.497445],[126.962143,37.497719],[126.962182,37.497936],[126.962971,37.498516],[126.963019,37.498939],[126.963291,37.499358],[126.96332,37.499587],[126.963733,37.499806],[126.964028,37.500012],[126.964143,37.500133],[126.964101,37.500253],[126.964309,37.500492],[126.964711,37.500688],[126.965116,37.500825],[126.965152,37.500915],[126.965336,37.501079],[126.965335,37.501127],[126.965291,37.501117],[126.96554,37.50159],[126.966112,37.501889],[126.96644,37.502124],[126.966578,37.502435],[126.96658,37.502767],[126.966744,37.502889],[126.967214,37.503019],[126.967487,37.503283],[126.967719,37.503278],[126.968165,37.503543],[126.968445,37.503573],[126.969393,37.503788],[126.969544,37.503761],[126.969729,37.503812],[126.970106,37.504089],[126.970794,37.504097],[126.971275,37.504205],[126.97198,37.504641],[126.971952,37.504747],[126.971996,37.504854],[126.972006,37.50554],[126.972352,37.505849],[126.972397,37.50588],[126.972435,37.50586],[126.972722,37.506149],[126.972644,37.506239],[126.974059,37.507481]]]}},{"type":"Feature","properties":{"code":"11590105","name":"흑석동","guCode":"11200","guName":"동작구","labelPoint":[126.962957,37.505282],"legalGuCode":"11590"},"geometry":{"type":"Polygon","coordinates":[[[126.961885,37.513099],[126.962585,37.512619],[126.964975,37.510818],[126.966857,37.509899],[126.970121,37.509007],[126.974059,37.507481],[126.972644,37.506239],[126.972722,37.506149],[126.972435,37.50586],[126.972397,37.50588],[126.972352,37.505849],[126.972006,37.50554],[126.971996,37.504854],[126.971952,37.504747],[126.97198,37.504641],[126.971275,37.504205],[126.970794,37.504097],[126.970106,37.504089],[126.969729,37.503812],[126.969544,37.503761],[126.969393,37.503788],[126.968445,37.503573],[126.968165,37.503543],[126.967719,37.503278],[126.967487,37.503283],[126.967214,37.503019],[126.966744,37.502889],[126.96658,37.502767],[126.966578,37.502435],[126.96644,37.502124],[126.966112,37.501889],[126.96554,37.50159],[126.965291,37.501117],[126.965335,37.501127],[126.965336,37.501079],[126.965152,37.500915],[126.965116,37.500825],[126.964711,37.500688],[126.964309,37.500492],[126.964101,37.500253],[126.964143,37.500133],[126.964028,37.500012],[126.963733,37.499806],[126.96332,37.499587],[126.963291,37.499358],[126.963019,37.498939],[126.962971,37.498516],[126.962182,37.497936],[126.962143,37.497719],[126.961937,37.497445],[126.959845,37.498188],[126.959264,37.49815],[126.959334,37.498325],[126.958985,37.498455],[126.958033,37.498587],[126.957517,37.498757],[126.956746,37.499311],[126.956422,37.499607],[126.956302,37.499857],[126.95623,37.500109],[126.95625,37.500532],[126.955953,37.501057],[126.955407,37.501783],[126.955016,37.502207],[126.955293,37.502837],[126.955024,37.503856],[126.954409,37.503923],[126.953557,37.504414],[126.953598,37.504935],[126.95391,37.505218],[126.953912,37.505346],[126.953786,37.50549],[126.954647,37.507509],[126.95461,37.507541],[126.955035,37.507683],[126.95536,37.508812],[126.955233,37.509072],[126.956011,37.509459],[126.956229,37.50962],[126.956312,37.509612],[126.956483,37.509705],[126.957498,37.51006],[126.957822,37.510717],[126.958038,37.511056],[126.958071,37.511205],[126.958822,37.511223],[126.959174,37.511551],[126.959967,37.511668],[126.960213,37.511795],[126.960284,37.51195],[126.961885,37.513099]]]}},{"type":"Feature","properties":{"code":"11590104","name":"본동","guCode":"11200","guName":"동작구","labelPoint":[126.955113,37.512436],"legalGuCode":"11590"},"geometry":{"type":"Polygon","coordinates":[[[126.950206,37.517422],[126.954709,37.516033],[126.959806,37.513956],[126.96119,37.513459],[126.961885,37.513099],[126.960284,37.51195],[126.960213,37.511795],[126.959967,37.511668],[126.959174,37.511551],[126.958822,37.511223],[126.958071,37.511205],[126.958038,37.511056],[126.957822,37.510717],[126.957498,37.51006],[126.956483,37.509705],[126.956312,37.509612],[126.956229,37.50962],[126.956011,37.509459],[126.955233,37.509072],[126.95536,37.508812],[126.955035,37.507683],[126.95461,37.507541],[126.953822,37.507673],[126.953121,37.508715],[126.953036,37.508732],[126.952755,37.508516],[126.95236,37.50854],[126.951911,37.508035],[126.951459,37.508084],[126.951023,37.507892],[126.95096,37.507968],[126.950032,37.508215],[126.949778,37.508371],[126.949529,37.50838],[126.949022,37.508596],[126.948836,37.50916],[126.948852,37.509392],[126.948753,37.509462],[126.948767,37.509567],[126.948535,37.509722],[126.948479,37.509799],[126.948311,37.510684],[126.948383,37.510847],[126.948794,37.511432],[126.948931,37.511856],[126.948911,37.512055],[126.948805,37.512113],[126.948982,37.5123],[126.949547,37.512573],[126.949716,37.512701],[126.949646,37.51289],[126.950089,37.513429],[126.948598,37.514388],[126.948605,37.514548],[126.948401,37.515352],[126.948379,37.51557],[126.94934,37.516403],[126.949563,37.516403],[126.949563,37.516675],[126.950206,37.517422]]]}},{"type":"Feature","properties":{"code":"11590103","name":"상도1동","guCode":"11200","guName":"동작구","labelPoint":[126.949921,37.503439],"legalGuCode":"11590"},"geometry":{"type":"Polygon","coordinates":[[[126.951641,37.508067],[126.951777,37.50759],[126.951934,37.507442],[126.952116,37.507428],[126.952153,37.50729],[126.952125,37.507243],[126.952158,37.507252],[126.952322,37.506657],[126.952561,37.506657],[126.95293,37.507019],[126.953325,37.507016],[126.953348,37.505817],[126.952942,37.505147],[126.953008,37.504658],[126.952384,37.504599],[126.952459,37.504022],[126.952622,37.503843],[126.952769,37.503686],[126.953234,37.503672],[126.953395,37.502184],[126.953369,37.502227],[126.953265,37.502189],[126.95336,37.502067],[126.953407,37.502071],[126.953346,37.501979],[126.953375,37.501883],[126.953429,37.501886],[126.953485,37.501323],[126.952412,37.50088],[126.952361,37.500619],[126.953451,37.50084],[126.953527,37.50064],[126.952522,37.500019],[126.9524,37.500019],[126.952907,37.500321],[126.952906,37.500359],[126.952715,37.500427],[126.952226,37.500303],[126.952086,37.500326],[126.951765,37.50002],[126.951642,37.50002],[126.951442,37.499795],[126.951391,37.499796],[126.951198,37.500021],[126.95111,37.500021],[126.951346,37.499753],[126.951052,37.499552],[126.950641,37.50002],[126.950366,37.500021],[126.950912,37.499397],[126.950727,37.499266],[126.951218,37.498705],[126.951263,37.498695],[126.951441,37.498793],[126.95148,37.498752],[126.951194,37.498558],[126.951323,37.498382],[126.951235,37.498382],[126.951159,37.49847],[126.95111,37.498472],[126.951027,37.498382],[126.950943,37.498384],[126.951169,37.498624],[126.951169,37.498667],[126.950944,37.498924],[126.950823,37.498858],[126.950871,37.498806],[126.95064,37.498683],[126.950317,37.499072],[126.950281,37.499118],[126.950585,37.499284],[126.950592,37.499324],[126.950043,37.499955],[126.950148,37.50003],[126.949227,37.501065],[126.949123,37.501111],[126.948735,37.500939],[126.948106,37.501686],[126.94774,37.501907],[126.947502,37.501764],[126.946346,37.503019],[126.946324,37.503102],[126.946265,37.503097],[126.94617,37.503205],[126.947321,37.503857],[126.947354,37.503833],[126.947829,37.504095],[126.947871,37.50408],[126.947906,37.504142],[126.949286,37.504922],[126.949333,37.505094],[126.949385,37.505139],[126.949664,37.50505],[126.949853,37.505219],[126.949737,37.505389],[126.949914,37.50544],[126.94998,37.505722],[126.950249,37.506342],[126.950797,37.506881],[126.951617,37.507436],[126.951294,37.508009],[126.951459,37.508084],[126.951641,37.508067]],[[126.952812,37.50203],[126.952451,37.501865],[126.952416,37.501782],[126.952305,37.501768],[126.952232,37.501696],[126.952254,37.501511],[126.952611,37.501693],[126.952778,37.501579],[126.95302,37.501701],[126.953019,37.501907],[126.952965,37.50203],[126.952812,37.50203]]]}},{"type":"Feature","properties":{"code":"11590102","name":"상도동","guCode":"11200","guName":"동작구","labelPoint":[126.940328,37.499645],"legalGuCode":"11590"},"geometry":{"type":"MultiPolygon","coordinates":[[[[126.95461,37.507541],[126.954647,37.507509],[126.953786,37.50549],[126.953912,37.505346],[126.95391,37.505218],[126.953598,37.504935],[126.953557,37.504414],[126.954409,37.503923],[126.955024,37.503856],[126.955293,37.502837],[126.955016,37.502207],[126.955407,37.501783],[126.955953,37.501057],[126.95625,37.500532],[126.956241,37.500007],[126.956422,37.499607],[126.956746,37.499311],[126.957517,37.498757],[126.958033,37.498587],[126.958985,37.498455],[126.959334,37.498325],[126.959264,37.49815],[126.959845,37.498188],[126.961937,37.497445],[126.9623,37.496863],[126.962388,37.49653],[126.962364,37.495787],[126.962743,37.495464],[126.962818,37.495461],[126.96291,37.494766],[126.9622,37.494219],[126.961923,37.493589],[126.961882,37.493524],[126.961782,37.493489],[126.961613,37.493041],[126.961378,37.492874],[126.960947,37.492923],[126.961053,37.493258],[126.960289,37.493744],[126.959338,37.493803],[126.958946,37.493605],[126.958696,37.492916],[126.958453,37.492625],[126.958023,37.492534],[126.9576,37.492355],[126.957479,37.491977],[126.956959,37.491721],[126.956656,37.491661],[126.95623,37.491497],[126.955406,37.491442],[126.95516,37.491311],[126.954873,37.490995],[126.954178,37.490937],[126.953715,37.490626],[126.952845,37.491328],[126.952803,37.491465],[126.952241,37.491656],[126.952065,37.491927],[126.951695,37.492179],[126.949961,37.492576],[126.949569,37.492738],[126.949423,37.492967],[126.948814,37.493139],[126.94878,37.493819],[126.948332,37.493685],[126.947535,37.493725],[126.947171,37.494005],[126.946974,37.494083],[126.946794,37.493896],[126.946096,37.493498],[126.945867,37.493529],[126.945487,37.49335],[126.944538,37.493143],[126.94453,37.493097],[126.944463,37.493079],[126.94444,37.4925],[126.943955,37.492502],[126.943532,37.492362],[126.943372,37.492255],[126.942619,37.492149],[126.942527,37.492217],[126.942294,37.492242],[126.94173,37.492172],[126.941579,37.492192],[126.941524,37.492262],[126.941068,37.492407],[126.940956,37.492747],[126.940832,37.492891],[126.940563,37.492847],[126.940383,37.492958],[126.939948,37.492894],[126.939739,37.492791],[126.939725,37.492642],[126.939561,37.492554],[126.93949,37.492471],[126.939443,37.492299],[126.939235,37.492207],[126.938834,37.492337],[126.938344,37.492374],[126.938147,37.492247],[126.937847,37.49224],[126.937598,37.492061],[126.937372,37.492005],[126.937259,37.491929],[126.936552,37.49199],[126.936354,37.492062],[126.936145,37.492318],[126.935842,37.49242],[126.935373,37.492763],[126.934381,37.493069],[126.934351,37.493046],[126.933828,37.493147],[126.932442,37.492923],[126.9324,37.492973],[126.931362,37.493215],[126.931341,37.493262],[126.930073,37.493988],[126.929863,37.493993],[126.929629,37.494722],[126.92962,37.494916],[126.929419,37.495353],[126.929427,37.495744],[126.929753,37.496159],[126.929698,37.496972],[126.930093,37.497786],[126.929637,37.497734],[126.929655,37.497799],[126.929442,37.497998],[126.929223,37.498397],[126.928875,37.4986],[126.928653,37.498861],[126.928987,37.498861],[126.928988,37.498952],[126.929195,37.499082],[126.929574,37.499196],[126.930239,37.499537],[126.930382,37.499684],[126.930365,37.499942],[126.930419,37.50003],[126.930367,37.50003],[126.930322,37.499951],[126.92996,37.500286],[126.92949,37.500621],[126.928912,37.500901],[126.928728,37.501178],[126.928788,37.501847],[126.928772,37.502091],[126.928565,37.502592],[126.928164,37.503047],[126.92837,37.503681],[126.928651,37.503809],[126.928906,37.503855],[126.92899,37.503913],[126.929272,37.504224],[126.929299,37.504362],[126.929693,37.504133],[126.930522,37.503455],[126.931067,37.503478],[126.931576,37.503649],[126.931869,37.503595],[126.932358,37.50377],[126.932407,37.503884],[126.932515,37.503993],[126.932671,37.504068],[126.932589,37.504558],[126.932655,37.504801],[126.932623,37.504851],[126.932653,37.504914],[126.932632,37.505082],[126.932677,37.505139],[126.932761,37.506094],[126.932848,37.506073],[126.932854,37.506001],[126.932763,37.505583],[126.93293,37.505539],[126.933,37.505621],[126.932929,37.505683],[126.932969,37.505724],[126.933481,37.505233],[126.933535,37.505279],[126.93377,37.505129],[126.93382,37.505221],[126.933945,37.505216],[126.933905,37.505362],[126.934147,37.505396],[126.934433,37.50571],[126.934461,37.505927],[126.934608,37.506274],[126.934563,37.506541],[126.934624,37.506572],[126.934619,37.506635],[126.934732,37.506761],[126.934977,37.506759],[126.934961,37.506611],[126.935121,37.506614],[126.935213,37.506901],[126.935639,37.506956],[126.935926,37.507098],[126.936123,37.507085],[126.936126,37.507113],[126.936379,37.507069],[126.936408,37.506983],[126.936358,37.506853],[126.936541,37.506496],[126.936742,37.506507],[126.936779,37.50659],[126.937139,37.506563],[126.937406,37.506316],[126.938097,37.506],[126.938222,37.505994],[126.93827,37.505763],[126.938415,37.505494],[126.938541,37.50541],[126.938713,37.505369],[126.93913,37.505448],[126.939405,37.505401],[126.939933,37.505507],[126.940564,37.50555],[126.940769,37.505518],[126.941677,37.505812],[126.942611,37.506246],[126.942643,37.506028],[126.942951,37.506204],[126.943111,37.506183],[126.94311,37.506222],[126.94406,37.506756],[126.944099,37.506679],[126.944449,37.506752],[126.94442,37.506884],[126.94463,37.506981],[126.94469,37.506837],[126.944853,37.506931],[126.944912,37.50686],[126.944961,37.506877],[126.944986,37.506843],[126.945071,37.506895],[126.945127,37.506819],[126.945167,37.506826],[126.945177,37.506949],[126.945575,37.506929],[126.945613,37.507038],[126.945785,37.506952],[126.945925,37.506945],[126.945935,37.50691],[126.946165,37.507143],[126.946496,37.506991],[126.946622,37.506961],[126.946637,37.506996],[126.946721,37.506998],[126.947024,37.506917],[126.947286,37.506234],[126.947393,37.506292],[126.947687,37.506593],[126.947719,37.506738],[126.947816,37.506881],[126.948385,37.506839],[126.948711,37.506865],[126.949253,37.506977],[126.949499,37.507234],[126.949531,37.507312],[126.949922,37.507499],[126.950131,37.507529],[126.950228,37.507755],[126.950507,37.507898],[126.950609,37.508064],[126.95096,37.507968],[126.951023,37.507892],[126.951294,37.508009],[126.951617,37.507436],[126.950797,37.506881],[126.950249,37.506342],[126.94998,37.505722],[126.949914,37.50544],[126.949737,37.505389],[126.949853,37.505219],[126.949617,37.505041],[126.949385,37.505139],[126.949333,37.505094],[126.949286,37.504922],[126.947906,37.504142],[126.947871,37.50408],[126.947829,37.504095],[126.947354,37.503833],[126.947321,37.503857],[126.94617,37.503205],[126.946265,37.503097],[126.946324,37.503102],[126.946346,37.503019],[126.947502,37.501764],[126.94774,37.501907],[126.948106,37.501686],[126.948735,37.500939],[126.949123,37.501111],[126.949227,37.501065],[126.950148,37.50003],[126.950043,37.499955],[126.950592,37.499324],[126.950585,37.499284],[126.950281,37.499117],[126.95064,37.498683],[126.950871,37.498806],[126.950823,37.498858],[126.950944,37.498924],[126.951169,37.498667],[126.951169,37.498624],[126.950943,37.498384],[126.951027,37.498382],[126.95111,37.498472],[126.951159,37.49847],[126.951235,37.498382],[126.951323,37.498382],[126.951194,37.498558],[126.95148,37.498752],[126.951441,37.498793],[126.951263,37.498695],[126.951218,37.498705],[126.950727,37.499266],[126.950912,37.499397],[126.950366,37.500021],[126.950641,37.50002],[126.951052,37.499552],[126.951346,37.499753],[126.95111,37.500021],[126.951198,37.500021],[126.951391,37.499796],[126.951442,37.499795],[126.951642,37.50002],[126.951765,37.50002],[126.952086,37.500326],[126.952226,37.500303],[126.952715,37.500427],[126.952906,37.500359],[126.952907,37.500321],[126.9524,37.500019],[126.952522,37.500019],[126.953527,37.50064],[126.953451,37.50084],[126.952361,37.500619],[126.952412,37.50088],[126.953485,37.501323],[126.953429,37.501886],[126.953375,37.501883],[126.953346,37.501979],[126.953407,37.502071],[126.95336,37.502067],[126.953265,37.502189],[126.953369,37.502227],[126.953395,37.502184],[126.953234,37.503672],[126.952769,37.503686],[126.952622,37.503843],[126.952459,37.504022],[126.952384,37.504599],[126.953008,37.504658],[126.952942,37.505147],[126.953348,37.505817],[126.953325,37.507016],[126.95293,37.507019],[126.952561,37.506657],[126.952322,37.506657],[126.952158,37.507252],[126.952125,37.507243],[126.952153,37.50729],[126.952116,37.507428],[126.951934,37.507442],[126.951777,37.50759],[126.951641,37.508067],[126.951911,37.508035],[126.95236,37.50854],[126.952755,37.508516],[126.953036,37.508732],[126.953121,37.508715],[126.953822,37.507673],[126.95461,37.507541]]],[[[126.95297,37.502016],[126.953019,37.501907],[126.95302,37.501701],[126.952778,37.501579],[126.952611,37.501693],[126.952254,37.501511],[126.952232,37.501696],[126.952305,37.501768],[126.952416,37.501782],[126.952451,37.501865],[126.952836,37.502041],[126.95297,37.502016]]]]}},{"type":"Feature","properties":{"code":"11590101","name":"노량진동","guCode":"11200","guName":"동작구","labelPoint":[126.941776,37.511644],"legalGuCode":"11590"},"geometry":{"type":"Polygon","coordinates":[[[126.949887,37.517514],[126.950206,37.517422],[126.949563,37.516675],[126.949563,37.516403],[126.94934,37.516403],[126.948379,37.51557],[126.948401,37.515352],[126.948605,37.514548],[126.948598,37.514388],[126.950089,37.513429],[126.949646,37.51289],[126.949716,37.512701],[126.949547,37.512573],[126.948982,37.5123],[126.948805,37.512113],[126.948911,37.512055],[126.948931,37.511856],[126.948794,37.511432],[126.948383,37.510847],[126.948311,37.510684],[126.948479,37.509799],[126.948535,37.509722],[126.948767,37.509567],[126.948753,37.509462],[126.948852,37.509392],[126.948836,37.50916],[126.949022,37.508596],[126.949529,37.50838],[126.949778,37.508371],[126.950032,37.508215],[126.950609,37.508064],[126.950507,37.507898],[126.950228,37.507755],[126.950131,37.507529],[126.949922,37.507499],[126.949531,37.507312],[126.949499,37.507234],[126.949253,37.506977],[126.948711,37.506865],[126.948385,37.506839],[126.947816,37.506881],[126.947719,37.506738],[126.947687,37.506593],[126.947393,37.506292],[126.947286,37.506234],[126.947024,37.506917],[126.946721,37.506998],[126.946637,37.506996],[126.946622,37.506961],[126.946496,37.506991],[126.946165,37.507143],[126.945935,37.50691],[126.945925,37.506945],[126.945785,37.506952],[126.945613,37.507038],[126.945575,37.506929],[126.945177,37.506949],[126.945167,37.506826],[126.945127,37.506819],[126.945071,37.506895],[126.944986,37.506843],[126.944961,37.506877],[126.944912,37.50686],[126.944853,37.506931],[126.94469,37.506837],[126.944622,37.506978],[126.94442,37.506884],[126.944449,37.506752],[126.944099,37.506679],[126.94406,37.506756],[126.94311,37.506222],[126.943111,37.506183],[126.942951,37.506204],[126.942643,37.506028],[126.942611,37.506246],[126.941677,37.505812],[126.940769,37.505518],[126.940564,37.50555],[126.939933,37.505507],[126.939405,37.505401],[126.93913,37.505448],[126.938713,37.505369],[126.938541,37.50541],[126.938415,37.505494],[126.93827,37.505763],[126.938222,37.505994],[126.938097,37.506],[126.937406,37.506316],[126.937139,37.506563],[126.936779,37.50659],[126.936742,37.506507],[126.936541,37.506496],[126.936358,37.506853],[126.936408,37.506983],[126.936379,37.507069],[126.936126,37.507113],[126.936123,37.507085],[126.935926,37.507098],[126.935639,37.506956],[126.935213,37.506901],[126.935214,37.507081],[126.934949,37.507594],[126.93473,37.508299],[126.934782,37.508893],[126.934962,37.509268],[126.93495,37.510514],[126.934804,37.510713],[126.93469,37.510801],[126.934704,37.511322],[126.934657,37.512375],[126.934454,37.512996],[126.934421,37.513],[126.934406,37.513209],[126.934287,37.513322],[126.934168,37.513576],[126.933946,37.513798],[126.933502,37.514092],[126.933445,37.514202],[126.933308,37.514309],[126.932592,37.514641],[126.932503,37.514821],[126.932386,37.515575],[126.934138,37.515913],[126.934708,37.515893],[126.935487,37.51595],[126.939282,37.516078],[126.949561,37.517621],[126.949887,37.517514]]]}},{"type":"Feature","properties":{"code":"11560134","name":"양평동","guCode":"11190","guName":"영등포구","labelPoint":[126.889476,37.53714],"legalGuCode":"11560"},"geometry":{"type":"MultiPolygon","coordinates":[[[[126.886159,37.527247],[126.883783,37.526415],[126.882995,37.526097],[126.882657,37.525835],[126.882406,37.525582],[126.881907,37.524933],[126.881702,37.524541],[126.8816,37.524121],[126.881602,37.523554],[126.88173,37.52244],[126.879932,37.522852],[126.879464,37.522833],[126.879174,37.522657],[126.879032,37.522613],[126.878924,37.522918],[126.87889,37.523146],[126.878917,37.523678],[126.87886,37.524088],[126.878621,37.524643],[126.878609,37.525069],[126.878818,37.525426],[126.879049,37.525601],[126.879285,37.525716],[126.880545,37.525745],[126.880709,37.52578],[126.880942,37.525912],[126.881128,37.526143],[126.881183,37.526324],[126.881175,37.526514],[126.880953,37.526826],[126.880684,37.527111],[126.880631,37.527236],[126.880604,37.527418],[126.880675,37.527551],[126.880804,37.527648],[126.881185,37.527793],[126.88135,37.527777],[126.881914,37.527627],[126.882727,37.527249],[126.883222,37.52725],[126.883452,37.527339],[126.883728,37.527558],[126.883882,37.527909],[126.88391,37.52839],[126.884177,37.528668],[126.885146,37.529151],[126.886003,37.529446],[126.887154,37.53018],[126.887685,37.530366],[126.888462,37.530412],[126.888938,37.530327],[126.889346,37.530167],[126.88954,37.529996],[126.889355,37.529593],[126.888935,37.528985],[126.888176,37.528243],[126.887775,37.527969],[126.887178,37.527635],[126.886159,37.527247]]],[[[126.90117,37.537629],[126.901281,37.537269],[126.901233,37.537084],[126.900352,37.537662],[126.900519,37.537823],[126.900755,37.538135],[126.901056,37.537865],[126.90117,37.537629]]],[[[126.900451,37.537784],[126.900341,37.53768],[126.899484,37.538264],[126.899088,37.538579],[126.89928,37.538614],[126.899751,37.538481],[126.900199,37.538425],[126.900624,37.5383],[126.900729,37.538139],[126.900451,37.537784]]],[[[126.898084,37.53936],[126.898128,37.539238],[126.897914,37.539286],[126.897728,37.539412],[126.897967,37.539589],[126.898084,37.53936]]],[[[126.899145,37.53869],[126.899074,37.53859],[126.898868,37.538748],[126.898145,37.53912],[126.898157,37.539223],[126.89799,37.539598],[126.898148,37.539747],[126.899561,37.539242],[126.899386,37.538918],[126.899145,37.53869]]],[[[126.893989,37.541921],[126.894132,37.541649],[126.893317,37.542092],[126.893844,37.542217],[126.893989,37.541921]]],[[[126.890915,37.531956],[126.890684,37.531656],[126.890289,37.531869],[126.888955,37.531933],[126.888627,37.532124],[126.888567,37.532235],[126.888531,37.532555],[126.888693,37.532805],[126.889795,37.533394],[126.890007,37.533655],[126.89015,37.534082],[126.890128,37.534376],[126.889921,37.53486],[126.889637,37.535298],[126.889104,37.535859],[126.888586,37.536307],[126.88826,37.536715],[126.887669,37.537565],[126.887107,37.538587],[126.886851,37.538831],[126.886532,37.539362],[126.886225,37.539936],[126.885514,37.541554],[126.885449,37.54185],[126.885436,37.542312],[126.886287,37.542504],[126.887391,37.542636],[126.887383,37.542767],[126.888128,37.542757],[126.888391,37.542334],[126.889569,37.54006],[126.889795,37.539703],[126.88992,37.539245],[126.891523,37.536085],[126.891674,37.535716],[126.891817,37.535128],[126.891846,37.534509],[126.891807,37.534011],[126.89171,37.533512],[126.891288,37.532621],[126.891025,37.532215],[126.890915,37.531956]]]]}},{"type":"Feature","properties":{"code":"11560133","name":"대림동","guCode":"11190","guName":"영등포구","labelPoint":[126.901252,37.497006],"legalGuCode":"11560"},"geometry":{"type":"Polygon","coordinates":[[[126.896864,37.505693],[126.897027,37.505714],[126.897069,37.505564],[126.897135,37.505569],[126.898526,37.504277],[126.899309,37.504003],[126.899626,37.503746],[126.899678,37.503583],[126.899677,37.503318],[126.899585,37.503317],[126.902057,37.501217],[126.901929,37.501039],[126.901917,37.500918],[126.901674,37.500491],[126.901514,37.500302],[126.901525,37.500233],[126.901364,37.500093],[126.901079,37.499725],[126.90144,37.499198],[126.901664,37.499022],[126.902219,37.498417],[126.903288,37.497498],[126.903832,37.497266],[126.904557,37.497247],[126.90485,37.497356],[126.90529,37.49761],[126.905666,37.497681],[126.906075,37.49758],[126.906461,37.497423],[126.906709,37.497272],[126.907544,37.497216],[126.907798,37.49729],[126.908183,37.497583],[126.908261,37.497187],[126.908252,37.496826],[126.908377,37.496718],[126.908419,37.496599],[126.90835,37.496063],[126.908351,37.495449],[126.908831,37.494345],[126.909025,37.494019],[126.909004,37.493681],[126.909251,37.493309],[126.909287,37.492873],[126.909538,37.492656],[126.90945,37.492601],[126.908408,37.491336],[126.907518,37.490007],[126.907099,37.489496],[126.906821,37.489203],[126.906643,37.489215],[126.903198,37.485002],[126.902743,37.485016],[126.902562,37.485088],[126.901713,37.485227],[126.900841,37.485653],[126.899927,37.486006],[126.898144,37.486932],[126.896124,37.489339],[126.896102,37.489728],[126.896013,37.49021],[126.895701,37.490852],[126.8946,37.49516],[126.894583,37.495377],[126.894316,37.496436],[126.894322,37.496666],[126.89407,37.497817],[126.894123,37.497848],[126.894043,37.498161],[126.893624,37.499587],[126.893281,37.500034],[126.892926,37.500357],[126.892762,37.500833],[126.892779,37.501125],[126.892933,37.501575],[126.892732,37.502073],[126.893134,37.502677],[126.892693,37.503314],[126.89301,37.503669],[126.893154,37.503746],[126.893303,37.503954],[126.893302,37.504054],[126.893107,37.504456],[126.893169,37.504602],[126.893778,37.504731],[126.89393,37.504822],[126.893975,37.50501],[126.893756,37.505503],[126.893669,37.50586],[126.893532,37.506031],[126.893255,37.506701],[126.893012,37.506935],[126.892968,37.507399],[126.89228,37.509074],[126.892332,37.509096],[126.893011,37.508536],[126.89338,37.508493],[126.893852,37.508359],[126.894162,37.508126],[126.894499,37.508003],[126.895293,37.507423],[126.895487,37.50716],[126.896404,37.506595],[126.896739,37.505962],[126.897007,37.505721],[126.896864,37.505693]]]}},{"type":"Feature","properties":{"code":"11560132","name":"신길동","guCode":"11190","guName":"영등포구","labelPoint":[126.911253,37.506009],"legalGuCode":"11560"},"geometry":{"type":"Polygon","coordinates":[[[126.91822,37.518403],[126.91873,37.51806],[126.923669,37.516502],[126.925754,37.515613],[126.926862,37.515544],[126.926802,37.514705],[126.9269,37.514522],[126.926865,37.514407],[126.926762,37.514457],[126.926668,37.514391],[126.926698,37.514269],[126.926981,37.51401],[126.927019,37.513873],[126.927028,37.513651],[126.92698,37.513496],[126.926964,37.513215],[126.926759,37.513136],[126.926789,37.512799],[126.925386,37.512523],[126.920353,37.500041],[126.92029,37.500032],[126.920217,37.498338],[126.91982,37.4978],[126.919406,37.497599],[126.914864,37.496609],[126.912895,37.496418],[126.912525,37.496353],[126.912129,37.496181],[126.911806,37.495877],[126.911267,37.495047],[126.910844,37.494289],[126.91015,37.493374],[126.909538,37.492656],[126.909287,37.492873],[126.909251,37.493309],[126.909004,37.493681],[126.909025,37.494019],[126.908831,37.494345],[126.908351,37.495449],[126.90835,37.496063],[126.908419,37.496599],[126.908377,37.496718],[126.908252,37.496826],[126.908261,37.497187],[126.908183,37.497583],[126.907798,37.49729],[126.907544,37.497216],[126.906709,37.497272],[126.906461,37.497423],[126.906075,37.49758],[126.905666,37.497681],[126.90529,37.49761],[126.90485,37.497356],[126.904557,37.497247],[126.903832,37.497266],[126.903288,37.497498],[126.902219,37.498417],[126.901664,37.499022],[126.90144,37.499198],[126.901079,37.499725],[126.901364,37.500093],[126.901525,37.500233],[126.901514,37.500302],[126.901674,37.500491],[126.901917,37.500918],[126.901929,37.501039],[126.902057,37.501217],[126.899585,37.503317],[126.899677,37.503318],[126.899678,37.503583],[126.899628,37.503742],[126.899334,37.503988],[126.899226,37.504033],[126.89933,37.504362],[126.898245,37.505373],[126.901246,37.506646],[126.901161,37.50678],[126.901381,37.506775],[126.902744,37.507319],[126.903419,37.507723],[126.906684,37.509171],[126.906901,37.509023],[126.908892,37.509888],[126.909282,37.510005],[126.909845,37.510242],[126.909848,37.510284],[126.909871,37.510253],[126.910114,37.51036],[126.909847,37.510608],[126.910093,37.510722],[126.91008,37.510756],[126.910135,37.510764],[126.910168,37.51082],[126.909864,37.511733],[126.909963,37.511862],[126.909948,37.511906],[126.909859,37.511789],[126.909844,37.51189],[126.909858,37.512104],[126.909989,37.512436],[126.910212,37.512448],[126.910224,37.512519],[126.910517,37.512735],[126.911515,37.513846],[126.911863,37.513942],[126.912434,37.514304],[126.912924,37.514553],[126.913579,37.514786],[126.913579,37.514844],[126.914104,37.515166],[126.914937,37.515595],[126.915016,37.515673],[126.915201,37.516015],[126.915162,37.516204],[126.914868,37.516809],[126.915653,37.517074],[126.915936,37.517227],[126.916874,37.517241],[126.916827,37.517373],[126.916455,37.517654],[126.91665,37.517896],[126.916834,37.518338],[126.91689,37.518322],[126.917364,37.51898],[126.91822,37.518403]]]}},{"type":"Feature","properties":{"code":"11560131","name":"양화동","guCode":"11190","guName":"영등포구","labelPoint":[126.888142,37.548907],"legalGuCode":"11560"},"geometry":{"type":"Polygon","coordinates":[[[126.880464,37.556269],[126.886825,37.55309],[126.888258,37.552214],[126.894684,37.549393],[126.898943,37.548008],[126.901822,37.545024],[126.902189,37.544125],[126.901483,37.543556],[126.901586,37.543446],[126.901537,37.543413],[126.901515,37.543292],[126.901052,37.543122],[126.900657,37.542805],[126.900724,37.542724],[126.900672,37.542651],[126.900948,37.542442],[126.901009,37.542343],[126.901,37.542228],[126.900801,37.542102],[126.900734,37.542191],[126.900531,37.542129],[126.900374,37.541957],[126.900124,37.54178],[126.899681,37.541985],[126.899064,37.542187],[126.898619,37.542512],[126.898655,37.542587],[126.898374,37.542772],[126.898221,37.542647],[126.898124,37.542717],[126.897848,37.542462],[126.896527,37.542992],[126.896044,37.542467],[126.895749,37.541919],[126.895677,37.541713],[126.895228,37.541929],[126.894492,37.542143],[126.893856,37.54222],[126.893317,37.542092],[126.890961,37.54343],[126.890633,37.543591],[126.890429,37.543665],[126.890311,37.543666],[126.888281,37.544716],[126.887094,37.545483],[126.886505,37.54582],[126.886521,37.54554],[126.886767,37.545424],[126.887269,37.544213],[126.88758,37.543821],[126.888128,37.542757],[126.887383,37.542767],[126.887391,37.542636],[126.886287,37.542504],[126.885436,37.542312],[126.885087,37.543314],[126.88473,37.543292],[126.884671,37.54334],[126.884427,37.543376],[126.884245,37.543565],[126.88424,37.544319],[126.884196,37.544483],[126.884092,37.544637],[126.883615,37.545072],[126.882746,37.545755],[126.882524,37.546032],[126.882362,37.546306],[126.882302,37.546491],[126.882128,37.546725],[126.881702,37.547135],[126.881253,37.54765],[126.880356,37.548457],[126.879855,37.549358],[126.879328,37.550155],[126.878048,37.551701],[126.878005,37.553036],[126.877929,37.553337],[126.877954,37.55345],[126.878041,37.553518],[126.878245,37.553581],[126.878508,37.553495],[126.879217,37.553151],[126.879237,37.554747],[126.880464,37.556269]]]}},{"type":"Feature","properties":{"code":"11560130","name":"양평동6가","guCode":"11190","guName":"영등포구","labelPoint":[126.889742,37.543107],"legalGuCode":"11560"},"geometry":{"type":"Polygon","coordinates":[[[126.889822,37.539608],[126.88758,37.543821],[126.887269,37.544213],[126.886767,37.545424],[126.886521,37.54554],[126.886505,37.54582],[126.887094,37.545483],[126.888281,37.544716],[126.890311,37.543666],[126.890429,37.543665],[126.890729,37.54355],[126.892321,37.542664],[126.890083,37.539796],[126.889822,37.539608]]]}},{"type":"Feature","properties":{"code":"11560129","name":"양평동5가","guCode":"11190","guName":"영등포구","labelPoint":[126.892244,37.537665],"legalGuCode":"11560"},"geometry":{"type":"Polygon","coordinates":[[[126.891844,37.535211],[126.891808,37.535165],[126.891674,37.535716],[126.891523,37.536085],[126.88992,37.539245],[126.889821,37.539607],[126.890083,37.539796],[126.892321,37.542664],[126.89294,37.542286],[126.89537,37.540999],[126.896024,37.540548],[126.891844,37.535211]]]}},{"type":"Feature","properties":{"code":"11560128","name":"양평동4가","guCode":"11190","guName":"영등포구","labelPoint":[126.896216,37.536329],"legalGuCode":"11560"},"geometry":{"type":"Polygon","coordinates":[[[126.89899,37.538494],[126.899088,37.538579],[126.899484,37.538264],[126.900627,37.537493],[126.896547,37.532302],[126.891843,37.534625],[126.891808,37.535165],[126.896024,37.540548],[126.898162,37.539107],[126.898868,37.538748],[126.899074,37.53859],[126.89899,37.538494]]]}},{"type":"Feature","properties":{"code":"11560127","name":"양평동3가","guCode":"11190","guName":"영등포구","labelPoint":[126.89209,37.529912],"legalGuCode":"11560"},"geometry":{"type":"Polygon","coordinates":[[[126.882995,37.526097],[126.884015,37.526499],[126.886614,37.527396],[126.887178,37.527635],[126.887874,37.528033],[126.888176,37.528243],[126.888571,37.5286],[126.888935,37.528985],[126.889352,37.529589],[126.889652,37.530236],[126.890468,37.531394],[126.890894,37.531909],[126.891025,37.532215],[126.891288,37.532621],[126.89171,37.533512],[126.891807,37.534011],[126.891843,37.534625],[126.896547,37.532302],[126.892738,37.527432],[126.892584,37.52706],[126.892025,37.524725],[126.882995,37.526097]]]}},{"type":"Feature","properties":{"code":"11560126","name":"양평동2가","guCode":"11190","guName":"영등포구","labelPoint":[126.883682,37.523594],"legalGuCode":"11560"},"geometry":{"type":"Polygon","coordinates":[[[126.885006,37.52059],[126.881905,37.521037],[126.881649,37.523067],[126.8816,37.524121],[126.881702,37.524541],[126.881907,37.524933],[126.882406,37.525582],[126.882657,37.525835],[126.882995,37.526097],[126.88623,37.525608],[126.885006,37.52059]]]}},{"type":"Feature","properties":{"code":"11560125","name":"양평동1가","guCode":"11190","guName":"영등포구","labelPoint":[126.888682,37.523313],"legalGuCode":"11560"},"geometry":{"type":"Polygon","coordinates":[[[126.891644,37.520797],[126.891634,37.520749],[126.885286,37.521727],[126.88623,37.525608],[126.892025,37.524725],[126.89136,37.521902],[126.891442,37.521527],[126.8916,37.521213],[126.891702,37.521092],[126.891644,37.520797]]]}},{"type":"Feature","properties":{"code":"11560124","name":"문래동6가","guCode":"11190","guName":"영등포구","labelPoint":[126.884388,37.520194],"legalGuCode":"11560"},"geometry":{"type":"Polygon","coordinates":[[[126.88093,37.522633],[126.88173,37.52244],[126.881905,37.521037],[126.885001,37.520567],[126.885286,37.521727],[126.889729,37.521045],[126.888808,37.517223],[126.882234,37.518239],[126.882054,37.519703],[126.878571,37.519709],[126.879104,37.520023],[126.8794,37.520364],[126.879425,37.520463],[126.879437,37.520598],[126.879279,37.521658],[126.879154,37.522162],[126.879002,37.522458],[126.879057,37.522538],[126.879032,37.522613],[126.879174,37.522657],[126.879447,37.522828],[126.879726,37.522853],[126.880144,37.522818],[126.88093,37.522633]]]}},{"type":"Feature","properties":{"code":"11710104","name":"송파동","guCode":"11240","guName":"송파구","labelPoint":[127.11526,37.505081],"legalGuCode":"11710"},"geometry":{"type":"Polygon","coordinates":[[[127.108137,37.511984],[127.112395,37.510252],[127.11669,37.507764],[127.122746,37.505332],[127.12369,37.504829],[127.122976,37.503729],[127.122327,37.50298],[127.121566,37.502303],[127.119848,37.50101],[127.118745,37.500279],[127.114221,37.497842],[127.111842,37.500479],[127.111603,37.500353],[127.103973,37.508738],[127.108137,37.511984]]]}},{"type":"Feature","properties":{"code":"11710103","name":"풍납동","guCode":"11240","guName":"송파구","labelPoint":[127.1153,37.535506],"legalGuCode":"11710"},"geometry":{"type":"Polygon","coordinates":[[[127.109143,37.543166],[127.113105,37.543171],[127.113047,37.542981],[127.116526,37.541958],[127.117335,37.541489],[127.117367,37.541527],[127.118875,37.541074],[127.118952,37.541121],[127.118848,37.540994],[127.119739,37.540621],[127.120257,37.540329],[127.121849,37.539289],[127.122405,37.539014],[127.12344,37.538645],[127.121173,37.532368],[127.120666,37.530802],[127.12045,37.530257],[127.120135,37.529663],[127.119093,37.52796],[127.119291,37.527873],[127.11686,37.523905],[127.10328,37.52391],[127.102974,37.524078],[127.105895,37.526544],[127.108263,37.528848],[127.108312,37.53956],[127.108283,37.541408],[127.108452,37.542042],[127.109143,37.543166]]]}},{"type":"Feature","properties":{"code":"11710102","name":"신천동","guCode":"11240","guName":"송파구","labelPoint":[127.09613,37.525652],"legalGuCode":"11710"},"geometry":{"type":"Polygon","coordinates":[[[127.108283,37.541408],[127.108312,37.53956],[127.108263,37.528848],[127.105895,37.526544],[127.102974,37.524078],[127.10328,37.52391],[127.11686,37.523905],[127.112908,37.517448],[127.112701,37.517522],[127.106657,37.515468],[127.108137,37.511984],[127.103973,37.508738],[127.101794,37.511132],[127.095405,37.519366],[127.094225,37.521939],[127.09163,37.52114],[127.090963,37.521069],[127.090464,37.521083],[127.090162,37.521181],[127.088536,37.521336],[127.085844,37.521247],[127.083328,37.521038],[127.082609,37.521042],[127.081913,37.52135],[127.080607,37.521324],[127.079611,37.521212],[127.076836,37.52071],[127.076363,37.520666],[127.076285,37.520597],[127.075798,37.520549],[127.074401,37.520567],[127.074215,37.520616],[127.073855,37.520626],[127.073378,37.520559],[127.072407,37.520599],[127.071002,37.520724],[127.069294,37.520998],[127.068814,37.521002],[127.069484,37.520151],[127.069633,37.520051],[127.070362,37.519082],[127.069754,37.518643],[127.069264,37.518119],[127.068938,37.517601],[127.068987,37.517269],[127.068659,37.517581],[127.068661,37.521],[127.067605,37.520878],[127.067501,37.524584],[127.068664,37.523872],[127.072055,37.523415],[127.074319,37.52287],[127.076954,37.522515],[127.079976,37.522951],[127.081105,37.523409],[127.085633,37.524761],[127.090142,37.527008],[127.108283,37.541408]]]}},{"type":"Feature","properties":{"code":"11710101","name":"잠실동","guCode":"11240","guName":"송파구","labelPoint":[127.084537,37.512801],"legalGuCode":"11710"},"geometry":{"type":"Polygon","coordinates":[[[127.067605,37.520878],[127.068661,37.521],[127.068659,37.517581],[127.068987,37.517269],[127.068938,37.517601],[127.069264,37.518119],[127.069754,37.518643],[127.070362,37.519082],[127.069633,37.520051],[127.069484,37.520151],[127.068814,37.521002],[127.069294,37.520998],[127.071002,37.520724],[127.072407,37.520599],[127.073378,37.520559],[127.073855,37.520626],[127.074215,37.520616],[127.074401,37.520567],[127.075798,37.520549],[127.076285,37.520597],[127.076363,37.520666],[127.076836,37.52071],[127.079611,37.521212],[127.080607,37.521324],[127.081913,37.52135],[127.082609,37.521042],[127.083328,37.521038],[127.085844,37.521247],[127.088536,37.521336],[127.090162,37.521181],[127.090464,37.521083],[127.090963,37.521069],[127.09163,37.52114],[127.094225,37.521939],[127.095405,37.519366],[127.101794,37.511132],[127.103973,37.508738],[127.103031,37.508086],[127.101966,37.507535],[127.099988,37.506717],[127.099311,37.506546],[127.098757,37.506471],[127.098136,37.506453],[127.097431,37.506515],[127.09074,37.507535],[127.085245,37.501093],[127.083607,37.500631],[127.082711,37.500892],[127.082111,37.500363],[127.076988,37.50207],[127.069817,37.502739],[127.068815,37.510682],[127.068386,37.514469],[127.067896,37.51831],[127.067901,37.518583],[127.067809,37.519194],[127.067728,37.519321],[127.067605,37.520878]]]}},{"type":"Feature","properties":{"code":"11680118","name":"도곡동","guCode":"11230","guName":"강남구","labelPoint":[127.04412,37.488518],"legalGuCode":"11680"},"geometry":{"type":"Polygon","coordinates":[[[127.031612,37.489555],[127.031875,37.489635],[127.031964,37.48945],[127.03201,37.489532],[127.034557,37.490314],[127.034558,37.490459],[127.046717,37.494191],[127.052863,37.496307],[127.055486,37.490759],[127.055435,37.490734],[127.056427,37.487586],[127.047959,37.482536],[127.044658,37.480726],[127.044005,37.479942],[127.043544,37.480167],[127.043889,37.48056],[127.043547,37.481221],[127.043137,37.481866],[127.04316,37.481977],[127.043038,37.482231],[127.043063,37.482259],[127.042951,37.482272],[127.041608,37.485239],[127.04175,37.485437],[127.034087,37.484369],[127.031612,37.489555]]]}},{"type":"Feature","properties":{"code":"11680115","name":"수서동","guCode":"11230","guName":"강남구","labelPoint":[127.098244,37.485695],"legalGuCode":"11680"},"geometry":{"type":"Polygon","coordinates":[[[127.097402,37.49519],[127.098797,37.494894],[127.099762,37.494509],[127.099828,37.4944],[127.100355,37.494219],[127.10046,37.494086],[127.10057,37.494068],[127.103305,37.492819],[127.107005,37.490289],[127.109121,37.487321],[127.109176,37.487315],[127.109146,37.487286],[127.109264,37.487115],[127.110457,37.485504],[127.111655,37.483794],[127.110956,37.483468],[127.110906,37.48338],[127.11091,37.483079],[127.110845,37.483043],[127.110667,37.483024],[127.110279,37.483155],[127.110021,37.483196],[127.108359,37.483064],[127.108303,37.483121],[127.108117,37.483118],[127.10805,37.483056],[127.106812,37.482794],[127.10619,37.482851],[127.105599,37.482758],[127.10528,37.482884],[127.104834,37.48339],[127.104334,37.484127],[127.103793,37.485143],[127.103757,37.485129],[127.103736,37.485165],[127.103669,37.485129],[127.102764,37.485019],[127.102434,37.484811],[127.10163,37.484529],[127.101402,37.48398],[127.100773,37.483226],[127.100486,37.483392],[127.099796,37.483217],[127.099229,37.482929],[127.098577,37.482494],[127.098335,37.482233],[127.09811,37.482143],[127.097732,37.48164],[127.09758,37.481034],[127.097983,37.480467],[127.098216,37.480334],[127.09825,37.480125],[127.098232,37.479855],[127.098047,37.479384],[127.098417,37.478722],[127.098483,37.478221],[127.098318,37.478128],[127.098103,37.478026],[127.097833,37.477985],[127.096959,37.478266],[127.095355,37.477988],[127.093273,37.477815],[127.092314,37.477613],[127.091706,37.477813],[127.09166,37.477959],[127.089857,37.477259],[127.089537,37.476649],[127.089028,37.476706],[127.088378,37.476215],[127.086343,37.476317],[127.085834,37.476135],[127.085685,37.475932],[127.085328,37.475826],[127.085242,37.477236],[127.085665,37.478923],[127.085437,37.479489],[127.085285,37.479959],[127.085386,37.479949],[127.085344,37.479786],[127.085499,37.479773],[127.08584,37.479927],[127.086379,37.480409],[127.08687,37.480955],[127.086795,37.481243],[127.086917,37.481545],[127.08691,37.48182],[127.086789,37.481859],[127.086919,37.482042],[127.086954,37.482209],[127.086129,37.485889],[127.085736,37.485886],[127.085649,37.486781],[127.085684,37.486653],[127.085897,37.486896],[127.086269,37.48708],[127.086993,37.487288],[127.088996,37.48747],[127.089456,37.487658],[127.090227,37.48741],[127.090675,37.4876],[127.090912,37.487969],[127.091653,37.488381],[127.091695,37.48891],[127.091453,37.489707],[127.090337,37.490649],[127.090147,37.490978],[127.089858,37.491287],[127.089743,37.491151],[127.08971,37.491169],[127.089822,37.491292],[127.091212,37.491684],[127.093222,37.492088],[127.09425,37.492255],[127.093628,37.492616],[127.092052,37.493361],[127.091662,37.493622],[127.091736,37.493683],[127.092502,37.493821],[127.09322,37.494007],[127.093857,37.494102],[127.095136,37.494548],[127.095606,37.494897],[127.096043,37.494876],[127.096391,37.494911],[127.096835,37.49506],[127.097402,37.49519]]]}},{"type":"Feature","properties":{"code":"11680114","name":"일원동","guCode":"11230","guName":"강남구","labelPoint":[127.082876,37.488175],"legalGuCode":"11680"},"geometry":{"type":"Polygon","coordinates":[[[127.097402,37.49519],[127.096835,37.49506],[127.096391,37.494911],[127.096043,37.494876],[127.095606,37.494897],[127.095136,37.494548],[127.093857,37.494102],[127.09322,37.494007],[127.092502,37.493821],[127.091736,37.493683],[127.091662,37.493622],[127.092052,37.493361],[127.093628,37.492616],[127.09425,37.492255],[127.093222,37.492088],[127.091212,37.491684],[127.089822,37.491292],[127.08971,37.491169],[127.089743,37.491151],[127.089858,37.491287],[127.090147,37.490978],[127.090337,37.490649],[127.091453,37.489707],[127.091695,37.48891],[127.091653,37.488381],[127.090912,37.487969],[127.090675,37.4876],[127.090227,37.48741],[127.089456,37.487658],[127.088996,37.48747],[127.086993,37.487288],[127.086269,37.48708],[127.085897,37.486896],[127.085684,37.486653],[127.085649,37.486781],[127.085736,37.485886],[127.086129,37.485889],[127.086954,37.482209],[127.086919,37.482042],[127.086789,37.481859],[127.08691,37.48182],[127.086917,37.481545],[127.086795,37.481243],[127.08687,37.480955],[127.086379,37.480409],[127.08584,37.479927],[127.085499,37.479773],[127.085344,37.479786],[127.085386,37.479949],[127.085285,37.479959],[127.085437,37.479489],[127.085665,37.478923],[127.085242,37.477236],[127.085328,37.475826],[127.084939,37.47566],[127.084479,37.475796],[127.083853,37.475591],[127.083239,37.475703],[127.082746,37.475473],[127.08176,37.475444],[127.078994,37.474916],[127.07853,37.475096],[127.077963,37.474854],[127.076924,37.475242],[127.076642,37.475398],[127.076094,37.475389],[127.075788,37.475622],[127.074352,37.476155],[127.073864,37.477376],[127.073246,37.47778],[127.072894,37.478195],[127.072695,37.478671],[127.072592,37.479377],[127.073111,37.479605],[127.073556,37.479995],[127.074788,37.480577],[127.075114,37.480996],[127.075687,37.48223],[127.076056,37.482617],[127.07592,37.48304],[127.076745,37.484028],[127.0774,37.484712],[127.078026,37.486118],[127.077659,37.486517],[127.077522,37.486801],[127.077201,37.486782],[127.076635,37.486494],[127.076345,37.486388],[127.076255,37.486397],[127.075622,37.486026],[127.072659,37.49155],[127.072919,37.491684],[127.072989,37.491664],[127.08035,37.494063],[127.080269,37.494206],[127.080375,37.494231],[127.080284,37.494419],[127.080667,37.494726],[127.081278,37.495385],[127.081423,37.495482],[127.08079,37.496278],[127.080197,37.496646],[127.078789,37.49742],[127.079486,37.498245],[127.080289,37.499584],[127.079927,37.501086],[127.084212,37.49965],[127.094795,37.496682],[127.097138,37.495834],[127.097803,37.495477],[127.097402,37.49519]]]}},{"type":"Feature","properties":{"code":"11680113","name":"율현동","guCode":"11230","guName":"강남구","labelPoint":[127.111536,37.471754],"legalGuCode":"11680"},"geometry":{"type":"Polygon","coordinates":[[[127.10067,37.470319],[127.101189,37.470648],[127.102,37.471258],[127.102475,37.471403],[127.103011,37.471459],[127.103385,37.471615],[127.103737,37.471892],[127.103852,37.472137],[127.104317,37.472598],[127.104599,37.47294],[127.105012,37.473164],[127.10507,37.473368],[127.105371,37.473398],[127.105645,37.473522],[127.105893,37.4738],[127.106077,37.474325],[127.106145,37.474264],[127.106043,37.474403],[127.106413,37.474463],[127.106129,37.475625],[127.10657,37.475445],[127.106485,37.475368],[127.106583,37.475332],[127.106614,37.475074],[127.106707,37.474931],[127.10673,37.474833],[127.106692,37.474825],[127.106778,37.474536],[127.106754,37.474525],[127.107013,37.473579],[127.10714,37.473541],[127.107674,37.473876],[127.108246,37.474139],[127.108628,37.474201],[127.109286,37.474182],[127.109756,37.474048],[127.111307,37.473184],[127.111657,37.473173],[127.113398,37.473929],[127.113566,37.473969],[127.113376,37.474254],[127.11438,37.476916],[127.114767,37.477068],[127.115036,37.477279],[127.115201,37.477345],[127.115342,37.477535],[127.115416,37.477556],[127.115865,37.477455],[127.116039,37.477603],[127.117932,37.475105],[127.119718,37.472586],[127.119369,37.471941],[127.119877,37.471274],[127.119881,37.471099],[127.120218,37.470556],[127.121262,37.469566],[127.122161,37.468528],[127.122239,37.468062],[127.121886,37.468063],[127.121458,37.467996],[127.120848,37.467721],[127.12066,37.467566],[127.120517,37.467529],[127.119635,37.467545],[127.118901,37.467494],[127.118807,37.467289],[127.118089,37.467189],[127.117719,37.467004],[127.117043,37.466795],[127.116702,37.466649],[127.116381,37.466655],[127.116079,37.466608],[127.115082,37.466076],[127.115093,37.4664],[127.11466,37.466565],[127.114178,37.466649],[127.113479,37.466867],[127.112878,37.467497],[127.112472,37.467616],[127.112046,37.467636],[127.111488,37.467802],[127.110951,37.468153],[127.110322,37.468118],[127.109973,37.468022],[127.108822,37.467908],[127.108504,37.467635],[127.107421,37.46747],[127.107154,37.467171],[127.106321,37.465862],[127.106076,37.465874],[127.105703,37.465915],[127.105402,37.466047],[127.104738,37.466196],[127.104676,37.466363],[127.104092,37.467052],[127.104027,37.467471],[127.104089,37.467555],[127.104071,37.467721],[127.104245,37.467805],[127.10425,37.46787],[127.104145,37.467928],[127.103842,37.467882],[127.103697,37.468062],[127.103532,37.468081],[127.103249,37.468329],[127.103091,37.468393],[127.102902,37.46867],[127.102632,37.468849],[127.102446,37.469103],[127.102391,37.469488],[127.101386,37.469855],[127.101138,37.470088],[127.10067,37.470319]]]}},{"type":"Feature","properties":{"code":"11680112","name":"자곡동","guCode":"11230","guName":"강남구","labelPoint":[127.101921,37.476677],"legalGuCode":"11680"},"geometry":{"type":"Polygon","coordinates":[[[127.103385,37.471615],[127.103011,37.471459],[127.102475,37.471403],[127.102,37.471258],[127.101189,37.470648],[127.10067,37.470319],[127.10037,37.470456],[127.099595,37.470581],[127.098951,37.470498],[127.097865,37.470097],[127.097141,37.470063],[127.09659,37.470113],[127.096071,37.470091],[127.095788,37.470224],[127.095583,37.470117],[127.094986,37.470199],[127.094657,37.470087],[127.094136,37.470129],[127.093174,37.469555],[127.092786,37.469694],[127.092296,37.469376],[127.092064,37.468958],[127.091967,37.468915],[127.091646,37.469114],[127.091638,37.469246],[127.091609,37.469208],[127.090127,37.468829],[127.090097,37.468717],[127.090205,37.468515],[127.089038,37.46824],[127.088976,37.468148],[127.088422,37.468202],[127.088129,37.468489],[127.087794,37.469248],[127.087558,37.469426],[127.087564,37.469845],[127.087164,37.469979],[127.086762,37.470702],[127.086604,37.47085],[127.085886,37.471215],[127.085017,37.4713],[127.084136,37.473],[127.084521,37.474276],[127.084447,37.474605],[127.084461,37.475144],[127.084939,37.47566],[127.085685,37.475932],[127.085834,37.476135],[127.086343,37.476317],[127.088378,37.476215],[127.089028,37.476706],[127.089537,37.476649],[127.089857,37.477259],[127.09166,37.477959],[127.091706,37.477813],[127.092314,37.477613],[127.093273,37.477815],[127.095355,37.477988],[127.096959,37.478266],[127.097833,37.477985],[127.098103,37.478026],[127.098483,37.478221],[127.098417,37.478722],[127.098047,37.479384],[127.098232,37.479855],[127.09825,37.480125],[127.098216,37.480334],[127.097983,37.480467],[127.09758,37.481034],[127.097732,37.48164],[127.09811,37.482143],[127.098335,37.482233],[127.098577,37.482494],[127.099229,37.482929],[127.099796,37.483217],[127.100486,37.483392],[127.100773,37.483226],[127.101402,37.48398],[127.10163,37.484529],[127.102434,37.484811],[127.102764,37.485019],[127.103669,37.485129],[127.103736,37.485165],[127.103757,37.485129],[127.103793,37.485143],[127.104334,37.484127],[127.104834,37.48339],[127.10528,37.482884],[127.105599,37.482758],[127.10619,37.482851],[127.106812,37.482794],[127.10805,37.483056],[127.108117,37.483118],[127.108303,37.483121],[127.108359,37.483064],[127.110021,37.483196],[127.110279,37.483155],[127.110667,37.483024],[127.110845,37.483043],[127.11091,37.483079],[127.110906,37.48338],[127.110956,37.483468],[127.111655,37.483794],[127.112966,37.481724],[127.116038,37.477603],[127.115864,37.477455],[127.115416,37.477556],[127.115341,37.477535],[127.1152,37.477346],[127.115036,37.477279],[127.114767,37.477068],[127.11438,37.476916],[127.113376,37.474254],[127.113566,37.473969],[127.113398,37.473929],[127.111657,37.473173],[127.111307,37.473184],[127.109756,37.474048],[127.109286,37.474182],[127.108628,37.474201],[127.108246,37.474139],[127.107674,37.473876],[127.10714,37.473541],[127.107013,37.473579],[127.106754,37.474525],[127.106778,37.474536],[127.106692,37.474825],[127.10673,37.474833],[127.106707,37.474931],[127.106614,37.475074],[127.106583,37.475332],[127.106485,37.475368],[127.10657,37.475445],[127.106129,37.475625],[127.106413,37.474463],[127.106043,37.474403],[127.106145,37.474264],[127.106077,37.474325],[127.105893,37.4738],[127.105644,37.473522],[127.105371,37.473398],[127.105069,37.473369],[127.105011,37.473164],[127.104599,37.47294],[127.104316,37.472599],[127.103852,37.472137],[127.103737,37.471892],[127.103385,37.471615]]]}},{"type":"Feature","properties":{"code":"11680111","name":"세곡동","guCode":"11230","guName":"강남구","labelPoint":[127.10682,37.464656],"legalGuCode":"11680"},"geometry":{"type":"Polygon","coordinates":[[[127.089038,37.46824],[127.090205,37.468515],[127.090097,37.468717],[127.090127,37.468829],[127.091609,37.469208],[127.091638,37.469246],[127.091646,37.469114],[127.091967,37.468915],[127.092064,37.468958],[127.092296,37.469376],[127.092786,37.469694],[127.093174,37.469555],[127.094136,37.470129],[127.094657,37.470087],[127.094986,37.470199],[127.095583,37.470117],[127.095788,37.470224],[127.096071,37.470091],[127.09659,37.470113],[127.097141,37.470063],[127.097865,37.470097],[127.098951,37.470498],[127.099595,37.470581],[127.10037,37.470456],[127.101138,37.470088],[127.101386,37.469855],[127.102391,37.469488],[127.102446,37.469103],[127.102632,37.468849],[127.102902,37.46867],[127.103091,37.468393],[127.103249,37.468329],[127.103532,37.468081],[127.103697,37.468062],[127.103842,37.467882],[127.104145,37.467928],[127.10425,37.46787],[127.104245,37.467805],[127.104071,37.467721],[127.104089,37.467555],[127.104027,37.467471],[127.104092,37.467052],[127.104647,37.466398],[127.104749,37.466168],[127.10542,37.466032],[127.105737,37.465895],[127.106359,37.465858],[127.107203,37.467183],[127.107446,37.46744],[127.108421,37.467581],[127.10886,37.467894],[127.110007,37.468013],[127.110442,37.468122],[127.110975,37.468137],[127.111524,37.467779],[127.112063,37.467626],[127.112507,37.4676],[127.112892,37.467482],[127.113445,37.466878],[127.114112,37.466654],[127.114634,37.46657],[127.115092,37.4664],[127.115082,37.466075],[127.11608,37.466608],[127.116382,37.466655],[127.116703,37.466649],[127.117044,37.466795],[127.11772,37.467004],[127.118089,37.467189],[127.118808,37.467288],[127.118902,37.467493],[127.119636,37.467545],[127.120518,37.467529],[127.120661,37.467566],[127.120849,37.467721],[127.121459,37.467996],[127.121887,37.468063],[127.12224,37.468062],[127.122162,37.468528],[127.121262,37.469566],[127.120219,37.470555],[127.119882,37.471098],[127.119878,37.471273],[127.11937,37.471941],[127.119721,37.472546],[127.119703,37.472761],[127.124206,37.46652],[127.123767,37.466333],[127.123427,37.466078],[127.122938,37.465819],[127.122831,37.465714],[127.122785,37.465602],[127.122689,37.465599],[127.12218,37.465222],[127.121859,37.465138],[127.121439,37.464372],[127.120746,37.463892],[127.120104,37.463493],[127.119204,37.463126],[127.118326,37.462695],[127.117475,37.4622],[127.116989,37.461484],[127.1169,37.460401],[127.116896,37.45864],[127.115893,37.458592],[127.115496,37.458697],[127.115285,37.458966],[127.115148,37.45906],[127.114592,37.459238],[127.114362,37.459378],[127.113955,37.459516],[127.113738,37.45972],[127.113634,37.459732],[127.113536,37.459801],[127.113271,37.460054],[127.113233,37.460353],[127.112763,37.46053],[127.113292,37.460837],[127.113335,37.460905],[127.113334,37.461087],[127.112975,37.461134],[127.11223,37.461505],[127.11182,37.461644],[127.110638,37.461793],[127.109891,37.461941],[127.109459,37.461871],[127.108686,37.462156],[127.108154,37.462274],[127.107302,37.46218],[127.10688,37.46237],[127.106672,37.462411],[127.106167,37.462407],[127.105926,37.462354],[127.105656,37.462236],[127.105608,37.462178],[127.10503,37.462141],[127.104341,37.462174],[127.104471,37.461756],[127.10478,37.46116],[127.104472,37.461029],[127.104023,37.460557],[127.10398,37.460453],[127.103942,37.460051],[127.103811,37.459928],[127.103443,37.459752],[127.102692,37.459724],[127.102634,37.459867],[127.102288,37.459538],[127.101954,37.459349],[127.101853,37.459178],[127.101626,37.459051],[127.101381,37.458972],[127.101165,37.45854],[127.101278,37.458241],[127.101059,37.457989],[127.100766,37.457759],[127.099739,37.457354],[127.099506,37.456912],[127.099306,37.456677],[127.099136,37.45637],[127.099096,37.456218],[127.098893,37.456116],[127.098685,37.456148],[127.098237,37.456371],[127.096365,37.456346],[127.095769,37.456519],[127.095214,37.456391],[127.09544,37.45756],[127.095372,37.457815],[127.094845,37.458515],[127.095142,37.459479],[127.095011,37.459797],[127.095236,37.460078],[127.095556,37.460257],[127.095718,37.460694],[127.095657,37.461015],[127.094356,37.460977],[127.093872,37.461176],[127.093089,37.46128],[127.09191,37.462306],[127.092021,37.463634],[127.092088,37.463891],[127.092029,37.464941],[127.091943,37.465213],[127.091599,37.465741],[127.091143,37.46614],[127.09043,37.467148],[127.090135,37.467144],[127.089708,37.46742],[127.089447,37.467671],[127.089038,37.46824]]]}},{"type":"Feature","properties":{"code":"11560114","name":"당산동4가","guCode":"11190","guName":"영등포구","labelPoint":[126.898982,37.529055],"legalGuCode":"11560"},"geometry":{"type":"Polygon","coordinates":[[[126.902798,37.52597],[126.902723,37.525961],[126.902795,37.526132],[126.897115,37.527749],[126.894144,37.529231],[126.896547,37.532302],[126.902591,37.529303],[126.904092,37.52888],[126.90297,37.526204],[126.902885,37.526021],[126.902798,37.52597]]]}},{"type":"Feature","properties":{"code":"11560113","name":"당산동3가","guCode":"11190","guName":"영등포구","labelPoint":[126.896819,37.526596],"legalGuCode":"11560"},"geometry":{"type":"Polygon","coordinates":[[[126.902723,37.525961],[126.902612,37.525759],[126.902516,37.52541],[126.90218,37.524614],[126.901745,37.523235],[126.892025,37.524724],[126.892584,37.527059],[126.892735,37.527427],[126.894144,37.529231],[126.897115,37.527748],[126.902795,37.526132],[126.902723,37.525961]]]}}]}