{"type":"FeatureCollection","features":[{"type":"Feature","properties":{"code":"11010530","name":"사직동","guCode":"11010","guName":"종로구"},"geometry":{"type":"Polygon","coordinates":[[[126.973986,37.578233],[126.974068,37.577491],[126.974153,37.577493],[126.974129,37.577721],[126.974435,37.576073],[126.974577,37.575997],[126.976572,37.575912],[126.976573,37.575761],[126.977071,37.57577],[126.977106,37.5758],[126.977097,37.574689],[126.977222,37.572549],[126.977274,37.572549],[126.977298,37.571875],[126.977237,37.571869],[126.977262,37.571226],[126.977518,37.57123],[126.977548,37.570349],[126.97766,37.570354],[126.977665,37.570285],[126.977634,37.570285],[126.977623,37.570161],[126.977552,37.570147],[126.977554,37.570056],[126.977613,37.570051],[126.977554,37.570039],[126.97757,37.569394],[126.977671,37.569343],[126.977625,37.569299],[126.97758,37.569313],[126.977573,37.569258],[126.976445,37.569237],[126.976419,37.569423],[126.976341,37.569337],[126.975966,37.569319],[126.975926,37.569389],[126.975827,37.569356],[126.97579,37.569407],[126.974707,37.569201],[126.974282,37.569246],[126.974295,37.569328],[126.974204,37.56934],[126.973205,37.569319],[126.973192,37.569165],[126.972879,37.569193],[126.972806,37.568996],[126.972591,37.56906],[126.972418,37.568831],[126.972548,37.568474],[126.971915,37.568289],[126.971925,37.568316],[126.971708,37.56833],[126.97164,37.568395],[126.971513,37.56871],[126.971225,37.568756],[126.971176,37.568819],[126.971056,37.56879],[126.970773,37.568603],[126.970341,37.568521],[126.969939,37.568316],[126.96976,37.568289],[126.969507,37.568157],[126.969424,37.568276],[126.969291,37.568198],[126.969275,37.568134],[126.968995,37.568345],[126.968743,37.568308],[126.968582,37.568353],[126.968319,37.568636],[126.968123,37.568901],[126.968044,37.569083],[126.967941,37.569182],[126.967791,37.569249],[126.967492,37.569232],[126.966808,37.56935],[126.966813,37.569384],[126.966623,37.569481],[126.966474,37.569625],[126.966459,37.569692],[126.96612,37.569929],[126.966085,37.570163],[126.965915,37.570506],[126.965886,37.570683],[126.966225,37.571328],[126.965967,37.571383],[126.965968,37.571538],[126.966057,37.571545],[126.965581,37.572006],[126.965457,37.572438],[126.965265,37.572819],[126.964967,37.572926],[126.964675,37.572945],[126.96448,37.573041],[126.964134,37.573456],[126.963549,37.574033],[126.963579,37.57446],[126.963467,37.575225],[126.963382,37.575509],[126.963109,37.575941],[126.963097,37.57612],[126.963127,37.576122],[126.963096,37.576246],[126.962974,37.576387],[126.962931,37.576579],[126.963077,37.577023],[126.962864,37.577534],[126.962653,37.577652],[126.962294,37.577762],[126.962231,37.577688],[126.961873,37.577984],[126.961215,37.578425],[126.961107,37.578723],[126.961894,37.578484],[126.962556,37.578356],[126.963026,37.578511],[126.963212,37.578661],[126.963589,37.57872],[126.963666,37.5787],[126.963812,37.578524],[126.96393,37.578459],[126.964067,37.578491],[126.964198,37.578425],[126.964454,37.578425],[126.96456,37.578331],[126.964744,37.578295],[126.964834,37.578184],[126.96526,37.578252],[126.9654,37.578432],[126.966194,37.578781],[126.966402,37.578788],[126.966407,37.578825],[126.966453,37.578825],[126.966473,37.578649],[126.966867,37.578669],[126.966828,37.57861],[126.967083,37.578627],[126.967116,37.578544],[126.967304,37.578435],[126.967561,37.578467],[126.967601,37.578412],[126.967754,37.578387],[126.967835,37.578304],[126.968035,37.578226],[126.968633,37.578206],[126.968695,37.578295],[126.968756,37.578269],[126.968813,37.578173],[126.968939,37.578146],[126.968955,37.577935],[126.969213,37.577935],[126.969219,37.578089],[126.969406,37.578063],[126.969394,37.578153],[126.969495,37.57821],[126.969595,37.578353],[126.969588,37.578425],[126.969637,37.578438],[126.969715,37.57839],[126.969851,37.578417],[126.96985,37.578528],[126.969716,37.578571],[126.969653,37.579128],[126.969734,37.579097],[126.969901,37.579275],[126.970453,37.579069],[126.970964,37.578409],[126.971096,37.578326],[126.971659,37.578141],[126.97124,37.579502],[126.971596,37.579536],[126.972486,37.57946],[126.973204,37.579341],[126.973896,37.579318],[126.973986,37.578233]]]}},{"type":"Feature","properties":{"code":"11010540","name":"삼청동","guCode":"11010","guName":"종로구"},"geometry":{"type":"Polygon","coordinates":[[[126.977136,37.597684],[126.977954,37.597684],[126.978165,37.5975],[126.978353,37.597441],[126.978571,37.597252],[126.978628,37.597064],[126.978551,37.596987],[126.978572,37.596786],[126.979111,37.596394],[126.979358,37.596352],[126.979546,37.596249],[126.97979,37.596224],[126.980261,37.595953],[126.98091,37.595839],[126.981299,37.595455],[126.981488,37.595336],[126.982481,37.595197],[126.982759,37.594867],[126.982921,37.594776],[126.983249,37.594759],[126.983467,37.594685],[126.983844,37.594435],[126.984504,37.594375],[126.985148,37.594502],[126.985429,37.594449],[126.985779,37.594255],[126.985914,37.594066],[126.985898,37.594011],[126.986119,37.593777],[126.986268,37.593276],[126.986698,37.59275],[126.987173,37.592718],[126.987316,37.592649],[126.987755,37.592255],[126.988517,37.591941],[126.989084,37.591409],[126.989012,37.591341],[126.989134,37.590849],[126.988774,37.590641],[126.988109,37.590043],[126.987678,37.589835],[126.987352,37.589607],[126.987109,37.589562],[126.986825,37.589188],[126.986393,37.588862],[126.986225,37.588634],[126.986067,37.588554],[126.98592,37.588344],[126.98608,37.587599],[126.985959,37.58733],[126.986035,37.587133],[126.985912,37.586976],[126.985865,37.586768],[126.985774,37.586761],[126.985435,37.58657],[126.985288,37.586557],[126.985236,37.586303],[126.985306,37.586124],[126.985037,37.585962],[126.984994,37.585785],[126.984803,37.585571],[126.983769,37.585044],[126.983426,37.584384],[126.983527,37.584148],[126.983719,37.583908],[126.983695,37.583796],[126.98344,37.583729],[126.983098,37.58353],[126.982858,37.583299],[126.982834,37.582623],[126.982941,37.582417],[126.983001,37.582056],[126.983135,37.582097],[126.983299,37.582082],[126.983284,37.582044],[126.983494,37.581885],[126.983609,37.581942],[126.983626,37.582131],[126.983717,37.582016],[126.983662,37.581965],[126.983759,37.581762],[126.983629,37.581685],[126.983647,37.581646],[126.983794,37.581538],[126.983835,37.581527],[126.983845,37.581588],[126.983949,37.581539],[126.984057,37.581234],[126.984059,37.581148],[126.984012,37.581137],[126.98396,37.581037],[126.983766,37.581069],[126.9837,37.580831],[126.983743,37.580821],[126.983732,37.580771],[126.983398,37.580847],[126.983341,37.580822],[126.983341,37.580683],[126.983406,37.580504],[126.983553,37.580377],[126.983544,37.58049],[126.983698,37.580499],[126.983724,37.580309],[126.983917,37.580233],[126.983831,37.579919],[126.983909,37.579795],[126.983825,37.579783],[126.983845,37.579649],[126.983901,37.579594],[126.983774,37.579475],[126.983823,37.579352],[126.98426,37.579011],[126.98415,37.578971],[126.984173,37.578881],[126.983785,37.578827],[126.983915,37.578429],[126.984143,37.57839],[126.984187,37.578154],[126.984311,37.578081],[126.984613,37.577324],[126.985071,37.577408],[126.985076,37.577366],[126.985326,37.577391],[126.985388,37.577146],[126.985492,37.577116],[126.985654,37.576797],[126.985499,37.576721],[126.98554,37.576639],[126.985014,37.576405],[126.984315,37.576016],[126.983013,37.575505],[126.982709,37.575439],[126.981968,37.575511],[126.981298,37.575716],[126.981014,37.575888],[126.979861,37.576053],[126.979619,37.576042],[126.979654,37.576263],[126.979626,37.577234],[126.979672,37.57879],[126.980244,37.580899],[126.98007,37.580992],[126.980353,37.581796],[126.980479,37.582433],[126.980434,37.58255],[126.980345,37.582631],[126.98,37.582835],[126.979223,37.583427],[126.979315,37.583487],[126.979581,37.583878],[126.979445,37.584284],[126.979197,37.584299],[126.979161,37.584475],[126.979054,37.584701],[126.979069,37.584854],[126.979111,37.584962],[126.979218,37.585073],[126.979586,37.585382],[126.979614,37.585492],[126.979551,37.585974],[126.979183,37.586543],[126.979184,37.587123],[126.979096,37.587315],[126.978655,37.587584],[126.978578,37.587777],[126.978305,37.58782],[126.978084,37.587979],[126.977872,37.58824],[126.977551,37.588501],[126.977182,37.588527],[126.977037,37.588579],[126.976902,37.588807],[126.976895,37.588884],[126.976829,37.588946],[126.976787,37.589292],[126.976715,37.589439],[126.976374,37.589691],[126.976089,37.589735],[126.97556,37.589681],[126.974682,37.591075],[126.97441,37.591908],[126.973644,37.592608],[126.973766,37.592968],[126.973685,37.593027],[126.973587,37.593271],[126.973602,37.593364],[126.974116,37.593842],[126.97416,37.594003],[126.974248,37.594129],[126.974566,37.594399],[126.974618,37.594534],[126.975151,37.594757],[126.975154,37.594995],[126.975083,37.595485],[126.97503,37.595595],[126.975037,37.595734],[126.975091,37.59583],[126.975537,37.596029],[126.975883,37.596549],[126.975971,37.596832],[126.976202,37.597152],[126.97656,37.597495],[126.976684,37.597719],[126.976417,37.598037],[126.976556,37.59809],[126.976905,37.597716],[126.977136,37.597684]]]}},{"type":"Feature","properties":{"code":"11010550","name":"부암동","guCode":"11010","guName":"종로구"},"geometry":{"type":"Polygon","coordinates":[[[126.961733,37.607138],[126.961859,37.606919],[126.961758,37.60683],[126.96188,37.606705],[126.962234,37.606008],[126.962349,37.605649],[126.962534,37.605753],[126.962609,37.605743],[126.962798,37.605558],[126.96279,37.605379],[126.962821,37.605336],[126.962788,37.605268],[126.962842,37.605164],[126.962798,37.60514],[126.962803,37.605097],[126.962973,37.604993],[126.962913,37.604851],[126.963112,37.604577],[126.963161,37.604051],[126.96352,37.604042],[126.963531,37.603996],[126.964033,37.604028],[126.964036,37.603904],[126.964161,37.603566],[126.964209,37.603522],[126.964422,37.60341],[126.964631,37.603469],[126.96472,37.603433],[126.964999,37.602937],[126.964922,37.602785],[126.964992,37.602674],[126.965418,37.602085],[126.965565,37.601985],[126.965832,37.601579],[126.966307,37.601211],[126.966551,37.601236],[126.966996,37.601464],[126.967475,37.60163],[126.96768,37.601456],[126.968147,37.601345],[126.968351,37.601165],[126.968575,37.600735],[126.969047,37.600602],[126.969254,37.600642],[126.969368,37.600747],[126.969609,37.60063],[126.969897,37.600722],[126.970177,37.600709],[126.971074,37.600781],[126.971463,37.601035],[126.97162,37.60101],[126.971935,37.600703],[126.972291,37.600199],[126.9728,37.599958],[126.973337,37.599845],[126.973772,37.599809],[126.97415,37.599573],[126.974606,37.599442],[126.976184,37.599378],[126.976448,37.599117],[126.976807,37.598957],[126.977198,37.598648],[126.97714,37.598461],[126.97672,37.597901],[126.976556,37.59809],[126.976417,37.598037],[126.976684,37.597719],[126.97656,37.597495],[126.976202,37.597152],[126.975971,37.596832],[126.975883,37.596549],[126.975537,37.596029],[126.975091,37.59583],[126.975037,37.595734],[126.97503,37.595595],[126.975083,37.595485],[126.975154,37.594995],[126.975151,37.594757],[126.974618,37.594534],[126.974566,37.594399],[126.974248,37.594129],[126.97416,37.594003],[126.974116,37.593842],[126.973602,37.593364],[126.973587,37.593271],[126.973413,37.593215],[126.973314,37.59323],[126.972613,37.59368],[126.971894,37.593875],[126.97175,37.593829],[126.971547,37.593682],[126.971141,37.593699],[126.970983,37.593828],[126.97079,37.593876],[126.970476,37.593635],[126.970113,37.593511],[126.969842,37.593473],[126.969614,37.5935],[126.968922,37.593363],[126.968785,37.59338],[126.96864,37.593464],[126.968242,37.593591],[126.968044,37.593591],[126.967322,37.593242],[126.966588,37.592972],[126.966396,37.5928],[126.966337,37.592826],[126.96633,37.592703],[126.966447,37.59264],[126.96646,37.592682],[126.966566,37.592663],[126.966526,37.592523],[126.966446,37.592538],[126.966418,37.592466],[126.966384,37.59208],[126.966318,37.591878],[126.966035,37.591552],[126.965931,37.591458],[126.965732,37.591411],[126.96516,37.59139],[126.965005,37.591336],[126.96469,37.591119],[126.964576,37.59097],[126.964303,37.590263],[126.964112,37.58998],[126.964143,37.589578],[126.964243,37.589339],[126.964239,37.589137],[126.964195,37.589057],[126.963797,37.588733],[126.963566,37.588467],[126.963507,37.58826],[126.963173,37.587864],[126.963041,37.587819],[126.962948,37.58783],[126.962399,37.587521],[126.962323,37.587189],[126.962392,37.587035],[126.962247,37.586909],[126.961988,37.58684],[126.961666,37.586652],[126.960771,37.586324],[126.960509,37.586258],[126.960344,37.586296],[126.959688,37.58604],[126.95948,37.586007],[126.959185,37.586096],[126.958871,37.585951],[126.958593,37.585734],[126.957848,37.585019],[126.957472,37.586047],[126.957374,37.587077],[126.957486,37.587957],[126.95733,37.588723],[126.957467,37.589489],[126.95749,37.590078],[126.957827,37.59146],[126.957798,37.592574],[126.957498,37.593078],[126.957508,37.593547],[126.958087,37.593957],[126.958526,37.594186],[126.958649,37.594478],[126.95883,37.594577],[126.959024,37.594797],[126.959033,37.595059],[126.958637,37.59587],[126.9587,37.59639],[126.95853,37.596722],[126.958398,37.597143],[126.958268,37.597789],[126.958042,37.598156],[126.957714,37.598367],[126.957308,37.598531],[126.956747,37.598575],[126.956737,37.59869],[126.956781,37.598747],[126.956708,37.598796],[126.956683,37.598753],[126.956175,37.599011],[126.955493,37.599217],[126.955411,37.599274],[126.954881,37.599309],[126.954201,37.599084],[126.954141,37.599098],[126.954032,37.598916],[126.953943,37.598862],[126.953922,37.59877],[126.953841,37.598673],[126.953508,37.598579],[126.953237,37.598595],[126.953061,37.598759],[126.953011,37.598936],[126.953046,37.599074],[126.953299,37.599365],[126.95338,37.599531],[126.953378,37.599643],[126.953321,37.599767],[126.953362,37.600168],[126.95323,37.600436],[126.952904,37.600711],[126.952888,37.60085],[126.952597,37.601229],[126.952469,37.601623],[126.95255,37.601887],[126.952495,37.601999],[126.952451,37.602318],[126.952375,37.602476],[126.95267,37.602713],[126.952706,37.602895],[126.953275,37.603663],[126.953415,37.604215],[126.953567,37.604479],[126.953884,37.604802],[126.954423,37.604574],[126.954529,37.604595],[126.954701,37.604525],[126.954865,37.604296],[126.955125,37.60416],[126.955185,37.604232],[126.955298,37.604178],[126.955205,37.604058],[126.955459,37.603809],[126.955558,37.603654],[126.955709,37.603584],[126.955959,37.603539],[126.956003,37.603616],[126.956088,37.603586],[126.956282,37.603713],[126.956438,37.603653],[126.95656,37.603729],[126.957187,37.603902],[126.957341,37.604074],[126.957461,37.603974],[126.957877,37.603851],[126.958061,37.6036],[126.958187,37.603525],[126.958431,37.603605],[126.958691,37.603752],[126.958736,37.603826],[126.958544,37.604118],[126.958611,37.604623],[126.959764,37.604855],[126.959823,37.604791],[126.959827,37.604601],[126.959958,37.604602],[126.959885,37.604897],[126.959838,37.604967],[126.959741,37.605005],[126.959641,37.605198],[126.959701,37.60564],[126.960147,37.60597],[126.960449,37.606332],[126.960664,37.606729],[126.960876,37.606827],[126.960992,37.606932],[126.961197,37.606875],[126.961327,37.606906],[126.961423,37.606958],[126.96145,37.607069],[126.961547,37.607103],[126.961632,37.607054],[126.961733,37.607138]]]}},{"type":"Feature","properties":{"code":"11010560","name":"평창동","guCode":"11010","guName":"종로구"},"geometry":{"type":"Polygon","coordinates":[[[126.975085,37.631183],[126.974681,37.629805],[126.974966,37.629026],[126.976192,37.629087],[126.978419,37.62929],[126.979528,37.628893],[126.979933,37.628551],[126.98019,37.627933],[126.979877,37.627453],[126.979603,37.626371],[126.980902,37.625392],[126.981848,37.624315],[126.983651,37.621151],[126.98318,37.620183],[126.983162,37.619235],[126.983714,37.617759],[126.984392,37.616857],[126.984536,37.615981],[126.985154,37.615503],[126.985534,37.615009],[126.985469,37.614933],[126.985497,37.614851],[126.985586,37.614824],[126.985568,37.61477],[126.985804,37.614739],[126.986579,37.613972],[126.98637,37.613534],[126.98613,37.613242],[126.986171,37.61302],[126.985638,37.611396],[126.98578,37.610907],[126.985858,37.610165],[126.985865,37.60947],[126.986296,37.609154],[126.986822,37.608875],[126.986689,37.608298],[126.986238,37.607737],[126.986097,37.607394],[126.986364,37.606875],[126.986303,37.606514],[126.986756,37.606087],[126.986672,37.605092],[126.986787,37.604504],[126.98667,37.604024],[126.985898,37.603632],[126.98574,37.603455],[126.984725,37.603382],[126.984325,37.603127],[126.983963,37.603219],[126.982867,37.602128],[126.982596,37.602243],[126.980684,37.60161],[126.9805,37.601459],[126.980163,37.60145],[126.979832,37.60125],[126.979535,37.601218],[126.979238,37.601036],[126.978522,37.600992],[126.978214,37.600742],[126.97793,37.600307],[126.977682,37.60024],[126.977412,37.599417],[126.977413,37.599117],[126.977198,37.598648],[126.976807,37.598957],[126.976448,37.599117],[126.976184,37.599378],[126.974606,37.599442],[126.97415,37.599573],[126.973772,37.599809],[126.973337,37.599845],[126.9728,37.599958],[126.972291,37.600199],[126.971935,37.600703],[126.97162,37.60101],[126.971463,37.601035],[126.971074,37.600781],[126.970177,37.600709],[126.969897,37.600722],[126.969609,37.60063],[126.969368,37.600747],[126.969254,37.600642],[126.969047,37.600602],[126.968575,37.600735],[126.968351,37.601165],[126.968147,37.601345],[126.96768,37.601456],[126.967475,37.60163],[126.966996,37.601464],[126.966551,37.601236],[126.966307,37.601211],[126.965832,37.601579],[126.965565,37.601985],[126.965418,37.602085],[126.964992,37.602674],[126.964922,37.602785],[126.964999,37.602937],[126.96472,37.603433],[126.964631,37.603469],[126.964422,37.60341],[126.964209,37.603522],[126.964161,37.603566],[126.964036,37.603904],[126.964033,37.604028],[126.963531,37.603996],[126.96352,37.604042],[126.963161,37.604051],[126.963112,37.604577],[126.962913,37.604851],[126.962973,37.604993],[126.962803,37.605097],[126.962798,37.60514],[126.962842,37.605164],[126.962788,37.605268],[126.962821,37.605336],[126.96279,37.605379],[126.962798,37.605558],[126.962609,37.605743],[126.962534,37.605753],[126.962349,37.605649],[126.962234,37.606008],[126.96188,37.606705],[126.961758,37.60683],[126.961859,37.606919],[126.961733,37.607138],[126.961632,37.607054],[126.961547,37.607103],[126.96145,37.607069],[126.961423,37.606958],[126.961327,37.606906],[126.961197,37.606875],[126.960992,37.606932],[126.960876,37.606827],[126.960664,37.606729],[126.960449,37.606332],[126.960147,37.60597],[126.959701,37.60564],[126.959641,37.605198],[126.959741,37.605005],[126.959838,37.604967],[126.959885,37.604897],[126.959958,37.604602],[126.959827,37.604601],[126.959823,37.604791],[126.959764,37.604855],[126.958611,37.604623],[126.958544,37.604118],[126.958736,37.603826],[126.958691,37.603752],[126.958343,37.603561],[126.958187,37.603525],[126.958061,37.6036],[126.957877,37.603851],[126.957461,37.603974],[126.957341,37.604074],[126.957187,37.603902],[126.95656,37.603729],[126.956438,37.603653],[126.956282,37.603713],[126.956088,37.603586],[126.956003,37.603616],[126.955959,37.603539],[126.955709,37.603584],[126.955558,37.603654],[126.955459,37.603809],[126.955205,37.604058],[126.955298,37.604178],[126.955185,37.604232],[126.955125,37.60416],[126.954865,37.604296],[126.954701,37.604525],[126.954529,37.604595],[126.954423,37.604574],[126.953884,37.604802],[126.953969,37.60488],[126.954042,37.605073],[126.953076,37.605502],[126.952695,37.605909],[126.952665,37.606336],[126.952547,37.606653],[126.952204,37.606888],[126.951701,37.607391],[126.951411,37.608017],[126.950565,37.60836],[126.950504,37.608862],[126.950338,37.609093],[126.950379,37.610633],[126.949829,37.611656],[126.950478,37.61287],[126.950732,37.613528],[126.950797,37.613849],[126.950592,37.615137],[126.950724,37.615538],[126.95047,37.616099],[126.950155,37.617655],[126.949854,37.618762],[126.949838,37.619584],[126.949911,37.619921],[126.949929,37.620614],[126.949889,37.620901],[126.949227,37.622358],[126.948898,37.623263],[126.949,37.624335],[126.950454,37.626418],[126.951605,37.626545],[126.952024,37.626873],[126.952754,37.627056],[126.953506,37.627378],[126.954015,37.627362],[126.955179,37.628162],[126.955565,37.628283],[126.956346,37.628207],[126.956713,37.628621],[126.957446,37.629159],[126.958814,37.629589],[126.96144,37.629959],[126.963767,37.629793],[126.964331,37.63036],[126.965228,37.630768],[126.966047,37.630816],[126.966802,37.630688],[126.967654,37.630743],[126.968236,37.63073],[126.969389,37.631016],[126.970583,37.631485],[126.971328,37.631619],[126.97303,37.632375],[126.973672,37.632031],[126.974453,37.63198],[126.975388,37.631733],[126.975085,37.631183]]]}},{"type":"Feature","properties":{"code":"11010570","name":"무악동","guCode":"11010","guName":"종로구"},"geometry":{"type":"Polygon","coordinates":[[[126.959751,37.580006],[126.960055,37.579721],[126.960421,37.579264],[126.960609,37.579111],[126.960854,37.579003],[126.961036,37.578862],[126.961215,37.578425],[126.961873,37.577984],[126.962231,37.577688],[126.962294,37.577762],[126.962653,37.577652],[126.962864,37.577534],[126.962423,37.57714],[126.962388,37.576946],[126.962444,37.576895],[126.962219,37.576624],[126.962179,37.576626],[126.962074,37.57636],[126.962059,37.575956],[126.962021,37.575881],[126.961943,37.575877],[126.961964,37.575425],[126.961813,37.575197],[126.961767,37.575013],[126.96186,37.574753],[126.961553,37.574453],[126.961169,37.574214],[126.960961,37.574018],[126.96074,37.573714],[126.960812,37.573676],[126.960792,37.573619],[126.960608,37.573372],[126.96044,37.573358],[126.96029,37.573462],[126.960203,37.573359],[126.960024,37.573333],[126.959712,37.5731],[126.959623,37.57306],[126.959561,37.57311],[126.9594,37.573049],[126.958338,37.574098],[126.956373,37.575681],[126.955634,37.576595],[126.955463,37.576549],[126.954915,37.577309],[126.954879,37.577235],[126.954957,37.577144],[126.954907,37.577141],[126.954706,37.577399],[126.954672,37.577509],[126.953558,37.578749],[126.95363,37.578818],[126.95398,37.578955],[126.955107,37.579296],[126.955231,37.579426],[126.955678,37.579684],[126.957202,37.579819],[126.957206,37.579866],[126.957263,37.579842],[126.957303,37.580025],[126.957283,37.580141],[126.95761,37.58035],[126.957827,37.580431],[126.95806,37.580445],[126.958191,37.580529],[126.958713,37.580501],[126.959313,37.580279],[126.959751,37.580006]]]}},{"type":"Feature","properties":{"code":"11010580","name":"교남동","guCode":"11010","guName":"종로구"},"geometry":{"type":"Polygon","coordinates":[[[126.962871,37.577489],[126.963077,37.577023],[126.962931,37.576579],[126.962974,37.576387],[126.963096,37.576246],[126.963127,37.576122],[126.963097,37.57612],[126.963109,37.575941],[126.963382,37.575509],[126.963467,37.575225],[126.963579,37.57446],[126.963549,37.574033],[126.964134,37.573456],[126.96448,37.573041],[126.964675,37.572945],[126.964967,37.572926],[126.965265,37.572819],[126.965457,37.572438],[126.965581,37.572006],[126.966057,37.571545],[126.965968,37.571538],[126.965967,37.571383],[126.966225,37.571328],[126.965886,37.570683],[126.965915,37.570506],[126.966085,37.570163],[126.96612,37.569929],[126.966459,37.569692],[126.966474,37.569625],[126.966623,37.569481],[126.966813,37.569384],[126.966808,37.56935],[126.967492,37.569232],[126.967791,37.569249],[126.967941,37.569182],[126.968044,37.569083],[126.968123,37.568901],[126.968319,37.568636],[126.968582,37.568353],[126.968743,37.568308],[126.968995,37.568345],[126.969099,37.568248],[126.966698,37.56582],[126.965409,37.567072],[126.964,37.568632],[126.9594,37.573049],[126.959561,37.57311],[126.959623,37.57306],[126.959712,37.5731],[126.960024,37.573333],[126.960203,37.573359],[126.96029,37.573462],[126.96044,37.573358],[126.960608,37.573372],[126.960792,37.573619],[126.960812,37.573676],[126.96074,37.573714],[126.960961,37.574018],[126.961169,37.574214],[126.961553,37.574453],[126.96186,37.574753],[126.961767,37.575013],[126.961813,37.575197],[126.961964,37.575425],[126.961943,37.575877],[126.962021,37.575881],[126.962059,37.575956],[126.962074,37.57636],[126.962179,37.576626],[126.962219,37.576624],[126.962444,37.576895],[126.962388,37.576946],[126.962423,37.57714],[126.962864,37.577534],[126.962871,37.577489]]]}},{"type":"Feature","properties":{"code":"11010600","name":"가회동","guCode":"11010","guName":"종로구"},"geometry":{"type":"Polygon","coordinates":[[[126.989092,37.589826],[126.98902,37.589622],[126.988653,37.589624],[126.988428,37.589339],[126.988373,37.589139],[126.988055,37.58899],[126.987973,37.588721],[126.988006,37.588607],[126.98786,37.588434],[126.987734,37.588091],[126.987794,37.58795],[126.987832,37.587941],[126.987844,37.587651],[126.987751,37.587645],[126.987695,37.587491],[126.987674,37.587259],[126.987875,37.586666],[126.987786,37.586198],[126.987947,37.585723],[126.987954,37.585557],[126.988111,37.58554],[126.988148,37.585611],[126.988399,37.585661],[126.9889,37.585604],[126.988774,37.585029],[126.988794,37.58489],[126.98904,37.584097],[126.989094,37.584065],[126.989135,37.583939],[126.989326,37.583682],[126.989369,37.58351],[126.989375,37.582912],[126.989661,37.582548],[126.98974,37.582317],[126.989678,37.582109],[126.98949,37.581772],[126.989472,37.581595],[126.989436,37.581591],[126.989439,37.581405],[126.989502,37.581347],[126.989508,37.580919],[126.989246,37.580918],[126.989186,37.580846],[126.989196,37.580369],[126.989279,37.579715],[126.989289,37.579297],[126.989225,37.578772],[126.9893,37.578195],[126.989266,37.578111],[126.989265,37.577648],[126.988774,37.577636],[126.987818,37.577531],[126.986985,37.577246],[126.986278,37.576879],[126.98554,37.576639],[126.985499,37.576721],[126.985654,37.576797],[126.985492,37.577116],[126.985388,37.577146],[126.985326,37.577391],[126.985076,37.577366],[126.985071,37.577408],[126.984613,37.577324],[126.984311,37.578081],[126.984187,37.578154],[126.984143,37.57839],[126.983915,37.578429],[126.983785,37.578827],[126.984173,37.578881],[126.98415,37.578971],[126.98426,37.579011],[126.983823,37.579352],[126.983774,37.579475],[126.983901,37.579594],[126.983845,37.579649],[126.983825,37.579783],[126.983909,37.579795],[126.983831,37.579919],[126.983917,37.580233],[126.983724,37.580309],[126.983698,37.580499],[126.983544,37.58049],[126.983553,37.580377],[126.983406,37.580504],[126.983341,37.580683],[126.983341,37.580822],[126.983398,37.580847],[126.983732,37.580771],[126.983743,37.580821],[126.9837,37.580831],[126.983766,37.581069],[126.98396,37.581037],[126.984012,37.581137],[126.984059,37.581148],[126.984057,37.581234],[126.983949,37.581539],[126.983845,37.581588],[126.983835,37.581527],[126.983794,37.581538],[126.983647,37.581646],[126.983629,37.581685],[126.983759,37.581762],[126.983662,37.581965],[126.983717,37.582016],[126.983626,37.582131],[126.983609,37.581942],[126.983494,37.581885],[126.983284,37.582044],[126.983299,37.582082],[126.983135,37.582097],[126.983001,37.582056],[126.982941,37.582417],[126.982834,37.582623],[126.982858,37.583299],[126.983098,37.58353],[126.98344,37.583729],[126.983695,37.583796],[126.983719,37.583908],[126.983527,37.584148],[126.983426,37.584384],[126.983769,37.585044],[126.984803,37.585571],[126.984994,37.585785],[126.985037,37.585962],[126.985306,37.586124],[126.985236,37.586303],[126.985288,37.586557],[126.985435,37.58657],[126.985774,37.586761],[126.985865,37.586768],[126.985912,37.586976],[126.986035,37.587133],[126.985959,37.58733],[126.98608,37.587599],[126.98592,37.588344],[126.986067,37.588554],[126.986225,37.588634],[126.986393,37.588862],[126.986825,37.589188],[126.987109,37.589562],[126.987352,37.589607],[126.987678,37.589835],[126.988109,37.590043],[126.988774,37.590641],[126.989134,37.590849],[126.989179,37.59053],[126.989092,37.589826]]]}},{"type":"Feature","properties":{"code":"11010610","name":"종로1·2·3·4가동","guCode":"11010","guName":"종로구"},"geometry":{"type":"Polygon","coordinates":[[[126.989374,37.587636],[126.989531,37.587492],[126.990428,37.587104],[126.992981,37.587303],[126.993081,37.587117],[126.992991,37.587023],[126.993314,37.586934],[126.993486,37.586681],[126.993671,37.586496],[126.993674,37.586419],[126.993887,37.585972],[126.993848,37.585963],[126.994152,37.585493],[126.994579,37.585095],[126.994687,37.584891],[126.994832,37.584703],[126.994872,37.584731],[126.994832,37.584694],[126.995179,37.584256],[126.995834,37.583584],[126.995913,37.58362],[126.99597,37.583556],[126.995997,37.583571],[126.99607,37.583372],[126.996041,37.583366],[126.996163,37.583149],[126.99626,37.582841],[126.996492,37.582446],[126.99656,37.581962],[126.996518,37.581662],[126.996544,37.581558],[126.996668,37.581428],[126.996355,37.5811],[126.996415,37.5811],[126.996333,37.5809],[126.996322,37.580555],[126.996632,37.578769],[126.997165,37.576917],[126.997476,37.576933],[126.997663,37.57698],[126.997639,37.577033],[126.997727,37.577054],[126.997895,37.576673],[126.998002,37.576694],[126.998084,37.576564],[126.998219,37.576633],[126.99847,37.576675],[126.998424,37.576831],[126.998822,37.576911],[126.998844,37.57683],[126.998786,37.576818],[126.998807,37.57669],[126.99897,37.576466],[126.998939,37.576451],[126.998978,37.576393],[126.99904,37.576412],[126.999047,37.576326],[126.999145,37.576144],[126.999341,37.576124],[126.999448,37.576159],[126.999545,37.576126],[126.999599,37.576015],[126.999458,37.575942],[126.999403,37.575849],[126.999294,37.575562],[126.999244,37.575542],[126.999288,37.575462],[126.999037,37.575312],[126.999147,37.575023],[126.998892,37.574881],[126.998967,37.57473],[126.998766,37.57463],[126.998688,37.574717],[126.998571,37.574682],[126.998657,37.574491],[126.998435,37.574423],[126.998415,37.57449],[126.998232,37.574394],[126.998025,37.574376],[126.99797,37.574326],[126.997958,37.574034],[126.998023,37.573812],[126.998073,37.573704],[126.998376,37.573354],[126.999332,37.572295],[126.999589,37.572063],[127.000044,37.571351],[127.000179,37.571235],[127.000359,37.570821],[127.000406,37.570822],[127.001664,37.569549],[126.998544,37.56894],[126.997342,37.568766],[126.996354,37.568655],[126.989469,37.568107],[126.98836,37.568127],[126.986639,37.568232],[126.984367,37.568639],[126.982593,37.56902],[126.982039,37.569047],[126.981241,37.568986],[126.980564,37.568989],[126.978014,37.569181],[126.977625,37.569299],[126.977671,37.569343],[126.97757,37.569394],[126.977555,37.569985],[126.977554,37.570039],[126.977613,37.570051],[126.977554,37.570056],[126.977552,37.570147],[126.977623,37.570161],[126.977634,37.570285],[126.977665,37.570285],[126.97766,37.570354],[126.977548,37.570349],[126.977518,37.57123],[126.977262,37.571226],[126.977237,37.571869],[126.977298,37.571875],[126.977274,37.572549],[126.977222,37.572549],[126.977097,37.574689],[126.977116,37.575896],[126.977897,37.575891],[126.978573,37.575949],[126.978576,37.57591],[126.979132,37.576006],[126.979861,37.576053],[126.981014,37.575888],[126.981298,37.575716],[126.981968,37.575511],[126.982709,37.575439],[126.983013,37.575505],[126.983997,37.575884],[126.985397,37.576588],[126.986278,37.576879],[126.986985,37.577246],[126.987418,37.5774],[126.987883,37.577543],[126.988774,37.577636],[126.989265,37.577648],[126.989266,37.578111],[126.9893,37.578195],[126.989225,37.578772],[126.989289,37.579297],[126.989279,37.579715],[126.989196,37.580369],[126.989186,37.580846],[126.989246,37.580918],[126.989508,37.580919],[126.989502,37.581347],[126.989439,37.581405],[126.989436,37.581591],[126.989472,37.581595],[126.98949,37.581772],[126.989678,37.582109],[126.98974,37.582317],[126.989661,37.582548],[126.989375,37.582912],[126.989369,37.58351],[126.989326,37.583682],[126.989135,37.583939],[126.989094,37.584065],[126.98904,37.584097],[126.988794,37.58489],[126.988774,37.585029],[126.9889,37.585604],[126.988399,37.585661],[126.988148,37.585611],[126.988111,37.58554],[126.987954,37.585557],[126.987947,37.585723],[126.987786,37.586198],[126.987875,37.586666],[126.987674,37.587259],[126.988191,37.587325],[126.988731,37.587607],[126.989374,37.587636]]]}},{"type":"Feature","properties":{"code":"11010630","name":"종로5·6가동","guCode":"11010","guName":"종로구"},"geometry":{"type":"Polygon","coordinates":[[[127.00857,37.576707],[127.008578,37.576592],[127.008396,37.576101],[127.008417,37.575768],[127.008792,37.575131],[127.008905,37.574719],[127.008768,37.57411],[127.008808,37.57382],[127.008904,37.573646],[127.008831,37.573404],[127.008857,37.573118],[127.008816,37.572856],[127.008868,37.572695],[127.009027,37.57255],[127.009007,37.572513],[127.009305,37.572431],[127.009497,37.572239],[127.009594,37.571963],[127.009704,37.571938],[127.009655,37.571586],[127.009767,37.571387],[127.00992,37.571281],[127.009973,37.571175],[127.009885,37.571001],[127.009663,37.57094],[127.009878,37.570179],[127.010019,37.570067],[127.010035,37.569771],[127.006201,37.569612],[127.002453,37.569623],[127.001664,37.569549],[127.000406,37.570822],[127.000359,37.570821],[127.000179,37.571235],[127.000044,37.571351],[126.999618,37.572025],[126.999332,37.572295],[126.998073,37.573704],[126.997958,37.574034],[126.99797,37.574326],[126.998025,37.574376],[126.998232,37.574394],[126.998415,37.57449],[126.998435,37.574423],[126.998657,37.574491],[126.998571,37.574682],[126.998688,37.574717],[126.998766,37.57463],[126.998967,37.57473],[126.998892,37.574881],[126.999147,37.575023],[126.999037,37.575312],[126.999288,37.575462],[126.999244,37.575542],[126.999294,37.575562],[126.999403,37.575849],[126.999497,37.575973],[126.999959,37.575773],[127.000032,37.575848],[127.000167,37.575828],[127.0003,37.575876],[127.000418,37.576032],[127.000548,37.576063],[127.000679,37.576056],[127.000689,37.575939],[127.000958,37.575888],[127.000995,37.576109],[127.001284,37.576081],[127.001269,37.575781],[127.001337,37.575555],[127.001321,37.575322],[127.001366,37.574977],[127.00157,37.574965],[127.001731,37.57507],[127.001872,37.575073],[127.002406,37.575244],[127.003001,37.575285],[127.002933,37.575445],[127.003308,37.575564],[127.00422,37.575761],[127.004389,37.575886],[127.005255,37.57597],[127.005828,37.576157],[127.006009,37.576278],[127.006399,37.576322],[127.006519,37.576422],[127.006836,37.576474],[127.006873,37.576438],[127.006949,37.5765],[127.007163,37.576497],[127.007406,37.576628],[127.007769,37.576666],[127.007787,37.57664],[127.0078,37.576669],[127.008188,37.57672],[127.008559,37.576743],[127.00857,37.576707]]]}},{"type":"Feature","properties":{"code":"11010640","name":"이화동","guCode":"11010","guName":"종로구"},"geometry":{"type":"Polygon","coordinates":[[[127.005784,37.585369],[127.005851,37.58533],[127.006262,37.585335],[127.00656,37.585535],[127.006655,37.585423],[127.006901,37.585281],[127.006889,37.584703],[127.007069,37.584091],[127.007195,37.583467],[127.007271,37.583333],[127.007265,37.583211],[127.00726,37.583117],[127.007155,37.582904],[127.006753,37.582336],[127.006909,37.582225],[127.007021,37.582013],[127.007324,37.581866],[127.007479,37.581653],[127.0078,37.581506],[127.008009,37.581229],[127.008327,37.581057],[127.008638,37.580478],[127.008544,37.580155],[127.008627,37.580138],[127.008623,37.580022],[127.008472,37.579735],[127.008087,37.579384],[127.00799,37.578646],[127.008055,37.578478],[127.008356,37.578072],[127.008318,37.577576],[127.008366,37.577477],[127.008649,37.577189],[127.008638,37.576987],[127.008559,37.576743],[127.008188,37.57672],[127.0078,37.576669],[127.007787,37.57664],[127.007769,37.576666],[127.007406,37.576628],[127.007163,37.576497],[127.006949,37.5765],[127.006873,37.576438],[127.006836,37.576474],[127.006656,37.57645],[127.00651,37.576418],[127.006399,37.576322],[127.006009,37.576278],[127.005828,37.576157],[127.005255,37.57597],[127.004389,37.575886],[127.00422,37.575761],[127.003308,37.575564],[127.002933,37.575445],[127.003001,37.575285],[127.002406,37.575244],[127.001872,37.575073],[127.001731,37.57507],[127.001661,37.574999],[127.001529,37.574962],[127.001366,37.574977],[127.001321,37.575322],[127.001337,37.575555],[127.001269,37.575781],[127.001284,37.576081],[127.000995,37.576109],[127.000958,37.575888],[127.000689,37.575939],[127.000679,37.576056],[127.000548,37.576063],[127.000418,37.576032],[127.0003,37.575876],[127.000167,37.575828],[127.000032,37.575848],[126.999959,37.575773],[126.999497,37.575973],[126.999599,37.576015],[126.999545,37.576126],[126.999416,37.576164],[126.999341,37.576124],[126.999145,37.576144],[126.999047,37.576326],[126.99904,37.576412],[126.998978,37.576393],[126.998939,37.576451],[126.99897,37.576466],[126.998807,37.57669],[126.998786,37.576818],[126.998844,37.57683],[126.998822,37.576911],[126.998424,37.576831],[126.99847,37.576675],[126.998219,37.576633],[126.998084,37.576564],[126.998002,37.576694],[126.997895,37.576673],[126.997727,37.577054],[126.997639,37.577033],[126.997663,37.57698],[126.997476,37.576933],[126.997165,37.576917],[126.996632,37.578769],[126.996322,37.580555],[126.996333,37.5809],[126.996415,37.5811],[126.996871,37.581508],[126.997519,37.582009],[126.997597,37.58196],[126.99757,37.581929],[126.997795,37.581805],[126.997892,37.581209],[126.998761,37.581278],[126.999717,37.581236],[126.999857,37.581136],[127.000688,37.581338],[127.000689,37.581394],[127.000935,37.5814],[127.00096,37.581742],[127.001932,37.581773],[127.001757,37.582332],[127.001662,37.582902],[127.001706,37.583168],[127.002052,37.58329],[127.002253,37.583309],[127.002885,37.583912],[127.003268,37.584085],[127.003428,37.584109],[127.003813,37.584492],[127.003931,37.58455],[127.003942,37.58477],[127.004075,37.584866],[127.004143,37.585032],[127.004213,37.585057],[127.004292,37.585172],[127.00467,37.585116],[127.005171,37.585645],[127.005784,37.585369]]]}},{"type":"Feature","properties":{"code":"11010670","name":"창신1동","guCode":"11010","guName":"종로구"},"geometry":{"type":"Polygon","coordinates":[[[127.01552,37.576718],[127.015552,37.576133],[127.015757,37.575305],[127.015667,37.574626],[127.015606,37.573239],[127.015693,37.572621],[127.015663,37.57136],[127.015752,37.571246],[127.016779,37.571115],[127.017138,37.571109],[127.017929,37.5712],[127.018004,37.571243],[127.018441,37.571225],[127.018513,37.571252],[127.018602,37.571175],[127.018686,37.571212],[127.018862,37.571201],[127.01902,37.571013],[127.017364,37.570089],[127.017078,37.569984],[127.01588,37.569762],[127.015299,37.569704],[127.015257,37.569736],[127.01308,37.569695],[127.012129,37.569755],[127.010035,37.569771],[127.010019,37.570067],[127.009878,37.570179],[127.009663,37.57094],[127.009885,37.571001],[127.009973,37.571175],[127.00992,37.571281],[127.009767,37.571387],[127.009654,37.57159],[127.011703,37.572073],[127.01206,37.572089],[127.012528,37.572213],[127.012284,37.572453],[127.012001,37.572616],[127.011732,37.572975],[127.011454,37.573208],[127.011249,37.573571],[127.011262,37.573697],[127.011699,37.573851],[127.012095,37.574124],[127.012411,37.574218],[127.012774,37.574548],[127.012655,37.574633],[127.012663,37.574672],[127.012595,37.574679],[127.012559,37.575245],[127.012687,37.57536],[127.012742,37.575566],[127.012857,37.575589],[127.012847,37.575551],[127.012943,37.575539],[127.013027,37.575642],[127.013434,37.575708],[127.013583,37.575866],[127.013504,37.575947],[127.013289,37.576048],[127.013745,37.576457],[127.014263,37.576431],[127.014317,37.576608],[127.014391,37.576657],[127.015514,37.576783],[127.01552,37.576718]]]}},{"type":"Feature","properties":{"code":"11010680","name":"창신2동","guCode":"11010","guName":"종로구"},"geometry":{"type":"Polygon","coordinates":[[[127.010951,37.579271],[127.011,37.57925],[127.011094,37.578841],[127.011078,37.578751],[127.010961,37.578619],[127.011736,37.577733],[127.011993,37.577138],[127.012155,37.577007],[127.012117,37.576955],[127.012049,37.577022],[127.011875,37.577078],[127.011538,37.577269],[127.011364,37.57719],[127.011397,37.577007],[127.011582,37.577082],[127.011669,37.577021],[127.011924,37.576975],[127.012071,37.576823],[127.012123,37.576674],[127.012141,37.576548],[127.012097,37.576362],[127.01206,37.576365],[127.01196,37.576224],[127.011738,37.576176],[127.011676,37.576054],[127.011612,37.576055],[127.011651,37.57576],[127.01197,37.575787],[127.012012,37.575673],[127.012121,37.575674],[127.012095,37.575795],[127.012159,37.575801],[127.012202,37.575523],[127.012399,37.575404],[127.012428,37.575428],[127.012594,37.575393],[127.012739,37.575542],[127.012687,37.57536],[127.012559,37.575245],[127.012567,37.574831],[127.012595,37.574679],[127.012663,37.574672],[127.012655,37.574633],[127.012774,37.574548],[127.012411,37.574218],[127.012095,37.574124],[127.011699,37.573851],[127.011308,37.57373],[127.011262,37.573697],[127.011249,37.573571],[127.011454,37.573208],[127.011732,37.572975],[127.011904,37.572714],[127.012001,37.572616],[127.012284,37.572453],[127.012528,37.572213],[127.01206,37.572089],[127.011703,37.572073],[127.009654,37.57159],[127.009704,37.571938],[127.009594,37.571963],[127.009497,37.572239],[127.009305,37.572431],[127.009007,37.572513],[127.009027,37.57255],[127.008868,37.572695],[127.008816,37.572856],[127.008857,37.573118],[127.008831,37.573404],[127.008904,37.573646],[127.008808,37.57382],[127.008768,37.57411],[127.008905,37.574719],[127.008792,37.575131],[127.008417,37.575768],[127.008396,37.576101],[127.008578,37.576592],[127.008561,37.576767],[127.008638,37.576987],[127.008649,37.577189],[127.008366,37.577477],[127.008318,37.577576],[127.008356,37.578072],[127.008055,37.578478],[127.00799,37.578646],[127.008051,37.579192],[127.008087,37.579384],[127.008472,37.579735],[127.008623,37.580022],[127.008627,37.580138],[127.008544,37.580155],[127.008638,37.58046],[127.010035,37.580276],[127.010511,37.580257],[127.010951,37.579271]]]}},{"type":"Feature","properties":{"code":"11010690","name":"창신3동","guCode":"11010","guName":"종로구"},"geometry":{"type":"Polygon","coordinates":[[[127.014843,37.581788],[127.014964,37.581266],[127.014953,37.580825],[127.015019,37.580747],[127.015007,37.580574],[127.014979,37.58057],[127.01509,37.580496],[127.015204,37.580233],[127.015349,37.580099],[127.015202,37.579822],[127.0154,37.57975],[127.015426,37.579569],[127.015377,37.579425],[127.015443,37.578934],[127.015433,37.578878],[127.015305,37.578863],[127.015306,37.578817],[127.015341,37.57797],[127.015457,37.577621],[127.015514,37.576783],[127.014391,37.576657],[127.014317,37.576608],[127.014263,37.576431],[127.013745,37.576457],[127.013289,37.576048],[127.013504,37.575947],[127.013583,37.575866],[127.013434,37.575708],[127.013027,37.575642],[127.012943,37.575539],[127.012847,37.575551],[127.012857,37.575589],[127.012742,37.575566],[127.012594,37.575393],[127.012428,37.575428],[127.012399,37.575404],[127.012202,37.575523],[127.012159,37.575801],[127.012095,37.575795],[127.012121,37.575674],[127.012012,37.575673],[127.01197,37.575787],[127.011651,37.575762],[127.011612,37.576055],[127.011676,37.576054],[127.011738,37.576176],[127.01196,37.576224],[127.01206,37.576365],[127.012097,37.576362],[127.012141,37.576548],[127.012123,37.576674],[127.012071,37.576823],[127.011924,37.576975],[127.011669,37.577021],[127.011582,37.577082],[127.011397,37.577007],[127.011364,37.57719],[127.011538,37.577269],[127.011875,37.577078],[127.012049,37.577022],[127.012117,37.576955],[127.012155,37.577007],[127.011993,37.577138],[127.011736,37.577733],[127.010961,37.578619],[127.011078,37.578751],[127.011094,37.578841],[127.011,37.57925],[127.010961,37.579243],[127.010511,37.580257],[127.010589,37.580255],[127.011126,37.581044],[127.011789,37.581575],[127.012085,37.581586],[127.01286,37.581386],[127.013246,37.58145],[127.013447,37.581633],[127.014119,37.58182],[127.014224,37.582096],[127.014746,37.582306],[127.014814,37.582038],[127.014716,37.581934],[127.014843,37.581788]]]}},{"type":"Feature","properties":{"code":"11010700","name":"숭인1동","guCode":"11010","guName":"종로구"},"geometry":{"type":"Polygon","coordinates":[[[127.014917,37.582245],[127.015002,37.582154],[127.015097,37.58216],[127.015328,37.581983],[127.015406,37.581823],[127.015613,37.581781],[127.016386,37.581938],[127.016485,37.581834],[127.016734,37.581693],[127.016849,37.581431],[127.016825,37.581215],[127.016952,37.581017],[127.016885,37.580862],[127.017139,37.580725],[127.017278,37.580553],[127.017287,37.580475],[127.017229,37.580447],[127.017298,37.580416],[127.017303,37.580265],[127.017546,37.579733],[127.017974,37.579517],[127.0183,37.579033],[127.018254,37.578895],[127.01827,37.578813],[127.018231,37.578816],[127.018208,37.578729],[127.01825,37.578724],[127.01827,37.578608],[127.018163,37.578603],[127.017971,37.578453],[127.01767,37.578114],[127.018012,37.57773],[127.018091,37.577567],[127.018418,37.577664],[127.018716,37.577571],[127.018716,37.577539],[127.01915,37.577332],[127.01906,37.577234],[127.018999,37.577232],[127.018967,37.577076],[127.018837,37.575754],[127.018886,37.575303],[127.019111,37.575183],[127.019184,37.574725],[127.019127,37.574664],[127.019009,37.57463],[127.018965,37.574485],[127.018762,37.574425],[127.018727,37.574357],[127.01882,37.574119],[127.018914,37.574147],[127.018988,37.57391],[127.018914,37.57389],[127.01921,37.57389],[127.019031,37.5738],[127.017707,37.573394],[127.017768,37.573277],[127.017768,37.573013],[127.017506,37.573256],[127.017279,37.573318],[127.015745,37.572981],[127.015623,37.573086],[127.015667,37.574626],[127.01575,37.575424],[127.015552,37.576133],[127.015457,37.577621],[127.015341,37.57797],[127.015305,37.578863],[127.015433,37.578878],[127.015443,37.578934],[127.015377,37.579425],[127.015426,37.579569],[127.0154,37.57975],[127.015202,37.579822],[127.015349,37.580099],[127.015204,37.580233],[127.01509,37.580496],[127.014979,37.58057],[127.015007,37.580574],[127.015019,37.580747],[127.014953,37.580825],[127.014964,37.581266],[127.014842,37.581789],[127.014716,37.581934],[127.014814,37.582038],[127.014746,37.582306],[127.014833,37.582331],[127.014917,37.582245]]]}},{"type":"Feature","properties":{"code":"11010710","name":"숭인2동","guCode":"11010","guName":"종로구"},"geometry":{"type":"Polygon","coordinates":[[[127.02182,37.578864],[127.021957,37.578748],[127.022322,37.578626],[127.022482,37.578456],[127.022761,37.578334],[127.02253,37.578092],[127.022762,37.57789],[127.02289,37.577821],[127.022978,37.577827],[127.023138,37.578021],[127.023184,37.576787],[127.023219,37.57675],[127.023187,37.576732],[127.023216,37.575932],[127.023264,37.575947],[127.023312,37.575893],[127.023241,37.575853],[127.023217,37.57588],[127.023362,37.571911],[127.022921,37.571992],[127.022436,37.572022],[127.021528,37.571926],[127.020755,37.571716],[127.019024,37.571013],[127.018862,37.571201],[127.018686,37.571212],[127.018602,37.571175],[127.018513,37.571252],[127.018441,37.571225],[127.018004,37.571243],[127.017929,37.5712],[127.017138,37.571109],[127.016779,37.571115],[127.015752,37.571246],[127.015663,37.57136],[127.015693,37.572621],[127.015623,37.573086],[127.015745,37.572981],[127.017279,37.573318],[127.017506,37.573256],[127.01774,37.573005],[127.017768,37.573013],[127.017768,37.573277],[127.017707,37.573394],[127.019031,37.5738],[127.01921,37.57389],[127.018914,37.57389],[127.018988,37.57391],[127.018914,37.574147],[127.01882,37.574119],[127.018727,37.574357],[127.018762,37.574425],[127.018965,37.574485],[127.019009,37.57463],[127.019127,37.574664],[127.019184,37.574725],[127.019111,37.575183],[127.018886,37.575303],[127.018837,37.575754],[127.018967,37.577076],[127.018999,37.577232],[127.01906,37.577234],[127.01915,37.577332],[127.018777,37.577517],[127.018915,37.577657],[127.019126,37.577753],[127.019055,37.57797],[127.021403,37.578868],[127.02182,37.578864]]]}},{"type":"Feature","properties":{"code":"11010720","name":"청운효자동","guCode":"11010","guName":"종로구"},"geometry":{"type":"Polygon","coordinates":[[[126.971492,37.593682],[126.971894,37.593875],[126.972613,37.59368],[126.973314,37.59323],[126.973413,37.593215],[126.973587,37.593271],[126.973685,37.593027],[126.973766,37.592968],[126.973644,37.592608],[126.97441,37.591908],[126.974682,37.591075],[126.97556,37.589681],[126.976089,37.589735],[126.976374,37.589691],[126.976715,37.589439],[126.976787,37.589292],[126.976829,37.588946],[126.976895,37.588884],[126.976902,37.588807],[126.977037,37.588579],[126.977182,37.588527],[126.977551,37.588501],[126.977872,37.58824],[126.978084,37.587979],[126.978305,37.58782],[126.978543,37.587802],[126.978655,37.587584],[126.979096,37.587315],[126.979184,37.587123],[126.979183,37.586543],[126.979551,37.585974],[126.979614,37.585492],[126.979586,37.585382],[126.979218,37.585073],[126.979111,37.584962],[126.979069,37.584854],[126.979054,37.584701],[126.979161,37.584475],[126.979197,37.584299],[126.979445,37.584284],[126.979581,37.583878],[126.979315,37.583487],[126.979223,37.583427],[126.98,37.582835],[126.980345,37.582631],[126.980434,37.58255],[126.980479,37.582433],[126.980353,37.581796],[126.98007,37.580992],[126.980244,37.580899],[126.979672,37.57879],[126.979626,37.577234],[126.979654,37.576263],[126.979619,37.576042],[126.979132,37.576006],[126.978576,37.57591],[126.978573,37.575949],[126.977897,37.575891],[126.977116,37.575896],[126.977071,37.57577],[126.976573,37.575761],[126.976572,37.575912],[126.974577,37.575997],[126.974435,37.576073],[126.974129,37.577721],[126.974153,37.577493],[126.974068,37.577491],[126.973896,37.579318],[126.973204,37.579341],[126.972486,37.57946],[126.971596,37.579536],[126.97124,37.579502],[126.971659,37.578141],[126.971096,37.578326],[126.970964,37.578409],[126.970453,37.579069],[126.969901,37.579275],[126.969734,37.579097],[126.969653,37.579128],[126.969716,37.578571],[126.96985,37.578528],[126.969851,37.578417],[126.969715,37.57839],[126.969637,37.578438],[126.969588,37.578425],[126.969595,37.578353],[126.969495,37.57821],[126.969394,37.578153],[126.969406,37.578063],[126.969219,37.578089],[126.969213,37.577935],[126.968955,37.577935],[126.968939,37.578146],[126.968813,37.578173],[126.968756,37.578269],[126.968695,37.578295],[126.968633,37.578206],[126.968035,37.578226],[126.967835,37.578304],[126.967754,37.578387],[126.967601,37.578412],[126.967561,37.578467],[126.967304,37.578435],[126.967116,37.578544],[126.967083,37.578627],[126.966828,37.57861],[126.966867,37.578669],[126.966473,37.578649],[126.966453,37.578825],[126.966407,37.578825],[126.966402,37.578788],[126.966194,37.578781],[126.9654,37.578432],[126.96526,37.578252],[126.964834,37.578184],[126.964744,37.578295],[126.96456,37.578331],[126.964454,37.578425],[126.964198,37.578425],[126.964067,37.578491],[126.96393,37.578459],[126.963812,37.578524],[126.963666,37.5787],[126.963589,37.57872],[126.963212,37.578661],[126.963026,37.578511],[126.962556,37.578356],[126.961894,37.578484],[126.961107,37.578723],[126.961036,37.578862],[126.960854,37.579003],[126.960609,37.579111],[126.960421,37.579264],[126.960055,37.579721],[126.959751,37.580006],[126.959313,37.580279],[126.958713,37.580501],[126.958191,37.580529],[126.95806,37.580445],[126.957827,37.580431],[126.95761,37.58035],[126.957283,37.580141],[126.957303,37.580025],[126.957263,37.579842],[126.957206,37.579866],[126.957224,37.580351],[126.957303,37.580444],[126.957791,37.580587],[126.958031,37.580736],[126.958173,37.580985],[126.95816,37.58117],[126.95802,37.581461],[126.957924,37.581539],[126.957642,37.582045],[126.957573,37.582303],[126.957696,37.582623],[126.957604,37.582881],[126.957662,37.583173],[126.957999,37.584125],[126.957997,37.584442],[126.957767,37.584972],[126.957854,37.585006],[126.958649,37.585779],[126.958871,37.585951],[126.959185,37.586096],[126.95948,37.586007],[126.959688,37.58604],[126.960344,37.586296],[126.960509,37.586258],[126.960771,37.586324],[126.961666,37.586652],[126.961988,37.58684],[126.962247,37.586909],[126.962392,37.587035],[126.962323,37.587189],[126.962399,37.587521],[126.962948,37.58783],[126.963041,37.587819],[126.963173,37.587864],[126.963507,37.58826],[126.963566,37.588467],[126.963797,37.588733],[126.964195,37.589057],[126.964239,37.589137],[126.964243,37.589339],[126.964143,37.589578],[126.964112,37.58998],[126.964303,37.590263],[126.964576,37.59097],[126.96469,37.591119],[126.964889,37.591282],[126.96516,37.59139],[126.965539,37.591388],[126.965931,37.591458],[126.966318,37.591878],[126.966384,37.59208],[126.966418,37.592466],[126.966446,37.592538],[126.966526,37.592523],[126.966566,37.592663],[126.96646,37.592682],[126.966447,37.59264],[126.96633,37.592703],[126.966337,37.592826],[126.966396,37.5928],[126.966708,37.593032],[126.967322,37.593242],[126.968138,37.593611],[126.968922,37.593363],[126.969614,37.5935],[126.969842,37.593473],[126.970113,37.593511],[126.970476,37.593635],[126.97079,37.593876],[126.970983,37.593828],[126.971141,37.593699],[126.971492,37.593682]]]}},{"type":"Feature","properties":{"code":"11010730","name":"혜화동","guCode":"11010","guName":"종로구"},"geometry":{"type":"Polygon","coordinates":[[[126.998454,37.592471],[126.998728,37.592471],[126.999207,37.59235],[126.999451,37.592234],[127.000242,37.592321],[127.000255,37.592295],[127.000985,37.592321],[127.000994,37.592252],[127.001126,37.592095],[127.001445,37.591828],[127.001732,37.591352],[127.001748,37.591244],[127.001832,37.591254],[127.001762,37.590858],[127.001639,37.590861],[127.001463,37.590551],[127.001468,37.590149],[127.001847,37.589883],[127.001875,37.589912],[127.001961,37.589865],[127.002175,37.589507],[127.00215,37.589456],[127.002196,37.589423],[127.002167,37.589383],[127.002216,37.589172],[127.002344,37.589044],[127.002822,37.588772],[127.003284,37.588663],[127.003393,37.588569],[127.003472,37.588415],[127.003517,37.588145],[127.00369,37.588043],[127.003919,37.588032],[127.003988,37.587944],[127.003891,37.587747],[127.004002,37.587803],[127.004081,37.587734],[127.004023,37.587716],[127.004127,37.587613],[127.004251,37.587177],[127.005117,37.586991],[127.005866,37.586972],[127.006019,37.586854],[127.006626,37.586125],[127.006641,37.585975],[127.006557,37.585524],[127.006262,37.585335],[127.005851,37.58533],[127.005171,37.585645],[127.00467,37.585116],[127.004292,37.585172],[127.004213,37.585057],[127.004143,37.585032],[127.004075,37.584866],[127.003942,37.58477],[127.003931,37.58455],[127.003813,37.584492],[127.003428,37.584109],[127.003268,37.584085],[127.002885,37.583912],[127.002253,37.583309],[127.002052,37.58329],[127.001706,37.583168],[127.001662,37.582902],[127.001757,37.582332],[127.001932,37.581773],[127.00096,37.581742],[127.000935,37.5814],[127.000689,37.581394],[127.000688,37.581338],[126.999857,37.581136],[126.999717,37.581236],[126.998761,37.581278],[126.997892,37.581209],[126.997795,37.581805],[126.99757,37.581929],[126.997597,37.58196],[126.997519,37.582009],[126.996871,37.581508],[126.996415,37.5811],[126.996355,37.5811],[126.996668,37.581428],[126.996544,37.581558],[126.996518,37.581662],[126.99656,37.581962],[126.996492,37.582446],[126.99626,37.582841],[126.996163,37.583149],[126.996041,37.583366],[126.99607,37.583372],[126.996035,37.583501],[126.995913,37.58362],[126.995834,37.583584],[126.995179,37.584256],[126.994832,37.584694],[126.994872,37.584731],[126.994832,37.584703],[126.994687,37.584891],[126.994579,37.585095],[126.994152,37.585493],[126.993848,37.585963],[126.993887,37.585972],[126.993674,37.586419],[126.993671,37.586496],[126.993486,37.586681],[126.993314,37.586934],[126.992991,37.587023],[126.993081,37.587117],[126.992981,37.587303],[126.990428,37.587104],[126.989531,37.587492],[126.989374,37.587636],[126.988731,37.587607],[126.988191,37.587325],[126.987674,37.587259],[126.987695,37.587491],[126.987751,37.587645],[126.987844,37.587651],[126.987832,37.587941],[126.987794,37.58795],[126.987734,37.588091],[126.98786,37.588434],[126.988006,37.588607],[126.987973,37.588721],[126.988055,37.58899],[126.988373,37.589139],[126.988428,37.589339],[126.988653,37.589624],[126.98902,37.589622],[126.989092,37.589826],[126.989179,37.59053],[126.989012,37.591341],[126.989084,37.591409],[126.989222,37.591257],[126.989792,37.591452],[126.990962,37.591513],[126.99136,37.591392],[126.991647,37.591449],[126.99187,37.591857],[126.992156,37.591999],[126.992471,37.591979],[126.993571,37.59174],[126.993662,37.591494],[126.993859,37.591424],[126.99432,37.591444],[126.994755,37.591664],[126.995354,37.592273],[126.996083,37.592119],[126.996511,37.592104],[126.996593,37.592121],[126.99658,37.592167],[126.996641,37.592151],[126.996768,37.592225],[126.997443,37.59221],[126.997781,37.592334],[126.998454,37.592471]]]}},{"type":"Feature","properties":{"code":"11020520","name":"소공동","guCode":"11020","guName":"중구"},"geometry":{"type":"Polygon","coordinates":[[[126.97571,37.569246],[126.975766,37.569226],[126.975713,37.568907],[126.975637,37.568783],[126.975345,37.568867],[126.975282,37.568729],[126.97574,37.568534],[126.975524,37.568234],[126.975693,37.567709],[126.97626,37.567308],[126.97645,37.567128],[126.976549,37.566991],[126.976553,37.566874],[126.97659,37.566873],[126.976596,37.566694],[126.976826,37.566698],[126.976824,37.566754],[126.976909,37.566791],[126.977002,37.566755],[126.977002,37.566681],[126.977171,37.566681],[126.977248,37.566258],[126.977633,37.565794],[126.978411,37.565491],[126.978575,37.565501],[126.978674,37.565462],[126.978738,37.565557],[126.978984,37.565363],[126.978942,37.565372],[126.978868,37.56524],[126.979239,37.565072],[126.979472,37.565301],[126.97972,37.565436],[126.979692,37.565997],[126.982749,37.56608],[126.9824,37.564881],[126.982634,37.56488],[126.982149,37.563737],[126.982385,37.563711],[126.982027,37.562875],[126.981484,37.562007],[126.981217,37.561738],[126.980904,37.561518],[126.980407,37.561272],[126.979139,37.561079],[126.979068,37.561327],[126.977546,37.561046],[126.976382,37.560652],[126.976423,37.560364],[126.976242,37.560212],[126.975832,37.559644],[126.975582,37.559473],[126.975434,37.559473],[126.975368,37.559587],[126.975323,37.559572],[126.975323,37.559641],[126.974812,37.559641],[126.974715,37.559701],[126.974175,37.559511],[126.974008,37.559776],[126.971583,37.559605],[126.971369,37.559575],[126.97088,37.559366],[126.970827,37.559569],[126.970794,37.559568],[126.970723,37.559715],[126.970777,37.559749],[126.970627,37.560053],[126.970164,37.561694],[126.970063,37.561809],[126.96997,37.562083],[126.969478,37.561947],[126.968839,37.563123],[126.968685,37.563338],[126.967563,37.564877],[126.966699,37.56582],[126.969099,37.568248],[126.969275,37.568134],[126.969291,37.568198],[126.969424,37.568276],[126.969507,37.568157],[126.96976,37.568289],[126.969939,37.568316],[126.970341,37.568521],[126.970773,37.568603],[126.971056,37.56879],[126.971176,37.568819],[126.971225,37.568756],[126.971513,37.56871],[126.97167,37.568346],[126.971925,37.568316],[126.971915,37.568289],[126.972548,37.568474],[126.972418,37.568831],[126.972591,37.56906],[126.972806,37.568996],[126.972879,37.569193],[126.973192,37.569165],[126.973205,37.569319],[126.974204,37.56934],[126.974295,37.569328],[126.974282,37.569246],[126.974707,37.569201],[126.975664,37.569381],[126.97571,37.569246]]]}},{"type":"Feature","properties":{"code":"11020540","name":"회현동","guCode":"11020","guName":"중구"},"geometry":{"type":"Polygon","coordinates":[[[126.981566,37.56113],[126.981989,37.560536],[126.983218,37.557718],[126.983138,37.556968],[126.983502,37.556666],[126.98347,37.556412],[126.983074,37.556443],[126.982984,37.555564],[126.983926,37.555567],[126.983983,37.555886],[126.984041,37.555967],[126.984142,37.556015],[126.984775,37.556085],[126.984827,37.555601],[126.985022,37.555461],[126.984918,37.554999],[126.985184,37.554701],[126.985412,37.553703],[126.984624,37.553137],[126.984028,37.553039],[126.983683,37.553116],[126.983383,37.553271],[126.983309,37.553357],[126.982484,37.553478],[126.982198,37.553635],[126.98202,37.553794],[126.981719,37.553859],[126.981187,37.55381],[126.980848,37.553861],[126.980583,37.553578],[126.980714,37.553518],[126.980554,37.553247],[126.980204,37.553372],[126.979193,37.553285],[126.978732,37.553205],[126.978713,37.553795],[126.978795,37.554087],[126.978102,37.554415],[126.977258,37.555011],[126.97655,37.555221],[126.976429,37.553087],[126.97583,37.553389],[126.974347,37.553549],[126.972413,37.55465],[126.972408,37.554877],[126.971468,37.55486],[126.971465,37.554535],[126.97179,37.554198],[126.97144,37.554021],[126.971122,37.553925],[126.970439,37.553884],[126.970046,37.553959],[126.96967,37.554101],[126.969948,37.554464],[126.969947,37.554877],[126.969726,37.554877],[126.969734,37.554297],[126.969329,37.554306],[126.969322,37.554876],[126.969172,37.554876],[126.969186,37.555662],[126.969246,37.557255],[126.969493,37.558126],[126.969483,37.559213],[126.970088,37.559217],[126.970084,37.559269],[126.97088,37.559366],[126.971369,37.559575],[126.971583,37.559605],[126.974008,37.559776],[126.974175,37.559511],[126.974715,37.559701],[126.974812,37.559641],[126.975323,37.559641],[126.975323,37.559572],[126.975368,37.559587],[126.975434,37.559473],[126.975582,37.559473],[126.975832,37.559644],[126.976242,37.560212],[126.976423,37.560364],[126.976382,37.560652],[126.977546,37.561046],[126.979068,37.561327],[126.979139,37.561079],[126.980407,37.561272],[126.980904,37.561518],[126.981161,37.561698],[126.981566,37.56113]]]}},{"type":"Feature","properties":{"code":"11020550","name":"명동","guCode":"11020","guName":"중구"},"geometry":{"type":"Polygon","coordinates":[[[126.976441,37.569323],[126.976445,37.569237],[126.977573,37.569258],[126.97758,37.569313],[126.978014,37.569181],[126.980564,37.568989],[126.981241,37.568986],[126.982039,37.569047],[126.982593,37.56902],[126.984367,37.568639],[126.986639,37.568232],[126.98892,37.568103],[126.990151,37.568136],[126.990884,37.568202],[126.990815,37.567229],[126.99085,37.566826],[126.989678,37.566766],[126.989737,37.566285],[126.989806,37.56609],[126.989808,37.565777],[126.989437,37.565754],[126.989104,37.565608],[126.989148,37.565254],[126.988789,37.565234],[126.988605,37.565265],[126.988509,37.564589],[126.988513,37.564409],[126.988576,37.564358],[126.98862,37.564135],[126.988801,37.563873],[126.988701,37.563731],[126.988709,37.563662],[126.988585,37.563636],[126.988592,37.563483],[126.988753,37.563457],[126.988801,37.563238],[126.988898,37.56323],[126.988897,37.563088],[126.988999,37.563009],[126.98919,37.562999],[126.98941,37.562867],[126.989959,37.562857],[126.989977,37.562926],[126.990315,37.562952],[126.99055,37.56117],[126.99007,37.561181],[126.989976,37.561229],[126.989687,37.561262],[126.988863,37.561204],[126.988838,37.561355],[126.98876,37.561359],[126.988768,37.561194],[126.988239,37.561153],[126.988399,37.560755],[126.988409,37.560259],[126.988052,37.559377],[126.987691,37.559239],[126.987476,37.5592],[126.987391,37.559112],[126.98734,37.559004],[126.987344,37.558241],[126.987393,37.558153],[126.98712,37.557796],[126.987068,37.557477],[126.98697,37.557318],[126.986794,37.557217],[126.986293,37.557082],[126.985854,37.556616],[126.985148,37.556476],[126.984896,37.5563],[126.985004,37.555851],[126.984822,37.55583],[126.984775,37.556085],[126.984142,37.556015],[126.984041,37.555967],[126.983983,37.555886],[126.983926,37.555567],[126.982984,37.555564],[126.983074,37.556443],[126.98347,37.556412],[126.983502,37.556666],[126.983138,37.556968],[126.983218,37.557718],[126.981989,37.560536],[126.981161,37.561698],[126.981484,37.562007],[126.981913,37.562685],[126.982342,37.563572],[126.982385,37.563711],[126.982149,37.563737],[126.982634,37.56488],[126.9824,37.564881],[126.982749,37.56608],[126.979692,37.565997],[126.97972,37.565436],[126.979472,37.565301],[126.979239,37.565072],[126.978868,37.56524],[126.978942,37.565372],[126.978984,37.565363],[126.978738,37.565557],[126.978674,37.565462],[126.978575,37.565501],[126.978411,37.565491],[126.977633,37.565794],[126.977248,37.566258],[126.977171,37.566681],[126.977002,37.566681],[126.977002,37.566755],[126.976909,37.566791],[126.976824,37.566754],[126.976826,37.566698],[126.976596,37.566694],[126.97659,37.566873],[126.976553,37.566874],[126.976549,37.566991],[126.97645,37.567128],[126.97626,37.567308],[126.975693,37.567709],[126.975524,37.568234],[126.97574,37.568534],[126.975282,37.568729],[126.975345,37.568867],[126.975637,37.568783],[126.975695,37.568874],[126.975766,37.569226],[126.97571,37.569246],[126.975664,37.569381],[126.97579,37.569407],[126.975827,37.569356],[126.975926,37.569389],[126.975966,37.569319],[126.976341,37.569337],[126.976419,37.569423],[126.976441,37.569323]]]}},{"type":"Feature","properties":{"code":"11020570","name":"필동","guCode":"11020","guName":"중구"},"geometry":{"type":"Polygon","coordinates":[[[126.99145,37.563279],[126.991782,37.563171],[126.992007,37.563151],[126.99202,37.563198],[126.992329,37.563147],[126.992384,37.563234],[126.992486,37.563208],[126.992507,37.563267],[126.992716,37.563228],[126.992729,37.563264],[126.993129,37.563262],[126.993092,37.563076],[126.993511,37.562988],[126.993386,37.562644],[126.993593,37.562515],[126.993574,37.562121],[126.993607,37.561884],[126.993642,37.561885],[126.993725,37.561717],[126.994025,37.561658],[126.994058,37.561781],[126.99421,37.56176],[126.994212,37.561375],[126.995167,37.561529],[126.995368,37.56153],[126.998575,37.562265],[126.99858,37.562209],[126.998944,37.562354],[126.998971,37.562331],[127.001172,37.562861],[127.00097,37.560554],[127.000808,37.560534],[127.00039,37.560151],[127.000617,37.560032],[127.000547,37.559961],[127.000463,37.559582],[127.000369,37.559368],[127.000079,37.559349],[127.000018,37.559029],[127.000917,37.558523],[127.002204,37.558218],[127.002268,37.558365],[127.002338,37.558385],[127.002388,37.5585],[127.002451,37.558472],[127.002507,37.558525],[127.002622,37.558472],[127.002716,37.558542],[127.003344,37.558794],[127.003585,37.558591],[127.003617,37.558453],[127.003803,37.55821],[127.003634,37.5578],[127.003844,37.557858],[127.003656,37.557642],[127.003312,37.557725],[127.003201,37.557495],[127.003314,37.557475],[127.003252,37.557369],[127.003603,37.557193],[127.003485,37.557],[127.003654,37.556932],[127.003591,37.55666],[127.003513,37.556621],[127.00343,37.556642],[127.003122,37.556273],[127.002917,37.556176],[127.002937,37.555869],[127.002512,37.555849],[127.001571,37.55557],[127.001385,37.555473],[127.001088,37.555418],[127.000761,37.555562],[127.000329,37.55547],[127.000288,37.555243],[127.000058,37.554971],[126.999829,37.554773],[126.999356,37.554532],[126.998575,37.554256],[126.998492,37.554031],[126.998375,37.553234],[126.997765,37.552185],[126.997404,37.551276],[126.996847,37.552128],[126.996394,37.551836],[126.996058,37.551762],[126.995864,37.551817],[126.995133,37.552266],[126.994443,37.552282],[126.994199,37.55208],[126.993984,37.551715],[126.992584,37.550685],[126.992443,37.550223],[126.992344,37.550068],[126.991647,37.550271],[126.990997,37.550768],[126.990765,37.55108],[126.990245,37.551281],[126.989868,37.551261],[126.989476,37.551322],[126.989379,37.551277],[126.989159,37.551402],[126.988656,37.551553],[126.987719,37.551451],[126.987564,37.551493],[126.987424,37.551671],[126.987401,37.551825],[126.987176,37.552086],[126.987076,37.552268],[126.986596,37.552581],[126.986108,37.553341],[126.985818,37.553521],[126.985412,37.553703],[126.985184,37.554701],[126.984918,37.554999],[126.985022,37.555461],[126.984827,37.555601],[126.984822,37.55583],[126.985004,37.555851],[126.984896,37.5563],[126.985148,37.556476],[126.985854,37.556616],[126.986293,37.557082],[126.986849,37.557238],[126.987024,37.557381],[126.98712,37.557796],[126.987393,37.558153],[126.987344,37.558241],[126.98734,37.559004],[126.987391,37.559112],[126.987476,37.5592],[126.987691,37.559239],[126.988052,37.559377],[126.988409,37.560259],[126.988399,37.560755],[126.988239,37.561153],[126.988768,37.561194],[126.98876,37.561359],[126.988838,37.561355],[126.988863,37.561204],[126.989687,37.561262],[126.989976,37.561229],[126.99007,37.561181],[126.99055,37.56117],[126.990287,37.563176],[126.991252,37.563249],[126.991246,37.563299],[126.991297,37.563304],[126.991403,37.563313],[126.99145,37.563279]]]}},{"type":"Feature","properties":{"code":"11020580","name":"장충동","guCode":"11020","guName":"중구"},"geometry":{"type":"Polygon","coordinates":[[[127.007166,37.563715],[127.007126,37.56353],[127.007312,37.563472],[127.007343,37.563406],[127.007591,37.563343],[127.007676,37.56316],[127.007466,37.563102],[127.007703,37.56264],[127.007948,37.562704],[127.007984,37.562646],[127.008108,37.562686],[127.008001,37.562827],[127.008079,37.56285],[127.008149,37.562715],[127.008236,37.562744],[127.008154,37.56289],[127.008265,37.562925],[127.008397,37.562957],[127.008467,37.562828],[127.008609,37.562875],[127.008586,37.562984],[127.008751,37.563039],[127.009179,37.562965],[127.009413,37.563045],[127.009568,37.563026],[127.009511,37.562892],[127.009531,37.562766],[127.009364,37.562048],[127.009317,37.562011],[127.009333,37.561772],[127.009288,37.561623],[127.009389,37.561341],[127.009428,37.561346],[127.009423,37.5612],[127.009269,37.560903],[127.009316,37.560771],[127.009408,37.560782],[127.00982,37.560519],[127.009824,37.560415],[127.009793,37.560306],[127.0096,37.560078],[127.008871,37.559363],[127.008769,37.55931],[127.008748,37.559259],[127.008686,37.559267],[127.008549,37.559112],[127.008526,37.558738],[127.008243,37.558102],[127.00816,37.557799],[127.008367,37.557303],[127.00837,37.55714],[127.007932,37.556509],[127.007834,37.556426],[127.007616,37.556343],[127.007448,37.55634],[127.007265,37.556278],[127.007152,37.556177],[127.00699,37.555903],[127.006801,37.555724],[127.006333,37.555564],[127.006016,37.555117],[127.005225,37.554574],[127.005057,37.554421],[127.005083,37.554394],[127.005017,37.554315],[127.004549,37.553955],[127.004508,37.553796],[127.00454,37.553609],[127.004434,37.553477],[127.004503,37.553057],[127.004347,37.552968],[127.004271,37.552648],[127.00429,37.552533],[127.004193,37.552576],[127.00416,37.552431],[127.003971,37.55219],[127.003884,37.551935],[127.003794,37.551958],[127.003776,37.55191],[127.003857,37.551354],[127.004118,37.550906],[127.004396,37.550706],[127.004342,37.550498],[127.004226,37.550376],[127.004322,37.550205],[127.004185,37.550145],[127.003421,37.550019],[127.002827,37.549633],[127.002199,37.549711],[127.002003,37.549954],[127.001684,37.55006],[127.001353,37.550028],[127.001109,37.549898],[127.000884,37.549968],[127.000811,37.549853],[127.000399,37.549953],[127.000124,37.549818],[126.999094,37.549733],[126.998909,37.549795],[126.998608,37.549709],[126.998325,37.549695],[126.99766,37.549362],[126.997429,37.549159],[126.997378,37.549001],[126.996748,37.548521],[126.996755,37.548239],[126.99669,37.548081],[126.996747,37.54797],[126.996697,37.547816],[126.996355,37.547449],[126.995224,37.547232],[126.994697,37.547365],[126.994459,37.547488],[126.994351,37.547647],[126.994305,37.54788],[126.994184,37.547998],[126.994009,37.54841],[126.993372,37.548811],[126.993118,37.549097],[126.992959,37.549522],[126.992344,37.550068],[126.992443,37.550223],[126.992584,37.550685],[126.993984,37.551715],[126.994199,37.55208],[126.994443,37.552282],[126.995133,37.552266],[126.995864,37.551817],[126.996058,37.551762],[126.996394,37.551836],[126.996847,37.552128],[126.997404,37.551276],[126.997765,37.552185],[126.998375,37.553234],[126.998492,37.554031],[126.998575,37.554256],[126.999356,37.554532],[126.999829,37.554773],[127.000058,37.554971],[127.000288,37.555243],[127.000329,37.55547],[127.000761,37.555562],[127.001088,37.555418],[127.001385,37.555473],[127.001571,37.55557],[127.002512,37.555849],[127.002937,37.555869],[127.002917,37.556176],[127.003122,37.556273],[127.00343,37.556642],[127.003513,37.556621],[127.003591,37.55666],[127.003654,37.556932],[127.003485,37.557],[127.003603,37.557193],[127.003252,37.557369],[127.003314,37.557475],[127.003201,37.557495],[127.003312,37.557725],[127.003656,37.557642],[127.003844,37.557858],[127.003634,37.5578],[127.003803,37.55821],[127.003617,37.558453],[127.003585,37.558591],[127.003344,37.558794],[127.002716,37.558542],[127.002622,37.558472],[127.002507,37.558525],[127.002451,37.558472],[127.002388,37.5585],[127.002338,37.558385],[127.002268,37.558365],[127.002204,37.558218],[127.000917,37.558523],[127.000018,37.559029],[127.000079,37.559349],[127.000369,37.559368],[127.000463,37.559582],[127.000547,37.559961],[127.000617,37.560032],[127.00039,37.560151],[127.000808,37.560534],[127.00097,37.560554],[127.001172,37.562861],[127.002389,37.563139],[127.002737,37.563284],[127.002676,37.563155],[127.002501,37.562977],[127.002475,37.562909],[127.002547,37.562858],[127.002399,37.56267],[127.00254,37.562581],[127.002496,37.562438],[127.003381,37.562433],[127.004803,37.562531],[127.00554,37.562478],[127.006009,37.562348],[127.006006,37.562264],[127.006125,37.56219],[127.006247,37.562016],[127.006395,37.562251],[127.006451,37.562439],[127.00616,37.562942],[127.006165,37.56308],[127.006353,37.563525],[127.00662,37.563783],[127.006642,37.563741],[127.006599,37.563644],[127.006669,37.563549],[127.006833,37.563575],[127.006889,37.563784],[127.007001,37.56382],[127.007016,37.563914],[127.007142,37.563906],[127.007166,37.563715]]]}},{"type":"Feature","properties":{"code":"11020590","name":"광희동","guCode":"11020","guName":"중구"},"geometry":{"type":"Polygon","coordinates":[[[127.010008,37.569321],[127.010295,37.56843],[127.01099,37.568134],[127.01141,37.567877],[127.011614,37.567692],[127.011805,37.567686],[127.01188,37.567305],[127.011736,37.566963],[127.011932,37.566506],[127.011537,37.566325],[127.011641,37.566194],[127.011419,37.565948],[127.010519,37.565773],[127.010481,37.565631],[127.010895,37.56556],[127.010751,37.565428],[127.010564,37.565023],[127.010442,37.565047],[127.010479,37.564947],[127.010145,37.564484],[127.010061,37.564496],[127.010003,37.564249],[127.010057,37.564239],[127.009983,37.563751],[127.009975,37.563203],[127.009889,37.563102],[127.009712,37.563004],[127.009413,37.563045],[127.009179,37.562965],[127.008751,37.563039],[127.008586,37.562984],[127.008609,37.562875],[127.008467,37.562828],[127.008397,37.562957],[127.008265,37.562925],[127.008154,37.56289],[127.008236,37.562744],[127.008149,37.562715],[127.008079,37.56285],[127.008001,37.562827],[127.008108,37.562686],[127.007984,37.562646],[127.007948,37.562704],[127.007703,37.56264],[127.007466,37.563102],[127.007676,37.56316],[127.007591,37.563343],[127.007343,37.563406],[127.007312,37.563472],[127.007126,37.56353],[127.007166,37.563715],[127.007142,37.563906],[127.007016,37.563914],[127.007001,37.56382],[127.006889,37.563784],[127.006833,37.563575],[127.006669,37.563549],[127.006599,37.563644],[127.006642,37.563741],[127.00662,37.563783],[127.006378,37.563555],[127.006282,37.563392],[127.006165,37.56308],[127.00616,37.562942],[127.006451,37.562439],[127.006395,37.562251],[127.006247,37.562016],[127.006125,37.56219],[127.006006,37.562264],[127.006009,37.562348],[127.00554,37.562478],[127.004803,37.562531],[127.003381,37.562433],[127.002496,37.562438],[127.00254,37.562581],[127.002399,37.56267],[127.002547,37.562858],[127.002475,37.562909],[127.002501,37.562977],[127.002676,37.563155],[127.002737,37.563284],[127.002389,37.563139],[126.998971,37.562331],[126.998944,37.562354],[126.99858,37.562209],[126.998575,37.562265],[126.995368,37.56153],[126.995167,37.561529],[126.994212,37.561375],[126.99421,37.56176],[126.994058,37.561781],[126.994025,37.561658],[126.993725,37.561717],[126.993642,37.561885],[126.993607,37.561884],[126.993574,37.562121],[126.993593,37.562515],[126.993386,37.562644],[126.993523,37.56311],[126.993983,37.563026],[126.994032,37.563097],[126.994327,37.563027],[126.994318,37.562977],[126.99444,37.562983],[126.994582,37.56334],[126.994649,37.563682],[126.994621,37.563875],[126.994555,37.563902],[126.994634,37.564234],[126.99477,37.564462],[126.995036,37.56509],[126.995417,37.564999],[126.995366,37.565444],[126.995924,37.565472],[126.996033,37.565758],[126.996273,37.565664],[126.996338,37.565528],[126.996673,37.56544],[126.996763,37.565692],[126.996996,37.56564],[126.997459,37.565685],[126.997768,37.565651],[126.998069,37.565951],[126.999098,37.565639],[126.999708,37.565674],[126.999866,37.565783],[127.001571,37.565875],[127.001606,37.565468],[127.00261,37.565518],[127.002626,37.56534],[127.002695,37.565472],[127.002739,37.565482],[127.0032,37.565299],[127.003889,37.566285],[127.004092,37.566684],[127.004069,37.566732],[127.00412,37.566879],[127.004316,37.566845],[127.004412,37.566873],[127.004651,37.567295],[127.00493,37.56766],[127.004688,37.567675],[127.004906,37.568083],[127.004976,37.568452],[127.004924,37.568766],[127.005282,37.569126],[127.005354,37.569156],[127.005404,37.569285],[127.005464,37.569313],[127.006549,37.569303],[127.006675,37.569632],[127.009835,37.569765],[127.010008,37.569321]]]}},{"type":"Feature","properties":{"code":"11020600","name":"을지로동","guCode":"11020","guName":"중구"},"geometry":{"type":"Polygon","coordinates":[[[127.00332,37.569628],[127.005965,37.569606],[127.006675,37.569632],[127.006549,37.569303],[127.005464,37.569313],[127.005404,37.569285],[127.005354,37.569156],[127.005282,37.569126],[127.004924,37.568766],[127.004976,37.568452],[127.004906,37.568083],[127.004688,37.567675],[127.00493,37.56766],[127.004651,37.567295],[127.004412,37.566873],[127.004316,37.566845],[127.00412,37.566879],[127.004069,37.566732],[127.004092,37.566684],[127.003889,37.566285],[127.0032,37.565299],[127.002739,37.565482],[127.002695,37.565472],[127.002626,37.56534],[127.00261,37.565518],[127.001606,37.565468],[127.001571,37.565875],[126.999866,37.565783],[126.999708,37.565674],[126.999098,37.565639],[126.998069,37.565951],[126.997768,37.565651],[126.997459,37.565685],[126.996996,37.56564],[126.996763,37.565692],[126.996673,37.56544],[126.996338,37.565528],[126.996273,37.565664],[126.996033,37.565758],[126.995924,37.565472],[126.995366,37.565444],[126.995417,37.564999],[126.995036,37.56509],[126.99477,37.564462],[126.994634,37.564234],[126.994555,37.563902],[126.994621,37.563875],[126.994649,37.563682],[126.994582,37.56334],[126.99444,37.562983],[126.994318,37.562977],[126.994327,37.563027],[126.994032,37.563097],[126.993983,37.563026],[126.993523,37.56311],[126.993474,37.562998],[126.99317,37.563059],[126.993092,37.563076],[126.993134,37.563247],[126.993079,37.563272],[126.992729,37.563264],[126.992716,37.563228],[126.992507,37.563267],[126.992486,37.563208],[126.992384,37.563234],[126.992329,37.563147],[126.99202,37.563198],[126.992007,37.563151],[126.991782,37.563171],[126.991554,37.563269],[126.991514,37.563234],[126.991403,37.563313],[126.991246,37.563299],[126.991252,37.563249],[126.990287,37.563176],[126.990315,37.562952],[126.989977,37.562926],[126.989959,37.562857],[126.98941,37.562867],[126.98919,37.562999],[126.988999,37.563009],[126.988897,37.563088],[126.988898,37.56323],[126.988801,37.563238],[126.988753,37.563457],[126.988592,37.563483],[126.988585,37.563636],[126.988709,37.563662],[126.988701,37.563731],[126.988801,37.563873],[126.988657,37.564053],[126.988576,37.564358],[126.988513,37.564409],[126.988536,37.564918],[126.988605,37.565265],[126.988789,37.565234],[126.989148,37.565254],[126.989104,37.565608],[126.989437,37.565754],[126.989808,37.565777],[126.989806,37.56609],[126.989737,37.566285],[126.989678,37.566766],[126.99085,37.566826],[126.990815,37.567229],[126.990884,37.568202],[126.997342,37.568766],[126.998544,37.56894],[127.001721,37.56956],[127.002258,37.569616],[127.00332,37.569628]]]}},{"type":"Feature","properties":{"code":"11020650","name":"신당5동","guCode":"11020","guName":"중구"},"geometry":{"type":"Polygon","coordinates":[[[127.021127,37.565615],[127.021116,37.565547],[127.022013,37.56546],[127.023425,37.565155],[127.023582,37.5652],[127.026781,37.565042],[127.026766,37.564935],[127.026673,37.564795],[127.026735,37.564768],[127.026682,37.564456],[127.026756,37.564426],[127.026721,37.564377],[127.026798,37.564198],[127.026711,37.56416],[127.026738,37.563888],[127.026651,37.563749],[127.026619,37.563582],[127.026526,37.563391],[127.026314,37.563108],[127.026284,37.563005],[127.02624,37.563009],[127.025929,37.562604],[127.025411,37.56228],[127.024608,37.56191],[127.024528,37.561944],[127.024507,37.561909],[127.024549,37.561884],[127.024216,37.561531],[127.023714,37.56112],[127.023435,37.560828],[127.023394,37.560737],[127.023149,37.560754],[127.02291,37.56066],[127.022883,37.560763],[127.02262,37.560842],[127.02252,37.560778],[127.022478,37.560834],[127.022035,37.56088],[127.021257,37.561167],[127.021257,37.561123],[127.021364,37.561021],[127.021423,37.561016],[127.021396,37.560865],[127.020963,37.560618],[127.020494,37.561046],[127.020493,37.56109],[127.020853,37.561388],[127.020447,37.561732],[127.019646,37.563377],[127.019259,37.563271],[127.015983,37.564124],[127.016229,37.565359],[127.0189,37.565649],[127.020498,37.565672],[127.021127,37.565615]]]}},{"type":"Feature","properties":{"code":"11020670","name":"황학동","guCode":"11020","guName":"중구"},"geometry":{"type":"Polygon","coordinates":[[[127.023137,37.571961],[127.023391,37.571904],[127.023582,37.5652],[127.023425,37.565155],[127.022013,37.56546],[127.021116,37.565547],[127.021127,37.565615],[127.020498,37.565672],[127.0189,37.565649],[127.018092,37.565569],[127.017983,37.566429],[127.017689,37.570167],[127.017334,37.570077],[127.017772,37.570291],[127.01902,37.571013],[127.020755,37.571716],[127.021528,37.571926],[127.022205,37.572022],[127.023137,37.571961]]]}},{"type":"Feature","properties":{"code":"11020680","name":"중림동","guCode":"11020","guName":"중구"},"geometry":{"type":"Polygon","coordinates":[[[126.970006,37.561974],[126.970063,37.561809],[126.970164,37.561694],[126.970627,37.560053],[126.970777,37.559749],[126.970723,37.559715],[126.970794,37.559568],[126.970827,37.559569],[126.97088,37.559366],[126.970084,37.559269],[126.970088,37.559217],[126.969483,37.559213],[126.969493,37.558126],[126.969246,37.557255],[126.969186,37.555662],[126.967018,37.554548],[126.96571,37.554152],[126.964634,37.55337],[126.96338,37.552262],[126.962406,37.551592],[126.962288,37.55189],[126.962327,37.55199],[126.96231,37.55277],[126.962053,37.553848],[126.961953,37.553865],[126.961914,37.553556],[126.961882,37.553551],[126.96183,37.553336],[126.961626,37.553366],[126.961869,37.554133],[126.961973,37.554136],[126.961904,37.55441],[126.961726,37.554779],[126.961736,37.554987],[126.96194,37.555123],[126.961999,37.555241],[126.96202,37.555129],[126.962116,37.555376],[126.962065,37.555402],[126.962143,37.555538],[126.962368,37.555709],[126.962474,37.555911],[126.96275,37.556012],[126.96279,37.55611],[126.96293,37.556227],[126.963156,37.556532],[126.963363,37.556684],[126.963442,37.55685],[126.963414,37.556997],[126.963221,37.557317],[126.963053,37.557414],[126.96305,37.558031],[126.963096,37.558216],[126.962851,37.558134],[126.962813,37.558066],[126.962075,37.558453],[126.961572,37.55842],[126.961608,37.55845],[126.961564,37.558628],[126.961747,37.558812],[126.961677,37.559027],[126.963304,37.559214],[126.963983,37.559462],[126.96558,37.560365],[126.966834,37.561273],[126.967441,37.561508],[126.96997,37.562083],[126.970006,37.561974]]]}},{"type":"Feature","properties":{"code":"11020690","name":"신당동","guCode":"11020","guName":"중구"},"geometry":{"type":"Polygon","coordinates":[[[127.017735,37.569761],[127.017983,37.566429],[127.018092,37.565569],[127.016229,37.565359],[127.016035,37.564285],[127.015855,37.56382],[127.014786,37.561978],[127.014762,37.561836],[127.014603,37.561665],[127.013777,37.560245],[127.01221,37.560787],[127.012106,37.560816],[127.012106,37.560753],[127.011838,37.56083],[127.010881,37.561192],[127.010534,37.561472],[127.010497,37.561461],[127.010526,37.561488],[127.01044,37.561709],[127.010251,37.562042],[127.009932,37.561999],[127.009805,37.562036],[127.009756,37.561975],[127.009364,37.562048],[127.009531,37.562766],[127.009511,37.562892],[127.009568,37.563026],[127.009712,37.563004],[127.009889,37.563102],[127.009975,37.563203],[127.009983,37.563751],[127.010057,37.564239],[127.010003,37.564249],[127.010061,37.564496],[127.010145,37.564484],[127.010479,37.564947],[127.010442,37.565047],[127.010564,37.565023],[127.010751,37.565428],[127.010895,37.56556],[127.010481,37.565631],[127.010519,37.565773],[127.011419,37.565948],[127.011641,37.566194],[127.011537,37.566325],[127.011932,37.566506],[127.011736,37.566963],[127.01188,37.567305],[127.011805,37.567686],[127.011614,37.567692],[127.01141,37.567877],[127.01099,37.568134],[127.010295,37.56843],[127.009835,37.569765],[127.012129,37.569755],[127.01308,37.569695],[127.015257,37.569736],[127.015299,37.569704],[127.016682,37.569899],[127.017689,37.570167],[127.017735,37.569761]]]}},{"type":"Feature","properties":{"code":"11020700","name":"다산동","guCode":"11020","guName":"중구"},"geometry":{"type":"Polygon","coordinates":[[[127.009683,37.561989],[127.009756,37.561975],[127.009805,37.562036],[127.009932,37.561999],[127.010251,37.562042],[127.01044,37.561709],[127.010526,37.561488],[127.010497,37.561461],[127.010534,37.561472],[127.010881,37.561192],[127.011838,37.56083],[127.012106,37.560753],[127.012106,37.560816],[127.01221,37.560787],[127.013777,37.560245],[127.012174,37.557522],[127.010037,37.553721],[127.009785,37.553415],[127.008869,37.55277],[127.008213,37.551824],[127.007601,37.550684],[127.007357,37.548605],[127.007232,37.548283],[127.007003,37.548],[127.006716,37.54781],[127.006436,37.547737],[127.005689,37.547703],[127.006128,37.548193],[127.006115,37.54826],[127.006066,37.548356],[127.005695,37.548282],[127.004997,37.548402],[127.004689,37.548685],[127.004573,37.54941],[127.004575,37.5498],[127.004226,37.550376],[127.004342,37.550498],[127.004396,37.550706],[127.004118,37.550906],[127.003857,37.551354],[127.003776,37.55191],[127.003794,37.551958],[127.003884,37.551935],[127.003971,37.55219],[127.00416,37.552431],[127.004193,37.552576],[127.00429,37.552533],[127.004271,37.552648],[127.004347,37.552968],[127.004503,37.553057],[127.004434,37.553477],[127.00454,37.553609],[127.004508,37.553796],[127.004549,37.553955],[127.005017,37.554315],[127.005083,37.554394],[127.005057,37.554421],[127.005225,37.554574],[127.006016,37.555117],[127.006333,37.555564],[127.006801,37.555724],[127.00699,37.555903],[127.007152,37.556177],[127.007265,37.556278],[127.007448,37.55634],[127.007616,37.556343],[127.007834,37.556426],[127.007932,37.556509],[127.00837,37.55714],[127.008367,37.557303],[127.00816,37.557799],[127.008243,37.558102],[127.008526,37.558738],[127.008549,37.559112],[127.008686,37.559267],[127.008748,37.559259],[127.008769,37.55931],[127.008871,37.559363],[127.0096,37.560078],[127.009793,37.560306],[127.009824,37.560415],[127.00982,37.560519],[127.009408,37.560782],[127.009316,37.560771],[127.009269,37.560903],[127.0094,37.561115],[127.009434,37.561277],[127.009288,37.561623],[127.009333,37.561772],[127.009317,37.562011],[127.009364,37.562048],[127.009683,37.561989]]]}},{"type":"Feature","properties":{"code":"11020710","name":"약수동","guCode":"11020","guName":"중구"},"geometry":{"type":"Polygon","coordinates":[[[127.013274,37.553707],[127.013538,37.553648],[127.013602,37.553784],[127.013688,37.553782],[127.014006,37.554028],[127.014102,37.554345],[127.014496,37.554436],[127.014695,37.554382],[127.014599,37.554225],[127.015141,37.554],[127.015458,37.553964],[127.01574,37.553498],[127.0161,37.553042],[127.016302,37.553012],[127.01615,37.552637],[127.016001,37.552614],[127.013732,37.550514],[127.012427,37.549492],[127.012167,37.549416],[127.011833,37.548754],[127.011595,37.548488],[127.010927,37.548182],[127.010588,37.548269],[127.010022,37.547907],[127.00967,37.547891],[127.009305,37.547464],[127.009087,37.547057],[127.009199,37.54642],[127.008955,37.546252],[127.008709,37.546017],[127.008153,37.545026],[127.008325,37.544889],[127.008577,37.544572],[127.008931,37.54448],[127.008984,37.544134],[127.007264,37.543857],[127.005017,37.546172],[127.005006,37.546221],[127.005306,37.546875],[127.005434,37.547064],[127.00533,37.547349],[127.005567,37.547525],[127.005689,37.547703],[127.006436,37.547737],[127.006716,37.54781],[127.007003,37.548],[127.007232,37.548283],[127.007357,37.548605],[127.007601,37.550684],[127.008213,37.551824],[127.008869,37.55277],[127.009785,37.553415],[127.010037,37.553721],[127.011053,37.555527],[127.011533,37.555334],[127.011641,37.555233],[127.011899,37.555153],[127.012053,37.555043],[127.012009,37.554739],[127.012149,37.554664],[127.012121,37.554575],[127.012296,37.554395],[127.012677,37.554272],[127.012517,37.553949],[127.012916,37.553786],[127.013274,37.553707]]]}},{"type":"Feature","properties":{"code":"11020720","name":"청구동","guCode":"11020","guName":"중구"},"geometry":{"type":"Polygon","coordinates":[[[127.016238,37.559343],[127.016565,37.559301],[127.016962,37.559376],[127.017205,37.559524],[127.017658,37.559967],[127.017791,37.560003],[127.018603,37.559843],[127.018752,37.559756],[127.018828,37.559651],[127.018864,37.558425],[127.01941,37.557433],[127.019009,37.557239],[127.018793,37.557216],[127.018648,37.557086],[127.018073,37.556888],[127.01768,37.556477],[127.017339,37.555851],[127.017234,37.554889],[127.017116,37.554823],[127.017046,37.554639],[127.016835,37.55445],[127.016984,37.554089],[127.016894,37.553843],[127.016962,37.553612],[127.016619,37.553415],[127.016302,37.553012],[127.0161,37.553042],[127.01574,37.553498],[127.015458,37.553964],[127.015141,37.554],[127.014599,37.554225],[127.014695,37.554382],[127.014496,37.554436],[127.014102,37.554345],[127.014006,37.554028],[127.013688,37.553782],[127.013602,37.553784],[127.013538,37.553648],[127.012916,37.553786],[127.012517,37.553949],[127.012677,37.554272],[127.012296,37.554395],[127.012121,37.554575],[127.012149,37.554664],[127.012009,37.554739],[127.012053,37.555043],[127.011899,37.555153],[127.011641,37.555233],[127.011533,37.555334],[127.011053,37.555527],[127.012174,37.557522],[127.013777,37.560245],[127.015783,37.559483],[127.016238,37.559343]]]}},{"type":"Feature","properties":{"code":"11020730","name":"동화동","guCode":"11020","guName":"중구"},"geometry":{"type":"Polygon","coordinates":[[[127.019177,37.563291],[127.019259,37.563271],[127.019646,37.563377],[127.020447,37.561732],[127.020853,37.561388],[127.020493,37.56109],[127.020494,37.561046],[127.020963,37.560618],[127.021396,37.560865],[127.021423,37.561016],[127.021364,37.561021],[127.021257,37.561123],[127.021257,37.561167],[127.022035,37.56088],[127.022478,37.560834],[127.02252,37.560778],[127.02262,37.560842],[127.022883,37.560763],[127.02291,37.56066],[127.023149,37.560754],[127.023394,37.560737],[127.02335,37.560664],[127.02322,37.559999],[127.022759,37.559331],[127.022387,37.559028],[127.022847,37.558957],[127.022914,37.558357],[127.022916,37.557862],[127.02255,37.55786],[127.022508,37.55779],[127.021902,37.557479],[127.020918,37.557757],[127.020873,37.557823],[127.019544,37.557488],[127.019583,37.557381],[127.01964,37.557387],[127.019596,37.557364],[127.019628,37.557293],[127.01941,37.557433],[127.018864,37.558425],[127.018828,37.559651],[127.018752,37.559756],[127.018603,37.559843],[127.017791,37.560003],[127.017658,37.559967],[127.017205,37.559524],[127.016962,37.559376],[127.016455,37.559297],[127.015783,37.559483],[127.013777,37.560245],[127.014603,37.561665],[127.014762,37.561836],[127.014786,37.561978],[127.015631,37.56341],[127.015983,37.564124],[127.019177,37.563291]]]}},{"type":"Feature","properties":{"code":"11030510","name":"후암동","guCode":"11030","guName":"용산구"},"geometry":{"type":"Polygon","coordinates":[[[126.978731,37.553234],[126.978732,37.553205],[126.979193,37.553285],[126.980204,37.553372],[126.980554,37.553247],[126.980714,37.553518],[126.980583,37.553578],[126.98089,37.553868],[126.981187,37.55381],[126.981719,37.553859],[126.98202,37.553794],[126.982198,37.553635],[126.982484,37.553478],[126.983309,37.553357],[126.983383,37.553271],[126.983683,37.553116],[126.984028,37.553039],[126.984624,37.553137],[126.985418,37.553705],[126.985818,37.553521],[126.986108,37.553341],[126.986596,37.552581],[126.987076,37.552268],[126.987176,37.552086],[126.987401,37.551825],[126.987424,37.551671],[126.987541,37.551507],[126.987719,37.551451],[126.987539,37.55122],[126.987518,37.551022],[126.987591,37.550567],[126.987463,37.550238],[126.987286,37.550044],[126.987341,37.549391],[126.98759,37.54886],[126.987182,37.548092],[126.986858,37.547749],[126.986584,37.547897],[126.986103,37.547855],[126.98541,37.547422],[126.984426,37.546974],[126.984382,37.546999],[126.984142,37.546895],[126.984135,37.546812],[126.983975,37.546656],[126.983765,37.546538],[126.982373,37.54644],[126.982175,37.546406],[126.982187,37.546311],[126.981867,37.546419],[126.981829,37.54637],[126.981708,37.5464],[126.981709,37.546358],[126.98144,37.546329],[126.981395,37.546495],[126.981292,37.546562],[126.981073,37.546574],[126.98093,37.546516],[126.980918,37.546381],[126.980589,37.546238],[126.980353,37.54619],[126.978505,37.545987],[126.975328,37.545545],[126.975328,37.545601],[126.975082,37.545584],[126.974929,37.546413],[126.974727,37.546366],[126.974614,37.54651],[126.974572,37.546512],[126.974698,37.546583],[126.975052,37.546987],[126.974872,37.54707],[126.974821,37.547024],[126.974619,37.547026],[126.974577,37.547186],[126.974453,37.547224],[126.974407,37.54734],[126.974213,37.547583],[126.974051,37.547581],[126.973875,37.547502],[126.973606,37.547563],[126.973574,37.54767],[126.973371,37.547761],[126.973252,37.547881],[126.973453,37.548144],[126.973454,37.548255],[126.97352,37.548412],[126.973682,37.548553],[126.973729,37.548667],[126.973835,37.548687],[126.973831,37.548736],[126.974195,37.548809],[126.97433,37.548923],[126.974342,37.548991],[126.974211,37.549017],[126.974233,37.549094],[126.97434,37.549078],[126.97446,37.549234],[126.974449,37.549379],[126.974508,37.549576],[126.974707,37.54954],[126.975022,37.549713],[126.974964,37.549889],[126.975073,37.549921],[126.975026,37.550027],[126.975233,37.550071],[126.975182,37.550198],[126.975316,37.550293],[126.9755,37.55028],[126.975724,37.550195],[126.97575,37.550231],[126.975396,37.550607],[126.975427,37.550968],[126.975483,37.551062],[126.975449,37.551148],[126.975146,37.551139],[126.975092,37.551522],[126.975298,37.551758],[126.97532,37.551952],[126.975735,37.552265],[126.976092,37.552318],[126.976227,37.55241],[126.976349,37.552413],[126.976453,37.552344],[126.976544,37.552607],[126.976429,37.553089],[126.976548,37.555219],[126.977258,37.555011],[126.978102,37.554415],[126.978795,37.554087],[126.978713,37.553795],[126.978731,37.553234]]]}},{"type":"Feature","properties":{"code":"11030520","name":"용산2가동","guCode":"11030","guName":"용산구"},"geometry":{"type":"Polygon","coordinates":[[[126.98875,37.551524],[126.989159,37.551402],[126.989379,37.551277],[126.989476,37.551322],[126.989868,37.551261],[126.990245,37.551281],[126.990706,37.551118],[126.990997,37.550768],[126.991647,37.550271],[126.992366,37.550062],[126.992959,37.549522],[126.993118,37.549097],[126.993326,37.548867],[126.992796,37.548515],[126.991563,37.547887],[126.990929,37.547164],[126.990278,37.546559],[126.989869,37.545049],[126.989802,37.545054],[126.989494,37.544049],[126.988943,37.543698],[126.989039,37.543691],[126.98875,37.543405],[126.988494,37.543235],[126.988335,37.543021],[126.986819,37.538655],[126.986885,37.538483],[126.98687,37.538236],[126.986636,37.538182],[126.986674,37.538143],[126.986645,37.537997],[126.98687,37.537047],[126.986899,37.537048],[126.987075,37.536196],[126.987172,37.534978],[126.986842,37.535005],[126.98685,37.534713],[126.987538,37.534519],[126.988077,37.534328],[126.988138,37.534247],[126.988204,37.534247],[126.9915,37.529734],[126.991383,37.529655],[126.99166,37.527184],[126.989625,37.527171],[126.986776,37.526822],[126.985831,37.52714],[126.983357,37.526613],[126.981601,37.526166],[126.981294,37.526131],[126.980071,37.526177],[126.980116,37.52888],[126.980258,37.532193],[126.98034,37.533233],[126.980609,37.534749],[126.980402,37.537844],[126.980468,37.53794],[126.980401,37.539136],[126.979508,37.541375],[126.97902,37.542426],[126.979192,37.543616],[126.979067,37.543901],[126.97903,37.544435],[126.978792,37.54492],[126.978369,37.54596],[126.980589,37.546238],[126.980918,37.546381],[126.98093,37.546516],[126.981073,37.546574],[126.981292,37.546562],[126.981395,37.546495],[126.98144,37.546329],[126.981709,37.546358],[126.981708,37.5464],[126.981829,37.54637],[126.981867,37.546419],[126.982187,37.546311],[126.982175,37.546406],[126.982373,37.54644],[126.983765,37.546538],[126.983975,37.546656],[126.984135,37.546812],[126.984142,37.546895],[126.984382,37.546999],[126.984426,37.546974],[126.98541,37.547422],[126.986103,37.547855],[126.986584,37.547897],[126.986858,37.547749],[126.987182,37.548092],[126.98759,37.54886],[126.987341,37.549391],[126.987286,37.550044],[126.987463,37.550238],[126.987591,37.550567],[126.987518,37.551022],[126.987539,37.55122],[126.987719,37.551451],[126.988656,37.551553],[126.98875,37.551524]]]}},{"type":"Feature","properties":{"code":"11030530","name":"남영동","guCode":"11030","guName":"용산구"},"geometry":{"type":"Polygon","coordinates":[[[126.969339,37.5543],[126.969734,37.554297],[126.969726,37.554877],[126.969947,37.554877],[126.969948,37.554464],[126.96967,37.554101],[126.970046,37.553959],[126.970439,37.553884],[126.971122,37.553925],[126.97144,37.554021],[126.97179,37.554198],[126.971465,37.554535],[126.971468,37.55486],[126.972408,37.554877],[126.972413,37.55465],[126.974347,37.553549],[126.97583,37.553389],[126.976429,37.553087],[126.976544,37.552607],[126.976453,37.552344],[126.976349,37.552413],[126.976227,37.55241],[126.976092,37.552318],[126.975735,37.552265],[126.97532,37.551952],[126.975298,37.551758],[126.975092,37.551522],[126.975146,37.551139],[126.975449,37.551148],[126.975483,37.551062],[126.975427,37.550968],[126.975396,37.550607],[126.97575,37.550231],[126.975724,37.550195],[126.9755,37.55028],[126.975316,37.550293],[126.975182,37.550198],[126.975233,37.550071],[126.975026,37.550027],[126.975073,37.549921],[126.974964,37.549889],[126.975022,37.549713],[126.974707,37.54954],[126.974508,37.549576],[126.974449,37.549379],[126.97446,37.549234],[126.97434,37.549078],[126.974233,37.549094],[126.974211,37.549017],[126.974342,37.548991],[126.97433,37.548923],[126.974195,37.548809],[126.973831,37.548736],[126.973835,37.548687],[126.973729,37.548667],[126.973682,37.548553],[126.97352,37.548412],[126.973454,37.548255],[126.973453,37.548144],[126.973258,37.547851],[126.973574,37.54767],[126.973637,37.547553],[126.973875,37.547502],[126.974051,37.547581],[126.974213,37.547583],[126.974407,37.54734],[126.974453,37.547224],[126.974577,37.547186],[126.974619,37.547026],[126.974821,37.547024],[126.974872,37.54707],[126.975052,37.546987],[126.974698,37.546583],[126.974572,37.546512],[126.974614,37.54651],[126.974727,37.546366],[126.974929,37.546413],[126.975082,37.545584],[126.975328,37.545601],[126.975328,37.545545],[126.978369,37.54596],[126.978792,37.54492],[126.97903,37.544435],[126.979067,37.543901],[126.979192,37.543616],[126.97902,37.542426],[126.979508,37.541375],[126.980401,37.539136],[126.980468,37.53794],[126.980402,37.537844],[126.980609,37.534749],[126.975757,37.534568],[126.975019,37.535092],[126.975178,37.535106],[126.975106,37.535161],[126.974991,37.535541],[126.974873,37.537594],[126.974767,37.537588],[126.974762,37.537671],[126.974026,37.53764],[126.973306,37.540376],[126.971826,37.540081],[126.971813,37.540123],[126.971458,37.539964],[126.971421,37.539406],[126.971086,37.539407],[126.971075,37.540129],[126.970889,37.540574],[126.970995,37.54101],[126.971108,37.542725],[126.971027,37.543339],[126.971033,37.544003],[126.970986,37.544232],[126.971231,37.544245],[126.971068,37.544334],[126.970998,37.544476],[126.970984,37.54627],[126.970857,37.546587],[126.970871,37.548401],[126.970793,37.548605],[126.970867,37.54866],[126.970752,37.54866],[126.970699,37.548703],[126.970501,37.549082],[126.970438,37.549085],[126.970438,37.549131],[126.970088,37.549206],[126.969432,37.552113],[126.969405,37.552188],[126.969233,37.552316],[126.969149,37.55253],[126.969105,37.552854],[126.969173,37.554876],[126.969322,37.554876],[126.969339,37.5543]]]}},{"type":"Feature","properties":{"code":"11030570","name":"원효로2동","guCode":"11030","guName":"용산구"},"geometry":{"type":"Polygon","coordinates":[[[126.953291,37.53751],[126.95398,37.537179],[126.953932,37.537156],[126.954065,37.537043],[126.954145,37.537079],[126.954132,37.537127],[126.954211,37.537113],[126.954221,37.537048],[126.954377,37.537097],[126.954533,37.536953],[126.9549,37.537197],[126.955016,37.53708],[126.955274,37.537241],[126.95602,37.53629],[126.956138,37.53627],[126.956859,37.536483],[126.958142,37.536679],[126.95832,37.536554],[126.958288,37.536483],[126.95844,37.536393],[126.958404,37.536351],[126.958667,37.536116],[126.958616,37.536032],[126.958669,37.535949],[126.959128,37.535815],[126.95913,37.535784],[126.959376,37.535684],[126.959451,37.535789],[126.959738,37.535703],[126.959962,37.535967],[126.960544,37.535703],[126.960628,37.535784],[126.960792,37.535628],[126.960009,37.535204],[126.960226,37.534913],[126.960275,37.534778],[126.961116,37.534191],[126.961139,37.534173],[126.961107,37.534155],[126.961581,37.533767],[126.961619,37.533664],[126.961586,37.533399],[126.960321,37.533506],[126.959616,37.533475],[126.959636,37.533361],[126.959259,37.533309],[126.958672,37.533057],[126.958304,37.533051],[126.957201,37.532781],[126.956134,37.532355],[126.955781,37.532086],[126.955377,37.531856],[126.954414,37.531121],[126.95346,37.530634],[126.951785,37.530634],[126.951506,37.5306],[126.951263,37.530634],[126.947172,37.530632],[126.94459,37.533786],[126.944931,37.534235],[126.944932,37.534315],[126.944819,37.534522],[126.945094,37.534962],[126.945566,37.534984],[126.945442,37.535182],[126.94565,37.535269],[126.945922,37.53549],[126.946277,37.535691],[126.946415,37.535739],[126.946518,37.535579],[126.947184,37.535371],[126.947381,37.535223],[126.947479,37.535309],[126.947385,37.535384],[126.947482,37.535825],[126.947586,37.535834],[126.947718,37.53566],[126.947845,37.535616],[126.948281,37.535654],[126.948408,37.535595],[126.948786,37.535581],[126.948902,37.535627],[126.948997,37.535754],[126.949909,37.536049],[126.950603,37.5361],[126.951284,37.536286],[126.951464,37.536392],[126.951548,37.536537],[126.952114,37.536777],[126.953178,37.537393],[126.953156,37.537409],[126.953291,37.53751]]]}},{"type":"Feature","properties":{"code":"11030580","name":"효창동","guCode":"11030","guName":"용산구"},"geometry":{"type":"Polygon","coordinates":[[[126.962911,37.548787],[126.96294,37.548684],[126.963195,37.548686],[126.963196,37.548654],[126.96334,37.548638],[126.963283,37.548636],[126.963269,37.548531],[126.963194,37.548535],[126.963194,37.548465],[126.96331,37.54846],[126.963314,37.548403],[126.963393,37.548393],[126.963383,37.546872],[126.963317,37.546742],[126.963197,37.546722],[126.963162,37.54658],[126.963043,37.546418],[126.96254,37.545844],[126.962339,37.545432],[126.962329,37.545225],[126.962365,37.545109],[126.962336,37.545017],[126.962375,37.544896],[126.962264,37.544868],[126.962349,37.544566],[126.962464,37.544567],[126.962469,37.54436],[126.962268,37.544352],[126.962275,37.544248],[126.962031,37.544091],[126.962169,37.541843],[126.962178,37.541812],[126.962364,37.541917],[126.96252,37.542022],[126.962516,37.542073],[126.962621,37.54209],[126.963353,37.542477],[126.964172,37.542612],[126.964602,37.542608],[126.964502,37.542912],[126.964408,37.542955],[126.963964,37.542927],[126.962946,37.542593],[126.962933,37.543045],[126.963211,37.543575],[126.963467,37.543661],[126.964261,37.543668],[126.964137,37.543171],[126.964563,37.542922],[126.964889,37.541502],[126.96486,37.541198],[126.964775,37.540954],[126.964198,37.540093],[126.964147,37.539527],[126.964339,37.539143],[126.96432,37.538769],[126.964212,37.538658],[126.964015,37.53856],[126.964015,37.538503],[126.963826,37.538454],[126.963642,37.538537],[126.962177,37.538957],[126.962192,37.538992],[126.961982,37.539068],[126.960683,37.539429],[126.960595,37.539245],[126.960342,37.539305],[126.960359,37.539374],[126.96027,37.539392],[126.960247,37.539327],[126.959993,37.539392],[126.960007,37.539438],[126.959629,37.539489],[126.959692,37.539607],[126.959455,37.539683],[126.959437,37.539507],[126.958053,37.539786],[126.958069,37.539834],[126.958018,37.539872],[126.957861,37.539855],[126.957669,37.539906],[126.956978,37.54021],[126.956753,37.540359],[126.956694,37.540407],[126.95672,37.540473],[126.95693,37.540462],[126.956518,37.540703],[126.956709,37.540868],[126.95685,37.541137],[126.956979,37.541637],[126.957308,37.541869],[126.957877,37.542098],[126.957914,37.54223],[126.957979,37.542226],[126.957961,37.542291],[126.958066,37.542328],[126.958046,37.5424],[126.95816,37.542428],[126.958143,37.542493],[126.958233,37.54256],[126.95835,37.542759],[126.958078,37.542917],[126.957625,37.542973],[126.957425,37.543166],[126.957497,37.543247],[126.957414,37.543302],[126.957453,37.543361],[126.9574,37.543387],[126.957567,37.54358],[126.957521,37.543627],[126.957592,37.543762],[126.95748,37.543887],[126.957513,37.543916],[126.957458,37.543944],[126.957458,37.544006],[126.957518,37.544006],[126.957617,37.544236],[126.957972,37.544374],[126.95793,37.544395],[126.95804,37.544598],[126.957912,37.544928],[126.957948,37.545016],[126.957849,37.545053],[126.957911,37.545188],[126.957811,37.545218],[126.957907,37.545336],[126.957919,37.545496],[126.958204,37.545427],[126.958256,37.545535],[126.958415,37.545504],[126.958719,37.545686],[126.958971,37.545745],[126.959122,37.545889],[126.959098,37.545899],[126.959292,37.545978],[126.959303,37.546023],[126.959323,37.545989],[126.959416,37.546016],[126.959533,37.545973],[126.960052,37.546066],[126.960044,37.546159],[126.960111,37.546356],[126.96028,37.546429],[126.96026,37.546542],[126.960364,37.546554],[126.960335,37.546707],[126.960475,37.546709],[126.960485,37.546845],[126.960668,37.54683],[126.960743,37.547035],[126.960915,37.547237],[126.961093,37.547154],[126.961262,37.547326],[126.961101,37.547435],[126.961311,37.547535],[126.961109,37.547508],[126.961103,37.547612],[126.961384,37.547651],[126.961432,37.547544],[126.961771,37.547602],[126.961767,37.547665],[126.961991,37.547893],[126.961747,37.548151],[126.961728,37.548308],[126.962209,37.548349],[126.962201,37.548459],[126.961999,37.548461],[126.961993,37.548594],[126.962454,37.548636],[126.96245,37.54872],[126.962495,37.548776],[126.962621,37.548764],[126.962639,37.548716],[126.962679,37.548715],[126.962687,37.54879],[126.962911,37.548787]]]}},{"type":"Feature","properties":{"code":"11030590","name":"용문동","guCode":"11030","guName":"용산구"},"geometry":{"type":"Polygon","coordinates":[[[126.956886,37.540499],[126.95693,37.540462],[126.95672,37.540473],[126.956694,37.540407],[126.956978,37.54021],[126.957282,37.540065],[126.957861,37.539855],[126.958018,37.539872],[126.958069,37.539834],[126.958053,37.539786],[126.959437,37.539507],[126.959455,37.539683],[126.959692,37.539607],[126.959629,37.539489],[126.960007,37.539438],[126.959993,37.539392],[126.960247,37.539327],[126.96027,37.539392],[126.960359,37.539374],[126.960342,37.539305],[126.960595,37.539245],[126.960683,37.539429],[126.961982,37.539068],[126.962192,37.538992],[126.962177,37.538957],[126.963642,37.538537],[126.963826,37.538454],[126.963934,37.538462],[126.963771,37.538326],[126.96372,37.538057],[126.963626,37.538056],[126.963615,37.537599],[126.963535,37.537453],[126.962499,37.537357],[126.961946,37.537124],[126.961934,37.536746],[126.961986,37.53643],[126.960681,37.535934],[126.960662,37.535958],[126.960532,37.535875],[126.960628,37.535784],[126.960544,37.535703],[126.959962,37.535967],[126.959738,37.535703],[126.959451,37.535789],[126.959376,37.535684],[126.95913,37.535784],[126.959128,37.535815],[126.958685,37.535936],[126.958616,37.536032],[126.958667,37.536116],[126.958404,37.536351],[126.95844,37.536393],[126.958288,37.536483],[126.95832,37.536554],[126.958142,37.536679],[126.956859,37.536483],[126.956138,37.53627],[126.95602,37.53629],[126.955274,37.537241],[126.955016,37.53708],[126.9549,37.537197],[126.954533,37.536953],[126.954377,37.537097],[126.954221,37.537048],[126.954211,37.537113],[126.954132,37.537127],[126.954145,37.537079],[126.954065,37.537043],[126.953932,37.537156],[126.95398,37.537179],[126.953356,37.537493],[126.953441,37.537644],[126.953651,37.538335],[126.954095,37.538932],[126.954323,37.539014],[126.955185,37.539185],[126.955734,37.539471],[126.956066,37.539965],[126.956262,37.540126],[126.956659,37.540594],[126.956886,37.540499]]]}},{"type":"Feature","properties":{"code":"11030630","name":"이촌1동","guCode":"11030","guName":"용산구"},"geometry":{"type":"Polygon","coordinates":[[[126.96194,37.522751],[126.962043,37.522723],[126.96207,37.522754],[126.962555,37.522624],[126.963035,37.522342],[126.96387,37.522004],[126.964825,37.521812],[126.965657,37.521768],[126.966741,37.521896],[126.966783,37.521957],[126.967075,37.521978],[126.967153,37.52205],[126.967222,37.522011],[126.969311,37.522597],[126.969377,37.52244],[126.969472,37.52248],[126.969477,37.522531],[126.969691,37.522574],[126.970185,37.522789],[126.970625,37.522803],[126.97093,37.522697],[126.972445,37.522465],[126.972469,37.522493],[126.97414,37.521939],[126.974177,37.521991],[126.974779,37.521796],[126.974762,37.521747],[126.975406,37.521545],[126.975457,37.52164],[126.977736,37.520943],[126.978166,37.520805],[126.978118,37.520699],[126.979587,37.520231],[126.980892,37.519897],[126.981702,37.519763],[126.982522,37.519543],[126.982946,37.519471],[126.982909,37.51723],[126.982817,37.517213],[126.982806,37.516542],[126.982511,37.515999],[126.98242,37.514425],[126.982413,37.506533],[126.979507,37.506546],[126.979498,37.506645],[126.97903,37.506659],[126.979009,37.506551],[126.978189,37.506555],[126.975259,37.507013],[126.970092,37.509016],[126.966921,37.509875],[126.965012,37.510804],[126.96191,37.513117],[126.956975,37.515123],[126.957702,37.516073],[126.959094,37.518027],[126.961846,37.522776],[126.96194,37.522751]]]}},{"type":"Feature","properties":{"code":"11030640","name":"이촌2동","guCode":"11030","guName":"용산구"},"geometry":{"type":"Polygon","coordinates":[[[126.954601,37.53102],[126.954711,37.531027],[126.954779,37.530724],[126.9545,37.530196],[126.954457,37.529948],[126.954603,37.528488],[126.954707,37.528163],[126.955201,37.527328],[126.955864,37.527135],[126.956417,37.527054],[126.956016,37.52697],[126.956125,37.526723],[126.956347,37.526462],[126.956904,37.526115],[126.956879,37.525546],[126.957205,37.52523],[126.957643,37.524889],[126.960312,37.52329],[126.961135,37.522921],[126.961846,37.522776],[126.959094,37.518027],[126.957702,37.516073],[126.956975,37.515123],[126.954704,37.516065],[126.953489,37.516384],[126.949887,37.51752],[126.949877,37.527029],[126.947416,37.530163],[126.947172,37.530632],[126.951263,37.530634],[126.951506,37.5306],[126.951785,37.530634],[126.95346,37.530634],[126.954414,37.531121],[126.954601,37.53102]]]}},{"type":"Feature","properties":{"code":"11030650","name":"이태원1동","guCode":"11030","guName":"용산구"},"geometry":{"type":"Polygon","coordinates":[[[126.995273,37.538669],[126.994634,37.537972],[126.994751,37.537847],[126.994586,37.537738],[126.994924,37.537514],[126.995092,37.537608],[126.995128,37.537693],[126.995437,37.537348],[126.995418,37.537208],[126.99548,37.537156],[126.995608,37.537204],[126.995818,37.537003],[126.995763,37.536983],[126.995931,37.53682],[126.995895,37.536786],[126.996015,37.536676],[126.996111,37.536695],[126.996152,37.536499],[126.996103,37.536247],[126.996387,37.53605],[126.996662,37.535766],[126.996832,37.535212],[126.997013,37.535238],[126.99708,37.534852],[126.997048,37.53483],[126.997059,37.534708],[126.99685,37.534695],[126.996911,37.534277],[126.997017,37.53407],[126.997028,37.533944],[126.99697,37.533694],[126.997016,37.533451],[126.997066,37.533364],[126.997122,37.533371],[126.997192,37.533311],[126.997135,37.533226],[126.997272,37.533211],[126.997358,37.533132],[126.997522,37.533095],[126.997503,37.533],[126.99754,37.532946],[126.997438,37.532842],[126.997572,37.532766],[126.997507,37.532684],[126.997594,37.532662],[126.997627,37.532717],[126.997775,37.532684],[126.997811,37.532523],[126.997861,37.532513],[126.997835,37.532434],[126.997659,37.532443],[126.997652,37.532361],[126.997585,37.532356],[126.997576,37.532279],[126.9975,37.532262],[126.997498,37.53208],[126.997154,37.532011],[126.996926,37.531822],[126.997003,37.531733],[126.996795,37.53154],[126.996637,37.530953],[126.996555,37.530986],[126.996517,37.53095],[126.99665,37.530828],[126.996535,37.530663],[126.996578,37.53056],[126.996525,37.530542],[126.996232,37.530147],[126.996025,37.529706],[126.995711,37.529263],[126.995735,37.529192],[126.995112,37.528921],[126.994982,37.528933],[126.994807,37.528734],[126.994645,37.52875],[126.994349,37.52853],[126.994057,37.528676],[126.993793,37.528412],[126.993538,37.528066],[126.992778,37.528319],[126.991856,37.529192],[126.989646,37.532299],[126.98811,37.534352],[126.988106,37.534441],[126.988001,37.534463],[126.987885,37.534639],[126.987995,37.534708],[126.988074,37.534645],[126.988243,37.535086],[126.988794,37.535049],[126.989222,37.535269],[126.989206,37.535317],[126.989252,37.535372],[126.989261,37.53534],[126.989463,37.535492],[126.98954,37.535481],[126.989584,37.535545],[126.989546,37.535588],[126.989745,37.535668],[126.989422,37.536164],[126.98956,37.536259],[126.989634,37.536226],[126.989716,37.536266],[126.989861,37.536238],[126.990117,37.536298],[126.990122,37.536383],[126.990237,37.536434],[126.990302,37.536403],[126.99038,37.536495],[126.990532,37.536536],[126.99065,37.536772],[126.990652,37.537104],[126.99083,37.537254],[126.990912,37.537275],[126.991054,37.537217],[126.991138,37.537306],[126.991569,37.537541],[126.991651,37.537464],[126.991695,37.537488],[126.991769,37.537455],[126.992067,37.53719],[126.992038,37.537163],[126.992183,37.537158],[126.993017,37.537364],[126.993111,37.537411],[126.993058,37.537461],[126.993145,37.537637],[126.993719,37.537875],[126.993654,37.537955],[126.994338,37.538217],[126.994579,37.538354],[126.994813,37.538664],[126.994982,37.538659],[126.995076,37.538714],[126.99521,37.539005],[126.995292,37.538996],[126.995287,37.53892],[126.995378,37.538868],[126.995381,37.53876],[126.995273,37.538669]]]}},{"type":"Feature","properties":{"code":"11030660","name":"이태원2동","guCode":"11030","guName":"용산구"},"geometry":{"type":"Polygon","coordinates":[[[126.996522,37.545409],[126.99672,37.545056],[126.996645,37.54494],[126.996716,37.543967],[126.997081,37.543697],[126.997445,37.543164],[126.997597,37.542913],[126.997886,37.54221],[126.997808,37.541264],[126.997602,37.540861],[126.996867,37.540491],[126.995589,37.53963],[126.99542,37.539431],[126.995355,37.539261],[126.995416,37.538852],[126.995287,37.53892],[126.995292,37.538996],[126.99521,37.539005],[126.995076,37.538714],[126.994982,37.538659],[126.994813,37.538664],[126.994579,37.538354],[126.994338,37.538217],[126.993654,37.537955],[126.993719,37.537875],[126.993145,37.537637],[126.993058,37.537461],[126.993111,37.537411],[126.992709,37.537268],[126.992096,37.537158],[126.992038,37.537163],[126.992067,37.53719],[126.991769,37.537455],[126.991695,37.537488],[126.991651,37.537464],[126.991569,37.537541],[126.991138,37.537306],[126.991054,37.537217],[126.990912,37.537275],[126.99083,37.537254],[126.990652,37.537104],[126.99065,37.536772],[126.990532,37.536536],[126.99038,37.536495],[126.990302,37.536403],[126.990237,37.536434],[126.990122,37.536383],[126.990117,37.536298],[126.989861,37.536238],[126.989716,37.536266],[126.989634,37.536226],[126.98956,37.536259],[126.989422,37.536164],[126.989745,37.535668],[126.989546,37.535588],[126.989584,37.535545],[126.98954,37.535481],[126.989463,37.535492],[126.989261,37.53534],[126.989252,37.535372],[126.989206,37.535317],[126.989222,37.535269],[126.988794,37.535049],[126.988243,37.535086],[126.988074,37.534645],[126.987995,37.534708],[126.987885,37.534639],[126.988001,37.534463],[126.988106,37.534441],[126.98811,37.534352],[126.988205,37.534247],[126.988138,37.534247],[126.988077,37.534328],[126.987538,37.534519],[126.98685,37.534713],[126.986842,37.535005],[126.987172,37.534978],[126.987075,37.536196],[126.986899,37.537048],[126.98687,37.537047],[126.986645,37.537997],[126.986674,37.538143],[126.986636,37.538182],[126.98687,37.538236],[126.986885,37.538483],[126.986819,37.538655],[126.988335,37.543021],[126.988494,37.543235],[126.98875,37.543405],[126.989039,37.543691],[126.988943,37.543698],[126.989494,37.544049],[126.989802,37.545054],[126.989869,37.545049],[126.990297,37.546581],[126.990929,37.547164],[126.991563,37.547887],[126.992796,37.548515],[126.993326,37.548867],[126.994009,37.54841],[126.994184,37.547998],[126.994305,37.54788],[126.994351,37.547647],[126.994459,37.547488],[126.994697,37.547365],[126.995224,37.547232],[126.995822,37.546664],[126.996522,37.545409]]]}},{"type":"Feature","properties":{"code":"11030690","name":"서빙고동","guCode":"11030","guName":"용산구"},"geometry":{"type":"Polygon","coordinates":[[[126.99204,37.529026],[126.992778,37.528319],[126.993538,37.528066],[126.993793,37.528412],[126.994057,37.528676],[126.994349,37.52853],[126.994645,37.52875],[126.994807,37.528734],[126.994779,37.528694],[126.995354,37.52861],[126.995757,37.52877],[126.995903,37.528573],[126.996032,37.528131],[126.996379,37.527888],[126.996465,37.527586],[126.996715,37.527469],[126.99675,37.527319],[126.996965,37.527127],[126.996932,37.526935],[126.997063,37.52691],[126.996928,37.526724],[126.996963,37.526664],[126.996908,37.526606],[126.997004,37.526548],[126.996945,37.526496],[126.997085,37.526405],[126.997025,37.526225],[126.996992,37.526185],[126.996775,37.526288],[126.99681,37.526151],[126.996625,37.52598],[126.9966,37.525853],[126.996549,37.525851],[126.996552,37.525808],[126.996661,37.525798],[126.996785,37.525723],[126.996786,37.525571],[126.996937,37.525428],[126.99692,37.525408],[126.99705,37.525362],[126.996868,37.525124],[126.99681,37.524961],[126.997192,37.524942],[126.997814,37.524619],[126.99836,37.524409],[126.998328,37.524337],[126.998423,37.52403],[126.998357,37.523803],[126.998307,37.523763],[126.99839,37.523527],[126.998138,37.523408],[126.998261,37.523165],[126.998447,37.523231],[126.998652,37.523121],[126.998871,37.522908],[126.999014,37.522925],[126.999047,37.522982],[126.999231,37.523005],[126.999245,37.523052],[126.999723,37.523072],[126.999737,37.522993],[126.999702,37.522951],[126.999767,37.522927],[126.999802,37.522825],[127.00003,37.522654],[127.000805,37.523176],[127.00115,37.522929],[127.001504,37.522829],[127.003192,37.521161],[127.000994,37.519631],[126.990702,37.51309],[126.985548,37.506543],[126.982413,37.506533],[126.98242,37.514425],[126.982511,37.515999],[126.982806,37.516542],[126.982817,37.517213],[126.982909,37.51723],[126.982946,37.519471],[126.982522,37.519543],[126.981702,37.519763],[126.980892,37.519897],[126.979587,37.520231],[126.978118,37.520699],[126.978166,37.520805],[126.976849,37.52122],[126.977308,37.522162],[126.977248,37.522181],[126.977233,37.522757],[126.976703,37.523665],[126.977284,37.52527],[126.979211,37.525162],[126.979967,37.526014],[126.979987,37.52618],[126.981294,37.526131],[126.981601,37.526166],[126.983357,37.526613],[126.985831,37.52714],[126.986776,37.526822],[126.989625,37.527171],[126.99166,37.527184],[126.991383,37.529657],[126.991501,37.529732],[126.991856,37.529192],[126.99204,37.529026]]]}},{"type":"Feature","properties":{"code":"11030700","name":"보광동","guCode":"11030","guName":"용산구"},"geometry":{"type":"Polygon","coordinates":[[[126.998105,37.532629],[126.998218,37.532625],[126.998229,37.532563],[126.998452,37.532489],[126.99852,37.532588],[126.998575,37.532562],[126.998512,37.532475],[126.998574,37.532448],[126.998647,37.532539],[126.998985,37.532342],[126.999413,37.532186],[127.000602,37.531911],[127.00119,37.531481],[127.002702,37.530646],[127.00269,37.530616],[127.002923,37.530486],[127.002975,37.530507],[127.003233,37.530372],[127.00323,37.530314],[127.003355,37.530302],[127.003411,37.530184],[127.00339,37.530154],[127.003438,37.530124],[127.003632,37.529769],[127.003837,37.529312],[127.003817,37.529266],[127.003739,37.529267],[127.003351,37.529012],[127.003169,37.528808],[127.003331,37.528743],[127.003268,37.528616],[127.003097,37.528508],[127.002923,37.528463],[127.002796,37.52816],[127.003311,37.527898],[127.003307,37.527867],[127.003493,37.527872],[127.003526,37.527754],[127.003484,37.527667],[127.003553,37.527623],[127.003688,37.527665],[127.003587,37.527617],[127.003562,37.527507],[127.003808,37.527367],[127.003875,37.526953],[127.003676,37.526684],[127.004257,37.527012],[127.004435,37.526657],[127.004795,37.526355],[127.007657,37.524655],[127.006456,37.52344],[127.003192,37.521161],[127.001504,37.522829],[127.00115,37.522929],[127.000805,37.523176],[127.00003,37.522654],[126.999802,37.522825],[126.999767,37.522927],[126.999702,37.522951],[126.999737,37.522993],[126.999723,37.523072],[126.999245,37.523052],[126.999231,37.523005],[126.999047,37.522982],[126.999014,37.522925],[126.998871,37.522908],[126.998652,37.523121],[126.998447,37.523231],[126.998261,37.523165],[126.998138,37.523408],[126.99839,37.523527],[126.998307,37.523763],[126.998357,37.523803],[126.998423,37.52403],[126.998328,37.524337],[126.99836,37.524409],[126.997814,37.524619],[126.997192,37.524942],[126.99681,37.524961],[126.996868,37.525124],[126.99705,37.525362],[126.99692,37.525408],[126.996937,37.525428],[126.996786,37.525571],[126.996785,37.525723],[126.996661,37.525798],[126.996552,37.525808],[126.996549,37.525851],[126.9966,37.525853],[126.996625,37.52598],[126.99681,37.526151],[126.996775,37.526288],[126.996992,37.526185],[126.997085,37.526405],[126.996945,37.526496],[126.997004,37.526548],[126.996908,37.526606],[126.996963,37.526664],[126.996928,37.526724],[126.997063,37.52691],[126.996932,37.526935],[126.996965,37.527127],[126.99675,37.527319],[126.996715,37.527469],[126.996465,37.527586],[126.996379,37.527888],[126.996032,37.528131],[126.995903,37.528573],[126.995757,37.52877],[126.995354,37.52861],[126.994779,37.528694],[126.994982,37.528933],[126.995112,37.528921],[126.995735,37.529192],[126.995711,37.529263],[126.996025,37.529706],[126.996232,37.530147],[126.996525,37.530542],[126.996578,37.53056],[126.996535,37.530663],[126.99665,37.530828],[126.996517,37.53095],[126.996555,37.530986],[126.996637,37.530953],[126.996795,37.53154],[126.997003,37.531733],[126.996926,37.531822],[126.997154,37.532011],[126.997498,37.53208],[126.9975,37.532262],[126.997576,37.532279],[126.997585,37.532356],[126.997652,37.532361],[126.997659,37.532443],[126.997835,37.532434],[126.997861,37.532513],[126.997811,37.532523],[126.997815,37.532615],[126.997872,37.532615],[126.997879,37.532657],[126.998105,37.532629]]]}},{"type":"Feature","properties":{"code":"11030710","name":"청파동","guCode":"11030","guName":"용산구"},"geometry":{"type":"Polygon","coordinates":[[[126.969172,37.554878],[126.969159,37.553732],[126.969105,37.552854],[126.969149,37.55253],[126.969233,37.552316],[126.969405,37.552188],[126.969432,37.552113],[126.970088,37.549206],[126.970438,37.549131],[126.970438,37.549085],[126.970501,37.549082],[126.970699,37.548703],[126.970752,37.54866],[126.970867,37.54866],[126.970793,37.548605],[126.970871,37.548401],[126.970857,37.546587],[126.970984,37.54627],[126.970998,37.544476],[126.971068,37.544334],[126.971231,37.544245],[126.970986,37.544232],[126.971033,37.544003],[126.971027,37.543339],[126.971108,37.542725],[126.971056,37.541847],[126.970949,37.541847],[126.970563,37.541516],[126.968458,37.542165],[126.968345,37.541899],[126.96842,37.541755],[126.968393,37.541579],[126.968096,37.541455],[126.968102,37.541382],[126.967884,37.5414],[126.967898,37.541529],[126.967711,37.541563],[126.967558,37.541573],[126.967538,37.541516],[126.967443,37.541527],[126.967412,37.541569],[126.967052,37.541599],[126.966442,37.541628],[126.96636,37.541604],[126.966348,37.541688],[126.965862,37.541708],[126.965858,37.541657],[126.965782,37.541659],[126.965778,37.541602],[126.965378,37.541624],[126.965294,37.541668],[126.965225,37.541582],[126.965034,37.541568],[126.964889,37.541502],[126.964563,37.542922],[126.964137,37.543171],[126.964261,37.543668],[126.963467,37.543661],[126.963211,37.543575],[126.962933,37.543045],[126.962946,37.542593],[126.963964,37.542927],[126.964408,37.542955],[126.964502,37.542912],[126.964602,37.542608],[126.964172,37.542612],[126.963353,37.542477],[126.962621,37.54209],[126.962516,37.542073],[126.96252,37.542022],[126.962178,37.541812],[126.962085,37.542861],[126.962031,37.544091],[126.962275,37.544248],[126.962268,37.544352],[126.962469,37.54436],[126.962464,37.544567],[126.962349,37.544566],[126.962264,37.544868],[126.962375,37.544896],[126.962336,37.545017],[126.962365,37.545109],[126.962329,37.545225],[126.962339,37.545432],[126.96254,37.545844],[126.963043,37.546418],[126.963162,37.54658],[126.963197,37.546722],[126.963317,37.546742],[126.963372,37.546803],[126.963393,37.548393],[126.963314,37.548403],[126.96331,37.54846],[126.963194,37.548465],[126.963194,37.548535],[126.963269,37.548531],[126.963283,37.548636],[126.9636,37.548722],[126.963733,37.548859],[126.963696,37.549258],[126.963864,37.549673],[126.963941,37.549658],[126.963966,37.549718],[126.963886,37.549742],[126.963825,37.549827],[126.963736,37.54982],[126.96376,37.549869],[126.963732,37.549891],[126.963549,37.549947],[126.963543,37.550049],[126.963479,37.550126],[126.963504,37.550195],[126.963365,37.550313],[126.963394,37.550343],[126.963233,37.55046],[126.963236,37.550563],[126.963186,37.550659],[126.962836,37.55102],[126.962453,37.551339],[126.962329,37.551539],[126.96338,37.552262],[126.964634,37.55337],[126.96571,37.554152],[126.967018,37.554548],[126.969184,37.555663],[126.969172,37.554878]]]}},{"type":"Feature","properties":{"code":"11030720","name":"원효로1동","guCode":"11030","guName":"용산구"},"geometry":{"type":"Polygon","coordinates":[[[126.970505,37.541534],[126.970563,37.541516],[126.970949,37.541847],[126.971056,37.541847],[126.970995,37.54101],[126.970889,37.540574],[126.971075,37.540129],[126.971086,37.539407],[126.970862,37.539406],[126.970857,37.53791],[126.970938,37.537715],[126.970929,37.53754],[126.970681,37.536536],[126.970504,37.536112],[126.970536,37.535873],[126.970478,37.535884],[126.970443,37.535843],[126.970071,37.535272],[126.970103,37.535253],[126.969423,37.534244],[126.969209,37.534001],[126.969219,37.533881],[126.969046,37.533715],[126.968972,37.533759],[126.968896,37.533681],[126.968649,37.533714],[126.967181,37.534007],[126.966813,37.534031],[126.966803,37.534073],[126.966401,37.534164],[126.966384,37.534228],[126.966017,37.534333],[126.964957,37.534525],[126.964824,37.534471],[126.964015,37.53439],[126.963635,37.534243],[126.963407,37.534092],[126.963025,37.533717],[126.962902,37.533704],[126.962917,37.533615],[126.962693,37.533477],[126.96266,37.533366],[126.96196,37.533271],[126.961634,37.533261],[126.961191,37.533316],[126.961213,37.533443],[126.961586,37.533399],[126.961619,37.533664],[126.961581,37.533767],[126.961107,37.534155],[126.961139,37.534173],[126.961116,37.534191],[126.960275,37.534778],[126.960226,37.534913],[126.960009,37.535204],[126.960792,37.535628],[126.960532,37.535875],[126.960662,37.535958],[126.960681,37.535934],[126.961986,37.53643],[126.961934,37.536746],[126.961946,37.537124],[126.962499,37.537357],[126.963535,37.537453],[126.963615,37.537599],[126.963626,37.538056],[126.96372,37.538057],[126.963771,37.538326],[126.964015,37.538503],[126.964015,37.53856],[126.964255,37.538693],[126.964339,37.538802],[126.964339,37.539143],[126.964147,37.539527],[126.964198,37.540093],[126.964775,37.540954],[126.96486,37.541198],[126.964889,37.541502],[126.965034,37.541568],[126.965225,37.541582],[126.965294,37.541668],[126.965378,37.541624],[126.965778,37.541602],[126.965782,37.541659],[126.965858,37.541657],[126.965862,37.541708],[126.966348,37.541688],[126.96636,37.541604],[126.966442,37.541628],[126.967052,37.541599],[126.967412,37.541569],[126.967443,37.541527],[126.967538,37.541516],[126.967558,37.541573],[126.967711,37.541563],[126.967898,37.541529],[126.967884,37.5414],[126.968102,37.541382],[126.968096,37.541455],[126.968393,37.541579],[126.96842,37.541755],[126.968345,37.541899],[126.968458,37.542165],[126.970505,37.541534]]]}},{"type":"Feature","properties":{"code":"11030730","name":"한강로동","guCode":"11030","guName":"용산구"},"geometry":{"type":"Polygon","coordinates":[[[126.973306,37.540376],[126.974026,37.53764],[126.974762,37.537671],[126.974767,37.537588],[126.974873,37.537594],[126.974991,37.535541],[126.975106,37.535161],[126.975178,37.535106],[126.975019,37.535092],[126.975757,37.534568],[126.980609,37.534749],[126.98034,37.533233],[126.980258,37.532193],[126.980116,37.52888],[126.980071,37.526177],[126.979987,37.52618],[126.979967,37.526014],[126.979211,37.525162],[126.977284,37.52527],[126.976703,37.523665],[126.977233,37.522757],[126.977248,37.522181],[126.977308,37.522162],[126.976849,37.52122],[126.975457,37.52164],[126.975406,37.521545],[126.974762,37.521747],[126.974779,37.521796],[126.974177,37.521991],[126.97414,37.521939],[126.972469,37.522493],[126.972445,37.522465],[126.97093,37.522697],[126.970625,37.522803],[126.970185,37.522789],[126.969691,37.522574],[126.969477,37.522531],[126.969472,37.52248],[126.969377,37.52244],[126.969311,37.522597],[126.967222,37.522011],[126.967153,37.52205],[126.967075,37.521978],[126.966783,37.521957],[126.966741,37.521896],[126.965947,37.521777],[126.964825,37.521812],[126.96387,37.522004],[126.963035,37.522342],[126.962555,37.522624],[126.96207,37.522754],[126.962043,37.522723],[126.961135,37.522921],[126.960487,37.523205],[126.958007,37.524663],[126.957412,37.525056],[126.956879,37.525546],[126.956904,37.526115],[126.956574,37.5263],[126.95628,37.526523],[126.956125,37.526723],[126.956016,37.52697],[126.956417,37.527054],[126.955864,37.527135],[126.955201,37.527328],[126.954707,37.528163],[126.954603,37.528488],[126.954457,37.529948],[126.9545,37.530196],[126.954779,37.530724],[126.954711,37.531027],[126.954603,37.53102],[126.954414,37.531121],[126.955377,37.531856],[126.955781,37.532086],[126.956134,37.532355],[126.957201,37.532781],[126.958304,37.533051],[126.958672,37.533057],[126.959259,37.533309],[126.959636,37.533361],[126.959616,37.533475],[126.960033,37.533514],[126.961212,37.533439],[126.961191,37.533316],[126.961634,37.533261],[126.96266,37.533366],[126.962693,37.533477],[126.962917,37.533615],[126.962902,37.533704],[126.963025,37.533717],[126.963407,37.534092],[126.963635,37.534243],[126.964015,37.53439],[126.964824,37.534471],[126.964957,37.534525],[126.966017,37.534333],[126.966384,37.534228],[126.966401,37.534164],[126.966803,37.534073],[126.966813,37.534031],[126.967181,37.534007],[126.968649,37.533714],[126.968896,37.533681],[126.968972,37.533759],[126.969046,37.533715],[126.969219,37.533881],[126.969209,37.534001],[126.969423,37.534244],[126.970103,37.535253],[126.970071,37.535272],[126.970443,37.535843],[126.970478,37.535884],[126.970536,37.535873],[126.970504,37.536112],[126.970681,37.536536],[126.970929,37.53754],[126.970938,37.537715],[126.970857,37.53791],[126.970862,37.539406],[126.971421,37.539406],[126.971458,37.539964],[126.971813,37.540123],[126.971826,37.540081],[126.973306,37.540376]]]}},{"type":"Feature","properties":{"code":"11030740","name":"한남동","guCode":"11030","guName":"용산구"},"geometry":{"type":"Polygon","coordinates":[[[127.004575,37.5498],[127.004573,37.54941],[127.004689,37.548685],[127.004997,37.548402],[127.005695,37.548282],[127.006066,37.548356],[127.006132,37.548212],[127.005875,37.547946],[127.005567,37.547525],[127.00533,37.547349],[127.005434,37.547064],[127.005306,37.546875],[127.005006,37.546221],[127.005017,37.546172],[127.007264,37.543857],[127.008984,37.544134],[127.00905,37.543976],[127.008962,37.542734],[127.0087,37.541993],[127.008808,37.541582],[127.00916,37.54129],[127.00928,37.541028],[127.009192,37.540597],[127.009344,37.539966],[127.00959,37.539639],[127.009946,37.539393],[127.010726,37.539301],[127.011483,37.539026],[127.012612,37.539344],[127.012768,37.539287],[127.012812,37.539307],[127.013201,37.538905],[127.013376,37.538906],[127.013463,37.538818],[127.013895,37.539075],[127.013984,37.538814],[127.014793,37.538813],[127.015022,37.538542],[127.015005,37.538304],[127.015076,37.538281],[127.01517,37.538379],[127.015295,37.538319],[127.015601,37.538389],[127.015662,37.538264],[127.015847,37.538169],[127.0166,37.5379],[127.017531,37.537652],[127.01744,37.534004],[127.015532,37.532435],[127.014896,37.532208],[127.013707,37.530899],[127.013402,37.530644],[127.011947,37.529139],[127.010003,37.52704],[127.007657,37.524655],[127.004795,37.526355],[127.004435,37.526657],[127.004257,37.527012],[127.003676,37.526684],[127.003875,37.526953],[127.003808,37.527367],[127.003562,37.527507],[127.003587,37.527617],[127.003688,37.527665],[127.003553,37.527623],[127.003484,37.527667],[127.003526,37.527754],[127.003493,37.527872],[127.003307,37.527867],[127.003311,37.527898],[127.002796,37.52816],[127.002923,37.528463],[127.003097,37.528508],[127.003268,37.528616],[127.003331,37.528743],[127.003169,37.528808],[127.003351,37.529012],[127.003739,37.529267],[127.003817,37.529266],[127.003837,37.529312],[127.003632,37.529769],[127.003438,37.530124],[127.00339,37.530154],[127.003411,37.530184],[127.003355,37.530302],[127.00323,37.530314],[127.003233,37.530372],[127.002975,37.530507],[127.002923,37.530486],[127.00269,37.530616],[127.002702,37.530646],[127.00119,37.531481],[127.000602,37.531911],[126.999413,37.532186],[126.998985,37.532342],[126.998647,37.532539],[126.998574,37.532448],[126.998512,37.532475],[126.998575,37.532562],[126.99852,37.532588],[126.998452,37.532489],[126.998229,37.532563],[126.998218,37.532625],[126.998021,37.532661],[126.998002,37.532628],[126.997879,37.532657],[126.997872,37.532615],[126.997815,37.532615],[126.997766,37.532619],[126.997775,37.532684],[126.997627,37.532717],[126.997594,37.532662],[126.997507,37.532684],[126.997572,37.532766],[126.997438,37.532842],[126.99754,37.532946],[126.997503,37.533],[126.997522,37.533095],[126.997358,37.533132],[126.997272,37.533211],[126.997135,37.533226],[126.997192,37.533311],[126.997049,37.533379],[126.997004,37.533493],[126.99697,37.533694],[126.997028,37.533944],[126.997017,37.53407],[126.996911,37.534277],[126.99685,37.534695],[126.997059,37.534708],[126.997048,37.53483],[126.99708,37.534852],[126.997013,37.535238],[126.996832,37.535212],[126.996662,37.535766],[126.996387,37.53605],[126.996103,37.536247],[126.996152,37.536499],[126.996137,37.536652],[126.996101,37.53671],[126.996015,37.536676],[126.995895,37.536786],[126.995931,37.53682],[126.995763,37.536983],[126.995818,37.537003],[126.995702,37.537125],[126.995608,37.537204],[126.99548,37.537156],[126.995418,37.537208],[126.995437,37.537348],[126.995128,37.537693],[126.995092,37.537608],[126.994924,37.537514],[126.994586,37.537738],[126.994751,37.537847],[126.994634,37.537972],[126.995124,37.538542],[126.995381,37.53876],[126.995378,37.538868],[126.995416,37.538852],[126.995355,37.539261],[126.99542,37.539431],[126.995589,37.53963],[126.996867,37.540491],[126.997602,37.540861],[126.997808,37.541264],[126.997881,37.542122],[126.997886,37.54221],[126.997597,37.542913],[126.997445,37.543164],[126.997081,37.543697],[126.996716,37.543967],[126.996645,37.54494],[126.99672,37.545056],[126.995822,37.546664],[126.995224,37.547232],[126.996355,37.547449],[126.996697,37.547816],[126.996747,37.54797],[126.99669,37.548081],[126.996755,37.548239],[126.996748,37.548521],[126.997378,37.549001],[126.997429,37.549159],[126.99766,37.549362],[126.998325,37.549695],[126.998608,37.549709],[126.998909,37.549795],[126.999094,37.549733],[127.000124,37.549818],[127.000399,37.549953],[127.000811,37.549853],[127.000884,37.549968],[127.001109,37.549898],[127.001353,37.550028],[127.001684,37.55006],[127.002003,37.549954],[127.002199,37.549711],[127.002827,37.549633],[127.003421,37.550019],[127.004185,37.550145],[127.004336,37.550211],[127.004575,37.5498]]]}},{"type":"Feature","properties":{"code":"11040520","name":"왕십리2동","guCode":"11040","guName":"성동구"},"geometry":{"type":"Polygon","coordinates":[[[127.0274,37.564888],[127.029184,37.564465],[127.030627,37.563862],[127.03125,37.563533],[127.031806,37.563406],[127.032503,37.563172],[127.033162,37.562862],[127.033566,37.562629],[127.033461,37.562547],[127.03351,37.562518],[127.033247,37.5622],[127.03333,37.562154],[127.033223,37.56194],[127.033137,37.561963],[127.03307,37.561875],[127.033233,37.561794],[127.033041,37.561578],[127.032819,37.561654],[127.032725,37.561543],[127.03252,37.561592],[127.032503,37.561547],[127.032303,37.561588],[127.032225,37.561547],[127.032351,37.561363],[127.032352,37.561204],[127.032495,37.561012],[127.03236,37.560994],[127.031965,37.561058],[127.032117,37.560996],[127.032093,37.560746],[127.032029,37.560772],[127.03188,37.560611],[127.031717,37.560662],[127.031676,37.560528],[127.031549,37.560557],[127.030804,37.560249],[127.030736,37.560352],[127.03058,37.560309],[127.030248,37.56044],[127.029992,37.560385],[127.029723,37.560187],[127.02957,37.560216],[127.029526,37.56012],[127.029572,37.560116],[127.029495,37.560066],[127.029284,37.560054],[127.029239,37.560101],[127.028869,37.560163],[127.028747,37.560269],[127.028502,37.560306],[127.028115,37.56029],[127.028019,37.560428],[127.027707,37.560325],[127.027838,37.560152],[127.027729,37.560037],[127.027521,37.559982],[127.027447,37.559877],[127.027229,37.559905],[127.027167,37.559792],[127.026372,37.559089],[127.02617,37.55867],[127.026044,37.558518],[127.025601,37.558106],[127.025423,37.558001],[127.025147,37.557943],[127.024482,37.557957],[127.024413,37.557897],[127.024307,37.557996],[127.02431,37.557898],[127.024143,37.55782],[127.022941,37.557778],[127.022847,37.558957],[127.022387,37.559028],[127.022759,37.559331],[127.02322,37.559999],[127.02335,37.560664],[127.023435,37.560828],[127.023904,37.561307],[127.024216,37.561531],[127.024549,37.561884],[127.024507,37.561909],[127.024528,37.561944],[127.024608,37.56191],[127.025411,37.56228],[127.025929,37.562604],[127.02624,37.563009],[127.026284,37.563005],[127.026314,37.563108],[127.026526,37.563391],[127.026619,37.563582],[127.026651,37.563749],[127.026738,37.563888],[127.026711,37.56416],[127.026798,37.564198],[127.026721,37.564377],[127.026756,37.564426],[127.026682,37.564456],[127.026735,37.564768],[127.026673,37.564795],[127.0267,37.564875],[127.026767,37.564955],[127.026949,37.56496],[127.0274,37.564888]]]}},{"type":"Feature","properties":{"code":"11040540","name":"마장동","guCode":"11040","guName":"성동구"},"geometry":{"type":"Polygon","coordinates":[[[127.037773,37.572266],[127.038761,37.572265],[127.040408,37.572066],[127.041999,37.571673],[127.044157,37.570718],[127.045564,37.56995],[127.045943,37.569619],[127.046339,37.569096],[127.04836,37.565228],[127.048231,37.565384],[127.046891,37.565302],[127.04691,37.565229],[127.046826,37.565158],[127.046848,37.565026],[127.04681,37.564987],[127.04688,37.564583],[127.046849,37.564529],[127.047022,37.564469],[127.047034,37.564386],[127.046895,37.564138],[127.046742,37.564134],[127.046747,37.564068],[127.046458,37.56404],[127.046415,37.563809],[127.046236,37.563462],[127.045902,37.563153],[127.045845,37.563176],[127.045735,37.562909],[127.045869,37.562669],[127.045762,37.562423],[127.045253,37.562169],[127.044407,37.562229],[127.044164,37.562518],[127.043577,37.562405],[127.043048,37.56218],[127.043013,37.562277],[127.042793,37.562215],[127.042779,37.562028],[127.042607,37.56193],[127.042304,37.562057],[127.042198,37.562226],[127.0418,37.562246],[127.041569,37.562112],[127.041533,37.561963],[127.040997,37.561955],[127.040986,37.561877],[127.040908,37.561832],[127.040632,37.561827],[127.040629,37.561948],[127.040532,37.561946],[127.040531,37.56203],[127.040357,37.561997],[127.04022,37.562017],[127.039568,37.562214],[127.03937,37.562229],[127.039371,37.562264],[127.03917,37.562261],[127.039155,37.562594],[127.039035,37.562612],[127.039032,37.562833],[127.038835,37.562821],[127.038307,37.563492],[127.037948,37.564552],[127.037886,37.564871],[127.037916,37.564917],[127.037796,37.565904],[127.034745,37.566248],[127.032886,37.568061],[127.033614,37.568432],[127.033518,37.568991],[127.032167,37.570087],[127.032536,37.570223],[127.033058,37.570516],[127.034189,37.57139],[127.035469,37.571935],[127.036177,37.572152],[127.036637,37.572228],[127.037773,37.572266]]]}},{"type":"Feature","properties":{"code":"11040550","name":"사근동","guCode":"11040","guName":"성동구"},"geometry":{"type":"Polygon","coordinates":[[[127.048231,37.565384],[127.04857,37.564867],[127.049285,37.563551],[127.04946,37.563476],[127.049893,37.563141],[127.049953,37.563144],[127.050482,37.562797],[127.050901,37.56268],[127.051112,37.562551],[127.05115,37.562321],[127.051037,37.56209],[127.051195,37.561584],[127.051243,37.560902],[127.051008,37.560888],[127.050746,37.560816],[127.051008,37.55989],[127.051479,37.559688],[127.051656,37.559465],[127.051778,37.559158],[127.051655,37.558736],[127.051282,37.558522],[127.05123,37.558424],[127.051244,37.558373],[127.051548,37.558064],[127.051797,37.558018],[127.051963,37.557925],[127.052066,37.557801],[127.052098,37.55767],[127.052024,37.557459],[127.051933,37.557354],[127.051445,37.55696],[127.051425,37.556721],[127.05153,37.556476],[127.051484,37.555685],[127.051122,37.55527],[127.050602,37.554882],[127.050243,37.55428],[127.049997,37.553561],[127.049515,37.55301],[127.049012,37.552551],[127.048776,37.552733],[127.048218,37.552801],[127.046936,37.553145],[127.046698,37.553257],[127.046365,37.55349],[127.045908,37.553689],[127.046052,37.55345],[127.043247,37.553222],[127.041617,37.552811],[127.041195,37.552567],[127.040749,37.55218],[127.040398,37.551975],[127.040111,37.551894],[127.038793,37.553553],[127.039204,37.554185],[127.039352,37.554481],[127.039461,37.554878],[127.039532,37.555228],[127.039534,37.55666],[127.039205,37.558474],[127.039403,37.560359],[127.039343,37.560722],[127.039088,37.560805],[127.038722,37.562852],[127.039032,37.562833],[127.039035,37.562612],[127.039155,37.562594],[127.03917,37.562261],[127.039371,37.562264],[127.03937,37.562229],[127.039568,37.562214],[127.04022,37.562017],[127.040357,37.561997],[127.040531,37.56203],[127.040532,37.561946],[127.040629,37.561948],[127.040632,37.561827],[127.040908,37.561832],[127.040986,37.561877],[127.040997,37.561955],[127.041533,37.561963],[127.041569,37.562112],[127.0418,37.562246],[127.042198,37.562226],[127.042304,37.562057],[127.042607,37.56193],[127.042779,37.562028],[127.042793,37.562215],[127.043013,37.562277],[127.043048,37.56218],[127.043577,37.562405],[127.044164,37.562518],[127.044407,37.562229],[127.045253,37.562169],[127.045762,37.562423],[127.045869,37.562669],[127.045735,37.562909],[127.045845,37.563176],[127.045902,37.563153],[127.046236,37.563462],[127.046415,37.563809],[127.046458,37.56404],[127.046747,37.564068],[127.046742,37.564134],[127.046895,37.564138],[127.047034,37.564386],[127.047022,37.564469],[127.046849,37.564529],[127.04688,37.564583],[127.04681,37.564987],[127.046848,37.565026],[127.046826,37.565158],[127.04691,37.565229],[127.046891,37.565302],[127.048231,37.565384]]]}},{"type":"Feature","properties":{"code":"11040560","name":"행당1동","guCode":"11040","guName":"성동구"},"geometry":{"type":"Polygon","coordinates":[[[127.038716,37.562965],[127.038812,37.562849],[127.038722,37.562852],[127.039088,37.560805],[127.039343,37.560722],[127.039403,37.560359],[127.039205,37.558474],[127.039534,37.55666],[127.039532,37.555228],[127.039352,37.554481],[127.039204,37.554185],[127.038793,37.553553],[127.038481,37.553521],[127.038291,37.553574],[127.037906,37.553529],[127.037002,37.55381],[127.03642,37.554121],[127.036209,37.554409],[127.036088,37.554776],[127.036,37.554844],[127.035561,37.554892],[127.035224,37.554863],[127.035261,37.554774],[127.034977,37.554731],[127.034586,37.554542],[127.03422,37.55453],[127.03428,37.554858],[127.033996,37.558511],[127.030768,37.557862],[127.03063,37.558473],[127.030793,37.559036],[127.031356,37.559266],[127.031101,37.559914],[127.031242,37.559968],[127.031065,37.560334],[127.031549,37.560557],[127.031676,37.560528],[127.031717,37.560662],[127.03188,37.560611],[127.032029,37.560772],[127.032093,37.560746],[127.032117,37.560996],[127.031965,37.561058],[127.03236,37.560994],[127.032495,37.561012],[127.032352,37.561204],[127.032351,37.561363],[127.032225,37.561547],[127.032303,37.561588],[127.032503,37.561547],[127.03252,37.561592],[127.032725,37.561543],[127.032819,37.561654],[127.033041,37.561578],[127.033233,37.561794],[127.03307,37.561875],[127.033137,37.561963],[127.033223,37.56194],[127.03333,37.562154],[127.033247,37.5622],[127.03351,37.562518],[127.033461,37.562547],[127.033566,37.562629],[127.034742,37.561755],[127.035026,37.561691],[127.035565,37.561408],[127.036022,37.562475],[127.036494,37.566048],[127.037796,37.565904],[127.037916,37.564917],[127.037886,37.564871],[127.037948,37.564552],[127.038307,37.563492],[127.038716,37.562965]]]}},{"type":"Feature","properties":{"code":"11040570","name":"행당2동","guCode":"11040","guName":"성동구"},"geometry":{"type":"Polygon","coordinates":[[[127.030629,37.560305],[127.030736,37.560352],[127.030804,37.560249],[127.031065,37.560334],[127.031242,37.559968],[127.031101,37.559914],[127.031356,37.559266],[127.030793,37.559036],[127.03063,37.558473],[127.030768,37.557862],[127.033996,37.558511],[127.03428,37.554858],[127.03422,37.55453],[127.033946,37.554542],[127.033907,37.554483],[127.033629,37.554322],[127.033255,37.554292],[127.033027,37.554185],[127.032677,37.553844],[127.032607,37.553698],[127.032101,37.553097],[127.031943,37.552958],[127.031358,37.552916],[127.030953,37.553156],[127.030501,37.553309],[127.029905,37.553815],[127.02951,37.553911],[127.029465,37.55384],[127.029317,37.553899],[127.028984,37.553905],[127.028336,37.554227],[127.027818,37.55418],[127.027509,37.554442],[127.027346,37.554488],[127.027409,37.55452],[127.026453,37.554774],[127.02631,37.554895],[127.026094,37.554922],[127.025488,37.555151],[127.025557,37.555365],[127.02532,37.555696],[127.024925,37.555697],[127.024991,37.555714],[127.024939,37.555768],[127.024898,37.556432],[127.024924,37.556439],[127.024896,37.557316],[127.024786,37.557573],[127.024413,37.557897],[127.024482,37.557957],[127.025215,37.557949],[127.025525,37.558047],[127.026136,37.558621],[127.026372,37.559089],[127.027167,37.559792],[127.027229,37.559905],[127.027447,37.559877],[127.027521,37.559982],[127.027729,37.560037],[127.027838,37.560152],[127.027707,37.560325],[127.028019,37.560428],[127.028115,37.56029],[127.028502,37.560306],[127.028747,37.560269],[127.028869,37.560163],[127.029239,37.560101],[127.029284,37.560054],[127.029495,37.560066],[127.029572,37.560116],[127.029526,37.56012],[127.02957,37.560216],[127.029723,37.560187],[127.030042,37.560406],[127.030248,37.56044],[127.030629,37.560305]]]}},{"type":"Feature","properties":{"code":"11040580","name":"응봉동","guCode":"11040","guName":"성동구"},"geometry":{"type":"Polygon","coordinates":[[[127.036107,37.55472],[127.036209,37.554409],[127.03642,37.554121],[127.037002,37.55381],[127.037906,37.553529],[127.038291,37.553574],[127.038481,37.553521],[127.038793,37.553553],[127.040111,37.551894],[127.039581,37.551666],[127.038618,37.551158],[127.037674,37.550537],[127.037224,37.550119],[127.036861,37.54971],[127.036324,37.548974],[127.03561,37.548157],[127.03526,37.547991],[127.034568,37.547802],[127.034282,37.547633],[127.033932,37.547358],[127.033115,37.546512],[127.032747,37.546352],[127.031527,37.546251],[127.031291,37.546702],[127.030994,37.547154],[127.030046,37.547796],[127.029734,37.547893],[127.029589,37.548236],[127.029653,37.548354],[127.029606,37.548683],[127.029303,37.548944],[127.029078,37.549222],[127.028811,37.549383],[127.028866,37.549853],[127.029079,37.550055],[127.029251,37.550345],[127.029412,37.551371],[127.029581,37.551639],[127.029558,37.551767],[127.029382,37.551921],[127.029341,37.552108],[127.02925,37.552225],[127.029142,37.552195],[127.029064,37.552305],[127.029006,37.552414],[127.028994,37.552646],[127.028943,37.552776],[127.029433,37.553006],[127.029524,37.553167],[127.029588,37.55335],[127.029587,37.553496],[127.029435,37.553772],[127.029464,37.553841],[127.02951,37.553911],[127.029905,37.553815],[127.030501,37.553309],[127.030953,37.553156],[127.031358,37.552916],[127.031943,37.552958],[127.032101,37.553097],[127.032607,37.553698],[127.032677,37.553844],[127.033027,37.554185],[127.033255,37.554292],[127.033629,37.554322],[127.033907,37.554483],[127.033946,37.554542],[127.034586,37.554542],[127.034977,37.554731],[127.035261,37.554774],[127.035224,37.554863],[127.035561,37.554892],[127.035978,37.554849],[127.036065,37.554807],[127.036107,37.55472]]]}},{"type":"Feature","properties":{"code":"11040590","name":"금호1가동","guCode":"11040","guName":"성동구"},"geometry":{"type":"Polygon","coordinates":[[[127.024413,37.557897],[127.024786,37.557573],[127.024896,37.557316],[127.024924,37.556439],[127.024898,37.556432],[127.024939,37.555768],[127.024991,37.555714],[127.024925,37.555697],[127.02532,37.555696],[127.025557,37.555365],[127.025488,37.555151],[127.026094,37.554922],[127.02631,37.554895],[127.026453,37.554774],[127.027409,37.55452],[127.027346,37.554488],[127.027509,37.554442],[127.027818,37.55418],[127.028336,37.554227],[127.028984,37.553905],[127.029317,37.553899],[127.029464,37.553841],[127.029435,37.553772],[127.029587,37.553496],[127.029588,37.55335],[127.029524,37.553167],[127.029433,37.553006],[127.028943,37.552776],[127.028994,37.552646],[127.029006,37.552414],[127.029064,37.552305],[127.029142,37.552195],[127.02925,37.552225],[127.029341,37.552108],[127.029382,37.551921],[127.029558,37.551767],[127.029581,37.551639],[127.029412,37.551371],[127.029251,37.550345],[127.029079,37.550055],[127.028866,37.549853],[127.028811,37.549383],[127.029078,37.549222],[127.029303,37.548944],[127.02928,37.548886],[127.029106,37.548856],[127.028856,37.548701],[127.028642,37.5487],[127.028472,37.548615],[127.028182,37.548687],[127.026968,37.548134],[127.02655,37.548105],[127.026184,37.548141],[127.026005,37.548049],[127.0258,37.548069],[127.025671,37.548171],[127.025781,37.548273],[127.0259,37.548469],[127.026033,37.549205],[127.026095,37.549892],[127.025984,37.550294],[127.025656,37.550867],[127.025369,37.551949],[127.02522,37.552168],[127.025132,37.552266],[127.024722,37.552533],[127.023449,37.553063],[127.022858,37.553239],[127.022011,37.553398],[127.021435,37.553569],[127.020892,37.553901],[127.019989,37.554618],[127.019995,37.555869],[127.019964,37.556182],[127.019829,37.556785],[127.019726,37.556771],[127.019733,37.556676],[127.01971,37.556692],[127.019685,37.557223],[127.019596,37.557361],[127.019637,37.557393],[127.019583,37.557381],[127.019543,37.557487],[127.020873,37.557823],[127.020918,37.557757],[127.021902,37.557479],[127.022508,37.55779],[127.02255,37.55786],[127.022936,37.557862],[127.022941,37.557778],[127.024143,37.55782],[127.02431,37.557898],[127.024307,37.557996],[127.024413,37.557897]]]}},{"type":"Feature","properties":{"code":"11040620","name":"금호4가동","guCode":"11040","guName":"성동구"},"geometry":{"type":"Polygon","coordinates":[[[127.029606,37.548683],[127.029653,37.548354],[127.029589,37.548236],[127.029734,37.547893],[127.030046,37.547796],[127.030994,37.547154],[127.031291,37.546702],[127.031527,37.546251],[127.031235,37.546211],[127.031157,37.546078],[127.031145,37.545909],[127.031233,37.545205],[127.031342,37.544729],[127.031485,37.542419],[127.029076,37.542359],[127.02367,37.541454],[127.022932,37.541454],[127.021998,37.542567],[127.020417,37.541711],[127.020337,37.542043],[127.020373,37.54219],[127.020431,37.542231],[127.019932,37.54237],[127.019895,37.542676],[127.019692,37.54269],[127.019471,37.542762],[127.020191,37.542883],[127.020119,37.543074],[127.019631,37.543306],[127.019744,37.543701],[127.019924,37.54397],[127.019845,37.544398],[127.019279,37.544599],[127.01941,37.545079],[127.018996,37.544978],[127.018443,37.545051],[127.018009,37.54516],[127.017762,37.545262],[127.017774,37.545395],[127.017651,37.545513],[127.017359,37.545681],[127.017083,37.545671],[127.017024,37.545802],[127.01683,37.545718],[127.016549,37.54567],[127.016456,37.54563],[127.016473,37.54557],[127.016199,37.545523],[127.015979,37.545391],[127.015554,37.545398],[127.015558,37.545735],[127.015654,37.546],[127.015567,37.546167],[127.015257,37.546419],[127.015289,37.546753],[127.015026,37.547263],[127.015054,37.547265],[127.014991,37.547287],[127.015021,37.547305],[127.014884,37.547457],[127.014915,37.547606],[127.014861,37.547641],[127.014879,37.547729],[127.015087,37.547931],[127.015395,37.54815],[127.015352,37.548251],[127.015794,37.548267],[127.016449,37.548579],[127.017065,37.548403],[127.018062,37.548318],[127.021582,37.548288],[127.024861,37.548122],[127.025279,37.548115],[127.02559,37.548182],[127.025693,37.54816],[127.025826,37.548055],[127.025945,37.548046],[127.026184,37.548141],[127.02655,37.548105],[127.026968,37.548134],[127.028182,37.548687],[127.028472,37.548615],[127.028642,37.5487],[127.028856,37.548701],[127.029106,37.548856],[127.02928,37.548886],[127.029303,37.548944],[127.029606,37.548683]]]}},{"type":"Feature","properties":{"code":"11040650","name":"성수1가1동","guCode":"11040","guName":"성동구"},"geometry":{"type":"Polygon","coordinates":[[[127.039208,37.546964],[127.039324,37.547144],[127.043668,37.545932],[127.043948,37.546219],[127.044539,37.54609],[127.044565,37.546158],[127.044652,37.546141],[127.044619,37.546225],[127.045346,37.546152],[127.045582,37.546028],[127.045913,37.545921],[127.045902,37.545897],[127.045999,37.545936],[127.046782,37.5457],[127.049009,37.544884],[127.049117,37.544814],[127.049341,37.54445],[127.049404,37.544435],[127.049533,37.544183],[127.051914,37.543478],[127.051775,37.543247],[127.051708,37.543204],[127.051704,37.543135],[127.051332,37.542648],[127.051018,37.542084],[127.05089,37.541719],[127.050443,37.54002],[127.051536,37.539735],[127.050978,37.539179],[127.051425,37.538931],[127.051755,37.538803],[127.052015,37.538395],[127.051815,37.53822],[127.051394,37.537956],[127.051141,37.537699],[127.050835,37.5373],[127.05072,37.537004],[127.050398,37.536634],[127.050361,37.536379],[127.050406,37.536219],[127.050377,37.535968],[127.050227,37.535809],[127.048919,37.53252],[127.046044,37.53424],[127.040388,37.53575],[127.040388,37.535823],[127.035807,37.53583],[127.035812,37.537847],[127.034733,37.539231],[127.033152,37.541452],[127.031485,37.542419],[127.031342,37.544729],[127.031167,37.545687],[127.033161,37.544942],[127.033606,37.544961],[127.03436,37.545433],[127.035585,37.54631],[127.036407,37.547172],[127.036954,37.547846],[127.037399,37.547676],[127.037859,37.547561],[127.037767,37.547333],[127.039208,37.546964]]]}},{"type":"Feature","properties":{"code":"11040660","name":"성수1가2동","guCode":"11040","guName":"성동구"},"geometry":{"type":"Polygon","coordinates":[[[127.047757,37.551853],[127.047847,37.551788],[127.048853,37.551669],[127.052194,37.551004],[127.052132,37.550837],[127.051952,37.550666],[127.050321,37.546535],[127.050358,37.54633],[127.049967,37.545352],[127.049585,37.544172],[127.049533,37.544183],[127.049404,37.544435],[127.049341,37.54445],[127.049117,37.544814],[127.049009,37.544884],[127.046782,37.5457],[127.045999,37.545936],[127.045902,37.545897],[127.045913,37.545921],[127.045582,37.546028],[127.045346,37.546152],[127.044619,37.546225],[127.044652,37.546141],[127.044565,37.546158],[127.044539,37.54609],[127.043948,37.546219],[127.043668,37.545932],[127.039324,37.547144],[127.039231,37.546959],[127.037767,37.547333],[127.037859,37.547561],[127.037399,37.547676],[127.036954,37.547846],[127.036407,37.547172],[127.035585,37.54631],[127.03436,37.545433],[127.033606,37.544961],[127.033161,37.544942],[127.031167,37.545687],[127.03115,37.546053],[127.031235,37.546211],[127.032747,37.546352],[127.032935,37.546409],[127.033115,37.546512],[127.033932,37.547358],[127.034282,37.547633],[127.034568,37.547802],[127.03526,37.547991],[127.03561,37.548157],[127.036324,37.548974],[127.036861,37.54971],[127.037224,37.550119],[127.037674,37.550537],[127.038618,37.551158],[127.039581,37.551666],[127.040221,37.551941],[127.040398,37.551975],[127.040749,37.55218],[127.04136,37.552684],[127.041617,37.552811],[127.043247,37.553222],[127.046052,37.55345],[127.045908,37.553689],[127.046365,37.55349],[127.046698,37.553257],[127.046936,37.553145],[127.046714,37.553004],[127.047057,37.552675],[127.047535,37.55204],[127.047757,37.551853]]]}},{"type":"Feature","properties":{"code":"11040670","name":"성수2가1동","guCode":"11040","guName":"성동구"},"geometry":{"type":"Polygon","coordinates":[[[127.051907,37.543467],[127.062854,37.540177],[127.061593,37.537901],[127.059741,37.534685],[127.056215,37.528318],[127.055116,37.528661],[127.052071,37.530633],[127.048919,37.532519],[127.050227,37.535809],[127.050377,37.535968],[127.050406,37.536219],[127.050361,37.536379],[127.050398,37.536634],[127.05072,37.537004],[127.050835,37.5373],[127.051141,37.537699],[127.051394,37.537956],[127.051815,37.53822],[127.052015,37.538395],[127.051755,37.538803],[127.051425,37.538931],[127.050978,37.539179],[127.051536,37.539735],[127.050443,37.54002],[127.05089,37.541719],[127.051018,37.542084],[127.051332,37.542648],[127.051907,37.543467]]]}},{"type":"Feature","properties":{"code":"11040680","name":"성수2가3동","guCode":"11040","guName":"성동구"},"geometry":{"type":"Polygon","coordinates":[[[127.062808,37.548097],[127.065222,37.548163],[127.067465,37.548329],[127.062854,37.540177],[127.049592,37.544175],[127.049967,37.545352],[127.050358,37.54633],[127.050321,37.546535],[127.051952,37.550666],[127.052132,37.550837],[127.053672,37.550468],[127.056648,37.549247],[127.05868,37.54865],[127.059718,37.548414],[127.061322,37.548186],[127.062808,37.548097]]]}},{"type":"Feature","properties":{"code":"11040690","name":"송정동","guCode":"11040","guName":"성동구"},"geometry":{"type":"Polygon","coordinates":[[[127.072296,37.556877],[127.071751,37.555851],[127.067465,37.548329],[127.065222,37.548163],[127.06263,37.548097],[127.061322,37.548186],[127.059718,37.548414],[127.058822,37.548616],[127.056648,37.549247],[127.053672,37.550468],[127.052132,37.550837],[127.052194,37.551004],[127.048853,37.551669],[127.047847,37.551788],[127.047535,37.55204],[127.047057,37.552675],[127.046714,37.553004],[127.046936,37.553145],[127.048218,37.552801],[127.048776,37.552733],[127.049346,37.552262],[127.049827,37.55203],[127.050493,37.551832],[127.050833,37.55185],[127.051194,37.551934],[127.051807,37.552257],[127.051858,37.552427],[127.056871,37.551034],[127.060311,37.549982],[127.061359,37.549713],[127.062416,37.549847],[127.062952,37.550054],[127.063543,37.550351],[127.064083,37.550803],[127.06495,37.551868],[127.065546,37.552918],[127.066421,37.554071],[127.067509,37.555312],[127.068143,37.556114],[127.068105,37.556115],[127.068173,37.556218],[127.07075,37.558771],[127.072003,37.560099],[127.073736,37.559414],[127.072296,37.556877]]]}},{"type":"Feature","properties":{"code":"11040700","name":"용답동","guCode":"11040","guName":"성동구"},"geometry":{"type":"Polygon","coordinates":[[[127.04002,37.572994],[127.041911,37.572969],[127.047951,37.570384],[127.058761,37.562314],[127.071058,37.560555],[127.070994,37.560469],[127.072003,37.560099],[127.07075,37.558771],[127.068173,37.556218],[127.068105,37.556115],[127.068143,37.556114],[127.067509,37.555312],[127.066421,37.554071],[127.065546,37.552918],[127.06495,37.551868],[127.064083,37.550803],[127.063543,37.550351],[127.062952,37.550054],[127.062416,37.549847],[127.061359,37.549713],[127.060311,37.549982],[127.056871,37.551034],[127.051858,37.552427],[127.051807,37.552257],[127.051194,37.551934],[127.050833,37.55185],[127.050493,37.551832],[127.049827,37.55203],[127.049346,37.552262],[127.049012,37.552551],[127.049515,37.55301],[127.049997,37.553561],[127.050243,37.55428],[127.050602,37.554882],[127.051122,37.55527],[127.051484,37.555685],[127.05153,37.556476],[127.051425,37.556721],[127.051445,37.55696],[127.051933,37.557354],[127.052024,37.557459],[127.052098,37.55767],[127.052066,37.557801],[127.051963,37.557925],[127.051797,37.558018],[127.051548,37.558064],[127.051244,37.558373],[127.05123,37.558424],[127.051282,37.558522],[127.051655,37.558736],[127.051778,37.559158],[127.051656,37.559465],[127.051479,37.559688],[127.051008,37.55989],[127.050746,37.560816],[127.051008,37.560888],[127.051243,37.560902],[127.051195,37.561584],[127.051037,37.56209],[127.05115,37.562321],[127.051112,37.562551],[127.050901,37.56268],[127.050482,37.562797],[127.049953,37.563144],[127.049893,37.563141],[127.04946,37.563476],[127.049285,37.563551],[127.047365,37.567088],[127.046339,37.569096],[127.045943,37.569619],[127.045564,37.56995],[127.044157,37.570718],[127.042007,37.571671],[127.040408,37.572066],[127.038761,37.572265],[127.03813,37.572265],[127.038175,37.57302],[127.04002,37.572994]]]}},{"type":"Feature","properties":{"code":"11040710","name":"왕십리도선동","guCode":"11040","guName":"성동구"},"geometry":{"type":"Polygon","coordinates":[[[127.025205,37.570846],[127.025517,37.570831],[127.02574,37.570903],[127.026164,37.571244],[127.027288,37.570923],[127.027676,37.570412],[127.030289,37.569809],[127.031261,37.569801],[127.031566,37.569865],[127.032167,37.570087],[127.033518,37.568991],[127.033614,37.568432],[127.032886,37.568061],[127.034745,37.566248],[127.036494,37.566049],[127.036022,37.562475],[127.035565,37.561408],[127.035026,37.561691],[127.034742,37.561755],[127.033532,37.562654],[127.032717,37.563085],[127.031806,37.563406],[127.03125,37.563533],[127.030627,37.563862],[127.029184,37.564465],[127.027214,37.564933],[127.026767,37.564955],[127.026781,37.565042],[127.023582,37.5652],[127.023391,37.571907],[127.024189,37.571425],[127.024598,37.571037],[127.025205,37.570846]]]}},{"type":"Feature","properties":{"code":"11040720","name":"금호2·3가동","guCode":"11040","guName":"성동구"},"geometry":{"type":"Polygon","coordinates":[[[127.019652,37.557256],[127.019685,37.557223],[127.01971,37.556692],[127.019733,37.556676],[127.019726,37.556771],[127.019829,37.556785],[127.019964,37.556182],[127.019995,37.555869],[127.019989,37.554618],[127.020821,37.553953],[127.021365,37.553603],[127.022011,37.553398],[127.023156,37.553161],[127.024418,37.552684],[127.025132,37.552266],[127.025323,37.552033],[127.02545,37.551733],[127.025656,37.550867],[127.025984,37.550294],[127.026095,37.549892],[127.026033,37.549205],[127.0259,37.548469],[127.025781,37.548273],[127.025671,37.548171],[127.025279,37.548115],[127.02453,37.548128],[127.021582,37.548288],[127.018062,37.548318],[127.017065,37.548403],[127.016512,37.54858],[127.016362,37.548558],[127.015794,37.548267],[127.015352,37.548251],[127.015061,37.548664],[127.014875,37.549046],[127.014917,37.54926],[127.014131,37.550243],[127.014009,37.550102],[127.013458,37.549715],[127.013134,37.550051],[127.013732,37.550514],[127.014286,37.551007],[127.016001,37.552614],[127.01615,37.552637],[127.016323,37.55306],[127.016619,37.553415],[127.016962,37.553612],[127.016894,37.553843],[127.016984,37.554089],[127.016835,37.55445],[127.017046,37.554639],[127.017116,37.554823],[127.017234,37.554889],[127.017339,37.555851],[127.017762,37.556589],[127.017826,37.556596],[127.017837,37.556659],[127.018073,37.556888],[127.018648,37.557086],[127.018793,37.557216],[127.019009,37.557239],[127.019418,37.557437],[127.019652,37.557256]]]}},{"type":"Feature","properties":{"code":"11040730","name":"옥수동","guCode":"11040","guName":"성동구"},"geometry":{"type":"Polygon","coordinates":[[[127.014481,37.549806],[127.014924,37.549248],[127.014874,37.549166],[127.014875,37.549046],[127.015061,37.548664],[127.015204,37.548504],[127.015395,37.54815],[127.015087,37.547931],[127.014879,37.547729],[127.014861,37.547641],[127.014915,37.547606],[127.014884,37.547457],[127.015021,37.547305],[127.014991,37.547287],[127.015054,37.547265],[127.015026,37.547263],[127.015289,37.546753],[127.015257,37.546419],[127.015567,37.546167],[127.015654,37.546],[127.015558,37.545735],[127.015535,37.545418],[127.015979,37.545391],[127.016199,37.545523],[127.016473,37.54557],[127.016456,37.54563],[127.016549,37.54567],[127.01683,37.545718],[127.017024,37.545802],[127.017083,37.545671],[127.017359,37.545681],[127.017651,37.545513],[127.017774,37.545395],[127.017762,37.545262],[127.018009,37.54516],[127.018443,37.545051],[127.018996,37.544978],[127.01941,37.545079],[127.019279,37.544599],[127.019845,37.544398],[127.019924,37.54397],[127.019744,37.543701],[127.019631,37.543306],[127.020119,37.543074],[127.020191,37.542883],[127.019471,37.542762],[127.019692,37.54269],[127.019895,37.542676],[127.019932,37.54237],[127.020431,37.542231],[127.020373,37.54219],[127.020337,37.542043],[127.020417,37.541711],[127.021998,37.542567],[127.022932,37.541454],[127.02367,37.541454],[127.029076,37.542359],[127.031485,37.542419],[127.033152,37.541452],[127.034733,37.539231],[127.035812,37.537847],[127.035807,37.53583],[127.021179,37.535818],[127.017742,37.534251],[127.01744,37.534004],[127.017531,37.537652],[127.0166,37.5379],[127.015847,37.538169],[127.015662,37.538264],[127.015601,37.538389],[127.015295,37.538319],[127.01517,37.538379],[127.015076,37.538281],[127.015005,37.538304],[127.015022,37.538542],[127.014793,37.538813],[127.013984,37.538814],[127.013895,37.539075],[127.013463,37.538818],[127.013376,37.538906],[127.013201,37.538905],[127.012812,37.539307],[127.012768,37.539287],[127.012612,37.539344],[127.011483,37.539026],[127.010726,37.539301],[127.009946,37.539393],[127.00959,37.539639],[127.009344,37.539966],[127.009191,37.540604],[127.00928,37.541028],[127.00916,37.54129],[127.008808,37.541582],[127.0087,37.541993],[127.008962,37.542734],[127.00905,37.543976],[127.008984,37.544134],[127.008931,37.54448],[127.008577,37.544572],[127.008325,37.544889],[127.008153,37.545026],[127.008709,37.546017],[127.008955,37.546252],[127.009199,37.54642],[127.009087,37.547057],[127.009305,37.547464],[127.00967,37.547891],[127.010022,37.547907],[127.010588,37.548269],[127.010927,37.548182],[127.011595,37.548488],[127.011833,37.548754],[127.012167,37.549416],[127.012427,37.549492],[127.013134,37.550051],[127.013458,37.549715],[127.014009,37.550102],[127.014131,37.550243],[127.014481,37.549806]]]}},{"type":"Feature","properties":{"code":"11050530","name":"화양동","guCode":"11050","guName":"광진구"},"geometry":{"type":"Polygon","coordinates":[[[127.070466,37.547994],[127.07194,37.547853],[127.074256,37.547292],[127.074995,37.547019],[127.07574,37.546586],[127.077059,37.545922],[127.07774,37.545727],[127.07963,37.545334],[127.079933,37.545301],[127.081562,37.545383],[127.081537,37.545024],[127.080844,37.54509],[127.08084,37.544992],[127.080174,37.545028],[127.08013,37.545219],[127.079985,37.54523],[127.080073,37.544943],[127.080028,37.544923],[127.080051,37.544752],[127.080005,37.544245],[127.079657,37.543827],[127.079545,37.543833],[127.079485,37.543228],[127.081358,37.543154],[127.08139,37.543295],[127.081455,37.543162],[127.081422,37.542643],[127.081278,37.542658],[127.081277,37.542382],[127.081243,37.542353],[127.081279,37.542134],[127.081435,37.542122],[127.081445,37.542039],[127.082036,37.541815],[127.082113,37.541663],[127.082383,37.541465],[127.082405,37.541512],[127.08298,37.541359],[127.082425,37.540084],[127.080949,37.540439],[127.080839,37.540198],[127.081006,37.540149],[127.081027,37.539823],[127.080803,37.538917],[127.080693,37.53892],[127.080518,37.539061],[127.080377,37.539137],[127.080333,37.539124],[127.080279,37.539029],[127.080134,37.53906],[127.080039,37.538764],[127.07995,37.538668],[127.079675,37.538746],[127.079128,37.53882],[127.078801,37.53893],[127.07882,37.538862],[127.078459,37.53898],[127.078198,37.539012],[127.077366,37.539005],[127.077226,37.538965],[127.077216,37.538894],[127.077017,37.538925],[127.077004,37.539022],[127.076849,37.539034],[127.076909,37.539156],[127.076784,37.539203],[127.076348,37.539261],[127.076357,37.539227],[127.075482,37.539277],[127.07547,37.53924],[127.075367,37.539354],[127.075232,37.53938],[127.075144,37.539199],[127.07509,37.538775],[127.074213,37.53899],[127.074201,37.538828],[127.072907,37.53915],[127.07033,37.540026],[127.070267,37.539914],[127.06797,37.540726],[127.068013,37.540813],[127.063998,37.542175],[127.067466,37.54833],[127.068117,37.548308],[127.070437,37.548031],[127.070466,37.547994]]]}},{"type":"Feature","properties":{"code":"11050540","name":"군자동","guCode":"11050","guName":"광진구"},"geometry":{"type":"Polygon","coordinates":[[[127.079239,37.556725],[127.077724,37.553965],[127.077225,37.552959],[127.077398,37.552866],[127.07676,37.55155],[127.076787,37.551555],[127.076726,37.551522],[127.07622,37.550233],[127.076046,37.550028],[127.075365,37.548869],[127.075203,37.548918],[127.074127,37.547323],[127.07194,37.547853],[127.070455,37.547995],[127.070437,37.548031],[127.068117,37.548308],[127.067466,37.54833],[127.071751,37.555851],[127.072122,37.556509],[127.072086,37.556509],[127.073736,37.559414],[127.079485,37.557173],[127.079239,37.556725]]]}},{"type":"Feature","properties":{"code":"11050550","name":"중곡1동","guCode":"11050","guName":"광진구"},"geometry":{"type":"Polygon","coordinates":[[[127.079498,37.557173],[127.072385,37.55996],[127.074092,37.564603],[127.075805,37.566636],[127.076362,37.566642],[127.083358,37.564206],[127.079498,37.557173]]]}},{"type":"Feature","properties":{"code":"11050560","name":"중곡2동","guCode":"11050","guName":"광진구"},"geometry":{"type":"Polygon","coordinates":[[[127.085738,37.563379],[127.086918,37.563506],[127.087504,37.560355],[127.087707,37.558909],[127.088653,37.553334],[127.088042,37.553766],[127.087501,37.554039],[127.079496,37.557169],[127.083358,37.564206],[127.085738,37.563379]]]}},{"type":"Feature","properties":{"code":"11050570","name":"중곡3동","guCode":"11050","guName":"광진구"},"geometry":{"type":"Polygon","coordinates":[[[127.080618,37.571636],[127.083332,37.57137],[127.086148,37.570836],[127.086064,37.568575],[127.086918,37.563506],[127.085741,37.563378],[127.076362,37.566642],[127.075805,37.566636],[127.076879,37.567929],[127.078201,37.57187],[127.080618,37.571636]]]}},{"type":"Feature","properties":{"code":"11050580","name":"중곡4동","guCode":"11050","guName":"광진구"},"geometry":{"type":"Polygon","coordinates":[[[127.101665,37.572401],[127.102238,37.572155],[127.10313,37.572279],[127.103676,37.571907],[127.10404,37.571529],[127.10423,37.571388],[127.103853,37.570494],[127.103455,37.57005],[127.103206,37.568821],[127.102725,37.567064],[127.102387,37.565637],[127.102255,37.564896],[127.102234,37.564311],[127.101843,37.563823],[127.101625,37.563291],[127.101667,37.562633],[127.101205,37.56158],[127.101122,37.561051],[127.101277,37.560466],[127.101801,37.559567],[127.102167,37.559278],[127.101545,37.559026],[127.101472,37.558954],[127.100328,37.55854],[127.099387,37.558418],[127.09841,37.557958],[127.097456,37.557261],[127.097202,37.556988],[127.095501,37.556457],[127.095005,37.556261],[127.094415,37.555703],[127.093618,37.555358],[127.093306,37.55505],[127.093375,37.554984],[127.090916,37.552782],[127.089497,37.55236],[127.089002,37.552976],[127.088658,37.553307],[127.087707,37.558909],[127.087504,37.560355],[127.086918,37.563506],[127.086064,37.568575],[127.086148,37.570836],[127.088177,37.570846],[127.088396,37.570182],[127.090493,37.569698],[127.093372,37.570496],[127.093753,37.570571],[127.094789,37.570751],[127.095192,37.570707],[127.095604,37.570609],[127.095793,37.571005],[127.095838,37.571341],[127.096323,37.571298],[127.097399,37.571945],[127.098302,37.572357],[127.098543,37.572649],[127.099439,37.572738],[127.100696,37.573594],[127.100851,37.573765],[127.100893,37.573746],[127.100936,37.573355],[127.101665,37.572401]]]}},{"type":"Feature","properties":{"code":"11050590","name":"능동","guCode":"11050","guName":"광진구"},"geometry":{"type":"Polygon","coordinates":[[[127.082741,37.555901],[127.087501,37.554039],[127.088042,37.553766],[127.088494,37.553465],[127.089002,37.552976],[127.089494,37.552367],[127.089696,37.551857],[127.089254,37.55152],[127.08895,37.551174],[127.088539,37.550876],[127.08803,37.55036],[127.088155,37.550215],[127.088316,37.550113],[127.087627,37.54938],[127.086836,37.549524],[127.086751,37.549652],[127.086533,37.549541],[127.086403,37.549677],[127.086199,37.5495],[127.086266,37.549385],[127.086233,37.549317],[127.086088,37.549285],[127.085999,37.54907],[127.08587,37.549107],[127.085619,37.54889],[127.085387,37.54898],[127.085247,37.549084],[127.085213,37.548995],[127.085263,37.548872],[127.085441,37.548691],[127.085425,37.548594],[127.085365,37.548558],[127.085599,37.548144],[127.085782,37.547587],[127.08579,37.54745],[127.085658,37.546951],[127.085766,37.546747],[127.08573,37.546745],[127.085978,37.546539],[127.085888,37.546404],[127.085949,37.546356],[127.085502,37.545988],[127.085445,37.545845],[127.085282,37.545719],[127.085285,37.545499],[127.085119,37.545305],[127.085064,37.545108],[127.081551,37.545302],[127.081562,37.545383],[127.079933,37.545301],[127.079546,37.545351],[127.07774,37.545727],[127.077059,37.545922],[127.07574,37.546586],[127.074995,37.547019],[127.074127,37.547323],[127.075203,37.548918],[127.075365,37.548869],[127.076046,37.550028],[127.07622,37.550233],[127.076726,37.551522],[127.076787,37.551555],[127.07676,37.55155],[127.077398,37.552866],[127.077225,37.552959],[127.077724,37.553965],[127.079485,37.557173],[127.082741,37.555901]]]}},{"type":"Feature","properties":{"code":"11050600","name":"구의1동","guCode":"11050","guName":"광진구"},"geometry":{"type":"Polygon","coordinates":[[[127.086061,37.545049],[127.0894,37.54485],[127.090654,37.544686],[127.089053,37.5379],[127.089,37.53782],[127.088778,37.53782],[127.087266,37.537436],[127.0873,37.537325],[127.085126,37.536777],[127.085085,37.536886],[127.08357,37.536503],[127.083175,37.54002],[127.083656,37.541179],[127.082405,37.541512],[127.082383,37.541465],[127.082113,37.541663],[127.082036,37.541815],[127.081445,37.542039],[127.081435,37.542122],[127.081279,37.542134],[127.081243,37.542353],[127.081277,37.542382],[127.081278,37.542658],[127.081422,37.542643],[127.081455,37.543162],[127.08139,37.543295],[127.081358,37.543154],[127.079485,37.543228],[127.079545,37.543833],[127.079657,37.543827],[127.080005,37.544245],[127.080051,37.544752],[127.080028,37.544923],[127.080073,37.544943],[127.079985,37.54523],[127.08013,37.545219],[127.080174,37.545028],[127.08084,37.544992],[127.080844,37.54509],[127.081537,37.545024],[127.081551,37.545302],[127.086061,37.545049]]]}},{"type":"Feature","properties":{"code":"11050610","name":"구의2동","guCode":"11050","guName":"광진구"},"geometry":{"type":"Polygon","coordinates":[[[127.104921,37.556383],[127.104556,37.555025],[127.104109,37.554912],[127.103703,37.554624],[127.103439,37.554145],[127.102988,37.553577],[127.102639,37.553513],[127.102115,37.553091],[127.10164,37.553364],[127.101428,37.553394],[127.100887,37.553276],[127.100667,37.553167],[127.100396,37.553155],[127.099971,37.55298],[127.099797,37.552813],[127.099822,37.552722],[127.099068,37.55226],[127.098685,37.551963],[127.098958,37.55134],[127.098947,37.551101],[127.098685,37.55101],[127.097912,37.550293],[127.098194,37.550046],[127.097994,37.549467],[127.097714,37.549326],[127.097638,37.548568],[127.097664,37.548248],[127.098202,37.54753],[127.098408,37.547561],[127.098431,37.547517],[127.098475,37.547421],[127.098427,37.546989],[127.098102,37.546773],[127.097879,37.547012],[127.096717,37.545966],[127.096652,37.545614],[127.095902,37.545363],[127.095551,37.545001],[127.095465,37.544782],[127.094309,37.544286],[127.094193,37.544308],[127.093864,37.544221],[127.093429,37.543993],[127.093316,37.543818],[127.093154,37.543716],[127.092747,37.544079],[127.092662,37.544041],[127.091109,37.544614],[127.0894,37.54485],[127.085064,37.545108],[127.085119,37.545305],[127.085285,37.545499],[127.085282,37.545719],[127.085445,37.545845],[127.085502,37.545988],[127.085949,37.546356],[127.085888,37.546404],[127.085978,37.546539],[127.08573,37.546745],[127.085766,37.546747],[127.085658,37.546951],[127.08579,37.54745],[127.085782,37.547587],[127.085599,37.548144],[127.085365,37.548558],[127.085425,37.548594],[127.085441,37.548691],[127.085263,37.548872],[127.085213,37.548995],[127.085247,37.549084],[127.085387,37.54898],[127.085619,37.54889],[127.08587,37.549107],[127.085999,37.54907],[127.086088,37.549285],[127.086233,37.549317],[127.086266,37.549385],[127.086199,37.5495],[127.086403,37.549677],[127.086533,37.549541],[127.086751,37.549652],[127.086836,37.549524],[127.087627,37.54938],[127.088316,37.550113],[127.088155,37.550215],[127.08803,37.55036],[127.088539,37.550876],[127.08895,37.551174],[127.089254,37.55152],[127.089696,37.551857],[127.089497,37.55236],[127.090916,37.552782],[127.093375,37.554984],[127.093306,37.55505],[127.093618,37.555358],[127.094415,37.555703],[127.095005,37.556261],[127.095501,37.556457],[127.097202,37.556988],[127.097456,37.557261],[127.09841,37.557958],[127.099387,37.558418],[127.100328,37.55854],[127.101472,37.558954],[127.101545,37.559026],[127.102167,37.559278],[127.102341,37.55915],[127.102706,37.559019],[127.102854,37.558708],[127.103905,37.557796],[127.104276,37.557564],[127.104657,37.556814],[127.104929,37.556422],[127.104921,37.556383]]]}},{"type":"Feature","properties":{"code":"11050620","name":"구의3동","guCode":"11050","guName":"광진구"},"geometry":{"type":"Polygon","coordinates":[[[127.092481,37.544116],[127.092662,37.544041],[127.092747,37.544079],[127.093154,37.543716],[127.09414,37.542778],[127.095688,37.541212],[127.095962,37.541058],[127.096659,37.540543],[127.102031,37.536445],[127.091307,37.527961],[127.092708,37.530609],[127.091975,37.53061],[127.091998,37.53078],[127.091908,37.530706],[127.091716,37.532574],[127.091603,37.532567],[127.091529,37.533284],[127.091141,37.533258],[127.091099,37.533694],[127.090125,37.533403],[127.09007,37.534002],[127.089697,37.535094],[127.089346,37.535813],[127.089245,37.536425],[127.089462,37.537554],[127.089402,37.537859],[127.089,37.53782],[127.089053,37.5379],[127.090654,37.544686],[127.091109,37.544614],[127.092481,37.544116]]]}},{"type":"Feature","properties":{"code":"11050630","name":"광장동","guCode":"11050","guName":"광진구"},"geometry":{"type":"Polygon","coordinates":[[[127.112961,37.558794],[127.113863,37.558429],[127.113566,37.557963],[127.113527,37.557534],[127.113353,37.557185],[127.113315,37.55683],[127.115226,37.55676],[127.114088,37.554085],[127.11155,37.550513],[127.111471,37.546927],[127.110244,37.54501],[127.108282,37.541408],[127.102031,37.536445],[127.096659,37.540543],[127.095962,37.541058],[127.095688,37.541212],[127.09414,37.542778],[127.093143,37.543709],[127.093316,37.543818],[127.093356,37.543923],[127.093527,37.544063],[127.093864,37.544221],[127.094193,37.544308],[127.094309,37.544286],[127.095465,37.544782],[127.095551,37.545001],[127.095902,37.545363],[127.096652,37.545614],[127.096717,37.545966],[127.097879,37.547012],[127.098102,37.546773],[127.098416,37.546973],[127.098475,37.547421],[127.098408,37.547561],[127.098202,37.54753],[127.097664,37.548248],[127.097638,37.548568],[127.097714,37.549326],[127.097994,37.549467],[127.098194,37.550046],[127.097912,37.550293],[127.098685,37.55101],[127.098947,37.551101],[127.098958,37.55134],[127.098685,37.551963],[127.099068,37.55226],[127.099822,37.552722],[127.099797,37.552813],[127.099971,37.55298],[127.100396,37.553155],[127.100667,37.553167],[127.100887,37.553276],[127.101428,37.553394],[127.10164,37.553364],[127.102115,37.553091],[127.102639,37.553513],[127.102988,37.553577],[127.103439,37.554145],[127.103703,37.554624],[127.104109,37.554912],[127.104556,37.555025],[127.104797,37.555827],[127.104929,37.556422],[127.105404,37.556335],[127.10604,37.556368],[127.106396,37.556462],[127.106681,37.556817],[127.107145,37.557106],[127.107519,37.557607],[127.107651,37.557709],[127.108306,37.558031],[127.108543,37.558245],[127.109216,37.558393],[127.109529,37.558554],[127.109987,37.558342],[127.11035,37.558253],[127.111422,37.558516],[127.111545,37.558572],[127.111532,37.5586],[127.111776,37.558832],[127.111926,37.558769],[127.112297,37.559],[127.112961,37.558794]]]}},{"type":"Feature","properties":{"code":"11050640","name":"자양1동","guCode":"11050","guName":"광진구"},"geometry":{"type":"Polygon","coordinates":[[[127.083207,37.540098],[127.083176,37.54001],[127.08357,37.536503],[127.083602,37.536511],[127.083683,37.536325],[127.083878,37.535711],[127.084834,37.533324],[127.085367,37.532466],[127.083987,37.531808],[127.083301,37.531573],[127.082594,37.53147],[127.082111,37.531452],[127.081597,37.531487],[127.08105,37.531598],[127.07566,37.533205],[127.076583,37.536139],[127.077171,37.538206],[127.075098,37.538721],[127.075144,37.539199],[127.075232,37.53938],[127.075367,37.539354],[127.07547,37.53924],[127.075482,37.539277],[127.076357,37.539227],[127.076348,37.539261],[127.076784,37.539203],[127.076909,37.539156],[127.076849,37.539034],[127.077004,37.539022],[127.077017,37.538925],[127.077216,37.538894],[127.077226,37.538965],[127.077366,37.539005],[127.078198,37.539012],[127.078459,37.53898],[127.07882,37.538862],[127.078801,37.53893],[127.079128,37.53882],[127.079675,37.538746],[127.07995,37.538668],[127.080039,37.538764],[127.080134,37.53906],[127.080279,37.539029],[127.080333,37.539124],[127.080377,37.539137],[127.080518,37.539061],[127.080693,37.53892],[127.080803,37.538917],[127.081027,37.539823],[127.081006,37.540149],[127.080839,37.540198],[127.080949,37.540439],[127.082425,37.540084],[127.08298,37.541359],[127.083656,37.541179],[127.083207,37.540098]]]}},{"type":"Feature","properties":{"code":"11050650","name":"자양2동","guCode":"11050","guName":"광진구"},"geometry":{"type":"Polygon","coordinates":[[[127.089402,37.537859],[127.089462,37.537554],[127.089245,37.536425],[127.089346,37.535813],[127.089697,37.535094],[127.09007,37.534002],[127.090125,37.533403],[127.091099,37.533694],[127.091141,37.533258],[127.091529,37.533284],[127.091603,37.532567],[127.091716,37.532574],[127.091908,37.530706],[127.091998,37.53078],[127.091975,37.53061],[127.092708,37.530609],[127.091307,37.527961],[127.090137,37.527007],[127.085633,37.524762],[127.081102,37.523409],[127.079975,37.522948],[127.076942,37.522514],[127.074318,37.522866],[127.072401,37.52333],[127.073859,37.527033],[127.074538,37.529575],[127.07566,37.533205],[127.081379,37.531513],[127.082111,37.531452],[127.082594,37.53147],[127.083301,37.531573],[127.083987,37.531808],[127.085367,37.532466],[127.084834,37.533324],[127.083878,37.535711],[127.083602,37.536511],[127.085085,37.536886],[127.085126,37.536777],[127.0873,37.537325],[127.087266,37.537436],[127.088778,37.53782],[127.089245,37.53782],[127.089402,37.537859]]]}},{"type":"Feature","properties":{"code":"11050660","name":"자양3동","guCode":"11050","guName":"광진구"},"geometry":{"type":"Polygon","coordinates":[[[127.073571,37.538985],[127.074201,37.538828],[127.074213,37.53899],[127.07509,37.538775],[127.075098,37.538721],[127.077171,37.538206],[127.076583,37.536139],[127.074538,37.529575],[127.073859,37.527033],[127.072401,37.52333],[127.07205,37.523415],[127.068663,37.523871],[127.067456,37.524596],[127.065432,37.525056],[127.064191,37.525528],[127.0666,37.530512],[127.066574,37.530881],[127.066709,37.530937],[127.067256,37.532238],[127.067054,37.532301],[127.067863,37.534008],[127.068415,37.535327],[127.068753,37.535959],[127.06887,37.536291],[127.069122,37.536756],[127.069454,37.537535],[127.070602,37.539933],[127.072907,37.53915],[127.073571,37.538985]]]}},{"type":"Feature","properties":{"code":"11050670","name":"자양4동","guCode":"11050","guName":"광진구"},"geometry":{"type":"Polygon","coordinates":[[[127.069747,37.540096],[127.070267,37.539914],[127.07033,37.540026],[127.070602,37.539933],[127.069454,37.537535],[127.069122,37.536756],[127.06887,37.536291],[127.068753,37.535959],[127.068415,37.535327],[127.067863,37.534008],[127.067054,37.532301],[127.067256,37.532238],[127.066709,37.530937],[127.066574,37.530881],[127.0666,37.530512],[127.064191,37.525528],[127.060324,37.527026],[127.056218,37.528317],[127.059741,37.534685],[127.061593,37.537901],[127.064012,37.542229],[127.063998,37.542175],[127.068013,37.540813],[127.06797,37.540726],[127.069747,37.540096]]]}},{"type":"Feature","properties":{"code":"11060710","name":"회기동","guCode":"11060","guName":"동대문구"},"geometry":{"type":"Polygon","coordinates":[[[127.052981,37.599283],[127.053342,37.599273],[127.053338,37.598883],[127.053543,37.598701],[127.053406,37.598467],[127.053415,37.598274],[127.053371,37.598198],[127.05342,37.598172],[127.05343,37.597944],[127.053667,37.597779],[127.053633,37.597534],[127.053769,37.597418],[127.053709,37.597292],[127.053856,37.596962],[127.053843,37.596628],[127.054497,37.596033],[127.054504,37.595888],[127.054662,37.59578],[127.054764,37.595606],[127.05467,37.595436],[127.054699,37.595164],[127.0545,37.594451],[127.054664,37.594376],[127.054722,37.594284],[127.054783,37.593789],[127.05501,37.59379],[127.055053,37.593553],[127.055557,37.593569],[127.055679,37.593538],[127.055891,37.593048],[127.056069,37.592877],[127.055978,37.592774],[127.055936,37.592652],[127.056032,37.592444],[127.056662,37.592165],[127.055988,37.591226],[127.056903,37.591448],[127.055955,37.590056],[127.054407,37.588968],[127.053275,37.587808],[127.052826,37.587279],[127.052588,37.587435],[127.052604,37.587459],[127.051922,37.587818],[127.051887,37.58791],[127.051733,37.588059],[127.051715,37.588174],[127.051837,37.588317],[127.052136,37.588516],[127.051868,37.588888],[127.051395,37.589014],[127.051042,37.589246],[127.050496,37.589332],[127.050073,37.589243],[127.049924,37.589337],[127.049298,37.589158],[127.048915,37.589101],[127.048467,37.588801],[127.048389,37.588797],[127.048376,37.588848],[127.048194,37.588827],[127.047461,37.588669],[127.047102,37.588747],[127.047132,37.589168],[127.047493,37.589439],[127.047703,37.590137],[127.047854,37.590379],[127.047794,37.590418],[127.04815,37.590787],[127.048031,37.590941],[127.048012,37.591024],[127.047873,37.591146],[127.047253,37.59131],[127.047233,37.591427],[127.047291,37.591425],[127.047293,37.591603],[127.047812,37.591578],[127.048032,37.591681],[127.048032,37.591723],[127.048181,37.591751],[127.047885,37.592483],[127.047808,37.593097],[127.047614,37.593624],[127.047578,37.593849],[127.047411,37.593992],[127.047187,37.594088],[127.047384,37.594387],[127.047397,37.594793],[127.047482,37.59516],[127.047523,37.595249],[127.047691,37.595407],[127.047593,37.595506],[127.047549,37.595642],[127.047693,37.595886],[127.047331,37.596135],[127.047432,37.596467],[127.04782,37.596749],[127.047922,37.596937],[127.047966,37.597252],[127.048339,37.597436],[127.048562,37.597625],[127.048662,37.597786],[127.048838,37.597854],[127.049069,37.598137],[127.049119,37.598369],[127.049103,37.598722],[127.049379,37.599109],[127.049747,37.599762],[127.049938,37.599827],[127.050412,37.600095],[127.050342,37.600611],[127.051014,37.601174],[127.051199,37.601224],[127.051718,37.600752],[127.051793,37.600504],[127.052099,37.600146],[127.052033,37.600132],[127.052627,37.599452],[127.052981,37.599283]]]}},{"type":"Feature","properties":{"code":"11060720","name":"휘경1동","guCode":"11060","guName":"동대문구"},"geometry":{"type":"Polygon","coordinates":[[[127.065213,37.595371],[127.065614,37.595306],[127.066169,37.595155],[127.066357,37.595153],[127.066427,37.595089],[127.06662,37.595035],[127.066833,37.595041],[127.06693,37.595093],[127.067366,37.594875],[127.067511,37.594842],[127.067531,37.594694],[127.067561,37.594749],[127.067645,37.594657],[127.067862,37.594535],[127.068203,37.594939],[127.068593,37.595318],[127.069424,37.595327],[127.069433,37.595121],[127.070217,37.593463],[127.070442,37.592906],[127.070546,37.592531],[127.056992,37.588597],[127.056317,37.588364],[127.055334,37.587804],[127.054949,37.58782],[127.054373,37.588017],[127.053548,37.587419],[127.053422,37.587553],[127.053275,37.587808],[127.054407,37.588968],[127.055955,37.590056],[127.05718,37.59189],[127.057844,37.592789],[127.05827,37.592518],[127.058448,37.592519],[127.058521,37.592531],[127.058627,37.592698],[127.058736,37.592754],[127.058708,37.592799],[127.058874,37.592875],[127.058945,37.592799],[127.059723,37.592758],[127.059857,37.592956],[127.060329,37.592879],[127.060478,37.592994],[127.060616,37.593014],[127.060654,37.593055],[127.060711,37.592976],[127.060691,37.592841],[127.060783,37.592836],[127.060755,37.592654],[127.060902,37.592598],[127.060963,37.59266],[127.061068,37.592595],[127.061533,37.59324],[127.061626,37.5932],[127.062967,37.595159],[127.063597,37.594894],[127.064398,37.594642],[127.064483,37.594907],[127.064619,37.594873],[127.064699,37.595006],[127.064756,37.595006],[127.064906,37.595248],[127.065065,37.595198],[127.065097,37.595258],[127.064936,37.595307],[127.06497,37.595375],[127.065152,37.595315],[127.065213,37.595371]]]}},{"type":"Feature","properties":{"code":"11060730","name":"휘경2동","guCode":"11060","guName":"동대문구"},"geometry":{"type":"Polygon","coordinates":[[[127.071621,37.587995],[127.07189,37.587647],[127.072082,37.587257],[127.072365,37.586828],[127.072384,37.586673],[127.072644,37.586512],[127.072161,37.584957],[127.072872,37.584162],[127.075275,37.581258],[127.075256,37.581241],[127.075368,37.581152],[127.07525,37.581013],[127.069108,37.582167],[127.068685,37.582279],[127.068711,37.582663],[127.068504,37.582713],[127.06825,37.582705],[127.068226,37.58238],[127.067499,37.582214],[127.067305,37.58211],[127.067086,37.582141],[127.065997,37.582144],[127.06554,37.581967],[127.065278,37.581714],[127.064665,37.581611],[127.064006,37.581693],[127.064083,37.582858],[127.064257,37.583128],[127.064405,37.583462],[127.064382,37.584032],[127.064297,37.584324],[127.064428,37.584687],[127.063844,37.584866],[127.063636,37.585029],[127.063491,37.585099],[127.063371,37.585093],[127.062901,37.585358],[127.062651,37.585259],[127.062151,37.585383],[127.062072,37.585493],[127.061446,37.585513],[127.060505,37.585126],[127.059942,37.585128],[127.05984,37.585075],[127.059535,37.585179],[127.059476,37.58528],[127.059041,37.58515],[127.057811,37.585103],[127.057731,37.585913],[127.057599,37.586028],[127.056382,37.586327],[127.056301,37.586301],[127.056027,37.585994],[127.056067,37.585582],[127.05601,37.585365],[127.055763,37.585149],[127.055778,37.585044],[127.055661,37.584973],[127.055568,37.584768],[127.055436,37.584792],[127.055221,37.584742],[127.055132,37.584666],[127.055141,37.584508],[127.054911,37.584256],[127.054775,37.584319],[127.0548,37.584356],[127.054684,37.584453],[127.055043,37.584962],[127.05511,37.584947],[127.055152,37.585014],[127.055383,37.585654],[127.055371,37.585936],[127.055206,37.585938],[127.055111,37.586391],[127.054959,37.586554],[127.055136,37.586703],[127.05482,37.587071],[127.054949,37.58782],[127.055334,37.587804],[127.056317,37.588364],[127.056992,37.588597],[127.070546,37.592531],[127.070723,37.591891],[127.070725,37.591483],[127.070605,37.590959],[127.070231,37.589958],[127.070303,37.589534],[127.070357,37.589423],[127.070602,37.589153],[127.071039,37.588959],[127.07135,37.588534],[127.071621,37.587995]]]}},{"type":"Feature","properties":{"code":"11060800","name":"청량리동","guCode":"11060","guName":"동대문구"},"geometry":{"type":"Polygon","coordinates":[[[127.04301,37.596964],[127.043706,37.596271],[127.044066,37.596391],[127.044785,37.596363],[127.045502,37.596617],[127.046186,37.596187],[127.046769,37.596039],[127.047331,37.596135],[127.047693,37.595886],[127.047549,37.595642],[127.047593,37.595506],[127.047691,37.595407],[127.047523,37.595249],[127.047482,37.59516],[127.047397,37.594793],[127.047384,37.594387],[127.047187,37.594088],[127.047411,37.593992],[127.047578,37.593849],[127.047614,37.593624],[127.047808,37.593097],[127.047885,37.592483],[127.048181,37.591751],[127.048032,37.591723],[127.048032,37.591681],[127.047812,37.591578],[127.047293,37.591603],[127.047291,37.591425],[127.047233,37.591427],[127.047253,37.59131],[127.047873,37.591146],[127.048012,37.591024],[127.048031,37.590941],[127.04815,37.590787],[127.047794,37.590418],[127.047854,37.590379],[127.047703,37.590137],[127.047493,37.589439],[127.047132,37.589168],[127.047102,37.588747],[127.047461,37.588669],[127.048194,37.588827],[127.048376,37.588848],[127.048389,37.588797],[127.048467,37.588801],[127.048915,37.589101],[127.049298,37.589158],[127.049924,37.589337],[127.050073,37.589243],[127.050496,37.589332],[127.051042,37.589246],[127.051395,37.589014],[127.051868,37.588888],[127.052136,37.588516],[127.051837,37.588317],[127.051715,37.588174],[127.051733,37.588059],[127.051887,37.58791],[127.051922,37.587818],[127.052604,37.587459],[127.052588,37.587435],[127.052826,37.587279],[127.050703,37.584687],[127.050058,37.583976],[127.04538,37.58031],[127.045147,37.580174],[127.04352,37.579662],[127.042884,37.581026],[127.042853,37.581325],[127.044102,37.581359],[127.042398,37.586737],[127.040416,37.586658],[127.040418,37.586766],[127.040228,37.586758],[127.040232,37.586903],[127.040196,37.586955],[127.04042,37.586963],[127.040426,37.587368],[127.039841,37.58829],[127.039929,37.588424],[127.039763,37.588495],[127.040026,37.588914],[127.039925,37.588947],[127.040086,37.589173],[127.040033,37.589203],[127.040269,37.589592],[127.04054,37.589908],[127.040626,37.590076],[127.040715,37.590055],[127.040984,37.59036],[127.040744,37.590566],[127.040584,37.590557],[127.040195,37.590677],[127.040288,37.590846],[127.040169,37.590894],[127.040165,37.590994],[127.040396,37.590998],[127.040399,37.591256],[127.038763,37.591276],[127.03882,37.591392],[127.03876,37.591392],[127.040629,37.595683],[127.040791,37.595632],[127.040761,37.595288],[127.041082,37.595547],[127.041072,37.595581],[127.04119,37.595493],[127.041387,37.595498],[127.041842,37.596458],[127.042659,37.596725],[127.04301,37.596964]]]}},{"type":"Feature","properties":{"code":"11060810","name":"용신동","guCode":"11060","guName":"동대문구"},"geometry":{"type":"Polygon","coordinates":[[[127.029682,37.581369],[127.029749,37.581333],[127.029867,37.581388],[127.029894,37.581239],[127.031448,37.581329],[127.031462,37.58137],[127.031643,37.581402],[127.03173,37.581313],[127.031625,37.581313],[127.031731,37.581032],[127.032392,37.579444],[127.032663,37.579076],[127.032785,37.578815],[127.032822,37.57833],[127.033415,37.578319],[127.033861,37.578355],[127.033857,37.578476],[127.034016,37.578488],[127.034028,37.578405],[127.034069,37.578405],[127.034071,37.578282],[127.034463,37.578287],[127.034464,37.578159],[127.038014,37.578182],[127.03873,37.578232],[127.039948,37.578523],[127.042491,37.579342],[127.043349,37.578262],[127.04446,37.57759],[127.045283,37.577201],[127.045266,37.577178],[127.045407,37.577107],[127.045084,37.576681],[127.045269,37.57658],[127.043984,37.574999],[127.043442,37.57427],[127.043238,37.573978],[127.042555,37.572697],[127.041911,37.572969],[127.038175,37.57302],[127.03813,37.572265],[127.036653,37.57223],[127.036177,37.572152],[127.03559,37.57198],[127.034189,37.57139],[127.033069,37.570524],[127.032536,37.570223],[127.031566,37.569865],[127.031261,37.569801],[127.030289,37.569809],[127.027676,37.570412],[127.027288,37.570923],[127.026164,37.571244],[127.02574,37.570903],[127.025517,37.570831],[127.025205,37.570846],[127.024598,37.571037],[127.024189,37.571425],[127.023439,37.571898],[127.023362,37.571911],[127.023217,37.57588],[127.023241,37.575853],[127.023312,37.575893],[127.023264,37.575947],[127.023216,37.575932],[127.023187,37.576732],[127.023219,37.57675],[127.023184,37.576787],[127.023138,37.57804],[127.023178,37.578077],[127.023285,37.577985],[127.023304,37.578428],[127.029539,37.582684],[127.029571,37.582211],[127.029654,37.58176],[127.029598,37.581596],[127.029635,37.581394],[127.029682,37.581369]]]}},{"type":"Feature","properties":{"code":"11060820","name":"제기동","guCode":"11060","guName":"동대문구"},"geometry":{"type":"Polygon","coordinates":[[[127.039446,37.591263],[127.040399,37.591256],[127.040396,37.590998],[127.040165,37.590994],[127.040169,37.590894],[127.040288,37.590846],[127.040195,37.590677],[127.040584,37.590557],[127.040744,37.590566],[127.040984,37.59036],[127.040715,37.590055],[127.040626,37.590076],[127.04054,37.589908],[127.040269,37.589592],[127.040033,37.589203],[127.040086,37.589173],[127.039925,37.588947],[127.040026,37.588914],[127.039763,37.588495],[127.039929,37.588424],[127.039841,37.58829],[127.040426,37.587368],[127.04042,37.586963],[127.040196,37.586955],[127.040232,37.586903],[127.040228,37.586758],[127.040418,37.586766],[127.040416,37.586658],[127.042398,37.586737],[127.044102,37.581359],[127.042853,37.581325],[127.042884,37.581026],[127.04352,37.579662],[127.039948,37.578523],[127.03873,37.578232],[127.038014,37.578182],[127.034464,37.578159],[127.034463,37.578287],[127.034071,37.578282],[127.034069,37.578405],[127.034028,37.578405],[127.034016,37.578488],[127.033857,37.578476],[127.033861,37.578355],[127.033415,37.578319],[127.032822,37.57833],[127.032785,37.578815],[127.032663,37.579076],[127.032392,37.579444],[127.031625,37.581313],[127.03173,37.581313],[127.031643,37.581402],[127.031462,37.58137],[127.031448,37.581329],[127.029894,37.581239],[127.029867,37.581388],[127.029749,37.581333],[127.029635,37.581394],[127.029598,37.581596],[127.029654,37.58176],[127.029571,37.582211],[127.029539,37.582684],[127.030983,37.58428],[127.031228,37.5847],[127.031585,37.58517],[127.031641,37.585365],[127.031709,37.585345],[127.032304,37.585678],[127.032215,37.585791],[127.032061,37.585864],[127.033026,37.586454],[127.033315,37.586722],[127.033509,37.587071],[127.033886,37.587526],[127.035212,37.588622],[127.035544,37.588951],[127.036329,37.590141],[127.036222,37.59119],[127.038763,37.591276],[127.039446,37.591263]]]}},{"type":"Feature","properties":{"code":"11060830","name":"전농1동","guCode":"11060","guName":"동대문구"},"geometry":{"type":"Polygon","coordinates":[[[127.054921,37.587658],[127.05482,37.587071],[127.055136,37.586703],[127.054959,37.586554],[127.055111,37.586391],[127.055206,37.585938],[127.055371,37.585936],[127.055386,37.585721],[127.055355,37.585519],[127.055207,37.585108],[127.05511,37.584947],[127.055043,37.584962],[127.054684,37.584453],[127.0548,37.584356],[127.054775,37.584319],[127.054911,37.584256],[127.054876,37.584051],[127.054924,37.5839],[127.054654,37.583915],[127.054293,37.584004],[127.054255,37.583622],[127.053739,37.583652],[127.053579,37.583449],[127.054012,37.582891],[127.055228,37.581139],[127.057653,37.577788],[127.057757,37.577467],[127.057632,37.575355],[127.05747,37.575408],[127.057086,37.575413],[127.056263,37.575576],[127.055276,37.575658],[127.055263,37.57574],[127.054939,37.575538],[127.054574,37.575206],[127.055281,37.574395],[127.055263,37.574249],[127.055106,37.574163],[127.054443,37.573995],[127.053874,37.573929],[127.05376,37.573966],[127.053776,37.574036],[127.053409,37.574359],[127.053102,37.574026],[127.052942,37.57406],[127.052482,37.573593],[127.052366,37.573624],[127.052294,37.573571],[127.052108,37.57356],[127.05012,37.574708],[127.050068,37.574658],[127.049206,37.575154],[127.047162,37.572763],[127.045606,37.573946],[127.045302,37.574328],[127.045198,37.574547],[127.045032,37.575197],[127.04502,37.575514],[127.04513,37.575809],[127.045594,37.576391],[127.045604,37.576452],[127.045541,37.576556],[127.045346,37.576684],[127.045269,37.57658],[127.045084,37.576681],[127.045407,37.577107],[127.045266,37.577178],[127.045283,37.577201],[127.04446,37.57759],[127.043349,37.578262],[127.042491,37.579342],[127.045147,37.580174],[127.04538,37.58031],[127.049131,37.58324],[127.050058,37.583976],[127.050703,37.584687],[127.053275,37.587808],[127.053422,37.587553],[127.053548,37.587419],[127.054373,37.588017],[127.054949,37.58782],[127.054921,37.587658]]]}},{"type":"Feature","properties":{"code":"11060840","name":"전농2동","guCode":"11060","guName":"동대문구"},"geometry":{"type":"Polygon","coordinates":[[[127.056438,37.586308],[127.057599,37.586028],[127.057731,37.585913],[127.057811,37.585103],[127.059041,37.58515],[127.059476,37.58528],[127.059535,37.585179],[127.05984,37.585075],[127.059942,37.585128],[127.060505,37.585126],[127.061446,37.585513],[127.062072,37.585493],[127.062151,37.585383],[127.062651,37.585259],[127.062901,37.585358],[127.063371,37.585093],[127.063491,37.585099],[127.063636,37.585029],[127.063844,37.584866],[127.064428,37.584687],[127.064297,37.584324],[127.064382,37.584032],[127.064405,37.583462],[127.064257,37.583128],[127.064083,37.582858],[127.064006,37.581693],[127.064665,37.581611],[127.065278,37.581714],[127.06554,37.581967],[127.065997,37.582144],[127.067086,37.582141],[127.067305,37.58211],[127.067499,37.582214],[127.068226,37.58238],[127.06825,37.582705],[127.068504,37.582713],[127.068711,37.582663],[127.068685,37.582279],[127.068405,37.582353],[127.068343,37.580114],[127.06802,37.579687],[127.067674,37.578759],[127.067013,37.576611],[127.066621,37.576596],[127.066474,37.576495],[127.065843,37.576432],[127.065576,37.576514],[127.065092,37.576465],[127.064724,37.576613],[127.064485,37.576576],[127.064188,37.576305],[127.063008,37.576198],[127.062522,37.576235],[127.061942,37.576129],[127.061217,37.575846],[127.0605,37.575654],[127.059331,37.575447],[127.059122,37.575367],[127.059119,37.575334],[127.05872,37.575302],[127.058597,37.575349],[127.058485,37.575458],[127.058161,37.575484],[127.057964,37.575296],[127.057632,37.575355],[127.057757,37.577467],[127.057653,37.577788],[127.055228,37.581139],[127.054012,37.582891],[127.053579,37.583449],[127.053739,37.583652],[127.054255,37.583622],[127.054293,37.584004],[127.054654,37.583915],[127.054924,37.5839],[127.054876,37.584051],[127.054885,37.584227],[127.055141,37.584508],[127.055132,37.584666],[127.055221,37.584742],[127.055361,37.584782],[127.055568,37.584768],[127.055661,37.584973],[127.055778,37.585044],[127.055763,37.585149],[127.05601,37.585365],[127.056067,37.585582],[127.056027,37.585994],[127.056301,37.586301],[127.056438,37.586308]]]}},{"type":"Feature","properties":{"code":"11060860","name":"답십리2동","guCode":"11060","guName":"동대문구"},"geometry":{"type":"Polygon","coordinates":[[[127.065092,37.576465],[127.065576,37.576514],[127.065855,37.576433],[127.066474,37.576495],[127.066621,37.576596],[127.067013,37.576611],[127.067018,37.576514],[127.067677,37.57635],[127.066916,37.573897],[127.066449,37.572962],[127.065037,37.570681],[127.062435,37.567199],[127.061068,37.565469],[127.058909,37.563926],[127.057798,37.563037],[127.05495,37.565158],[127.055076,37.565251],[127.055068,37.565478],[127.05557,37.565898],[127.055672,37.565935],[127.055717,37.566022],[127.056746,37.566906],[127.057103,37.567905],[127.057108,37.567942],[127.056993,37.56802],[127.057632,37.575355],[127.057964,37.575296],[127.058161,37.575484],[127.058485,37.575458],[127.058597,37.575349],[127.05872,37.575302],[127.05905,37.575323],[127.059331,37.575447],[127.0605,37.575654],[127.061217,37.575846],[127.061942,37.576129],[127.062522,37.576235],[127.063008,37.576198],[127.064188,37.576305],[127.064485,37.576576],[127.064724,37.576613],[127.065092,37.576465]]]}},{"type":"Feature","properties":{"code":"11060870","name":"장안1동","guCode":"11060","guName":"동대문구"},"geometry":{"type":"Polygon","coordinates":[[[127.071453,37.567619],[127.072441,37.567794],[127.072499,37.567921],[127.072563,37.567909],[127.072952,37.568822],[127.074418,37.571404],[127.074342,37.571395],[127.074382,37.571485],[127.074447,37.572158],[127.078202,37.57187],[127.076879,37.567929],[127.074092,37.564603],[127.072385,37.55996],[127.070994,37.560469],[127.071058,37.560555],[127.058761,37.562314],[127.057798,37.563037],[127.058909,37.563926],[127.061068,37.565469],[127.062435,37.567199],[127.065037,37.570681],[127.066314,37.572761],[127.070945,37.572404],[127.071414,37.571803],[127.068777,37.567685],[127.071453,37.567619]]]}},{"type":"Feature","properties":{"code":"11060880","name":"장안2동","guCode":"11060","guName":"동대문구"},"geometry":{"type":"Polygon","coordinates":[[[127.077711,37.5724],[127.078184,37.571889],[127.074447,37.572158],[127.074382,37.571485],[127.074342,37.571395],[127.074418,37.571404],[127.072952,37.568822],[127.072563,37.567909],[127.072499,37.567921],[127.072441,37.567794],[127.071461,37.567619],[127.068777,37.567685],[127.071414,37.571803],[127.070945,37.572404],[127.066314,37.572761],[127.066916,37.573897],[127.067677,37.57635],[127.067018,37.576514],[127.06701,37.5766],[127.067674,37.578759],[127.06802,37.579687],[127.068343,37.580114],[127.068405,37.582353],[127.069108,37.582167],[127.072872,37.581436],[127.075236,37.580996],[127.075812,37.58095],[127.076241,37.58015],[127.076442,37.579431],[127.077227,37.573501],[127.077228,37.572922],[127.077711,37.5724]]]}},{"type":"Feature","properties":{"code":"11060890","name":"이문1동","guCode":"11060","guName":"동대문구"},"geometry":{"type":"Polygon","coordinates":[[[127.06089,37.603481],[127.062042,37.602595],[127.062068,37.602215],[127.061984,37.600257],[127.063073,37.600052],[127.064176,37.60045],[127.064632,37.600457],[127.065045,37.600083],[127.065006,37.599183],[127.065441,37.599215],[127.065485,37.599301],[127.065693,37.599464],[127.065981,37.599462],[127.065645,37.598992],[127.065779,37.598951],[127.06606,37.599101],[127.066291,37.59937],[127.066389,37.599323],[127.066255,37.598882],[127.067211,37.599138],[127.067671,37.59917],[127.067714,37.59901],[127.067803,37.599013],[127.067868,37.598347],[127.068114,37.598353],[127.068116,37.59796],[127.068194,37.597867],[127.068365,37.597855],[127.068647,37.598415],[127.068868,37.598713],[127.068962,37.598609],[127.070685,37.598538],[127.069832,37.597728],[127.069578,37.597428],[127.069484,37.597244],[127.069424,37.595327],[127.068593,37.595318],[127.068203,37.594939],[127.067862,37.594535],[127.067645,37.594657],[127.067561,37.594749],[127.067531,37.594694],[127.067511,37.594842],[127.067366,37.594875],[127.06693,37.595093],[127.066833,37.595041],[127.06662,37.595035],[127.066427,37.595089],[127.066357,37.595153],[127.066169,37.595155],[127.065302,37.595366],[127.06519,37.595378],[127.065152,37.595315],[127.06497,37.595375],[127.064936,37.595307],[127.065097,37.595258],[127.065065,37.595198],[127.064906,37.595248],[127.064756,37.595006],[127.064699,37.595006],[127.064619,37.594873],[127.064483,37.594907],[127.064398,37.594642],[127.063597,37.594894],[127.062967,37.595159],[127.061626,37.5932],[127.061533,37.59324],[127.061068,37.592595],[127.060963,37.59266],[127.060902,37.592598],[127.060755,37.592654],[127.060783,37.592836],[127.060691,37.592841],[127.060711,37.592976],[127.060654,37.593055],[127.060616,37.593014],[127.060478,37.592994],[127.060329,37.592879],[127.059857,37.592956],[127.059723,37.592758],[127.058945,37.592799],[127.058874,37.592875],[127.058708,37.592799],[127.058736,37.592754],[127.058627,37.592698],[127.058521,37.592531],[127.058448,37.592519],[127.05827,37.592518],[127.057844,37.592789],[127.05718,37.59189],[127.056903,37.591448],[127.055988,37.591226],[127.056662,37.592165],[127.056032,37.592444],[127.055936,37.592652],[127.055978,37.592774],[127.056069,37.592877],[127.055891,37.593048],[127.055679,37.593538],[127.055557,37.593569],[127.055053,37.593553],[127.05501,37.59379],[127.054783,37.593789],[127.054722,37.594284],[127.054664,37.594376],[127.0545,37.594451],[127.054699,37.595164],[127.05467,37.595436],[127.054764,37.595606],[127.054662,37.59578],[127.054504,37.595888],[127.054497,37.596033],[127.053843,37.596628],[127.053856,37.596962],[127.053709,37.597292],[127.053769,37.597418],[127.053633,37.597534],[127.053667,37.597779],[127.05343,37.597944],[127.05342,37.598172],[127.053371,37.598198],[127.053415,37.598274],[127.053406,37.598467],[127.053543,37.598701],[127.053338,37.598883],[127.053342,37.599273],[127.053005,37.599272],[127.052627,37.599452],[127.052033,37.600132],[127.053214,37.600386],[127.053222,37.600531],[127.053414,37.600567],[127.053449,37.600435],[127.053689,37.600485],[127.053703,37.600429],[127.053919,37.600423],[127.053811,37.600613],[127.054247,37.60065],[127.055068,37.601324],[127.055433,37.601021],[127.056337,37.601345],[127.057377,37.601536],[127.057256,37.601253],[127.05733,37.601186],[127.058446,37.601074],[127.059169,37.601045],[127.05922,37.601231],[127.059312,37.60133],[127.05951,37.601405],[127.05966,37.601513],[127.059987,37.601548],[127.060098,37.601603],[127.0602,37.601728],[127.060063,37.602087],[127.060025,37.6021],[127.059933,37.602307],[127.059962,37.602445],[127.060062,37.602562],[127.060134,37.602843],[127.060098,37.603054],[127.060432,37.603412],[127.06071,37.60353],[127.060768,37.603477],[127.06082,37.603534],[127.06089,37.603481]]]}},{"type":"Feature","properties":{"code":"11060900","name":"이문2동","guCode":"11060","guName":"동대문구"},"geometry":{"type":"Polygon","coordinates":[[[127.069374,37.608278],[127.069378,37.607469],[127.069848,37.607477],[127.069853,37.607278],[127.070122,37.607256],[127.070258,37.607031],[127.070379,37.607032],[127.07039,37.60718],[127.070461,37.607219],[127.070578,37.607465],[127.07067,37.607557],[127.071059,37.607619],[127.071116,37.607025],[127.071533,37.604642],[127.071912,37.603792],[127.072412,37.602878],[127.072869,37.601331],[127.072871,37.601075],[127.072799,37.600839],[127.072482,37.60024],[127.071978,37.599605],[127.071502,37.599099],[127.071155,37.598811],[127.070785,37.598626],[127.070685,37.598538],[127.068962,37.598609],[127.068868,37.598713],[127.068647,37.598415],[127.068365,37.597855],[127.068194,37.597867],[127.068131,37.597915],[127.068114,37.598353],[127.067868,37.598347],[127.067803,37.599013],[127.067714,37.59901],[127.067671,37.59917],[127.067211,37.599138],[127.066255,37.598882],[127.066389,37.599323],[127.066291,37.59937],[127.06606,37.599101],[127.065779,37.598951],[127.065645,37.598992],[127.065981,37.599462],[127.065693,37.599464],[127.065485,37.599301],[127.065441,37.599215],[127.065006,37.599183],[127.065045,37.600083],[127.064632,37.600457],[127.064176,37.60045],[127.063073,37.600052],[127.061984,37.600257],[127.062068,37.602215],[127.062042,37.602595],[127.06082,37.603534],[127.061091,37.603846],[127.061183,37.604086],[127.061393,37.604051],[127.061485,37.60447],[127.061974,37.604902],[127.062098,37.604899],[127.062183,37.604942],[127.062198,37.605132],[127.063076,37.605246],[127.063644,37.605251],[127.064954,37.605862],[127.065387,37.605514],[127.065483,37.605475],[127.066014,37.605553],[127.066187,37.605531],[127.066283,37.605761],[127.066372,37.605842],[127.066793,37.606097],[127.06733,37.606278],[127.067316,37.606781],[127.067883,37.606822],[127.06784,37.608006],[127.067943,37.608063],[127.068851,37.608211],[127.068848,37.60901],[127.069369,37.609019],[127.069374,37.608278]]]}},{"type":"Feature","properties":{"code":"11060910","name":"답십리1동","guCode":"11060","guName":"동대문구"},"geometry":{"type":"Polygon","coordinates":[[[127.045405,37.576656],[127.045568,37.576527],[127.045594,37.576391],[127.04513,37.575809],[127.045011,37.575449],[127.045122,37.574779],[127.04524,37.574445],[127.045472,37.574097],[127.045672,37.573888],[127.047162,37.572763],[127.049206,37.575154],[127.050068,37.574658],[127.05012,37.574708],[127.052108,37.57356],[127.052294,37.573571],[127.052366,37.573624],[127.052482,37.573593],[127.052942,37.57406],[127.053102,37.574026],[127.053409,37.574359],[127.053776,37.574036],[127.05376,37.573966],[127.053874,37.573929],[127.054443,37.573995],[127.055106,37.574163],[127.055263,37.574249],[127.055281,37.574395],[127.054574,37.575206],[127.054939,37.575538],[127.055263,37.57574],[127.055276,37.575658],[127.056263,37.575576],[127.057086,37.575413],[127.05747,37.575408],[127.057632,37.575355],[127.056993,37.56802],[127.057108,37.567942],[127.056746,37.566906],[127.055717,37.566022],[127.055672,37.565935],[127.05557,37.565898],[127.055068,37.565478],[127.055076,37.565251],[127.05495,37.565158],[127.047951,37.570384],[127.042555,37.572697],[127.043238,37.573978],[127.043442,37.57427],[127.043984,37.574999],[127.045346,37.576684],[127.045405,37.576656]]]}},{"type":"Feature","properties":{"code":"11070520","name":"면목2동","guCode":"11070","guName":"중랑구"},"geometry":{"type":"Polygon","coordinates":[[[127.079101,37.592032],[127.080152,37.592172],[127.080111,37.591317],[127.08677,37.592769],[127.085043,37.590084],[127.084497,37.588771],[127.084086,37.587613],[127.076019,37.585776],[127.072183,37.58503],[127.072644,37.586512],[127.072384,37.586673],[127.072365,37.586828],[127.072082,37.587257],[127.071897,37.587635],[127.07161,37.588011],[127.07135,37.588534],[127.071039,37.588959],[127.070602,37.589153],[127.070357,37.589423],[127.070303,37.589534],[127.070231,37.589958],[127.070567,37.590874],[127.078654,37.592965],[127.079101,37.592032]]]}},{"type":"Feature","properties":{"code":"11070540","name":"면목4동","guCode":"11070","guName":"중랑구"},"geometry":{"type":"Polygon","coordinates":[[[127.079636,37.577078],[127.07966,37.576794],[127.080576,37.577213],[127.080677,37.576372],[127.087587,37.576901],[127.087584,37.576939],[127.08766,37.576946],[127.0877,37.576717],[127.087984,37.576564],[127.08888,37.577177],[127.088936,37.576922],[127.088927,37.57642],[127.088272,37.575645],[127.088341,37.575476],[127.08849,37.575334],[127.089149,37.575016],[127.089417,37.575325],[127.089837,37.575382],[127.089915,37.575892],[127.090329,37.576243],[127.09048,37.575871],[127.090618,37.575357],[127.091532,37.574922],[127.092246,37.574727],[127.092447,37.574707],[127.092895,37.574234],[127.092987,37.574078],[127.093351,37.573848],[127.093475,37.572619],[127.09376,37.570572],[127.093372,37.570496],[127.090493,37.569698],[127.088396,37.570182],[127.088177,37.570846],[127.086171,37.570832],[127.083332,37.57137],[127.078202,37.57187],[127.077228,37.572922],[127.077227,37.573501],[127.076874,37.576177],[127.07866,37.576926],[127.07961,37.577384],[127.079636,37.577078]]]}},{"type":"Feature","properties":{"code":"11070550","name":"면목5동","guCode":"11070","guName":"중랑구"},"geometry":{"type":"Polygon","coordinates":[[[127.083218,37.585893],[127.083105,37.584718],[127.083165,37.584217],[127.083403,37.583346],[127.083665,37.582924],[127.083693,37.582524],[127.08351,37.582095],[127.083355,37.581285],[127.082812,37.580379],[127.082356,37.579733],[127.082119,37.579477],[127.081369,37.578871],[127.080943,37.578593],[127.079659,37.577911],[127.07962,37.577826],[127.07966,37.577734],[127.079915,37.577587],[127.07961,37.577384],[127.07866,37.576926],[127.076874,37.576177],[127.076442,37.579431],[127.076286,37.580032],[127.076083,37.580497],[127.075812,37.58095],[127.075236,37.580996],[127.075368,37.581152],[127.075256,37.581241],[127.075275,37.581258],[127.072872,37.584162],[127.072161,37.584957],[127.072183,37.58503],[127.076019,37.585776],[127.084086,37.587613],[127.084136,37.587546],[127.083585,37.587277],[127.083247,37.586177],[127.083218,37.585893]]]}},{"type":"Feature","properties":{"code":"11070570","name":"면목7동","guCode":"11070","guName":"중랑구"},"geometry":{"type":"Polygon","coordinates":[[[127.090048,37.580474],[127.091434,37.580526],[127.091936,37.5808],[127.092086,37.580946],[127.092616,37.581016],[127.093217,37.580719],[127.093251,37.580879],[127.093478,37.580686],[127.09356,37.580658],[127.093586,37.580686],[127.093697,37.580566],[127.094348,37.580611],[127.094563,37.58053],[127.094997,37.580112],[127.095089,37.579858],[127.095864,37.57984],[127.096887,37.579727],[127.096901,37.579951],[127.096697,37.580027],[127.097042,37.580426],[127.097201,37.580488],[127.09745,37.580461],[127.09806,37.580198],[127.098251,37.580771],[127.098472,37.580757],[127.098486,37.580823],[127.099063,37.580826],[127.099758,37.580596],[127.100261,37.580658],[127.100195,37.579607],[127.100882,37.579711],[127.103025,37.578907],[127.101958,37.577552],[127.101733,37.576967],[127.101144,37.576071],[127.101248,37.575166],[127.100902,37.574392],[127.100949,37.573825],[127.100696,37.573594],[127.099439,37.572738],[127.098543,37.572649],[127.098302,37.572357],[127.097399,37.571945],[127.096323,37.571298],[127.095838,37.571341],[127.095793,37.571005],[127.095604,37.570609],[127.095192,37.570707],[127.094789,37.570751],[127.09376,37.570572],[127.093475,37.572619],[127.093351,37.573848],[127.092987,37.574078],[127.092895,37.574234],[127.092447,37.574707],[127.092246,37.574727],[127.091532,37.574922],[127.090618,37.575357],[127.09048,37.575871],[127.090329,37.576243],[127.089915,37.575892],[127.089837,37.575382],[127.089417,37.575325],[127.089149,37.575016],[127.08849,37.575334],[127.088341,37.575476],[127.088272,37.575645],[127.088927,37.57642],[127.088936,37.576922],[127.08888,37.577177],[127.087984,37.576564],[127.0877,37.576717],[127.08766,37.576946],[127.087584,37.576939],[127.087587,37.576901],[127.080677,37.576372],[127.080576,37.577213],[127.07966,37.576794],[127.07961,37.577384],[127.079925,37.577599],[127.079727,37.577671],[127.07966,37.577734],[127.07962,37.577826],[127.079659,37.577911],[127.080943,37.578593],[127.081369,37.578871],[127.082119,37.579477],[127.082636,37.580114],[127.083285,37.581154],[127.085213,37.581037],[127.088468,37.580753],[127.090048,37.580474]]]}},{"type":"Feature","properties":{"code":"11070590","name":"상봉1동","guCode":"11070","guName":"중랑구"},"geometry":{"type":"Polygon","coordinates":[[[127.08937,37.608784],[127.089474,37.608648],[127.08988,37.608301],[127.090521,37.607865],[127.090635,37.607686],[127.090427,37.607669],[127.090639,37.607583],[127.090824,37.607317],[127.090986,37.607228],[127.091233,37.607227],[127.091445,37.606903],[127.091836,37.60654],[127.09191,37.60661],[127.093629,37.604957],[127.093772,37.605049],[127.093901,37.604976],[127.094059,37.60459],[127.093971,37.604176],[127.093919,37.60417],[127.093878,37.604045],[127.093888,37.603651],[127.093949,37.603551],[127.09395,37.603175],[127.093802,37.60284],[127.093791,37.602687],[127.093872,37.602547],[127.094096,37.602427],[127.09412,37.602355],[127.094865,37.602383],[127.094894,37.601925],[127.09497,37.60192],[127.095093,37.601797],[127.095133,37.601685],[127.09513,37.601284],[127.095318,37.600981],[127.0953,37.600417],[127.095883,37.600666],[127.095229,37.598895],[127.088297,37.597289],[127.084011,37.596111],[127.08029,37.595173],[127.080327,37.596052],[127.081042,37.596191],[127.081068,37.596123],[127.081522,37.596194],[127.083157,37.596569],[127.083246,37.5971],[127.083276,37.597645],[127.083204,37.597704],[127.083223,37.597747],[127.083111,37.597999],[127.083018,37.598048],[127.082844,37.598332],[127.082967,37.598339],[127.08294,37.598737],[127.08399,37.598616],[127.08442,37.598624],[127.084574,37.598831],[127.084623,37.598817],[127.084669,37.598928],[127.084896,37.599157],[127.085128,37.599486],[127.085127,37.599656],[127.0854,37.599653],[127.085405,37.599729],[127.085616,37.599906],[127.085615,37.600004],[127.085975,37.599993],[127.086043,37.600029],[127.086081,37.60024],[127.086205,37.600243],[127.086212,37.600623],[127.08653,37.60066],[127.086537,37.600866],[127.086574,37.600931],[127.086616,37.600928],[127.086638,37.601084],[127.086537,37.601246],[127.086728,37.60152],[127.08676,37.601671],[127.086941,37.601959],[127.086844,37.602026],[127.086668,37.602055],[127.08649,37.602018],[127.086318,37.602104],[127.086221,37.602232],[127.086065,37.602211],[127.085834,37.602461],[127.08584,37.602824],[127.086153,37.602841],[127.086144,37.603117],[127.086283,37.603135],[127.086324,37.603213],[127.08642,37.603483],[127.086407,37.60369],[127.086705,37.604358],[127.086749,37.604432],[127.086995,37.604538],[127.087045,37.604619],[127.08718,37.605414],[127.087344,37.605732],[127.087236,37.605781],[127.087236,37.605895],[127.087195,37.605902],[127.087292,37.606193],[127.087422,37.606343],[127.087436,37.606454],[127.087393,37.606807],[127.0874,37.607655],[127.087179,37.608313],[127.08734,37.60847],[127.087411,37.608697],[127.087649,37.608689],[127.088075,37.608778],[127.089116,37.609101],[127.08937,37.608784]]]}},{"type":"Feature","properties":{"code":"11070600","name":"상봉2동","guCode":"11070","guName":"중랑구"},"geometry":{"type":"Polygon","coordinates":[[[127.087889,37.59301],[127.080111,37.591317],[127.080152,37.592172],[127.079102,37.59203],[127.078654,37.592965],[127.070567,37.590874],[127.070728,37.591613],[127.070723,37.591891],[127.070548,37.592524],[127.080282,37.595],[127.08029,37.595173],[127.084011,37.596111],[127.088282,37.597285],[127.092771,37.598329],[127.093199,37.594147],[127.087889,37.59301]]]}},{"type":"Feature","properties":{"code":"11070610","name":"중화1동","guCode":"11070","guName":"중랑구"},"geometry":{"type":"Polygon","coordinates":[[[127.087395,37.606748],[127.087422,37.606343],[127.087292,37.606193],[127.087195,37.605902],[127.087236,37.605895],[127.087236,37.605781],[127.087344,37.605732],[127.08718,37.605414],[127.087045,37.604619],[127.086995,37.604538],[127.086749,37.604432],[127.086705,37.604358],[127.086407,37.60369],[127.08642,37.603483],[127.086324,37.603213],[127.086283,37.603135],[127.086144,37.603117],[127.086153,37.602841],[127.08584,37.602824],[127.085834,37.602461],[127.086065,37.602211],[127.086221,37.602232],[127.086318,37.602104],[127.08649,37.602018],[127.086668,37.602055],[127.086844,37.602026],[127.086941,37.601959],[127.08676,37.601671],[127.086728,37.60152],[127.086537,37.601246],[127.086638,37.601084],[127.086616,37.600928],[127.086574,37.600931],[127.086537,37.600866],[127.08653,37.60066],[127.086212,37.600623],[127.086205,37.600243],[127.086081,37.60024],[127.086043,37.600029],[127.085975,37.599993],[127.085615,37.600004],[127.085616,37.599906],[127.085405,37.599729],[127.0854,37.599653],[127.085127,37.599656],[127.085128,37.599486],[127.084896,37.599157],[127.084669,37.598928],[127.084623,37.598817],[127.084574,37.598831],[127.08442,37.598624],[127.08399,37.598616],[127.08294,37.598737],[127.082967,37.598339],[127.082844,37.598332],[127.083018,37.598048],[127.083111,37.597999],[127.083223,37.597747],[127.083204,37.597704],[127.083276,37.597645],[127.083246,37.5971],[127.083157,37.596569],[127.081522,37.596194],[127.081068,37.596123],[127.081042,37.596191],[127.080327,37.596052],[127.080333,37.597101],[127.079147,37.603475],[127.078736,37.605372],[127.080486,37.605584],[127.08149,37.606519],[127.081556,37.606507],[127.081804,37.606725],[127.082757,37.606618],[127.082775,37.606707],[127.083334,37.60664],[127.085114,37.608012],[127.087181,37.608316],[127.0874,37.607655],[127.087395,37.606748]]]}},{"type":"Feature","properties":{"code":"11070620","name":"중화2동","guCode":"11070","guName":"중랑구"},"geometry":{"type":"Polygon","coordinates":[[[127.073047,37.607447],[127.07315,37.607396],[127.073763,37.604767],[127.078736,37.605372],[127.079147,37.603475],[127.080333,37.597101],[127.080282,37.595],[127.070548,37.592524],[127.070442,37.592906],[127.070217,37.593463],[127.069433,37.595121],[127.069484,37.597244],[127.069578,37.597428],[127.069832,37.597728],[127.070297,37.598195],[127.070785,37.598626],[127.071155,37.598811],[127.071502,37.599099],[127.071978,37.599605],[127.072482,37.60024],[127.072799,37.600839],[127.072871,37.601075],[127.072869,37.601331],[127.072412,37.602878],[127.071912,37.603792],[127.071533,37.604642],[127.071116,37.607025],[127.071059,37.607619],[127.071555,37.607559],[127.071557,37.607476],[127.07213,37.607429],[127.072118,37.607488],[127.072302,37.607442],[127.072594,37.607509],[127.072913,37.60767],[127.073047,37.607447]]]}},{"type":"Feature","properties":{"code":"11070640","name":"묵1동","guCode":"11070","guName":"중랑구"},"geometry":{"type":"Polygon","coordinates":[[[127.086073,37.620292],[127.086961,37.620234],[127.087355,37.62015],[127.087945,37.619932],[127.088231,37.619875],[127.08835,37.619919],[127.088707,37.62024],[127.089452,37.619647],[127.089721,37.61952],[127.089299,37.619043],[127.089224,37.618828],[127.089229,37.618641],[127.089349,37.618419],[127.089262,37.618295],[127.090632,37.617688],[127.088775,37.615042],[127.088564,37.615039],[127.088418,37.615095],[127.088212,37.614993],[127.087664,37.614991],[127.087542,37.614946],[127.087482,37.614972],[127.087147,37.614895],[127.086957,37.6149],[127.086249,37.614798],[127.086328,37.614689],[127.086333,37.61429],[127.086102,37.613415],[127.085697,37.613295],[127.085392,37.612796],[127.085411,37.612614],[127.084797,37.611688],[127.085026,37.61104],[127.085171,37.610457],[127.085459,37.609795],[127.086006,37.609795],[127.086478,37.609906],[127.086774,37.609658],[127.08696,37.609379],[127.08718,37.608716],[127.087439,37.608701],[127.08734,37.60847],[127.087181,37.608316],[127.085114,37.608012],[127.083334,37.60664],[127.082775,37.606707],[127.082757,37.606618],[127.081804,37.606725],[127.081556,37.606507],[127.08149,37.606519],[127.080486,37.605584],[127.078736,37.605372],[127.077464,37.612094],[127.075793,37.617251],[127.076317,37.617433],[127.076529,37.617468],[127.076516,37.617501],[127.077536,37.617855],[127.077497,37.617831],[127.077571,37.617744],[127.077731,37.61787],[127.077696,37.617906],[127.080075,37.618724],[127.080075,37.618276],[127.080653,37.618496],[127.080994,37.618889],[127.081434,37.619159],[127.081947,37.619187],[127.082392,37.619354],[127.082828,37.619338],[127.083453,37.61957],[127.083839,37.61965],[127.083787,37.619778],[127.084948,37.620096],[127.086073,37.620292]]]}},{"type":"Feature","properties":{"code":"11070650","name":"묵2동","guCode":"11070","guName":"중랑구"},"geometry":{"type":"Polygon","coordinates":[[[127.075793,37.617251],[127.077464,37.612094],[127.078736,37.605372],[127.073763,37.604767],[127.07315,37.607396],[127.073047,37.607447],[127.072913,37.60767],[127.072594,37.607509],[127.072302,37.607442],[127.072118,37.607488],[127.07213,37.607429],[127.071557,37.607476],[127.071555,37.607559],[127.071059,37.607619],[127.071101,37.608466],[127.071182,37.608809],[127.071263,37.609919],[127.071304,37.60991],[127.071362,37.610243],[127.071443,37.611337],[127.071709,37.613514],[127.071136,37.614806],[127.07003,37.615419],[127.070091,37.615406],[127.070411,37.615533],[127.070981,37.615824],[127.071107,37.615954],[127.071094,37.616208],[127.07118,37.61631],[127.071385,37.616403],[127.071958,37.616539],[127.071977,37.616474],[127.074159,37.616832],[127.074378,37.616741],[127.075031,37.61691],[127.075003,37.617126],[127.075541,37.617165],[127.075793,37.617251]]]}},{"type":"Feature","properties":{"code":"11070680","name":"망우3동","guCode":"11070","guName":"중랑구"},"geometry":{"type":"Polygon","coordinates":[[[127.10087,37.594713],[127.101094,37.594501],[127.102323,37.59467],[127.102564,37.594799],[127.102754,37.594849],[127.105318,37.595091],[127.106555,37.594725],[127.107111,37.594651],[127.107306,37.594519],[127.107416,37.594565],[127.108083,37.594548],[127.108372,37.594026],[127.109002,37.593912],[127.109526,37.593586],[127.110004,37.593387],[127.110512,37.593015],[127.112412,37.591856],[127.110675,37.589156],[127.110431,37.588071],[127.110155,37.58743],[127.109928,37.587874],[127.109466,37.587965],[127.108966,37.588008],[127.108549,37.588264],[127.108319,37.588323],[127.107798,37.588295],[127.107215,37.588111],[127.105881,37.588124],[127.105383,37.588364],[127.104127,37.588863],[127.102481,37.589263],[127.102201,37.58931],[127.102035,37.589016],[127.097569,37.590554],[127.097388,37.59057],[127.093626,37.589746],[127.093382,37.59229],[127.093242,37.592291],[127.09311,37.593561],[127.093095,37.593751],[127.093235,37.593782],[127.093199,37.594147],[127.100088,37.59564],[127.10019,37.595714],[127.100114,37.595413],[127.10087,37.594713]]]}},{"type":"Feature","properties":{"code":"11070690","name":"신내1동","guCode":"11070","guName":"중랑구"},"geometry":{"type":"Polygon","coordinates":[[[127.111305,37.620692],[127.112143,37.620307],[127.113505,37.620037],[127.115021,37.619538],[127.115715,37.619634],[127.116203,37.618933],[127.115873,37.618583],[127.117147,37.617888],[127.11701,37.617369],[127.117255,37.616734],[127.116905,37.616367],[127.116672,37.616015],[127.116796,37.614955],[127.116676,37.614673],[127.117061,37.614144],[127.117244,37.612628],[127.117483,37.611771],[127.117212,37.611018],[127.116962,37.610706],[127.116788,37.610282],[127.11677,37.609844],[127.116879,37.609509],[127.116698,37.608849],[127.113549,37.609942],[127.112993,37.610248],[127.112997,37.610319],[127.11278,37.610314],[127.112542,37.610372],[127.112427,37.610488],[127.112439,37.610734],[127.112315,37.610972],[127.112153,37.611095],[127.111804,37.61128],[127.111215,37.611509],[127.110716,37.611799],[127.1105,37.611872],[127.110304,37.612072],[127.110112,37.612152],[127.109867,37.612206],[127.109385,37.612113],[127.109033,37.612005],[127.108487,37.61176],[127.108383,37.611767],[127.108164,37.611973],[127.108048,37.612007],[127.107712,37.611942],[127.10748,37.611944],[127.106973,37.612118],[127.106648,37.612112],[127.106406,37.612165],[127.105844,37.612383],[127.10569,37.612459],[127.105419,37.612686],[127.104919,37.613162],[127.104534,37.61327],[127.104159,37.613311],[127.103714,37.613262],[127.103631,37.6132],[127.103004,37.613293],[127.101667,37.613717],[127.101535,37.613668],[127.101492,37.613236],[127.101203,37.613235],[127.101001,37.610273],[127.101293,37.609682],[127.101308,37.609548],[127.101253,37.609289],[127.10151,37.609151],[127.102049,37.608974],[127.102315,37.609107],[127.102543,37.609379],[127.102781,37.609288],[127.103042,37.609573],[127.103252,37.609727],[127.103673,37.609438],[127.103593,37.60915],[127.103721,37.609081],[127.103833,37.608707],[127.103666,37.607695],[127.10367,37.606751],[127.103334,37.606458],[127.103319,37.606003],[127.10259,37.604959],[127.10268,37.604805],[127.102281,37.60449],[127.102125,37.604294],[127.102347,37.603873],[127.10224,37.603704],[127.101509,37.603198],[127.101047,37.602792],[127.100882,37.602705],[127.100845,37.602749],[127.100556,37.602591],[127.100446,37.600544],[127.09543,37.599441],[127.095883,37.600666],[127.0953,37.600417],[127.095318,37.600981],[127.095278,37.601072],[127.09634,37.60122],[127.096375,37.601282],[127.096191,37.601717],[127.096234,37.601842],[127.096169,37.601901],[127.096241,37.602229],[127.095996,37.602491],[127.096229,37.602474],[127.095917,37.603369],[127.095782,37.603388],[127.095899,37.603418],[127.095666,37.604141],[127.095625,37.604183],[127.095642,37.604277],[127.095563,37.604713],[127.095472,37.605867],[127.095464,37.606396],[127.095157,37.606333],[127.095133,37.606647],[127.095037,37.606981],[127.09497,37.607493],[127.094998,37.607934],[127.095093,37.608278],[127.095248,37.608686],[127.095716,37.609502],[127.095845,37.609873],[127.096263,37.612153],[127.09628,37.612513],[127.096228,37.612899],[127.095831,37.6144],[127.095791,37.614444],[127.095895,37.614552],[127.095595,37.614685],[127.095681,37.614736],[127.09566,37.61483],[127.095443,37.615129],[127.095219,37.615359],[127.094872,37.615597],[127.090506,37.617518],[127.090632,37.617688],[127.089262,37.618295],[127.089349,37.618419],[127.089229,37.618641],[127.089224,37.618828],[127.089299,37.619043],[127.08946,37.619262],[127.089751,37.619549],[127.090567,37.61929],[127.09087,37.619121],[127.091566,37.618872],[127.092331,37.618348],[127.092755,37.618151],[127.093216,37.618003],[127.093248,37.618053],[127.093382,37.618046],[127.093498,37.618098],[127.09364,37.618066],[127.094448,37.619006],[127.095001,37.619047],[127.095547,37.619174],[127.096195,37.61902],[127.096615,37.619433],[127.096651,37.619562],[127.098486,37.620203],[127.098817,37.620394],[127.099644,37.619892],[127.099584,37.620003],[127.099661,37.619912],[127.100802,37.619487],[127.100871,37.619404],[127.101167,37.619469],[127.101675,37.619472],[127.10179,37.619683],[127.101692,37.620025],[127.103205,37.620189],[127.103367,37.620278],[127.103812,37.620288],[127.104068,37.620118],[127.10367,37.619991],[127.103889,37.620035],[127.104917,37.620028],[127.104947,37.620044],[127.104925,37.620096],[127.105555,37.620397],[127.105565,37.620157],[127.106041,37.620341],[127.106436,37.620559],[127.107085,37.620465],[127.107243,37.620507],[127.107921,37.620484],[127.109128,37.620515],[127.110018,37.620704],[127.110519,37.621055],[127.111305,37.620692]]]}},{"type":"Feature","properties":{"code":"11070700","name":"신내2동","guCode":"11070","guName":"중랑구"},"geometry":{"type":"Polygon","coordinates":[[[127.09549,37.615067],[127.09566,37.61483],[127.095681,37.614736],[127.095595,37.614685],[127.095895,37.614552],[127.095791,37.614444],[127.095831,37.6144],[127.096228,37.612899],[127.096279,37.612333],[127.095845,37.609873],[127.095716,37.609502],[127.095248,37.608686],[127.095093,37.608278],[127.094998,37.607934],[127.09497,37.607493],[127.095037,37.606981],[127.095133,37.606647],[127.095157,37.606333],[127.095464,37.606396],[127.095472,37.605867],[127.095563,37.604713],[127.095642,37.604277],[127.095625,37.604183],[127.095666,37.604141],[127.095899,37.603418],[127.095782,37.603388],[127.095917,37.603369],[127.096229,37.602474],[127.095996,37.602491],[127.096241,37.602229],[127.096169,37.601901],[127.096234,37.601842],[127.096191,37.601717],[127.096375,37.601282],[127.09634,37.60122],[127.095278,37.601072],[127.09513,37.601284],[127.095133,37.601685],[127.095093,37.601797],[127.09497,37.60192],[127.094894,37.601925],[127.094865,37.602383],[127.09412,37.602355],[127.094096,37.602427],[127.093872,37.602547],[127.093791,37.602687],[127.093802,37.60284],[127.09395,37.603175],[127.093949,37.603551],[127.093888,37.603651],[127.093878,37.604045],[127.093919,37.60417],[127.093971,37.604176],[127.094059,37.60459],[127.093867,37.605022],[127.093772,37.605049],[127.093629,37.604957],[127.09191,37.60661],[127.091836,37.60654],[127.091445,37.606903],[127.091233,37.607227],[127.090986,37.607228],[127.090824,37.607317],[127.090639,37.607583],[127.090427,37.607669],[127.090635,37.607686],[127.090521,37.607865],[127.08988,37.608301],[127.089474,37.608648],[127.089116,37.609101],[127.088075,37.608778],[127.087649,37.608689],[127.08718,37.608716],[127.08696,37.609379],[127.086774,37.609658],[127.086478,37.609906],[127.086006,37.609795],[127.085459,37.609795],[127.085171,37.610457],[127.085026,37.61104],[127.084797,37.611688],[127.085411,37.612614],[127.085392,37.612796],[127.085697,37.613295],[127.086102,37.613415],[127.086333,37.61429],[127.086328,37.614689],[127.086249,37.614798],[127.086957,37.6149],[127.087147,37.614895],[127.087482,37.614972],[127.087542,37.614946],[127.087664,37.614991],[127.088212,37.614993],[127.088418,37.615095],[127.088564,37.615039],[127.088775,37.615042],[127.090506,37.617518],[127.094795,37.615636],[127.095219,37.615359],[127.09549,37.615067]]]}},{"type":"Feature","properties":{"code":"11070710","name":"면목본동","guCode":"11070","guName":"중랑구"},"geometry":{"type":"Polygon","coordinates":[[[127.093202,37.592697],[127.093242,37.592291],[127.093382,37.59229],[127.093626,37.589746],[127.094881,37.585908],[127.093698,37.583692],[127.084029,37.584516],[127.084005,37.584647],[127.083904,37.584557],[127.083706,37.584513],[127.083628,37.584556],[127.083602,37.584763],[127.083123,37.584661],[127.08313,37.585195],[127.083247,37.586177],[127.083585,37.587277],[127.084136,37.587546],[127.084086,37.587613],[127.084367,37.588432],[127.085043,37.590084],[127.08677,37.592769],[127.093199,37.594147],[127.093235,37.593782],[127.093095,37.593751],[127.093202,37.592697]]]}},{"type":"Feature","properties":{"code":"11070720","name":"면목3·8동","guCode":"11070","guName":"중랑구"},"geometry":{"type":"Polygon","coordinates":[[[127.101763,37.589108],[127.102035,37.589016],[127.102201,37.58931],[127.102481,37.589263],[127.104127,37.588863],[127.105383,37.588364],[127.105881,37.588124],[127.107215,37.588111],[127.107798,37.588295],[127.108319,37.588323],[127.108549,37.588264],[127.108966,37.588008],[127.109466,37.587965],[127.109928,37.587874],[127.110155,37.58743],[127.110023,37.586637],[127.109987,37.586016],[127.109733,37.585244],[127.10938,37.584561],[127.109376,37.584092],[127.109062,37.583605],[127.108967,37.583379],[127.108438,37.583238],[127.10781,37.582876],[127.107241,37.582315],[127.106915,37.582263],[127.106695,37.582122],[127.105995,37.581937],[127.10344,37.580595],[127.102894,37.579907],[127.103025,37.578907],[127.100882,37.579711],[127.100195,37.579607],[127.100261,37.580658],[127.099758,37.580596],[127.099063,37.580826],[127.098486,37.580823],[127.098472,37.580757],[127.098251,37.580771],[127.09806,37.580198],[127.09745,37.580461],[127.097201,37.580488],[127.097042,37.580426],[127.096697,37.580027],[127.096901,37.579951],[127.096887,37.579727],[127.095864,37.57984],[127.095089,37.579858],[127.094997,37.580112],[127.094563,37.58053],[127.094348,37.580611],[127.093697,37.580566],[127.093586,37.580686],[127.09356,37.580658],[127.093478,37.580686],[127.093251,37.580879],[127.093217,37.580719],[127.092616,37.581016],[127.092086,37.580946],[127.091936,37.5808],[127.091434,37.580526],[127.090126,37.58046],[127.088468,37.580753],[127.085213,37.581037],[127.083285,37.581154],[127.083438,37.581607],[127.08351,37.582095],[127.083693,37.582524],[127.083665,37.582924],[127.083403,37.583346],[127.083165,37.584217],[127.083123,37.584661],[127.083602,37.584763],[127.083628,37.584556],[127.083706,37.584513],[127.083904,37.584557],[127.084005,37.584647],[127.084029,37.584516],[127.093698,37.583692],[127.094881,37.585908],[127.093626,37.589746],[127.097388,37.59057],[127.097569,37.590554],[127.101763,37.589108]]]}},{"type":"Feature","properties":{"code":"11070730","name":"망우본동","guCode":"11070","guName":"중랑구"},"geometry":{"type":"Polygon","coordinates":[[[127.10228,37.613522],[127.103004,37.613293],[127.103631,37.6132],[127.103714,37.613262],[127.104159,37.613311],[127.104534,37.61327],[127.104919,37.613162],[127.105419,37.612686],[127.10569,37.612459],[127.105844,37.612383],[127.106406,37.612165],[127.106648,37.612112],[127.106973,37.612118],[127.10748,37.611944],[127.107712,37.611942],[127.108048,37.612007],[127.108164,37.611973],[127.108383,37.611767],[127.108487,37.61176],[127.109033,37.612005],[127.109385,37.612113],[127.109867,37.612206],[127.110112,37.612152],[127.110304,37.612072],[127.1105,37.611872],[127.110716,37.611799],[127.111215,37.611509],[127.111804,37.61128],[127.112153,37.611095],[127.112315,37.610972],[127.112439,37.610734],[127.112427,37.610488],[127.112542,37.610372],[127.11278,37.610314],[127.112997,37.610319],[127.112993,37.610248],[127.113549,37.609942],[127.116698,37.608849],[127.116798,37.60886],[127.117262,37.608652],[127.118033,37.608174],[127.118477,37.607613],[127.118061,37.606591],[127.117998,37.605886],[127.118094,37.605567],[127.118047,37.604602],[127.117377,37.603937],[127.117016,37.603395],[127.116872,37.603053],[127.115723,37.602109],[127.115707,37.601965],[127.115584,37.601718],[127.114964,37.600766],[127.114082,37.600121],[127.114022,37.599966],[127.114064,37.599521],[127.114471,37.599055],[127.115489,37.597654],[127.116877,37.595497],[127.116664,37.594017],[127.115413,37.593531],[127.113665,37.593356],[127.113337,37.59326],[127.112685,37.592199],[127.112412,37.591856],[127.110512,37.593015],[127.110004,37.593387],[127.109526,37.593586],[127.109002,37.593912],[127.108372,37.594026],[127.108083,37.594548],[127.107416,37.594565],[127.107306,37.594519],[127.107111,37.594651],[127.106555,37.594725],[127.105318,37.595091],[127.102754,37.594849],[127.102564,37.594799],[127.102323,37.59467],[127.101094,37.594501],[127.100114,37.595413],[127.10019,37.595714],[127.100088,37.59564],[127.093199,37.594147],[127.092771,37.598329],[127.095229,37.598895],[127.09543,37.599441],[127.100446,37.600544],[127.100556,37.602591],[127.100845,37.602749],[127.100882,37.602705],[127.101047,37.602792],[127.101509,37.603198],[127.10224,37.603704],[127.102347,37.603873],[127.102125,37.604294],[127.102281,37.60449],[127.10268,37.604805],[127.10259,37.604959],[127.103319,37.606003],[127.103334,37.606458],[127.10367,37.606751],[127.103666,37.607695],[127.103833,37.608707],[127.103721,37.609081],[127.103593,37.60915],[127.103673,37.609438],[127.103252,37.609727],[127.103042,37.609573],[127.102781,37.609288],[127.102543,37.609379],[127.102315,37.609107],[127.102049,37.608974],[127.10151,37.609151],[127.101253,37.609289],[127.101308,37.609548],[127.101293,37.609682],[127.101001,37.610273],[127.101203,37.613235],[127.101492,37.613236],[127.101535,37.613668],[127.101667,37.613717],[127.10228,37.613522]]]}},{"type":"Feature","properties":{"code":"11080580","name":"돈암1동","guCode":"11080","guName":"성북구"},"geometry":{"type":"Polygon","coordinates":[[[127.030079,37.603387],[127.029864,37.603327],[127.029858,37.603127],[127.029543,37.602931],[127.029402,37.603089],[127.029244,37.603005],[127.029342,37.602877],[127.029043,37.602696],[127.029186,37.602521],[127.029144,37.60212],[127.028725,37.601865],[127.028633,37.60183],[127.02861,37.601859],[127.028266,37.601688],[127.02769,37.601194],[127.027512,37.600833],[127.02743,37.600847],[127.027002,37.600725],[127.026758,37.600256],[127.026867,37.599769],[127.026674,37.599439],[127.026239,37.599169],[127.026153,37.598874],[127.026124,37.598591],[127.026096,37.598201],[127.026137,37.597914],[127.025897,37.597279],[127.025925,37.597238],[127.025906,37.597098],[127.025775,37.597107],[127.025744,37.597064],[127.025733,37.596811],[127.025427,37.596586],[127.02564,37.596324],[127.025582,37.596166],[127.025476,37.59611],[127.025436,37.595899],[127.025346,37.595916],[127.025176,37.595469],[127.025373,37.595425],[127.025535,37.594785],[127.02496,37.594134],[127.024792,37.594158],[127.024487,37.594304],[127.023452,37.595131],[127.022575,37.59563],[127.02253,37.595687],[127.022539,37.59628],[127.022082,37.596536],[127.021959,37.596981],[127.021688,37.597042],[127.021335,37.597261],[127.021155,37.597103],[127.020782,37.596912],[127.020585,37.597079],[127.020134,37.596784],[127.019607,37.59716],[127.019669,37.597298],[127.01962,37.597376],[127.019481,37.597425],[127.019429,37.597392],[127.019055,37.59762],[127.018972,37.597525],[127.018874,37.597598],[127.018758,37.597859],[127.018705,37.598213],[127.01859,37.598212],[127.018557,37.59828],[127.018709,37.598506],[127.018767,37.598539],[127.018805,37.598481],[127.018872,37.59851],[127.018952,37.59864],[127.019067,37.598692],[127.019236,37.598903],[127.019309,37.599069],[127.019694,37.599104],[127.020169,37.599344],[127.020266,37.599516],[127.02036,37.599838],[127.020549,37.60001],[127.020676,37.6002],[127.020887,37.600209],[127.021162,37.60014],[127.021165,37.600104],[127.021451,37.600102],[127.021488,37.601012],[127.021527,37.601184],[127.021753,37.601175],[127.021769,37.601379],[127.021984,37.601566],[127.021972,37.602061],[127.022647,37.602035],[127.023408,37.602148],[127.024429,37.602355],[127.024768,37.602503],[127.025006,37.602671],[127.025227,37.602893],[127.026059,37.603964],[127.027086,37.604511],[127.029099,37.604522],[127.030322,37.604187],[127.030438,37.604115],[127.030278,37.604039],[127.029943,37.603738],[127.029967,37.603618],[127.030006,37.603597],[127.02996,37.603549],[127.030079,37.603387]]]}},{"type":"Feature","properties":{"code":"11080590","name":"돈암2동","guCode":"11080","guName":"성북구"},"geometry":{"type":"Polygon","coordinates":[[[127.012676,37.601782],[127.012696,37.601745],[127.013113,37.601751],[127.013742,37.601119],[127.013831,37.601163],[127.014081,37.600813],[127.013991,37.600735],[127.013968,37.600614],[127.014089,37.600167],[127.014349,37.600257],[127.01463,37.600266],[127.01488,37.600334],[127.014991,37.600261],[127.015097,37.600239],[127.01512,37.600276],[127.015636,37.600071],[127.016179,37.599745],[127.016739,37.599144],[127.017124,37.598904],[127.017183,37.598821],[127.017152,37.598785],[127.017214,37.598741],[127.017627,37.599192],[127.017711,37.599147],[127.017777,37.599223],[127.018295,37.599036],[127.018262,37.598957],[127.018398,37.598905],[127.0185,37.598801],[127.018395,37.598676],[127.018482,37.59864],[127.018473,37.598604],[127.018519,37.598577],[127.018741,37.5986],[127.018767,37.598539],[127.018622,37.598418],[127.018557,37.59828],[127.01859,37.598212],[127.018705,37.598213],[127.018758,37.597859],[127.018874,37.597598],[127.018972,37.597525],[127.019055,37.59762],[127.019429,37.597392],[127.019529,37.59742],[127.019669,37.597331],[127.019665,37.597258],[127.019609,37.597189],[127.019565,37.597222],[127.019462,37.597103],[127.019291,37.59723],[127.019201,37.597125],[127.01911,37.597105],[127.019188,37.596803],[127.019116,37.596664],[127.018536,37.596585],[127.018454,37.596742],[127.018191,37.596778],[127.018222,37.59692],[127.017675,37.597034],[127.017605,37.597048],[127.017523,37.596902],[127.01744,37.596911],[127.017364,37.597007],[127.017261,37.596938],[127.017232,37.596964],[127.017107,37.596854],[127.017202,37.597132],[127.017096,37.597153],[127.016064,37.596839],[127.016047,37.596869],[127.015927,37.596836],[127.015874,37.596851],[127.01583,37.59694],[127.015977,37.596989],[127.015914,37.597096],[127.015748,37.597082],[127.015674,37.597213],[127.01582,37.597251],[127.015737,37.597392],[127.015664,37.597367],[127.015648,37.5974],[127.015698,37.59742],[127.015527,37.597713],[127.015593,37.597737],[127.015559,37.597792],[127.015364,37.597846],[127.015208,37.598004],[127.015082,37.597967],[127.014879,37.598398],[127.013071,37.598235],[127.012723,37.59766],[127.012965,37.597566],[127.013138,37.597618],[127.013202,37.59742],[127.013065,37.597386],[127.013012,37.597302],[127.01309,37.597054],[127.012973,37.597013],[127.012863,37.597037],[127.012651,37.596691],[127.013795,37.594886],[127.01117,37.593725],[127.01022,37.592691],[127.009583,37.592077],[127.008578,37.591911],[127.008062,37.591722],[127.008041,37.591766],[127.007902,37.591811],[127.00773,37.591788],[127.007489,37.591582],[127.007526,37.591584],[127.0073,37.591281],[127.006677,37.590856],[127.006945,37.591071],[127.007058,37.591236],[127.00709,37.591439],[127.007211,37.591635],[127.007297,37.591908],[127.007235,37.591957],[127.007485,37.592319],[127.007737,37.592538],[127.008228,37.592753],[127.008229,37.592879],[127.008404,37.593168],[127.008409,37.593275],[127.008318,37.59361],[127.008153,37.593638],[127.008125,37.593721],[127.008316,37.594173],[127.007935,37.595679],[127.007832,37.595691],[127.007864,37.595868],[127.007766,37.596041],[127.007191,37.596541],[127.006469,37.596312],[127.006376,37.596414],[127.006263,37.596429],[127.005707,37.59683],[127.005658,37.596808],[127.005549,37.596999],[127.005555,37.597091],[127.005192,37.597377],[127.005478,37.597586],[127.005903,37.597624],[127.00588,37.597825],[127.00635,37.598103],[127.006428,37.598235],[127.006686,37.598458],[127.006507,37.598592],[127.006758,37.598722],[127.007043,37.598654],[127.007941,37.598903],[127.008497,37.598843],[127.009002,37.598984],[127.009203,37.599122],[127.009456,37.599113],[127.009562,37.5991],[127.00985,37.598963],[127.010113,37.598747],[127.010429,37.598701],[127.010691,37.598423],[127.010996,37.598399],[127.011059,37.598498],[127.011096,37.598488],[127.011193,37.59877],[127.011325,37.598741],[127.011364,37.599059],[127.011292,37.599247],[127.011356,37.59951],[127.011252,37.599835],[127.011292,37.599905],[127.011214,37.599979],[127.011234,37.600038],[127.011182,37.600184],[127.01135,37.600554],[127.011369,37.6011],[127.011958,37.601201],[127.01215,37.601353],[127.012481,37.601773],[127.012631,37.601868],[127.012676,37.601782]]]}},{"type":"Feature","properties":{"code":"11080600","name":"안암동","guCode":"11080","guName":"성북구"},"geometry":{"type":"Polygon","coordinates":[[[127.025681,37.596313],[127.025786,37.596265],[127.025954,37.596282],[127.02621,37.596223],[127.026742,37.595968],[127.026837,37.595884],[127.026809,37.595855],[127.026955,37.595779],[127.027255,37.595513],[127.027524,37.595088],[127.027755,37.594487],[127.027974,37.594414],[127.028129,37.594439],[127.02848,37.594402],[127.028688,37.594505],[127.029111,37.59439],[127.0295,37.594578],[127.030012,37.594294],[127.029792,37.593703],[127.029974,37.592818],[127.030177,37.59267],[127.030245,37.59241],[127.030243,37.592235],[127.030357,37.592041],[127.030667,37.591931],[127.031247,37.591603],[127.031683,37.59141],[127.031688,37.591009],[127.031732,37.59096],[127.032072,37.591013],[127.03392,37.591532],[127.034094,37.591598],[127.03462,37.59192],[127.035422,37.591351],[127.03558,37.591529],[127.035999,37.591244],[127.036223,37.591178],[127.036329,37.590141],[127.035544,37.588951],[127.035212,37.588622],[127.033886,37.587526],[127.033509,37.587071],[127.033315,37.586722],[127.033026,37.586454],[127.032061,37.585864],[127.032215,37.585791],[127.032304,37.585678],[127.031709,37.585345],[127.031641,37.585365],[127.031585,37.58517],[127.031228,37.5847],[127.030983,37.58428],[127.029539,37.582684],[127.024406,37.579188],[127.023939,37.579422],[127.023794,37.579564],[127.022156,37.582537],[127.021867,37.583133],[127.020471,37.587074],[127.020353,37.587297],[127.020132,37.587603],[127.019887,37.587848],[127.018789,37.588701],[127.019674,37.589414],[127.022495,37.589021],[127.022502,37.58907],[127.022215,37.589111],[127.022171,37.589158],[127.022237,37.589665],[127.022577,37.589673],[127.022597,37.589835],[127.022936,37.590034],[127.023494,37.590176],[127.02407,37.590401],[127.023845,37.590615],[127.023695,37.590904],[127.023703,37.59147],[127.0239,37.591841],[127.023596,37.592328],[127.023828,37.592492],[127.024008,37.592822],[127.02444,37.593344],[127.02438,37.593486],[127.025535,37.594785],[127.025373,37.595425],[127.025176,37.595469],[127.025346,37.595916],[127.025436,37.595899],[127.025476,37.59611],[127.025582,37.596166],[127.02564,37.596324],[127.025681,37.596313]]]}},{"type":"Feature","properties":{"code":"11080610","name":"보문동","guCode":"11080","guName":"성북구"},"geometry":{"type":"Polygon","coordinates":[[[127.020708,37.586411],[127.021867,37.583133],[127.022156,37.582537],[127.023794,37.579564],[127.023939,37.579422],[127.024406,37.579188],[127.023304,37.578428],[127.023285,37.577985],[127.023178,37.578077],[127.022978,37.577827],[127.02289,37.577821],[127.022763,37.577889],[127.02253,37.578092],[127.022761,37.578334],[127.022482,37.578456],[127.022322,37.578626],[127.021957,37.578748],[127.021793,37.578881],[127.021524,37.578877],[127.020989,37.578725],[127.019055,37.57797],[127.019126,37.577753],[127.018915,37.577657],[127.018774,37.577514],[127.018716,37.577571],[127.018418,37.577664],[127.018091,37.577567],[127.018012,37.57773],[127.01767,37.578114],[127.017971,37.578453],[127.018163,37.578603],[127.01827,37.578608],[127.01825,37.578724],[127.018208,37.578729],[127.018231,37.578816],[127.01827,37.578813],[127.018254,37.578895],[127.0183,37.579033],[127.017974,37.579517],[127.017546,37.579733],[127.017303,37.580265],[127.017298,37.580416],[127.017229,37.580447],[127.017287,37.580475],[127.017278,37.580553],[127.017139,37.580725],[127.016885,37.580862],[127.016952,37.581017],[127.016825,37.581215],[127.016849,37.581431],[127.016734,37.581693],[127.016485,37.581834],[127.016386,37.581938],[127.015613,37.581781],[127.015406,37.581823],[127.015328,37.581983],[127.015097,37.58216],[127.015002,37.582154],[127.014833,37.582331],[127.015071,37.582556],[127.01502,37.582641],[127.014771,37.582802],[127.014645,37.582975],[127.014699,37.583395],[127.014802,37.583494],[127.014829,37.58363],[127.014731,37.584131],[127.014675,37.584246],[127.014717,37.584491],[127.014869,37.584498],[127.014939,37.584644],[127.015591,37.585175],[127.015548,37.585209],[127.01553,37.585519],[127.015792,37.585927],[127.016032,37.586045],[127.016038,37.586099],[127.016245,37.586268],[127.016252,37.586452],[127.016396,37.586472],[127.016429,37.586617],[127.016354,37.586765],[127.018789,37.588701],[127.019887,37.587848],[127.020132,37.587603],[127.020471,37.587074],[127.020708,37.586411]]]}},{"type":"Feature","properties":{"code":"11080620","name":"정릉1동","guCode":"11080","guName":"성북구"},"geometry":{"type":"Polygon","coordinates":[[[127.014551,37.611955],[127.014571,37.611832],[127.014934,37.611323],[127.01495,37.610955],[127.015236,37.610275],[127.015338,37.610184],[127.015736,37.609991],[127.01612,37.609632],[127.016325,37.609239],[127.016309,37.608858],[127.016427,37.608809],[127.016427,37.608777],[127.016603,37.608726],[127.016684,37.608472],[127.016558,37.608289],[127.016398,37.607632],[127.015998,37.607377],[127.015901,37.607395],[127.015802,37.607174],[127.015863,37.607186],[127.016366,37.60694],[127.016902,37.60691],[127.017018,37.606866],[127.017163,37.606676],[127.017152,37.606627],[127.017051,37.606357],[127.016854,37.606176],[127.017083,37.606135],[127.017194,37.606072],[127.017172,37.605954],[127.017442,37.605899],[127.017486,37.605634],[127.017362,37.605539],[127.017595,37.605295],[127.017687,37.605106],[127.017944,37.605143],[127.018252,37.605064],[127.0182,37.604579],[127.017938,37.604556],[127.01794,37.604607],[127.01763,37.604555],[127.017584,37.604497],[127.017702,37.604273],[127.017883,37.604105],[127.017678,37.60391],[127.017679,37.603821],[127.017881,37.603663],[127.018396,37.603666],[127.01857,37.603617],[127.018711,37.603518],[127.018883,37.603313],[127.018974,37.603101],[127.018893,37.602775],[127.02011,37.602413],[127.020148,37.602286],[127.021972,37.602061],[127.021984,37.601566],[127.021769,37.601379],[127.021753,37.601175],[127.021527,37.601184],[127.021488,37.601012],[127.021451,37.600102],[127.021165,37.600104],[127.021162,37.60014],[127.020887,37.600209],[127.020676,37.6002],[127.020549,37.60001],[127.02036,37.599838],[127.020266,37.599516],[127.020169,37.599344],[127.019694,37.599104],[127.019309,37.599069],[127.019236,37.598903],[127.019067,37.598692],[127.018952,37.59864],[127.018894,37.598534],[127.018805,37.598481],[127.018741,37.5986],[127.018576,37.598559],[127.018395,37.598676],[127.0185,37.598801],[127.018398,37.598905],[127.018262,37.598957],[127.018295,37.599036],[127.017777,37.599223],[127.017711,37.599147],[127.017627,37.599192],[127.017214,37.598741],[127.017152,37.598785],[127.017183,37.598821],[127.017124,37.598904],[127.016739,37.599144],[127.016179,37.599745],[127.015636,37.600071],[127.01512,37.600276],[127.015097,37.600239],[127.014991,37.600261],[127.01488,37.600334],[127.01463,37.600266],[127.014349,37.600257],[127.014089,37.600167],[127.013968,37.600614],[127.013991,37.600735],[127.014146,37.600868],[127.014295,37.601259],[127.014375,37.601664],[127.014134,37.601942],[127.013622,37.602277],[127.013312,37.603357],[127.014816,37.603384],[127.014766,37.603777],[127.014709,37.605192],[127.014839,37.605811],[127.015046,37.606488],[127.015785,37.607324],[127.015842,37.607677],[127.015712,37.607872],[127.01536,37.608248],[127.015349,37.608543],[127.015479,37.609211],[127.015429,37.609458],[127.013573,37.611517],[127.013382,37.611636],[127.01353,37.611927],[127.0136,37.611906],[127.013859,37.612437],[127.013928,37.612487],[127.013931,37.613017],[127.013871,37.613112],[127.013872,37.613243],[127.014237,37.613515],[127.014448,37.613578],[127.014593,37.613226],[127.014446,37.612534],[127.014551,37.611955]]]}},{"type":"Feature","properties":{"code":"11080630","name":"정릉2동","guCode":"11080","guName":"성북구"},"geometry":{"type":"Polygon","coordinates":[[[127.014342,37.610672],[127.015429,37.609458],[127.015479,37.609211],[127.015349,37.608543],[127.01536,37.608248],[127.015712,37.607872],[127.015842,37.607677],[127.015785,37.607324],[127.015046,37.606488],[127.014839,37.605811],[127.014709,37.605192],[127.014766,37.603777],[127.014816,37.603384],[127.013312,37.603357],[127.013622,37.602277],[127.014134,37.601942],[127.014375,37.601664],[127.014295,37.601259],[127.014146,37.600868],[127.014081,37.600813],[127.013831,37.601163],[127.013742,37.601119],[127.013113,37.601751],[127.012696,37.601745],[127.012631,37.601868],[127.012481,37.601773],[127.012037,37.601245],[127.011813,37.601159],[127.011378,37.601113],[127.01135,37.600554],[127.011182,37.600184],[127.011234,37.600038],[127.011214,37.599979],[127.011292,37.599905],[127.011252,37.599835],[127.011356,37.59951],[127.011292,37.599247],[127.011364,37.599059],[127.011325,37.598741],[127.011193,37.59877],[127.011096,37.598488],[127.011059,37.598498],[127.010996,37.598399],[127.010691,37.598423],[127.010429,37.598701],[127.010113,37.598747],[127.00985,37.598963],[127.009562,37.5991],[127.009456,37.599113],[127.009203,37.599122],[127.009002,37.598984],[127.008497,37.598843],[127.007941,37.598903],[127.007043,37.598654],[127.006758,37.598722],[127.006507,37.598592],[127.006686,37.598458],[127.006428,37.598235],[127.00635,37.598103],[127.00588,37.597825],[127.005903,37.597624],[127.005478,37.597586],[127.005192,37.597377],[127.005555,37.597091],[127.004679,37.597188],[127.004147,37.597681],[127.00349,37.598042],[127.003467,37.598177],[127.002503,37.599372],[127.002192,37.599507],[127.002071,37.600047],[127.001755,37.600411],[127.001417,37.6006],[127.001234,37.601097],[127.001081,37.60139],[127.000303,37.60145],[127.000231,37.601853],[127.000254,37.601876],[127.00017,37.60198],[127.000067,37.60227],[127.00011,37.602436],[127.000324,37.602671],[127.000229,37.602723],[127.000042,37.602986],[127.000342,37.603203],[127.000612,37.603521],[127.00077,37.60357],[127.000747,37.603767],[127.000999,37.604186],[127.001057,37.604196],[127.001252,37.604042],[127.001361,37.603847],[127.001493,37.604131],[127.002164,37.604224],[127.002948,37.604411],[127.003015,37.604646],[127.003641,37.60466],[127.004567,37.604317],[127.004735,37.604171],[127.005534,37.604524],[127.005542,37.604646],[127.005241,37.604774],[127.005076,37.605224],[127.004593,37.605331],[127.004689,37.605898],[127.004923,37.606371],[127.004414,37.60646],[127.004274,37.60669],[127.004315,37.607052],[127.003803,37.607055],[127.003563,37.607183],[127.003691,37.607282],[127.003814,37.607494],[127.003752,37.607526],[127.003772,37.607734],[127.003646,37.607936],[127.003683,37.608014],[127.003841,37.608152],[127.004149,37.608228],[127.004142,37.608405],[127.004266,37.608408],[127.004272,37.608288],[127.004294,37.608375],[127.004357,37.608377],[127.004434,37.608459],[127.004498,37.608423],[127.004035,37.607929],[127.005032,37.607636],[127.005974,37.607205],[127.006443,37.606916],[127.007331,37.606101],[127.00771,37.605861],[127.008335,37.605755],[127.009154,37.605732],[127.008447,37.606134],[127.008826,37.606178],[127.009351,37.606158],[127.009355,37.607149],[127.009214,37.607622],[127.009233,37.607742],[127.00919,37.60795],[127.008996,37.608662],[127.009218,37.608626],[127.009372,37.608427],[127.009973,37.60832],[127.010093,37.608017],[127.01017,37.607976],[127.010529,37.608095],[127.010575,37.607977],[127.010761,37.608034],[127.010724,37.608149],[127.01089,37.608191],[127.011004,37.608303],[127.01136,37.608315],[127.011391,37.608404],[127.011578,37.608409],[127.011574,37.608991],[127.011401,37.609133],[127.011351,37.609246],[127.011616,37.609332],[127.011584,37.609384],[127.01114,37.609411],[127.011121,37.609547],[127.011614,37.609553],[127.011765,37.609727],[127.01196,37.610057],[127.011954,37.61053],[127.012188,37.610648],[127.012296,37.610554],[127.012958,37.610984],[127.013185,37.611592],[127.013416,37.611614],[127.013573,37.611517],[127.014342,37.610672]]]}},{"type":"Feature","properties":{"code":"11080640","name":"정릉3동","guCode":"11080","guName":"성북구"},"geometry":{"type":"Polygon","coordinates":[[[126.985607,37.623625],[126.986495,37.623073],[126.987309,37.623251],[126.987663,37.622977],[126.988395,37.622826],[126.988381,37.622432],[126.988042,37.62203],[126.987668,37.621787],[126.987043,37.621478],[126.987334,37.621061],[126.987804,37.620845],[126.988808,37.620594],[126.990922,37.619984],[126.99149,37.619729],[126.99196,37.61935],[126.992498,37.619115],[126.992862,37.618624],[126.993526,37.618118],[126.996902,37.617469],[126.997686,37.615562],[126.997897,37.615674],[126.999197,37.616163],[126.999222,37.616206],[126.999167,37.616437],[126.999462,37.616498],[126.999709,37.616631],[126.999916,37.616639],[126.999893,37.616801],[127.000441,37.616867],[127.000443,37.616907],[127.000892,37.616905],[127.001485,37.616579],[127.001969,37.616474],[127.002722,37.616542],[127.003343,37.616424],[127.003756,37.616086],[127.004073,37.615929],[127.004166,37.615812],[127.004561,37.615612],[127.005233,37.615546],[127.005805,37.615295],[127.005881,37.61534],[127.006053,37.614926],[127.006182,37.614321],[127.005996,37.614144],[127.005997,37.613761],[127.005854,37.613754],[127.005842,37.613541],[127.005949,37.613321],[127.006822,37.612962],[127.00751,37.612476],[127.008,37.612212],[127.00799,37.611339],[127.008024,37.611007],[127.008186,37.610806],[127.008509,37.610559],[127.008644,37.610312],[127.008635,37.609926],[127.00919,37.60795],[127.009233,37.607742],[127.009214,37.607622],[127.009355,37.607149],[127.009351,37.606158],[127.008826,37.606178],[127.008447,37.606134],[127.009154,37.605732],[127.008335,37.605755],[127.00771,37.605861],[127.007331,37.606101],[127.006443,37.606916],[127.005974,37.607205],[127.005032,37.607636],[127.004035,37.607929],[127.004498,37.608423],[127.004434,37.608459],[127.004357,37.608377],[127.004294,37.608375],[127.004272,37.608288],[127.004266,37.608408],[127.004142,37.608405],[127.004149,37.608228],[127.003841,37.608152],[127.003683,37.608014],[127.003646,37.607936],[127.003772,37.607734],[127.003752,37.607526],[127.003814,37.607494],[127.003691,37.607282],[127.003563,37.607183],[127.003803,37.607055],[127.004315,37.607052],[127.004274,37.60669],[127.004414,37.60646],[127.004923,37.606371],[127.004689,37.605898],[127.004593,37.605331],[127.005076,37.605224],[127.005241,37.604774],[127.005542,37.604646],[127.005534,37.604524],[127.004735,37.604171],[127.004567,37.604317],[127.003641,37.60466],[127.003015,37.604646],[127.002948,37.604411],[127.002164,37.604224],[127.001493,37.604131],[127.001361,37.603847],[127.001252,37.604042],[127.001057,37.604196],[127.000999,37.604186],[127.000747,37.603767],[127.00077,37.60357],[127.000612,37.603521],[127.000342,37.603203],[127.000042,37.602986],[127.000229,37.602723],[127.000324,37.602671],[127.00011,37.602436],[127.000067,37.60227],[127.00017,37.60198],[127.000254,37.601876],[127.000269,37.601553],[126.999946,37.60165],[126.999279,37.601426],[126.999006,37.601381],[126.998304,37.601681],[126.998239,37.601761],[126.997728,37.602085],[126.997346,37.602173],[126.996891,37.602168],[126.996068,37.602339],[126.995988,37.602364],[126.995745,37.602626],[126.995553,37.602715],[126.994705,37.602475],[126.994188,37.602764],[126.99401,37.603141],[126.99376,37.60315],[126.993356,37.603431],[126.993187,37.603501],[126.993078,37.603614],[126.992981,37.603568],[126.992608,37.603648],[126.992555,37.603696],[126.992415,37.603683],[126.991869,37.603786],[126.991405,37.603749],[126.991202,37.603892],[126.990849,37.604045],[126.989832,37.603888],[126.989201,37.603867],[126.988681,37.60402],[126.98852,37.604196],[126.988398,37.604222],[126.988384,37.604149],[126.988197,37.603995],[126.987595,37.603986],[126.987175,37.603883],[126.986669,37.604024],[126.986787,37.604504],[126.986672,37.605092],[126.986756,37.606087],[126.986303,37.606514],[126.986364,37.606875],[126.986097,37.607394],[126.986238,37.607737],[126.986689,37.608298],[126.986822,37.608875],[126.986296,37.609154],[126.985865,37.60947],[126.985858,37.610165],[126.98578,37.610907],[126.985638,37.611396],[126.986171,37.61302],[126.98613,37.613242],[126.98637,37.613534],[126.986579,37.613972],[126.985804,37.614739],[126.985568,37.61477],[126.985586,37.614824],[126.985497,37.614851],[126.985469,37.614933],[126.985534,37.615009],[126.985154,37.615503],[126.984536,37.615981],[126.984392,37.616857],[126.983714,37.617759],[126.983162,37.619235],[126.98318,37.620183],[126.983651,37.621151],[126.981848,37.624315],[126.980902,37.625392],[126.979603,37.626371],[126.979877,37.627453],[126.98019,37.627933],[126.980045,37.62828],[126.980135,37.628353],[126.981203,37.628349],[126.982163,37.627472],[126.982498,37.627036],[126.983289,37.626182],[126.983866,37.625626],[126.98487,37.625282],[126.985258,37.624927],[126.985035,37.624749],[126.985238,37.623946],[126.985607,37.623625]]]}},{"type":"Feature","properties":{"code":"11080650","name":"정릉4동","guCode":"11080","guName":"성북구"},"geometry":{"type":"Polygon","coordinates":[[[126.983959,37.636438],[126.985907,37.635797],[126.986325,37.63548],[126.987409,37.634966],[126.988162,37.634495],[126.988399,37.634172],[126.988571,37.633777],[126.988745,37.633938],[126.989458,37.633998],[126.98984,37.633438],[126.989931,37.632797],[126.990734,37.632668],[126.991367,37.632614],[126.99184,37.632275],[126.993015,37.631739],[126.993694,37.631474],[126.994104,37.631121],[126.994258,37.630848],[126.994744,37.630518],[126.995393,37.63025],[126.996054,37.629346],[126.99651,37.629086],[126.996776,37.628659],[126.997568,37.628059],[126.99788,37.627568],[126.998451,37.627122],[126.999273,37.626202],[126.999841,37.626056],[127.000204,37.625824],[127.000678,37.625709],[127.001761,37.62565],[127.002134,37.625436],[127.002981,37.625284],[127.003493,37.624954],[127.003897,37.624226],[127.004433,37.624053],[127.00456,37.624077],[127.004897,37.623824],[127.00519,37.624009],[127.005587,37.623839],[127.005719,37.623981],[127.007335,37.624137],[127.007888,37.624027],[127.0079,37.623759],[127.007745,37.623381],[127.00779,37.622943],[127.007539,37.622694],[127.007625,37.622286],[127.007439,37.621763],[127.007585,37.621497],[127.007379,37.621395],[127.007306,37.621048],[127.007179,37.620857],[127.007304,37.620716],[127.007192,37.620508],[127.0076,37.62001],[127.00786,37.619855],[127.007742,37.619635],[127.007942,37.619408],[127.00803,37.619392],[127.008156,37.619164],[127.008344,37.619113],[127.008452,37.618966],[127.008497,37.618622],[127.009071,37.618286],[127.009369,37.618249],[127.009932,37.617766],[127.009995,37.617547],[127.009985,37.617246],[127.010138,37.616935],[127.010102,37.616854],[127.010146,37.616798],[127.01023,37.616793],[127.010952,37.616286],[127.011412,37.616441],[127.011832,37.616324],[127.012121,37.616017],[127.01284,37.615695],[127.013409,37.615568],[127.013765,37.6154],[127.013769,37.615326],[127.013807,37.615298],[127.013841,37.615334],[127.014166,37.615075],[127.01414,37.615043],[127.01421,37.614991],[127.01421,37.614911],[127.014509,37.61472],[127.014474,37.614685],[127.014817,37.614218],[127.014721,37.614054],[127.014403,37.613688],[127.014448,37.613578],[127.014237,37.613515],[127.013872,37.613243],[127.013871,37.613112],[127.013931,37.613017],[127.013928,37.612487],[127.013859,37.612437],[127.0136,37.611906],[127.01353,37.611927],[127.013382,37.611636],[127.013416,37.611614],[127.013185,37.611592],[127.012958,37.610984],[127.012296,37.610554],[127.012188,37.610648],[127.011954,37.61053],[127.01196,37.610057],[127.011765,37.609727],[127.011614,37.609553],[127.011121,37.609547],[127.01114,37.609411],[127.011584,37.609384],[127.011616,37.609332],[127.011351,37.609246],[127.011401,37.609133],[127.011574,37.608991],[127.011578,37.608409],[127.011391,37.608404],[127.01136,37.608315],[127.011004,37.608303],[127.01089,37.608191],[127.010724,37.608149],[127.010761,37.608034],[127.010575,37.607977],[127.010529,37.608095],[127.01017,37.607976],[127.010093,37.608017],[127.009973,37.60832],[127.009372,37.608427],[127.009218,37.608626],[127.008996,37.608662],[127.008635,37.609926],[127.008644,37.610312],[127.008509,37.610559],[127.008186,37.610806],[127.008024,37.611007],[127.00799,37.611339],[127.008,37.612212],[127.00751,37.612476],[127.006822,37.612962],[127.005949,37.613321],[127.005842,37.613541],[127.005854,37.613754],[127.005997,37.613761],[127.005996,37.614144],[127.006182,37.614321],[127.006053,37.614926],[127.005881,37.61534],[127.005805,37.615295],[127.005233,37.615546],[127.004561,37.615612],[127.004166,37.615812],[127.004073,37.615929],[127.003756,37.616086],[127.003343,37.616424],[127.002722,37.616542],[127.001969,37.616474],[127.001485,37.616579],[127.000892,37.616905],[127.000443,37.616907],[127.000441,37.616867],[126.999893,37.616801],[126.999916,37.616639],[126.999709,37.616631],[126.999462,37.616498],[126.999167,37.616437],[126.999222,37.616206],[126.999197,37.616163],[126.997897,37.615674],[126.997686,37.615562],[126.996902,37.617469],[126.993526,37.618118],[126.992862,37.618624],[126.992498,37.619115],[126.99196,37.61935],[126.99149,37.619729],[126.990922,37.619984],[126.988808,37.620594],[126.987804,37.620845],[126.987334,37.621061],[126.987043,37.621478],[126.987668,37.621787],[126.988042,37.62203],[126.988381,37.622432],[126.988395,37.622826],[126.987663,37.622977],[126.987309,37.623251],[126.986495,37.623073],[126.985607,37.623625],[126.985238,37.623946],[126.985035,37.624749],[126.985258,37.624927],[126.98487,37.625282],[126.983866,37.625626],[126.983289,37.626182],[126.982498,37.627036],[126.982163,37.627472],[126.981203,37.628349],[126.980135,37.628353],[126.980045,37.62828],[126.979933,37.628551],[126.979528,37.628893],[126.978419,37.62929],[126.976192,37.629087],[126.974966,37.629026],[126.974681,37.629805],[126.975085,37.631183],[126.975369,37.631698],[126.97558,37.631753],[126.975828,37.632009],[126.976224,37.632232],[126.977006,37.632969],[126.977332,37.633583],[126.977805,37.633911],[126.978458,37.634046],[126.979198,37.634079],[126.979652,37.634207],[126.98005,37.634418],[126.980191,37.634553],[126.980607,37.634816],[126.981122,37.63486],[126.981416,37.63483],[126.981514,37.634721],[126.981679,37.634935],[126.982041,37.635157],[126.982161,37.635281],[126.98229,37.635535],[126.982515,37.635741],[126.982516,37.635786],[126.982609,37.635824],[126.982788,37.635809],[126.983132,37.636105],[126.983547,37.636321],[126.983587,37.636412],[126.983707,37.636457],[126.983959,37.636438]]]}},{"type":"Feature","properties":{"code":"11080660","name":"길음1동","guCode":"11080","guName":"성북구"},"geometry":{"type":"Polygon","coordinates":[[[127.017032,37.614741],[127.017115,37.614775],[127.01726,37.614691],[127.017537,37.614616],[127.018164,37.614009],[127.018514,37.613834],[127.01854,37.613855],[127.018617,37.613792],[127.018805,37.613779],[127.018995,37.61385],[127.019227,37.613795],[127.019515,37.613331],[127.019683,37.613256],[127.019864,37.613235],[127.020014,37.613012],[127.020336,37.612857],[127.020398,37.612596],[127.02067,37.612512],[127.021554,37.612436],[127.022035,37.612293],[127.022061,37.611982],[127.022196,37.611372],[127.022231,37.611387],[127.022237,37.611204],[127.024216,37.60556],[127.025107,37.604249],[127.025698,37.603496],[127.025227,37.602893],[127.024857,37.60256],[127.024429,37.602355],[127.023408,37.602148],[127.022512,37.602027],[127.021357,37.602117],[127.020148,37.602286],[127.02011,37.602413],[127.018893,37.602775],[127.018974,37.603101],[127.018932,37.603228],[127.018796,37.603444],[127.01857,37.603617],[127.018396,37.603666],[127.017881,37.603663],[127.017679,37.603821],[127.017678,37.60391],[127.017883,37.604105],[127.017702,37.604273],[127.017584,37.604497],[127.01763,37.604555],[127.01794,37.604607],[127.017938,37.604556],[127.0182,37.604579],[127.018252,37.605064],[127.017944,37.605143],[127.017687,37.605106],[127.017595,37.605295],[127.017362,37.605539],[127.017486,37.605634],[127.017442,37.605899],[127.017172,37.605954],[127.017194,37.606072],[127.017083,37.606135],[127.016854,37.606176],[127.017051,37.606357],[127.017152,37.606627],[127.017163,37.606676],[127.017018,37.606866],[127.016902,37.60691],[127.016366,37.60694],[127.015863,37.607186],[127.015802,37.607174],[127.015901,37.607395],[127.015998,37.607377],[127.016398,37.607632],[127.016558,37.608289],[127.016686,37.608467],[127.016603,37.608726],[127.016427,37.608777],[127.016427,37.608809],[127.016309,37.608858],[127.016325,37.609239],[127.01612,37.609632],[127.015736,37.609991],[127.015338,37.610184],[127.015236,37.610275],[127.01495,37.610955],[127.014934,37.611323],[127.014571,37.611832],[127.014446,37.612534],[127.014593,37.613226],[127.014403,37.613688],[127.014721,37.614054],[127.014817,37.614218],[127.014474,37.614685],[127.014509,37.61472],[127.015002,37.614715],[127.016029,37.614844],[127.01618,37.614949],[127.016524,37.61494],[127.016665,37.614877],[127.016903,37.614841],[127.016894,37.614813],[127.017032,37.614741]]]}},{"type":"Feature","properties":{"code":"11080680","name":"길음2동","guCode":"11080","guName":"성북구"},"geometry":{"type":"Polygon","coordinates":[[[127.026711,37.6127],[127.027475,37.612538],[127.027709,37.612605],[127.028025,37.612554],[127.028162,37.612573],[127.028682,37.612445],[127.029102,37.612399],[127.030177,37.612357],[127.030345,37.611297],[127.030248,37.608973],[127.030427,37.609073],[127.031036,37.606891],[127.031526,37.605307],[127.032222,37.603329],[127.03124,37.603694],[127.03065,37.603982],[127.030322,37.604187],[127.029099,37.604522],[127.027086,37.604511],[127.026059,37.603964],[127.025698,37.603496],[127.025107,37.604249],[127.024216,37.60556],[127.022237,37.611204],[127.022231,37.611387],[127.022419,37.611447],[127.022502,37.611367],[127.022734,37.611515],[127.023451,37.611736],[127.023918,37.611966],[127.024238,37.612056],[127.024416,37.612026],[127.02453,37.612057],[127.024564,37.612143],[127.024666,37.612156],[127.024995,37.612029],[127.025187,37.612015],[127.025745,37.612139],[127.026038,37.61224],[127.026161,37.612481],[127.026433,37.612694],[127.026711,37.6127]]]}},{"type":"Feature","properties":{"code":"11080710","name":"월곡1동","guCode":"11080","guName":"성북구"},"geometry":{"type":"Polygon","coordinates":[[[127.039376,37.611735],[127.039645,37.611754],[127.039966,37.612008],[127.040295,37.612127],[127.040716,37.612127],[127.040519,37.611089],[127.04085,37.611064],[127.040955,37.610925],[127.041128,37.611026],[127.041979,37.610925],[127.042083,37.611461],[127.042376,37.611389],[127.042674,37.611456],[127.043065,37.611215],[127.043428,37.611271],[127.043537,37.611242],[127.043528,37.610937],[127.0434,37.610011],[127.042909,37.609443],[127.042692,37.608789],[127.042548,37.608129],[127.04209,37.607735],[127.042004,37.607716],[127.041964,37.607598],[127.041238,37.607006],[127.040579,37.606331],[127.0405,37.606383],[127.040278,37.606126],[127.040279,37.605966],[127.040025,37.605467],[127.040033,37.605081],[127.0398,37.604901],[127.039332,37.604654],[127.03909,37.604952],[127.038638,37.60536],[127.038348,37.605543],[127.037898,37.605586],[127.037575,37.605705],[127.037368,37.605805],[127.037057,37.606076],[127.036877,37.605987],[127.037148,37.604816],[127.037221,37.604633],[127.037661,37.603905],[127.037213,37.603657],[127.038611,37.602419],[127.034449,37.602823],[127.033548,37.602968],[127.033299,37.603032],[127.033214,37.603096],[127.033058,37.6031],[127.032925,37.603186],[127.032571,37.603204],[127.032222,37.603329],[127.031526,37.605307],[127.031036,37.606891],[127.030427,37.609073],[127.031687,37.609768],[127.032751,37.610273],[127.032936,37.61046],[127.033375,37.610642],[127.033538,37.610779],[127.035819,37.61202],[127.036144,37.61228],[127.036095,37.61234],[127.036781,37.612425],[127.037182,37.61271],[127.037452,37.612707],[127.037673,37.612547],[127.038079,37.612391],[127.03843,37.612058],[127.038724,37.611903],[127.039376,37.611735]]]}},{"type":"Feature","properties":{"code":"11080720","name":"월곡2동","guCode":"11080","guName":"성북구"},"geometry":{"type":"Polygon","coordinates":[[[127.046419,37.611488],[127.04635,37.610687],[127.045616,37.610755],[127.045566,37.610294],[127.045441,37.609705],[127.045542,37.609548],[127.045684,37.60946],[127.046046,37.609345],[127.046375,37.608576],[127.046638,37.608384],[127.047025,37.608223],[127.047272,37.60799],[127.047255,37.607928],[127.047328,37.607877],[127.047432,37.607868],[127.047432,37.60783],[127.048538,37.607884],[127.048531,37.608027],[127.048725,37.608043],[127.048709,37.608222],[127.048996,37.608229],[127.04908,37.608282],[127.049067,37.608443],[127.049433,37.608465],[127.049662,37.608387],[127.049806,37.608579],[127.049946,37.608527],[127.050001,37.60855],[127.04997,37.608497],[127.049999,37.608517],[127.050077,37.608717],[127.050195,37.609149],[127.050576,37.609205],[127.050844,37.609344],[127.051099,37.609589],[127.051163,37.609699],[127.051538,37.60998],[127.052483,37.609048],[127.052392,37.609002],[127.052387,37.608904],[127.052224,37.608665],[127.051961,37.608487],[127.051578,37.608071],[127.051379,37.607913],[127.05141,37.607891],[127.050971,37.607549],[127.050798,37.607325],[127.050824,37.607221],[127.050606,37.606778],[127.050772,37.606591],[127.050889,37.606239],[127.051052,37.606061],[127.05101,37.606028],[127.051148,37.605935],[127.051352,37.605682],[127.0516,37.605486],[127.05177,37.605282],[127.051838,37.605319],[127.05193,37.605273],[127.051937,37.605014],[127.052165,37.605002],[127.052301,37.604753],[127.052333,37.604505],[127.052429,37.604406],[127.052325,37.604035],[127.052507,37.603712],[127.052346,37.60343],[127.052384,37.603257],[127.052707,37.602795],[127.052718,37.602561],[127.05277,37.602512],[127.052352,37.602208],[127.052138,37.601875],[127.051859,37.601656],[127.051686,37.601381],[127.051398,37.601146],[127.051316,37.601118],[127.051199,37.601224],[127.051014,37.601174],[127.050342,37.600611],[127.050412,37.600095],[127.049938,37.599827],[127.049747,37.599762],[127.049379,37.599109],[127.049103,37.598722],[127.049119,37.598369],[127.049069,37.598137],[127.048838,37.597854],[127.048662,37.597786],[127.048562,37.597625],[127.048339,37.597436],[127.047966,37.597252],[127.047922,37.596937],[127.04782,37.596749],[127.047432,37.596467],[127.047331,37.596135],[127.046769,37.596039],[127.046186,37.596187],[127.045502,37.596617],[127.044785,37.596363],[127.044066,37.596391],[127.043706,37.596271],[127.04301,37.596964],[127.042659,37.596725],[127.041842,37.596458],[127.041417,37.595533],[127.041387,37.595498],[127.04119,37.595493],[127.040994,37.595594],[127.040987,37.595715],[127.040694,37.59601],[127.040727,37.596212],[127.041098,37.596736],[127.041015,37.596704],[127.040974,37.596901],[127.040554,37.597344],[127.040668,37.59761],[127.04088,37.59781],[127.040878,37.600423],[127.040413,37.601186],[127.039514,37.601805],[127.039148,37.602121],[127.039193,37.602168],[127.038855,37.602404],[127.038611,37.602419],[127.037213,37.603657],[127.037661,37.603905],[127.037221,37.604633],[127.037148,37.604816],[127.036877,37.605987],[127.037057,37.606076],[127.037368,37.605805],[127.037575,37.605705],[127.037898,37.605586],[127.038348,37.605543],[127.038638,37.60536],[127.039369,37.604651],[127.040033,37.605081],[127.040025,37.605467],[127.040279,37.605966],[127.040278,37.606126],[127.0405,37.606383],[127.040579,37.606331],[127.041238,37.607006],[127.041964,37.607598],[127.042004,37.607716],[127.04209,37.607735],[127.042548,37.608129],[127.042692,37.608789],[127.042909,37.609443],[127.0434,37.610011],[127.043528,37.610937],[127.043846,37.610803],[127.04418,37.610832],[127.045087,37.61135],[127.045616,37.611454],[127.046304,37.611653],[127.04638,37.611619],[127.046419,37.611488]]]}},{"type":"Feature","properties":{"code":"11080760","name":"장위1동","guCode":"11080","guName":"성북구"},"geometry":{"type":"Polygon","coordinates":[[[127.050948,37.618816],[127.051525,37.618205],[127.049563,37.616943],[127.048627,37.616112],[127.048401,37.615775],[127.048358,37.615518],[127.048393,37.614936],[127.04906,37.613497],[127.048846,37.61241],[127.048633,37.612458],[127.048609,37.612349],[127.048007,37.61163],[127.047997,37.611524],[127.047868,37.611468],[127.047739,37.611325],[127.047571,37.61163],[127.046628,37.611646],[127.046382,37.611614],[127.046304,37.611653],[127.045616,37.611454],[127.045087,37.61135],[127.04418,37.610832],[127.043846,37.610803],[127.043528,37.610937],[127.043537,37.611242],[127.043428,37.611271],[127.043065,37.611215],[127.042674,37.611456],[127.042376,37.611389],[127.042083,37.611461],[127.041979,37.610925],[127.041128,37.611026],[127.040955,37.610925],[127.04085,37.611064],[127.040519,37.611089],[127.040716,37.612127],[127.040295,37.612127],[127.039966,37.612008],[127.039645,37.611754],[127.039238,37.61175],[127.038724,37.611903],[127.038505,37.612013],[127.038079,37.612391],[127.037673,37.612547],[127.037478,37.612696],[127.037182,37.61271],[127.037497,37.612956],[127.037688,37.613218],[127.037882,37.613766],[127.038084,37.613953],[127.038228,37.613996],[127.038157,37.613998],[127.038267,37.614097],[127.038581,37.614208],[127.038609,37.614344],[127.038974,37.614533],[127.039037,37.61465],[127.039374,37.615021],[127.039556,37.615106],[127.039856,37.615491],[127.039843,37.615593],[127.039966,37.615687],[127.039986,37.616185],[127.040041,37.616247],[127.040072,37.616195],[127.040409,37.616067],[127.040558,37.616107],[127.040996,37.616575],[127.041856,37.617132],[127.043949,37.618644],[127.044679,37.619442],[127.044734,37.619546],[127.04673,37.618367],[127.047047,37.61894],[127.047269,37.61917],[127.049332,37.62046],[127.050948,37.618816]]]}},{"type":"Feature","properties":{"code":"11080770","name":"장위2동","guCode":"11080","guName":"성북구"},"geometry":{"type":"Polygon","coordinates":[[[127.054639,37.61498],[127.055035,37.615199],[127.056758,37.613756],[127.058202,37.612324],[127.059111,37.612591],[127.060478,37.613075],[127.060672,37.612794],[127.058774,37.611738],[127.05141,37.607891],[127.051379,37.607913],[127.051578,37.608071],[127.051751,37.608288],[127.052224,37.608665],[127.052387,37.608904],[127.052392,37.609002],[127.052483,37.609048],[127.051538,37.60998],[127.051163,37.609699],[127.051099,37.609589],[127.050844,37.609344],[127.050576,37.609205],[127.050195,37.609149],[127.050077,37.608717],[127.049999,37.608517],[127.04997,37.608497],[127.050001,37.60855],[127.049946,37.608527],[127.049806,37.608579],[127.049662,37.608387],[127.049433,37.608465],[127.049067,37.608443],[127.04908,37.608282],[127.048996,37.608229],[127.048709,37.608222],[127.048725,37.608043],[127.048531,37.608027],[127.048538,37.607884],[127.047841,37.607833],[127.047432,37.60783],[127.047432,37.607868],[127.047328,37.607877],[127.047255,37.607928],[127.047272,37.60799],[127.047025,37.608223],[127.046638,37.608384],[127.046375,37.608576],[127.046046,37.609345],[127.045684,37.60946],[127.045542,37.609548],[127.045441,37.609705],[127.045566,37.610294],[127.045616,37.610755],[127.04635,37.610687],[127.046432,37.611443],[127.046382,37.611614],[127.046628,37.611646],[127.047571,37.61163],[127.047739,37.611325],[127.047868,37.611468],[127.047997,37.611524],[127.048007,37.61163],[127.048609,37.612349],[127.048633,37.612458],[127.048846,37.61241],[127.04906,37.613497],[127.048393,37.614936],[127.048358,37.615518],[127.048401,37.615775],[127.048627,37.616112],[127.049232,37.616677],[127.049563,37.616943],[127.050348,37.617446],[127.051435,37.61734],[127.052284,37.617107],[127.052462,37.617008],[127.052852,37.61676],[127.053241,37.616276],[127.053932,37.615639],[127.054031,37.615379],[127.054639,37.61498]]]}},{"type":"Feature","properties":{"code":"11080780","name":"장위3동","guCode":"11080","guName":"성북구"},"geometry":{"type":"Polygon","coordinates":[[[127.053709,37.620484],[127.054425,37.619779],[127.05556,37.619161],[127.055929,37.618915],[127.057421,37.617481],[127.058487,37.616889],[127.059008,37.616553],[127.060209,37.615966],[127.060699,37.615638],[127.060825,37.615401],[127.060874,37.615424],[127.060945,37.615385],[127.060979,37.615313],[127.060898,37.615262],[127.061145,37.614912],[127.061064,37.61488],[127.061213,37.614821],[127.061454,37.614636],[127.062096,37.614367],[127.062309,37.614316],[127.06269,37.614342],[127.063285,37.614259],[127.062379,37.613824],[127.061615,37.613398],[127.061849,37.613458],[127.061968,37.613438],[127.061646,37.613366],[127.060672,37.612794],[127.060478,37.613075],[127.059111,37.612591],[127.058202,37.612324],[127.056758,37.613756],[127.055035,37.615199],[127.054641,37.614979],[127.054031,37.615379],[127.053932,37.615639],[127.053241,37.616276],[127.05279,37.616816],[127.052284,37.617107],[127.051986,37.617199],[127.051334,37.617357],[127.050348,37.617446],[127.051525,37.618205],[127.049332,37.62046],[127.047269,37.61917],[127.047047,37.61894],[127.04673,37.618367],[127.044734,37.619546],[127.045703,37.621359],[127.04608,37.621875],[127.046529,37.622323],[127.046868,37.622601],[127.04974,37.624274],[127.050236,37.623871],[127.050524,37.623554],[127.051267,37.623064],[127.051761,37.62257],[127.05224,37.622239],[127.052074,37.622158],[127.052706,37.621606],[127.053709,37.620484]]]}},{"type":"Feature","properties":{"code":"11080810","name":"성북동","guCode":"11080","guName":"성북구"},"geometry":{"type":"Polygon","coordinates":[[[126.989082,37.603897],[126.989201,37.603867],[126.989832,37.603888],[126.990849,37.604045],[126.991202,37.603892],[126.991405,37.603749],[126.991869,37.603786],[126.992415,37.603683],[126.992555,37.603696],[126.992608,37.603648],[126.992981,37.603568],[126.993078,37.603614],[126.993187,37.603501],[126.993356,37.603431],[126.99376,37.60315],[126.99401,37.603141],[126.994188,37.602764],[126.994705,37.602475],[126.995553,37.602715],[126.995745,37.602626],[126.995988,37.602364],[126.996068,37.602339],[126.996891,37.602168],[126.997346,37.602173],[126.997728,37.602085],[126.998239,37.601761],[126.998304,37.601681],[126.999006,37.601381],[126.999279,37.601426],[126.999946,37.60165],[127.000266,37.601563],[127.000303,37.60145],[127.001081,37.60139],[127.001234,37.601097],[127.001417,37.6006],[127.001755,37.600411],[127.002071,37.600047],[127.002192,37.599507],[127.002503,37.599372],[127.003467,37.598177],[127.00349,37.598042],[127.004147,37.597681],[127.004679,37.597188],[127.005555,37.597091],[127.005549,37.596999],[127.005658,37.596808],[127.005707,37.59683],[127.006263,37.596429],[127.006376,37.596414],[127.006469,37.596312],[127.007191,37.596541],[127.007829,37.595959],[127.007864,37.595868],[127.007832,37.595691],[127.007935,37.595679],[127.008316,37.594173],[127.008125,37.593721],[127.008153,37.593638],[127.008318,37.59361],[127.008409,37.593275],[127.008404,37.593168],[127.008229,37.592879],[127.008228,37.592753],[127.007737,37.592538],[127.007485,37.592319],[127.007235,37.591957],[127.007297,37.591908],[127.007211,37.591635],[127.00709,37.591439],[127.007058,37.591236],[127.006945,37.591071],[127.006677,37.590856],[127.0073,37.591281],[127.007526,37.591584],[127.007489,37.591582],[127.00773,37.591788],[127.007902,37.591811],[127.008041,37.591766],[127.008062,37.591722],[127.008578,37.591911],[127.009583,37.592077],[127.01022,37.592691],[127.01117,37.593725],[127.01154,37.593889],[127.011846,37.59352],[127.01182,37.593493],[127.013121,37.591911],[127.013149,37.591783],[127.009887,37.590109],[127.007088,37.588876],[127.00572,37.588307],[127.004081,37.587734],[127.004002,37.587803],[127.003891,37.587747],[127.003988,37.587944],[127.003919,37.588032],[127.00369,37.588043],[127.003517,37.588145],[127.003472,37.588415],[127.003393,37.588569],[127.003284,37.588663],[127.002822,37.588772],[127.002344,37.589044],[127.002216,37.589172],[127.002167,37.589383],[127.002196,37.589423],[127.00215,37.589456],[127.002175,37.589507],[127.001961,37.589865],[127.001875,37.589912],[127.001847,37.589883],[127.001468,37.590149],[127.001463,37.590551],[127.001639,37.590861],[127.001762,37.590858],[127.001832,37.591254],[127.001748,37.591244],[127.001732,37.591352],[127.001445,37.591828],[127.001126,37.592095],[127.000994,37.592252],[127.000982,37.592323],[127.000255,37.592295],[127.000242,37.592321],[126.999451,37.592234],[126.999207,37.59235],[126.998728,37.592471],[126.998454,37.592471],[126.997781,37.592334],[126.997443,37.59221],[126.996768,37.592225],[126.996641,37.592151],[126.99658,37.592167],[126.996593,37.592121],[126.996511,37.592104],[126.996083,37.592119],[126.995354,37.592273],[126.994755,37.591664],[126.99432,37.591444],[126.993859,37.591424],[126.993662,37.591494],[126.993571,37.59174],[126.992471,37.591979],[126.992156,37.591999],[126.99187,37.591857],[126.991647,37.591449],[126.99136,37.591392],[126.990962,37.591513],[126.989792,37.591452],[126.989222,37.591257],[126.988867,37.591645],[126.988517,37.591941],[126.987755,37.592255],[126.987316,37.592649],[126.987173,37.592718],[126.986698,37.59275],[126.986268,37.593276],[126.986119,37.593777],[126.985898,37.594011],[126.985914,37.594066],[126.985779,37.594255],[126.985429,37.594449],[126.985148,37.594502],[126.984504,37.594375],[126.983844,37.594435],[126.983467,37.594685],[126.983249,37.594759],[126.982921,37.594776],[126.982759,37.594867],[126.982481,37.595197],[126.981488,37.595336],[126.981299,37.595455],[126.98091,37.595839],[126.980261,37.595953],[126.97979,37.596224],[126.979546,37.596249],[126.979358,37.596352],[126.979111,37.596394],[126.97874,37.596635],[126.978572,37.596786],[126.978551,37.596987],[126.978628,37.597064],[126.978571,37.597252],[126.978353,37.597441],[126.978165,37.5975],[126.977954,37.597684],[126.977301,37.59766],[126.976905,37.597716],[126.97672,37.597901],[126.97714,37.598461],[126.977413,37.599117],[126.977412,37.599417],[126.977682,37.60024],[126.97793,37.600307],[126.978214,37.600742],[126.978522,37.600992],[126.979238,37.601036],[126.979535,37.601218],[126.979832,37.60125],[126.980163,37.60145],[126.9805,37.601459],[126.980684,37.60161],[126.982596,37.602243],[126.982867,37.602128],[126.983963,37.603219],[126.984325,37.603127],[126.984725,37.603382],[126.98574,37.603455],[126.985898,37.603632],[126.986629,37.604018],[126.987175,37.603883],[126.987595,37.603986],[126.988197,37.603995],[126.988384,37.604149],[126.988398,37.604222],[126.98852,37.604196],[126.988681,37.60402],[126.989082,37.603897]]]}},{"type":"Feature","properties":{"code":"11080820","name":"삼선동","guCode":"11080","guName":"성북구"},"geometry":{"type":"Polygon","coordinates":[[[127.016246,37.586357],[127.016245,37.586268],[127.016038,37.586099],[127.016032,37.586045],[127.015792,37.585927],[127.01553,37.585519],[127.015548,37.585209],[127.015591,37.585175],[127.014939,37.584644],[127.014869,37.584498],[127.014717,37.584491],[127.014675,37.584246],[127.014731,37.584131],[127.014829,37.58363],[127.014802,37.583494],[127.014699,37.583395],[127.014645,37.582975],[127.014771,37.582802],[127.01502,37.582641],[127.015071,37.582556],[127.014833,37.582331],[127.014224,37.582096],[127.014119,37.58182],[127.013447,37.581633],[127.013246,37.58145],[127.01286,37.581386],[127.012085,37.581586],[127.011789,37.581575],[127.011126,37.581044],[127.010589,37.580255],[127.010035,37.580276],[127.008638,37.58046],[127.008582,37.580629],[127.008441,37.580799],[127.008327,37.581057],[127.008009,37.581229],[127.0078,37.581506],[127.007479,37.581653],[127.007324,37.581866],[127.007021,37.582013],[127.006909,37.582225],[127.006753,37.582336],[127.007155,37.582904],[127.00726,37.583117],[127.007271,37.583333],[127.007195,37.583467],[127.007069,37.584091],[127.006889,37.584703],[127.006901,37.585281],[127.006655,37.585423],[127.006551,37.585546],[127.006641,37.585975],[127.006626,37.586125],[127.006019,37.586854],[127.005866,37.586972],[127.005117,37.586991],[127.004251,37.587177],[127.004127,37.587613],[127.004023,37.587716],[127.006338,37.588555],[127.009887,37.590109],[127.013799,37.592091],[127.01464,37.592336],[127.015949,37.592487],[127.016484,37.592671],[127.016949,37.590439],[127.016662,37.590347],[127.018789,37.588701],[127.016354,37.586765],[127.016429,37.586617],[127.016396,37.586472],[127.016252,37.586452],[127.016246,37.586357]]]}},{"type":"Feature","properties":{"code":"11080830","name":"동선동","guCode":"11080","guName":"성북구"},"geometry":{"type":"Polygon","coordinates":[[[127.015042,37.598052],[127.015082,37.597967],[127.015208,37.598004],[127.015364,37.597846],[127.015559,37.597792],[127.015593,37.597737],[127.015527,37.597713],[127.015698,37.59742],[127.015648,37.5974],[127.015664,37.597367],[127.015737,37.597392],[127.01582,37.597251],[127.015674,37.597213],[127.015748,37.597082],[127.015914,37.597096],[127.015977,37.596989],[127.01583,37.59694],[127.015874,37.596851],[127.015927,37.596836],[127.016047,37.596869],[127.016064,37.596839],[127.017096,37.597153],[127.017202,37.597132],[127.017107,37.596854],[127.017232,37.596964],[127.017261,37.596938],[127.017364,37.597007],[127.01744,37.596911],[127.017523,37.596902],[127.017605,37.597048],[127.017675,37.597034],[127.018222,37.59692],[127.018191,37.596778],[127.018454,37.596742],[127.018536,37.596585],[127.019116,37.596664],[127.019188,37.596803],[127.01911,37.597105],[127.019201,37.597125],[127.019291,37.59723],[127.019462,37.597103],[127.019565,37.597222],[127.020134,37.596784],[127.020585,37.597079],[127.020782,37.596912],[127.021155,37.597103],[127.021335,37.597261],[127.021688,37.597042],[127.021959,37.596981],[127.022082,37.596536],[127.022539,37.59628],[127.02253,37.595687],[127.022575,37.59563],[127.023452,37.595131],[127.024487,37.594304],[127.024792,37.594158],[127.02496,37.594134],[127.02438,37.593486],[127.02444,37.593344],[127.024008,37.592822],[127.023828,37.592492],[127.023596,37.592328],[127.0239,37.591841],[127.023703,37.59147],[127.023695,37.590904],[127.023845,37.590615],[127.02407,37.590401],[127.023494,37.590176],[127.022936,37.590034],[127.022597,37.589835],[127.022577,37.589673],[127.022237,37.589665],[127.022171,37.589158],[127.022215,37.589111],[127.022502,37.58907],[127.022495,37.589021],[127.019674,37.589414],[127.018789,37.588701],[127.016662,37.590347],[127.016949,37.590439],[127.016484,37.592671],[127.015949,37.592487],[127.014795,37.592362],[127.014299,37.592258],[127.013691,37.592046],[127.013149,37.591783],[127.013121,37.591911],[127.01182,37.593493],[127.011846,37.59352],[127.01154,37.593889],[127.013795,37.594886],[127.012651,37.596691],[127.012863,37.597037],[127.012973,37.597013],[127.01309,37.597054],[127.013012,37.597302],[127.013065,37.597386],[127.013202,37.59742],[127.013138,37.597618],[127.012965,37.597566],[127.012723,37.59766],[127.013071,37.598235],[127.014879,37.598398],[127.015042,37.598052]]]}},{"type":"Feature","properties":{"code":"11080840","name":"종암동","guCode":"11080","guName":"성북구"},"geometry":{"type":"Polygon","coordinates":[[[127.0319,37.603448],[127.032571,37.603204],[127.032925,37.603186],[127.033058,37.6031],[127.033214,37.603096],[127.033299,37.603032],[127.033548,37.602968],[127.034449,37.602823],[127.038855,37.602404],[127.039193,37.602168],[127.039148,37.602121],[127.039514,37.601805],[127.040413,37.601186],[127.040878,37.600423],[127.04088,37.59781],[127.040668,37.59761],[127.040554,37.597344],[127.040974,37.596901],[127.041015,37.596704],[127.041098,37.596736],[127.040727,37.596212],[127.040694,37.59601],[127.040987,37.595715],[127.040994,37.595594],[127.041072,37.595581],[127.041082,37.595547],[127.040761,37.595288],[127.040791,37.595632],[127.040629,37.595683],[127.03876,37.591392],[127.03882,37.591392],[127.038758,37.591266],[127.036223,37.591178],[127.035999,37.591244],[127.03558,37.591529],[127.035422,37.591351],[127.03462,37.59192],[127.034094,37.591598],[127.03392,37.591532],[127.032072,37.591013],[127.031732,37.59096],[127.031688,37.591009],[127.031683,37.59141],[127.031247,37.591603],[127.030667,37.591931],[127.030357,37.592041],[127.030243,37.592235],[127.030245,37.59241],[127.030177,37.59267],[127.029974,37.592818],[127.029792,37.593703],[127.030012,37.594294],[127.0295,37.594578],[127.029111,37.59439],[127.028688,37.594505],[127.02848,37.594402],[127.028129,37.594439],[127.027974,37.594414],[127.027755,37.594487],[127.027524,37.595088],[127.027255,37.595513],[127.02661,37.596046],[127.02621,37.596223],[127.025954,37.596282],[127.025786,37.596265],[127.02564,37.596324],[127.025427,37.596586],[127.025733,37.596811],[127.025744,37.597064],[127.025775,37.597107],[127.025906,37.597098],[127.025925,37.597238],[127.025897,37.597279],[127.026137,37.597914],[127.026096,37.598201],[127.026124,37.598591],[127.026153,37.598874],[127.026239,37.599169],[127.026674,37.599439],[127.026867,37.599769],[127.026758,37.600256],[127.027002,37.600725],[127.02743,37.600847],[127.027512,37.600833],[127.02769,37.601194],[127.028266,37.601688],[127.02861,37.601859],[127.028633,37.60183],[127.028725,37.601865],[127.029144,37.60212],[127.029186,37.602521],[127.029043,37.602696],[127.029342,37.602877],[127.029244,37.603005],[127.029402,37.603089],[127.029543,37.602931],[127.029858,37.603127],[127.029864,37.603327],[127.030084,37.603379],[127.02996,37.603549],[127.030006,37.603597],[127.029967,37.603618],[127.029943,37.603738],[127.030278,37.604039],[127.030438,37.604115],[127.03124,37.603694],[127.0319,37.603448]]]}},{"type":"Feature","properties":{"code":"11080850","name":"석관동","guCode":"11080","guName":"성북구"},"geometry":{"type":"Polygon","coordinates":[[[127.071709,37.613514],[127.071443,37.611337],[127.071362,37.610243],[127.071304,37.60991],[127.071263,37.609919],[127.071182,37.608809],[127.071101,37.608466],[127.071061,37.607629],[127.07067,37.607557],[127.070578,37.607465],[127.070461,37.607219],[127.07039,37.60718],[127.070379,37.607032],[127.070258,37.607031],[127.070122,37.607256],[127.069853,37.607278],[127.069848,37.607477],[127.069378,37.607469],[127.069369,37.609019],[127.068848,37.60901],[127.068851,37.608211],[127.067943,37.608063],[127.06784,37.608006],[127.067883,37.606822],[127.067316,37.606781],[127.06733,37.606278],[127.066793,37.606097],[127.066372,37.605842],[127.066283,37.605761],[127.066187,37.605531],[127.066014,37.605553],[127.065483,37.605475],[127.065387,37.605514],[127.064954,37.605862],[127.063644,37.605251],[127.063076,37.605246],[127.062198,37.605132],[127.062183,37.604942],[127.062098,37.604899],[127.061974,37.604902],[127.061485,37.60447],[127.061393,37.604051],[127.061183,37.604086],[127.061091,37.603846],[127.060768,37.603477],[127.06071,37.60353],[127.060432,37.603412],[127.060167,37.603163],[127.060098,37.603054],[127.060134,37.602843],[127.060062,37.602562],[127.059962,37.602445],[127.059933,37.602307],[127.060025,37.6021],[127.060063,37.602087],[127.0602,37.601728],[127.060098,37.601603],[127.059987,37.601548],[127.05966,37.601513],[127.05951,37.601405],[127.059312,37.60133],[127.05922,37.601231],[127.059169,37.601045],[127.058446,37.601074],[127.05733,37.601186],[127.057256,37.601253],[127.057377,37.601536],[127.056337,37.601345],[127.055433,37.601021],[127.055068,37.601324],[127.054247,37.60065],[127.053811,37.600613],[127.053919,37.600423],[127.053703,37.600429],[127.053689,37.600485],[127.053449,37.600435],[127.053414,37.600567],[127.053222,37.600531],[127.053214,37.600386],[127.052099,37.600146],[127.051793,37.600504],[127.051718,37.600752],[127.051316,37.601118],[127.051398,37.601146],[127.051686,37.601381],[127.051859,37.601656],[127.052138,37.601875],[127.052352,37.602208],[127.05277,37.602512],[127.052718,37.602561],[127.052707,37.602795],[127.052384,37.603257],[127.052346,37.60343],[127.052507,37.603712],[127.052325,37.604035],[127.052429,37.604406],[127.052333,37.604505],[127.052301,37.604753],[127.052165,37.605002],[127.051937,37.605014],[127.05193,37.605273],[127.051838,37.605319],[127.05177,37.605282],[127.0516,37.605486],[127.051352,37.605682],[127.051148,37.605935],[127.05101,37.606028],[127.051052,37.606061],[127.050889,37.606239],[127.050772,37.606591],[127.050606,37.606778],[127.050824,37.607221],[127.050798,37.607325],[127.050971,37.607549],[127.051312,37.607837],[127.058774,37.611738],[127.059775,37.612275],[127.061646,37.613366],[127.061968,37.613438],[127.061849,37.613458],[127.061615,37.613398],[127.062379,37.613824],[127.063285,37.614259],[127.063247,37.614269],[127.064579,37.6147],[127.067613,37.615353],[127.069712,37.615724],[127.070065,37.615434],[127.07003,37.615419],[127.071136,37.614806],[127.071709,37.613514]]]}},{"type":"Feature","properties":{"code":"11090600","name":"번1동","guCode":"11090","guName":"강북구"},"geometry":{"type":"Polygon","coordinates":[[[127.037581,37.636254],[127.037819,37.636039],[127.037871,37.635403],[127.038142,37.634258],[127.038581,37.63368],[127.035823,37.634356],[127.035653,37.634423],[127.035756,37.634539],[127.034827,37.635072],[127.034696,37.634951],[127.034308,37.63518],[127.034117,37.635219],[127.034048,37.635148],[127.033813,37.635287],[127.033701,37.63531],[127.030485,37.635087],[127.030471,37.635188],[127.027389,37.634954],[127.026566,37.634995],[127.026542,37.634847],[127.023822,37.63467],[127.02349,37.634717],[127.023446,37.634756],[127.023332,37.634706],[127.023303,37.634737],[127.023076,37.634685],[127.022991,37.635432],[127.023282,37.635899],[127.02362,37.636115],[127.030855,37.642869],[127.03242,37.641833],[127.032831,37.641408],[127.033416,37.640399],[127.034566,37.637783],[127.034776,37.637565],[127.035148,37.637274],[127.036066,37.636955],[127.036847,37.636751],[127.03733,37.636485],[127.037581,37.636254]]]}},{"type":"Feature","properties":{"code":"11090610","name":"번2동","guCode":"11090","guName":"강북구"},"geometry":{"type":"Polygon","coordinates":[[[127.034037,37.635154],[127.034117,37.635219],[127.034308,37.63518],[127.034696,37.634951],[127.034827,37.635072],[127.035756,37.634539],[127.035653,37.634423],[127.035823,37.634356],[127.038581,37.63368],[127.039762,37.632197],[127.040801,37.631548],[127.041754,37.630799],[127.041364,37.630453],[127.041282,37.63051],[127.039938,37.629326],[127.040008,37.629272],[127.036896,37.626674],[127.036739,37.626429],[127.036735,37.626293],[127.036783,37.626146],[127.037481,37.624366],[127.037673,37.623315],[127.037661,37.623103],[127.037772,37.623041],[127.037769,37.622869],[127.037816,37.62288],[127.037786,37.622658],[127.037822,37.622666],[127.037763,37.622614],[127.037643,37.622271],[127.037621,37.6216],[127.037571,37.621398],[127.037486,37.621284],[127.037399,37.621271],[127.036816,37.619946],[127.036775,37.620076],[127.036514,37.620257],[127.036149,37.620376],[127.035791,37.620656],[127.035456,37.620845],[127.034752,37.620871],[127.034317,37.621217],[127.034276,37.621633],[127.034453,37.622098],[127.034076,37.622391],[127.033736,37.622722],[127.033665,37.622879],[127.033742,37.623039],[127.033474,37.623471],[127.033544,37.623604],[127.033295,37.624007],[127.033142,37.624343],[127.033119,37.624492],[127.03326,37.624494],[127.033235,37.624696],[127.033113,37.62468],[127.033091,37.62482],[127.032981,37.62503],[127.032677,37.625172],[127.03257,37.625632],[127.032814,37.626067],[127.032486,37.626821],[127.032748,37.627429],[127.032586,37.627581],[127.032431,37.627551],[127.032095,37.627675],[127.032018,37.627947],[127.032033,37.627999],[127.031705,37.628458],[127.031456,37.628576],[127.03134,37.628847],[127.031339,37.629074],[127.030984,37.629287],[127.030983,37.629419],[127.030638,37.629736],[127.030568,37.629895],[127.030118,37.630508],[127.029807,37.631081],[127.02983,37.631235],[127.030059,37.631462],[127.029828,37.63196],[127.029508,37.632109],[127.02958,37.632461],[127.029164,37.632759],[127.028949,37.633451],[127.028912,37.633774],[127.027591,37.633488],[127.027522,37.633554],[127.026931,37.63378],[127.026863,37.633889],[127.026754,37.633889],[127.026739,37.63392],[127.02735,37.634713],[127.027305,37.634743],[127.027437,37.634898],[127.027294,37.634888],[127.027389,37.634954],[127.030471,37.635188],[127.030485,37.635087],[127.033701,37.63531],[127.033813,37.635287],[127.034037,37.635154]]]}},{"type":"Feature","properties":{"code":"11090620","name":"번3동","guCode":"11090","guName":"강북구"},"geometry":{"type":"Polygon","coordinates":[[[127.042449,37.630472],[127.042526,37.630421],[127.04257,37.630572],[127.043295,37.630016],[127.043844,37.629389],[127.044406,37.628938],[127.045114,37.628531],[127.046368,37.627942],[127.047121,37.627536],[127.047604,37.627124],[127.048103,37.626471],[127.048693,37.625868],[127.049005,37.625382],[127.049257,37.62485],[127.04974,37.624274],[127.046868,37.622601],[127.046561,37.622353],[127.04608,37.621875],[127.045703,37.621359],[127.044679,37.619442],[127.043949,37.618644],[127.041856,37.617132],[127.040996,37.616575],[127.040558,37.616107],[127.040409,37.616067],[127.040072,37.616195],[127.040041,37.616247],[127.039986,37.616185],[127.039966,37.615687],[127.039851,37.61559],[127.039762,37.615613],[127.039709,37.615677],[127.039571,37.615662],[127.039323,37.615731],[127.039265,37.615829],[127.038832,37.616032],[127.038808,37.616366],[127.038638,37.616484],[127.038525,37.616696],[127.038654,37.617151],[127.038763,37.617356],[127.03856,37.617841],[127.038234,37.618198],[127.038212,37.618338],[127.038575,37.61868],[127.038747,37.618933],[127.038946,37.618927],[127.038922,37.619026],[127.038798,37.619071],[127.038459,37.619019],[127.038187,37.619124],[127.037905,37.619116],[127.037305,37.619401],[127.036913,37.619663],[127.036816,37.619946],[127.037399,37.621271],[127.037486,37.621284],[127.037571,37.621398],[127.037621,37.6216],[127.037643,37.622271],[127.037763,37.622614],[127.037822,37.622666],[127.037786,37.622658],[127.037816,37.62288],[127.037769,37.622869],[127.037772,37.623041],[127.037661,37.623103],[127.037673,37.623315],[127.037481,37.624366],[127.036783,37.626146],[127.036735,37.626293],[127.036739,37.626429],[127.036896,37.626674],[127.040008,37.629272],[127.039938,37.629326],[127.041282,37.63051],[127.041364,37.630453],[127.041754,37.630799],[127.042087,37.630679],[127.042449,37.630472]]]}},{"type":"Feature","properties":{"code":"11090630","name":"수유1동","guCode":"11090","guName":"강북구"},"geometry":{"type":"Polygon","coordinates":[[[127.023287,37.634558],[127.023445,37.633164],[127.024334,37.630906],[127.022896,37.630542],[127.022688,37.630376],[127.022055,37.630227],[127.021269,37.630134],[127.01802,37.629319],[127.018001,37.629537],[127.01797,37.629459],[127.017851,37.629365],[127.017867,37.629115],[127.017812,37.629113],[127.017843,37.6287],[127.017745,37.628655],[127.017492,37.628643],[127.017201,37.628452],[127.016678,37.628305],[127.016298,37.628086],[127.01618,37.628054],[127.015979,37.627848],[127.015909,37.627682],[127.015804,37.627619],[127.01576,37.627345],[127.015794,37.627124],[127.015752,37.627066],[127.015521,37.627016],[127.015479,37.626964],[127.015265,37.626939],[127.015261,37.626878],[127.014194,37.626936],[127.013735,37.626882],[127.013416,37.626907],[127.013411,37.626866],[127.012967,37.626694],[127.01236,37.626542],[127.012379,37.626411],[127.012156,37.626236],[127.011983,37.626262],[127.011849,37.626075],[127.011397,37.625842],[127.011409,37.625724],[127.011371,37.625715],[127.011402,37.625581],[127.011249,37.625547],[127.011183,37.625571],[127.011114,37.625529],[127.010968,37.62561],[127.01053,37.625549],[127.010184,37.625462],[127.010188,37.625406],[127.009953,37.625216],[127.009579,37.62519],[127.008864,37.625029],[127.00849,37.624753],[127.008425,37.624582],[127.007888,37.624027],[127.007335,37.624137],[127.005719,37.623981],[127.005587,37.623839],[127.00519,37.624009],[127.004897,37.623824],[127.00456,37.624077],[127.004433,37.624053],[127.003897,37.624226],[127.003493,37.624954],[127.002981,37.625284],[127.002134,37.625436],[127.001761,37.62565],[127.000678,37.625709],[127.000204,37.625824],[126.999841,37.626056],[126.999273,37.626202],[126.998451,37.627122],[126.99788,37.627568],[126.997568,37.628059],[126.996776,37.628659],[126.99651,37.629086],[126.997627,37.629781],[126.998788,37.630252],[126.999617,37.630715],[127.000391,37.630799],[127.000882,37.631078],[127.000951,37.63132],[127.001641,37.631484],[127.002154,37.632067],[127.002596,37.632302],[127.003064,37.632417],[127.003138,37.632578],[127.003422,37.632803],[127.003555,37.632765],[127.004275,37.632974],[127.005044,37.633094],[127.005213,37.633026],[127.005768,37.633078],[127.006095,37.633285],[127.006452,37.633344],[127.00674,37.63376],[127.007282,37.63372],[127.007343,37.633747],[127.00793,37.633475],[127.00794,37.633371],[127.008087,37.633276],[127.008257,37.633027],[127.010108,37.633201],[127.01105,37.633497],[127.011616,37.633513],[127.011996,37.633651],[127.012964,37.633679],[127.01296,37.633717],[127.013328,37.633809],[127.014141,37.633835],[127.014587,37.633908],[127.014869,37.633864],[127.015104,37.633881],[127.015404,37.633954],[127.017138,37.634079],[127.017377,37.634158],[127.018111,37.634184],[127.018944,37.634294],[127.01937,37.634292],[127.023287,37.634558]]]}},{"type":"Feature","properties":{"code":"11090640","name":"수유2동","guCode":"11090","guName":"강북구"},"geometry":{"type":"Polygon","coordinates":[[[127.015536,37.649136],[127.016466,37.648854],[127.017312,37.648653],[127.017784,37.648627],[127.01818,37.648633],[127.018568,37.648696],[127.020206,37.649085],[127.020627,37.649077],[127.021157,37.648993],[127.021447,37.648876],[127.021773,37.648635],[127.022142,37.648161],[127.022663,37.647844],[127.024685,37.647342],[127.025085,37.646709],[127.025335,37.646389],[127.025028,37.646556],[127.025002,37.646523],[127.024945,37.64655],[127.02442,37.645921],[127.024717,37.645885],[127.022538,37.643277],[127.022554,37.643187],[127.022808,37.643005],[127.022504,37.642889],[127.022333,37.642768],[127.022293,37.642616],[127.020824,37.641421],[127.020544,37.641255],[127.020208,37.641138],[127.01986,37.641082],[127.016769,37.640802],[127.016746,37.641026],[127.016877,37.641046],[127.016878,37.641178],[127.016497,37.642365],[127.01654,37.64265],[127.016201,37.643466],[127.016181,37.643701],[127.016056,37.643903],[127.015935,37.64399],[127.015978,37.644032],[127.015622,37.645212],[127.015356,37.645702],[127.014777,37.647079],[127.014711,37.647398],[127.014558,37.647583],[127.013829,37.649205],[127.014974,37.649133],[127.015094,37.649284],[127.015536,37.649136]]]}},{"type":"Feature","properties":{"code":"11090650","name":"수유3동","guCode":"11090","guName":"강북구"},"geometry":{"type":"Polygon","coordinates":[[[127.025065,37.646532],[127.025335,37.646389],[127.025892,37.64572],[127.027555,37.644965],[127.030855,37.642869],[127.02362,37.636115],[127.023282,37.635899],[127.023205,37.635915],[127.023185,37.636148],[127.023103,37.636116],[127.023099,37.636032],[127.022924,37.636024],[127.022908,37.636168],[127.022124,37.63622],[127.02184,37.636196],[127.020966,37.63599],[127.020487,37.635827],[127.019924,37.6356],[127.019609,37.63543],[127.019363,37.635429],[127.019096,37.63578],[127.017782,37.636838],[127.017782,37.636945],[127.017521,37.637126],[127.017483,37.637026],[127.017064,37.637258],[127.016896,37.639808],[127.016846,37.639744],[127.016771,37.639736],[127.016769,37.640017],[127.01674,37.640021],[127.016769,37.640802],[127.01986,37.641082],[127.020208,37.641138],[127.020544,37.641255],[127.020824,37.641421],[127.022293,37.642616],[127.022333,37.642768],[127.022504,37.642889],[127.022808,37.643005],[127.022554,37.643187],[127.022538,37.643277],[127.024717,37.645885],[127.02442,37.645921],[127.024945,37.64655],[127.025065,37.646532]]]}},{"type":"Feature","properties":{"code":"11090690","name":"삼양동","guCode":"11090","guName":"강북구"},"geometry":{"type":"Polygon","coordinates":[[[127.021212,37.629366],[127.02028,37.628845],[127.020336,37.628787],[127.02044,37.628801],[127.020804,37.627886],[127.021278,37.627991],[127.021344,37.627921],[127.021548,37.627369],[127.021278,37.626958],[127.021339,37.626833],[127.021427,37.626803],[127.021629,37.626635],[127.021568,37.626569],[127.021574,37.626456],[127.021864,37.626428],[127.021885,37.626217],[127.021848,37.626212],[127.021935,37.625349],[127.022005,37.62518],[127.020582,37.624845],[127.018404,37.624863],[127.018472,37.624327],[127.018558,37.62405],[127.018675,37.623749],[127.018827,37.623521],[127.018918,37.623417],[127.019024,37.62341],[127.019092,37.623195],[127.019735,37.622556],[127.019814,37.622511],[127.019908,37.622522],[127.020372,37.621932],[127.020699,37.621053],[127.020609,37.621046],[127.020648,37.620993],[127.020718,37.620998],[127.021101,37.619787],[127.020837,37.619837],[127.020875,37.619715],[127.020789,37.619651],[127.019995,37.619821],[127.018641,37.620023],[127.014377,37.620305],[127.014375,37.620231],[127.013911,37.620217],[127.01263,37.62028],[127.011974,37.620135],[127.011278,37.619866],[127.009298,37.618995],[127.00858,37.618577],[127.008497,37.618622],[127.008452,37.618966],[127.008344,37.619113],[127.008156,37.619164],[127.00803,37.619392],[127.007942,37.619408],[127.007742,37.619635],[127.00786,37.619855],[127.0076,37.62001],[127.007192,37.620508],[127.007304,37.620716],[127.007179,37.620857],[127.007306,37.621048],[127.007379,37.621395],[127.007585,37.621497],[127.007439,37.621763],[127.007625,37.622286],[127.007539,37.622694],[127.00779,37.622943],[127.007745,37.623381],[127.0079,37.623759],[127.007888,37.624027],[127.008425,37.624582],[127.00849,37.624753],[127.008864,37.625029],[127.009579,37.62519],[127.009953,37.625216],[127.010188,37.625406],[127.010184,37.625462],[127.010968,37.62561],[127.011114,37.625529],[127.011183,37.625571],[127.011249,37.625547],[127.011402,37.625581],[127.011371,37.625715],[127.011409,37.625724],[127.011397,37.625842],[127.011849,37.626075],[127.011983,37.626262],[127.012156,37.626236],[127.012379,37.626411],[127.01236,37.626542],[127.012967,37.626694],[127.013411,37.626866],[127.013416,37.626907],[127.013735,37.626882],[127.014194,37.626936],[127.015261,37.626878],[127.015265,37.626939],[127.015479,37.626964],[127.015521,37.627016],[127.015752,37.627066],[127.015794,37.627124],[127.01576,37.627345],[127.015804,37.627619],[127.015909,37.627682],[127.015979,37.627848],[127.01618,37.628054],[127.016298,37.628086],[127.016678,37.628305],[127.017201,37.628452],[127.017492,37.628643],[127.017745,37.628655],[127.017843,37.6287],[127.017812,37.629113],[127.017867,37.629115],[127.017851,37.629365],[127.01797,37.629459],[127.018001,37.629537],[127.01802,37.629319],[127.021269,37.630134],[127.022055,37.630227],[127.022683,37.630374],[127.022486,37.630253],[127.021829,37.629624],[127.021212,37.629366]]]}},{"type":"Feature","properties":{"code":"11090700","name":"미아동","guCode":"11090","guName":"강북구"},"geometry":{"type":"Polygon","coordinates":[[[127.027389,37.634954],[127.027294,37.634888],[127.027437,37.634898],[127.027305,37.634743],[127.02735,37.634713],[127.026739,37.63392],[127.026754,37.633889],[127.026863,37.633889],[127.026931,37.63378],[127.027522,37.633554],[127.027591,37.633488],[127.028912,37.633774],[127.028949,37.633451],[127.029164,37.632759],[127.02958,37.632461],[127.029508,37.632109],[127.029828,37.63196],[127.030059,37.631462],[127.02983,37.631235],[127.029807,37.631081],[127.030118,37.630508],[127.030568,37.629895],[127.030638,37.629736],[127.030983,37.629419],[127.030984,37.629287],[127.031339,37.629074],[127.03134,37.628847],[127.031456,37.628576],[127.031705,37.628458],[127.032033,37.627999],[127.032018,37.627947],[127.032095,37.627675],[127.032431,37.627551],[127.032586,37.627581],[127.032748,37.627429],[127.032486,37.626821],[127.032814,37.626067],[127.03257,37.625632],[127.032598,37.625511],[127.032434,37.625412],[127.032351,37.625692],[127.031954,37.625523],[127.031297,37.625562],[127.030978,37.625499],[127.030456,37.624776],[127.030292,37.624662],[127.029759,37.625459],[127.029366,37.625109],[127.029099,37.625018],[127.026248,37.624312],[127.026188,37.624227],[127.026305,37.623599],[127.026265,37.623501],[127.026052,37.623642],[127.025855,37.623671],[127.02513,37.623523],[127.022868,37.622951],[127.021939,37.625316],[127.021848,37.626212],[127.021885,37.626217],[127.021864,37.626428],[127.021574,37.626456],[127.021568,37.626569],[127.021629,37.626635],[127.021427,37.626803],[127.021339,37.626833],[127.021278,37.626958],[127.021548,37.627369],[127.021344,37.627921],[127.021278,37.627991],[127.020804,37.627886],[127.02044,37.628801],[127.020336,37.628787],[127.02028,37.628845],[127.021211,37.629369],[127.021829,37.629624],[127.022486,37.630253],[127.022896,37.630542],[127.024334,37.630906],[127.023445,37.633164],[127.023267,37.634729],[127.023332,37.634706],[127.02347,37.634755],[127.02349,37.634717],[127.023822,37.63467],[127.026542,37.634847],[127.026566,37.634995],[127.027389,37.634954]]]}},{"type":"Feature","properties":{"code":"11090710","name":"송중동","guCode":"11090","guName":"강북구"},"geometry":{"type":"Polygon","coordinates":[[[127.032366,37.625637],[127.032434,37.625412],[127.032598,37.625511],[127.032677,37.625172],[127.032981,37.62503],[127.033091,37.62482],[127.033113,37.62468],[127.033235,37.624696],[127.03326,37.624494],[127.033119,37.624492],[127.033142,37.624343],[127.033295,37.624007],[127.033544,37.623604],[127.033474,37.623471],[127.033742,37.623039],[127.033665,37.622879],[127.033736,37.622722],[127.034076,37.622391],[127.034453,37.622098],[127.034276,37.621633],[127.034317,37.621217],[127.034752,37.620871],[127.035456,37.620845],[127.035791,37.620656],[127.036149,37.620376],[127.036514,37.620257],[127.036775,37.620076],[127.036913,37.619663],[127.037305,37.619401],[127.037905,37.619116],[127.038187,37.619124],[127.038459,37.619019],[127.038798,37.619071],[127.038922,37.619026],[127.038946,37.618927],[127.038747,37.618933],[127.038575,37.61868],[127.038212,37.618338],[127.038234,37.618198],[127.03856,37.617841],[127.038763,37.617356],[127.038654,37.617151],[127.038525,37.616696],[127.038638,37.616484],[127.038808,37.616366],[127.038832,37.616032],[127.039265,37.615829],[127.039323,37.615731],[127.039571,37.615662],[127.039709,37.615677],[127.039762,37.615613],[127.039842,37.615595],[127.039856,37.615491],[127.039556,37.615106],[127.039374,37.615021],[127.039037,37.61465],[127.038974,37.614533],[127.038609,37.614344],[127.038581,37.614208],[127.038267,37.614097],[127.038157,37.613998],[127.038228,37.613996],[127.038084,37.613953],[127.037882,37.613766],[127.037688,37.613218],[127.037497,37.612956],[127.036781,37.612425],[127.036095,37.61234],[127.036144,37.61228],[127.035819,37.61202],[127.033538,37.610779],[127.033375,37.610642],[127.032936,37.61046],[127.032751,37.610273],[127.031687,37.609768],[127.030248,37.608973],[127.030345,37.611297],[127.030177,37.612357],[127.030024,37.613608],[127.029986,37.614234],[127.029913,37.614196],[127.029849,37.61668],[127.029807,37.617124],[127.026895,37.624456],[127.029366,37.625109],[127.029759,37.625459],[127.030292,37.624662],[127.030456,37.624776],[127.030978,37.625499],[127.031297,37.625562],[127.031954,37.625523],[127.032304,37.625693],[127.032351,37.625692],[127.032366,37.625637]]]}},{"type":"Feature","properties":{"code":"11090720","name":"송천동","guCode":"11090","guName":"강북구"},"geometry":{"type":"Polygon","coordinates":[[[127.02207,37.625],[127.022868,37.622951],[127.02513,37.623523],[127.025855,37.623671],[127.026052,37.623642],[127.026265,37.623501],[127.026305,37.623599],[127.026188,37.624227],[127.026248,37.624312],[127.026895,37.624456],[127.029807,37.617124],[127.029849,37.61668],[127.029913,37.614196],[127.029986,37.614234],[127.030024,37.613608],[127.03019,37.612362],[127.029102,37.612399],[127.028682,37.612445],[127.028162,37.612573],[127.028025,37.612554],[127.027709,37.612605],[127.027475,37.612538],[127.026711,37.6127],[127.026433,37.612694],[127.026161,37.612481],[127.026038,37.61224],[127.025745,37.612139],[127.025187,37.612015],[127.024995,37.612029],[127.024666,37.612156],[127.024564,37.612143],[127.02453,37.612057],[127.024416,37.612026],[127.024238,37.612056],[127.023918,37.611966],[127.023451,37.611736],[127.022734,37.611515],[127.022502,37.611367],[127.022419,37.611447],[127.022196,37.611372],[127.022061,37.611982],[127.022035,37.612293],[127.021885,37.612333],[127.022086,37.614254],[127.02211,37.614934],[127.022097,37.61536],[127.021988,37.615984],[127.021748,37.616806],[127.021751,37.616926],[127.02172,37.616927],[127.021752,37.61704],[127.021796,37.61703],[127.02187,37.61714],[127.021857,37.617183],[127.021647,37.617151],[127.021455,37.617735],[127.021192,37.618637],[127.021288,37.618698],[127.020945,37.61982],[127.021101,37.619787],[127.020718,37.620998],[127.020648,37.620993],[127.020609,37.621046],[127.020699,37.621053],[127.020489,37.621683],[127.020372,37.621932],[127.020061,37.622355],[127.019908,37.622522],[127.019814,37.622511],[127.019735,37.622556],[127.019442,37.622836],[127.019092,37.623195],[127.019024,37.62341],[127.018918,37.623417],[127.018675,37.623749],[127.018472,37.624327],[127.018404,37.624863],[127.020582,37.624845],[127.022005,37.62518],[127.02207,37.625]]]}},{"type":"Feature","properties":{"code":"11090730","name":"삼각산동","guCode":"11090","guName":"강북구"},"geometry":{"type":"Polygon","coordinates":[[[127.015402,37.620229],[127.018641,37.620023],[127.019995,37.619821],[127.020789,37.619651],[127.020875,37.619715],[127.020837,37.619837],[127.020945,37.61982],[127.021288,37.618698],[127.021192,37.618637],[127.021606,37.617252],[127.021647,37.617151],[127.021857,37.617183],[127.02187,37.61714],[127.021796,37.61703],[127.021752,37.61704],[127.02172,37.616927],[127.021751,37.616926],[127.021748,37.616806],[127.021988,37.615984],[127.022097,37.61536],[127.022092,37.614344],[127.021885,37.612333],[127.021554,37.612436],[127.02067,37.612512],[127.020398,37.612596],[127.020336,37.612857],[127.020014,37.613012],[127.019864,37.613235],[127.019683,37.613256],[127.019515,37.613331],[127.019227,37.613795],[127.018995,37.61385],[127.018805,37.613779],[127.018617,37.613792],[127.01854,37.613855],[127.018514,37.613834],[127.018164,37.614009],[127.017632,37.614553],[127.017115,37.614775],[127.017039,37.614737],[127.016894,37.614813],[127.016903,37.614841],[127.016665,37.614877],[127.016524,37.61494],[127.01618,37.614949],[127.016029,37.614844],[127.015002,37.614715],[127.014509,37.61472],[127.01421,37.614911],[127.01421,37.614991],[127.01414,37.615043],[127.014166,37.615075],[127.013841,37.615334],[127.013807,37.615298],[127.013769,37.615326],[127.013765,37.6154],[127.013409,37.615568],[127.01284,37.615695],[127.012121,37.616017],[127.011832,37.616324],[127.011412,37.616441],[127.010952,37.616286],[127.010102,37.616854],[127.010138,37.616935],[127.009985,37.617246],[127.009995,37.617547],[127.009932,37.617766],[127.009369,37.618249],[127.009071,37.618286],[127.00858,37.618577],[127.009298,37.618995],[127.010787,37.619665],[127.011974,37.620135],[127.0123,37.620219],[127.012871,37.620283],[127.013387,37.620226],[127.014375,37.620231],[127.014377,37.620305],[127.015402,37.620229]]]}},{"type":"Feature","properties":{"code":"11090740","name":"우이동","guCode":"11090","guName":"강북구"},"geometry":{"type":"Polygon","coordinates":[[[127.004591,37.685074],[127.005529,37.684865],[127.006051,37.685054],[127.006511,37.684871],[127.007067,37.684765],[127.007662,37.684468],[127.008664,37.68445],[127.008649,37.683947],[127.008418,37.683235],[127.008712,37.682259],[127.008993,37.681636],[127.008867,37.6806],[127.009365,37.679581],[127.011416,37.679178],[127.012122,37.679092],[127.01236,37.678703],[127.012723,37.678409],[127.013293,37.67783],[127.013454,37.677181],[127.013785,37.676471],[127.013824,37.676181],[127.013962,37.675835],[127.013846,37.675573],[127.013883,37.675239],[127.014353,37.674804],[127.01456,37.674762],[127.014811,37.674312],[127.015098,37.674141],[127.015582,37.674057],[127.016101,37.673864],[127.016219,37.673924],[127.016665,37.672895],[127.017001,37.672598],[127.017107,37.672605],[127.017173,37.67246],[127.0173,37.672394],[127.017397,37.67212],[127.017292,37.671913],[127.01736,37.671612],[127.017579,37.671431],[127.017632,37.671185],[127.01784,37.671028],[127.017926,37.670753],[127.018233,37.670653],[127.018696,37.670859],[127.018733,37.670458],[127.018487,37.670157],[127.018528,37.669473],[127.018358,37.669202],[127.018397,37.668884],[127.017594,37.668293],[127.017467,37.668089],[127.017121,37.668056],[127.016607,37.667881],[127.016162,37.667442],[127.016344,37.667361],[127.015759,37.666995],[127.015729,37.666472],[127.015467,37.666077],[127.015346,37.665553],[127.015806,37.664943],[127.015611,37.664444],[127.015319,37.664035],[127.015321,37.663633],[127.015517,37.663596],[127.015537,37.663419],[127.015977,37.66322],[127.015941,37.662765],[127.016178,37.662509],[127.016629,37.662177],[127.016887,37.662172],[127.016502,37.661674],[127.016208,37.661424],[127.015882,37.661324],[127.015234,37.66138],[127.014889,37.661603],[127.014527,37.661994],[127.014799,37.661361],[127.014611,37.661356],[127.014571,37.660458],[127.014427,37.66046],[127.014383,37.660385],[127.014306,37.65992],[127.014025,37.659227],[127.013795,37.657948],[127.013683,37.65769],[127.013039,37.654901],[127.012931,37.65457],[127.012928,37.654164],[127.012678,37.653428],[127.012644,37.653072],[127.012567,37.652888],[127.012522,37.652437],[127.012451,37.65216],[127.012513,37.65185],[127.01271,37.651479],[127.012898,37.650747],[127.013139,37.650475],[127.013332,37.650423],[127.013699,37.650485],[127.013938,37.650397],[127.014272,37.650399],[127.014554,37.649783],[127.014695,37.649573],[127.015094,37.649284],[127.014974,37.649133],[127.013829,37.649205],[127.014558,37.647583],[127.014711,37.647398],[127.014777,37.647079],[127.015356,37.645702],[127.015622,37.645212],[127.015703,37.644944],[127.015134,37.644785],[127.015096,37.644743],[127.014684,37.644795],[127.013968,37.644722],[127.013457,37.644563],[127.013222,37.644532],[127.012911,37.644569],[127.012402,37.644738],[127.012042,37.644681],[127.011785,37.644711],[127.011315,37.644952],[127.010901,37.644963],[127.01036,37.645051],[127.01009,37.644986],[127.009993,37.644912],[127.009988,37.644954],[127.009785,37.644787],[127.009564,37.644502],[127.008733,37.644692],[127.007961,37.644732],[127.007343,37.644987],[127.006652,37.644815],[127.006246,37.644783],[127.005627,37.644515],[127.0047,37.644285],[127.004572,37.644361],[127.003199,37.643383],[127.002662,37.642678],[127.002217,37.642267],[127.001875,37.64211],[127.001429,37.642358],[127.000603,37.642094],[126.999548,37.641492],[127.00001,37.640778],[126.999098,37.640266],[126.998955,37.640253],[126.998676,37.640148],[126.998663,37.640078],[126.998851,37.639944],[126.998602,37.63985],[126.998229,37.639566],[126.997694,37.639466],[126.997288,37.639269],[126.99718,37.639137],[126.996956,37.638972],[126.996509,37.638847],[126.99592,37.638966],[126.994859,37.638702],[126.994261,37.6389],[126.99388,37.639157],[126.993669,37.639216],[126.993088,37.639176],[126.991645,37.638721],[126.991496,37.638721],[126.990567,37.639031],[126.990074,37.639297],[126.989261,37.639449],[126.988415,37.639778],[126.987735,37.640213],[126.986715,37.640628],[126.986491,37.640661],[126.985855,37.64061],[126.985657,37.64074],[126.985268,37.64135],[126.985329,37.641548],[126.985224,37.641636],[126.985134,37.641521],[126.984956,37.641464],[126.984257,37.641645],[126.983831,37.642149],[126.983875,37.64256],[126.983691,37.643039],[126.983247,37.643684],[126.983473,37.643941],[126.983726,37.64405],[126.983902,37.644266],[126.98419,37.644428],[126.984194,37.644603],[126.984643,37.645338],[126.984821,37.645369],[126.984795,37.645446],[126.984858,37.645596],[126.985413,37.645947],[126.985681,37.645995],[126.985718,37.646093],[126.985579,37.646103],[126.985483,37.646006],[126.985101,37.645929],[126.984929,37.646067],[126.984763,37.64676],[126.984813,37.646837],[126.984679,37.646963],[126.984713,37.647252],[126.984603,37.647613],[126.983981,37.648182],[126.983884,37.648601],[126.98402,37.649318],[126.983937,37.64961],[126.982496,37.65054],[126.982298,37.651254],[126.981874,37.651688],[126.981677,37.652316],[126.981048,37.652713],[126.980432,37.653787],[126.979944,37.654815],[126.979658,37.656039],[126.981194,37.656488],[126.982857,37.65645],[126.98301,37.657004],[126.983406,37.657234],[126.983742,37.657329],[126.984335,37.657734],[126.984617,37.658229],[126.986021,37.658943],[126.986544,37.659485],[126.987277,37.6606],[126.987225,37.660848],[126.987365,37.661618],[126.987751,37.662732],[126.987802,37.663594],[126.988268,37.664391],[126.989453,37.66453],[126.989997,37.664499],[126.991239,37.664994],[126.992225,37.665232],[126.992435,37.665383],[126.992749,37.665533],[126.993123,37.666056],[126.994017,37.666783],[126.994129,37.66703],[126.993961,37.667339],[126.993561,37.667804],[126.99383,37.668623],[126.994357,37.669567],[126.994351,37.669811],[126.993802,37.670197],[126.994074,37.672761],[126.993543,37.674103],[126.993796,37.674226],[126.993981,37.674907],[126.99381,37.675252],[126.993199,37.67572],[126.993125,37.675832],[126.993157,37.676142],[126.993072,37.676583],[126.993267,37.677002],[126.99312,37.677225],[126.993247,37.677661],[126.992924,37.678822],[126.992433,37.679148],[126.992198,37.679627],[126.992433,37.679759],[126.993514,37.680057],[126.994076,37.680324],[126.994175,37.680462],[126.994156,37.680569],[126.994732,37.681244],[126.995197,37.681335],[126.995503,37.681506],[126.995853,37.681869],[126.996351,37.682204],[126.996737,37.682389],[126.996971,37.682646],[126.997027,37.683114],[126.997311,37.683466],[126.997621,37.683452],[126.997754,37.683586],[126.999432,37.683907],[127.000511,37.683974],[127.001039,37.684272],[127.001687,37.684344],[127.001885,37.68408],[127.001901,37.683723],[127.00224,37.683593],[127.002743,37.683954],[127.003238,37.683949],[127.003584,37.684239],[127.003777,37.684824],[127.004277,37.684941],[127.004527,37.685089],[127.004591,37.685074]]]}},{"type":"Feature","properties":{"code":"11090750","name":"인수동","guCode":"11090","guName":"강북구"},"geometry":{"type":"Polygon","coordinates":[[[127.010901,37.644963],[127.011315,37.644952],[127.011785,37.644711],[127.012042,37.644681],[127.012402,37.644738],[127.012911,37.644569],[127.013222,37.644532],[127.013457,37.644563],[127.013968,37.644722],[127.014684,37.644795],[127.015096,37.644743],[127.015134,37.644785],[127.015703,37.644944],[127.015978,37.644032],[127.015935,37.64399],[127.016056,37.643903],[127.016181,37.643701],[127.016201,37.643466],[127.01654,37.64265],[127.016497,37.642365],[127.016878,37.641178],[127.016877,37.641046],[127.016746,37.641026],[127.016773,37.640907],[127.01674,37.640021],[127.016769,37.640017],[127.016771,37.639736],[127.016846,37.639744],[127.016896,37.639808],[127.017064,37.637258],[127.017483,37.637026],[127.017521,37.637126],[127.017782,37.636945],[127.017782,37.636838],[127.019096,37.63578],[127.019363,37.635429],[127.019609,37.63543],[127.020241,37.63574],[127.020966,37.63599],[127.021637,37.636162],[127.022043,37.636222],[127.022908,37.636168],[127.022924,37.636024],[127.023099,37.636032],[127.023103,37.636116],[127.023185,37.636148],[127.023205,37.635915],[127.023282,37.635899],[127.022991,37.635432],[127.023076,37.634685],[127.023267,37.634729],[127.023287,37.634558],[127.01937,37.634292],[127.018944,37.634294],[127.018111,37.634184],[127.017377,37.634158],[127.017138,37.634079],[127.015404,37.633954],[127.015104,37.633881],[127.014869,37.633864],[127.014587,37.633908],[127.014141,37.633835],[127.013328,37.633809],[127.01296,37.633717],[127.012964,37.633679],[127.011996,37.633651],[127.011616,37.633513],[127.01105,37.633497],[127.010108,37.633201],[127.008257,37.633027],[127.008087,37.633276],[127.00794,37.633371],[127.00793,37.633475],[127.007343,37.633747],[127.007282,37.63372],[127.00674,37.63376],[127.006452,37.633344],[127.006095,37.633285],[127.005768,37.633078],[127.005213,37.633026],[127.005044,37.633094],[127.004275,37.632974],[127.003555,37.632765],[127.003422,37.632803],[127.003138,37.632578],[127.003064,37.632417],[127.002596,37.632302],[127.002154,37.632067],[127.001641,37.631484],[127.000951,37.63132],[127.000882,37.631078],[127.000391,37.630799],[126.999617,37.630715],[126.998788,37.630252],[126.997627,37.629781],[126.99651,37.629086],[126.996054,37.629346],[126.995393,37.63025],[126.994744,37.630518],[126.994258,37.630848],[126.994104,37.631121],[126.993694,37.631474],[126.993015,37.631739],[126.99184,37.632275],[126.991367,37.632614],[126.990734,37.632668],[126.989931,37.632797],[126.98984,37.633438],[126.989458,37.633998],[126.988745,37.633938],[126.988571,37.633777],[126.988399,37.634172],[126.988162,37.634495],[126.987409,37.634966],[126.986325,37.63548],[126.985907,37.635797],[126.984202,37.63634],[126.984461,37.636548],[126.984744,37.636648],[126.984856,37.636815],[126.984937,37.637165],[126.985084,37.637314],[126.98496,37.637807],[126.985234,37.638066],[126.985192,37.638303],[126.985394,37.63859],[126.985445,37.638875],[126.985408,37.639088],[126.985428,37.639281],[126.985533,37.639701],[126.985676,37.640044],[126.985954,37.640224],[126.986133,37.640428],[126.985855,37.64061],[126.986491,37.640661],[126.986715,37.640628],[126.987735,37.640213],[126.988415,37.639778],[126.989261,37.639449],[126.990074,37.639297],[126.990567,37.639031],[126.991496,37.638721],[126.991645,37.638721],[126.993088,37.639176],[126.993669,37.639216],[126.99388,37.639157],[126.994261,37.6389],[126.994859,37.638702],[126.99592,37.638966],[126.996509,37.638847],[126.996956,37.638972],[126.99718,37.639137],[126.997288,37.639269],[126.997694,37.639466],[126.998229,37.639566],[126.998602,37.63985],[126.998851,37.639944],[126.998663,37.640078],[126.998676,37.640148],[126.998955,37.640253],[126.999098,37.640266],[127.00001,37.640778],[126.999548,37.641492],[127.000603,37.642094],[127.001429,37.642358],[127.001875,37.64211],[127.002217,37.642267],[127.002662,37.642678],[127.003199,37.643383],[127.004572,37.644361],[127.0047,37.644285],[127.005627,37.644515],[127.006246,37.644783],[127.006652,37.644815],[127.007343,37.644987],[127.007961,37.644732],[127.008733,37.644692],[127.009564,37.644502],[127.009785,37.644787],[127.009988,37.644954],[127.009993,37.644912],[127.01009,37.644986],[127.01036,37.645051],[127.010901,37.644963]]]}},{"type":"Feature","properties":{"code":"11100510","name":"쌍문1동","guCode":"11100","guName":"도봉구"},"geometry":{"type":"Polygon","coordinates":[[[127.01705,37.662118],[127.017097,37.662069],[127.01741,37.662078],[127.017502,37.661607],[127.017016,37.6611],[127.017091,37.660172],[127.017077,37.659913],[127.017632,37.659683],[127.017566,37.659235],[127.017866,37.659208],[127.017683,37.658824],[127.017645,37.658566],[127.01786,37.658374],[127.018104,37.658308],[127.018263,37.658214],[127.018351,37.658051],[127.018373,37.657812],[127.018539,37.65769],[127.018623,37.657672],[127.018689,37.657535],[127.01863,37.657157],[127.019026,37.656672],[127.01912,37.656575],[127.019167,37.656602],[127.019225,37.656533],[127.019185,37.656515],[127.019276,37.656416],[127.01948,37.656389],[127.019599,37.656326],[127.019723,37.655762],[127.020339,37.655274],[127.020414,37.655188],[127.020457,37.654941],[127.020799,37.654798],[127.020835,37.65459],[127.021358,37.654568],[127.021618,37.654395],[127.021621,37.654329],[127.02177,37.654315],[127.021859,37.654237],[127.022083,37.654231],[127.022483,37.654453],[127.023305,37.654311],[127.0236,37.654301],[127.023831,37.654141],[127.024416,37.65429],[127.024845,37.654234],[127.025248,37.654266],[127.025249,37.654304],[127.025507,37.654138],[127.025465,37.654017],[127.026479,37.653726],[127.026948,37.65372],[127.027317,37.65366],[127.027619,37.653531],[127.028051,37.653135],[127.02808,37.652588],[127.028673,37.650712],[127.027894,37.649878],[127.027681,37.649577],[127.02516,37.64661],[127.024685,37.647342],[127.022663,37.647844],[127.022142,37.648161],[127.021773,37.648635],[127.021447,37.648876],[127.021157,37.648993],[127.020627,37.649077],[127.020206,37.649085],[127.019041,37.648792],[127.01818,37.648633],[127.017312,37.648653],[127.016466,37.648854],[127.015096,37.649282],[127.014695,37.649573],[127.014554,37.649783],[127.014272,37.650399],[127.013938,37.650397],[127.013699,37.650485],[127.013332,37.650423],[127.013139,37.650475],[127.012898,37.650747],[127.01271,37.651479],[127.012513,37.65185],[127.012451,37.65216],[127.012522,37.652437],[127.012567,37.652888],[127.012644,37.653072],[127.012678,37.653428],[127.012928,37.654164],[127.012931,37.65457],[127.013039,37.654901],[127.013683,37.65769],[127.013795,37.657948],[127.014025,37.659227],[127.014306,37.65992],[127.014383,37.660385],[127.014427,37.66046],[127.014571,37.660458],[127.014611,37.661356],[127.014799,37.661361],[127.014527,37.661994],[127.014889,37.661603],[127.015234,37.66138],[127.015882,37.661324],[127.016208,37.661424],[127.016502,37.661674],[127.016943,37.662231],[127.01705,37.662118]]]}},{"type":"Feature","properties":{"code":"11100520","name":"쌍문2동","guCode":"11100","guName":"도봉구"},"geometry":{"type":"Polygon","coordinates":[[[127.042252,37.661741],[127.04209,37.661175],[127.041852,37.660657],[127.036329,37.651373],[127.033258,37.651142],[127.033212,37.651746],[127.03335,37.652172],[127.033271,37.652289],[127.033059,37.652378],[127.032918,37.652604],[127.033026,37.652923],[127.03305,37.653196],[127.033103,37.653284],[127.033217,37.653342],[127.033656,37.653901],[127.033985,37.654391],[127.034346,37.654554],[127.034307,37.654703],[127.03457,37.655065],[127.034537,37.655276],[127.034591,37.655275],[127.034426,37.656727],[127.034141,37.656728],[127.033937,37.656614],[127.033196,37.65647],[127.033144,37.656505],[127.033019,37.657927],[127.032947,37.657922],[127.03293,37.658117],[127.034227,37.658194],[127.034106,37.659753],[127.033796,37.659996],[127.03375,37.660072],[127.033886,37.660125],[127.034451,37.660133],[127.034786,37.660187],[127.034786,37.660394],[127.035945,37.660905],[127.037273,37.661248],[127.037427,37.661558],[127.03756,37.66167],[127.03768,37.661686],[127.03766,37.661756],[127.041418,37.66172],[127.042266,37.661812],[127.042252,37.661741]]]}},{"type":"Feature","properties":{"code":"11100530","name":"쌍문3동","guCode":"11100","guName":"도봉구"},"geometry":{"type":"Polygon","coordinates":[[[127.031073,37.643074],[127.030853,37.64287],[127.027555,37.644965],[127.025892,37.64572],[127.02516,37.64661],[127.027681,37.649577],[127.027894,37.649878],[127.028673,37.650712],[127.029129,37.650804],[127.036329,37.651373],[127.032034,37.644164],[127.031591,37.643591],[127.031073,37.643074]]]}},{"type":"Feature","properties":{"code":"11100540","name":"쌍문4동","guCode":"11100","guName":"도봉구"},"geometry":{"type":"Polygon","coordinates":[[[127.034657,37.660183],[127.034451,37.660133],[127.033886,37.660125],[127.03375,37.660072],[127.033796,37.659996],[127.034106,37.659753],[127.034227,37.658194],[127.03293,37.658117],[127.032947,37.657922],[127.033019,37.657927],[127.033144,37.656505],[127.033196,37.65647],[127.033937,37.656614],[127.034141,37.656728],[127.034426,37.656727],[127.034591,37.655275],[127.034537,37.655276],[127.03457,37.655065],[127.034307,37.654703],[127.034346,37.654554],[127.033985,37.654391],[127.033656,37.653901],[127.033217,37.653342],[127.033103,37.653284],[127.03305,37.653196],[127.033026,37.652923],[127.032918,37.652604],[127.033059,37.652378],[127.033271,37.652289],[127.03335,37.652172],[127.033212,37.651746],[127.033258,37.651142],[127.029129,37.650804],[127.028673,37.650712],[127.02808,37.652588],[127.028051,37.653135],[127.027619,37.653531],[127.027317,37.65366],[127.026948,37.65372],[127.026479,37.653726],[127.025465,37.654017],[127.025507,37.654138],[127.025249,37.654304],[127.025368,37.654613],[127.025396,37.655221],[127.025849,37.655489],[127.025881,37.656139],[127.025987,37.656662],[127.026233,37.656779],[127.026421,37.656672],[127.026717,37.656675],[127.026753,37.656744],[127.027756,37.656755],[127.027777,37.6568],[127.027781,37.656683],[127.027959,37.657057],[127.027852,37.658492],[127.027362,37.658357],[127.027347,37.658393],[127.02715,37.658403],[127.027156,37.658438],[127.027245,37.658435],[127.028163,37.65906],[127.02893,37.659201],[127.029457,37.659546],[127.029345,37.659696],[127.02961,37.659816],[127.029783,37.659812],[127.029837,37.659715],[127.030129,37.659734],[127.030739,37.659593],[127.031519,37.659545],[127.033236,37.659993],[127.033766,37.660189],[127.034786,37.660394],[127.034786,37.660187],[127.034657,37.660183]]]}},{"type":"Feature","properties":{"code":"11100550","name":"방학1동","guCode":"11100","guName":"도봉구"},"geometry":{"type":"Polygon","coordinates":[[[127.042225,37.669939],[127.043636,37.669788],[127.043603,37.669597],[127.044996,37.669446],[127.048512,37.669176],[127.04872,37.668446],[127.048907,37.667585],[127.04967,37.66655],[127.050314,37.665812],[127.050884,37.664797],[127.051165,37.663979],[127.051635,37.663979],[127.051704,37.661464],[127.051787,37.660979],[127.051786,37.660603],[127.046434,37.662098],[127.046106,37.662168],[127.045656,37.6622],[127.044609,37.66214],[127.041578,37.661727],[127.03766,37.661756],[127.03768,37.661686],[127.03756,37.66167],[127.037427,37.661558],[127.037273,37.661248],[127.036097,37.660967],[127.0349,37.660445],[127.034682,37.663083],[127.03472,37.663525],[127.034934,37.663994],[127.035147,37.664249],[127.035395,37.664444],[127.039053,37.666959],[127.039579,37.669951],[127.042225,37.669939]]]}},{"type":"Feature","properties":{"code":"11100560","name":"방학2동","guCode":"11100","guName":"도봉구"},"geometry":{"type":"Polygon","coordinates":[[[127.03156,37.675154],[127.032052,37.674467],[127.032342,37.674508],[127.03261,37.673802],[127.033106,37.673628],[127.033517,37.674156],[127.034318,37.674087],[127.034517,37.673988],[127.034613,37.67411],[127.035207,37.674256],[127.035866,37.674131],[127.035919,37.673732],[127.036175,37.673082],[127.03611,37.67305],[127.035988,37.672831],[127.036407,37.671993],[127.036621,37.671736],[127.036805,37.671583],[127.037152,37.671479],[127.037602,37.671457],[127.037955,37.671724],[127.038082,37.671896],[127.038411,37.672028],[127.038947,37.671936],[127.039239,37.671963],[127.039189,37.672119],[127.03982,37.671792],[127.039744,37.670872],[127.039053,37.666959],[127.035147,37.664249],[127.034934,37.663994],[127.03472,37.663525],[127.034682,37.663083],[127.034716,37.662656],[127.031356,37.662256],[127.030548,37.662887],[127.030643,37.662973],[127.03044,37.663416],[127.030544,37.663636],[127.030929,37.663977],[127.030544,37.664899],[127.030645,37.665213],[127.030521,37.665516],[127.029961,37.665868],[127.029436,37.66652],[127.029243,37.666626],[127.028614,37.667268],[127.027895,37.668116],[127.027158,37.66864],[127.026918,37.668745],[127.026468,37.668728],[127.026297,37.668675],[127.026257,37.668697],[127.026166,37.669416],[127.025693,37.670497],[127.025187,37.671292],[127.025175,37.671592],[127.024914,37.672424],[127.025116,37.672499],[127.02514,37.672821],[127.025767,37.673067],[127.025825,37.673281],[127.02637,37.673511],[127.026628,37.673683],[127.027084,37.673373],[127.028634,37.673371],[127.029157,37.673611],[127.029516,37.674039],[127.03036,37.673815],[127.030572,37.674005],[127.030832,37.674743],[127.03156,37.675154]]]}},{"type":"Feature","properties":{"code":"11100570","name":"방학3동","guCode":"11100","guName":"도봉구"},"geometry":{"type":"Polygon","coordinates":[[[127.024971,37.672242],[127.025175,37.671592],[127.025187,37.671292],[127.025693,37.670497],[127.026166,37.669416],[127.026257,37.668697],[127.026297,37.668675],[127.026468,37.668728],[127.026918,37.668745],[127.027158,37.66864],[127.027895,37.668116],[127.028614,37.667268],[127.029243,37.666626],[127.029436,37.66652],[127.029961,37.665868],[127.030521,37.665516],[127.030645,37.665213],[127.030544,37.664899],[127.030929,37.663977],[127.030544,37.663636],[127.03044,37.663416],[127.030643,37.662973],[127.030548,37.662887],[127.031356,37.662256],[127.034716,37.662656],[127.0349,37.660445],[127.034786,37.660394],[127.033766,37.660189],[127.033236,37.659993],[127.031519,37.659545],[127.030739,37.659593],[127.030129,37.659734],[127.029837,37.659715],[127.029783,37.659812],[127.02961,37.659816],[127.029345,37.659696],[127.029457,37.659546],[127.02893,37.659201],[127.028163,37.65906],[127.027245,37.658435],[127.027156,37.658438],[127.02715,37.658403],[127.027347,37.658393],[127.027362,37.658357],[127.027852,37.658492],[127.027959,37.657057],[127.027908,37.656905],[127.027781,37.656683],[127.027777,37.6568],[127.027756,37.656755],[127.026753,37.656744],[127.026717,37.656675],[127.026421,37.656672],[127.026233,37.656779],[127.025987,37.656662],[127.025881,37.656139],[127.025849,37.655489],[127.025396,37.655221],[127.025368,37.654613],[127.025248,37.654266],[127.024845,37.654234],[127.024416,37.65429],[127.023831,37.654141],[127.0236,37.654301],[127.023305,37.654311],[127.022483,37.654453],[127.022083,37.654231],[127.021859,37.654237],[127.02177,37.654315],[127.021621,37.654329],[127.021618,37.654395],[127.021358,37.654568],[127.020835,37.65459],[127.020799,37.654798],[127.020457,37.654941],[127.020414,37.655188],[127.020339,37.655274],[127.019723,37.655762],[127.019599,37.656326],[127.01948,37.656389],[127.019276,37.656416],[127.019185,37.656515],[127.019225,37.656533],[127.019167,37.656602],[127.01912,37.656575],[127.019026,37.656672],[127.01863,37.657157],[127.018689,37.657535],[127.018623,37.657672],[127.018539,37.65769],[127.018373,37.657812],[127.018351,37.658051],[127.018263,37.658214],[127.018104,37.658308],[127.01786,37.658374],[127.017645,37.658566],[127.017683,37.658824],[127.017866,37.659208],[127.017566,37.659235],[127.017632,37.659683],[127.017077,37.659913],[127.017091,37.660172],[127.017016,37.6611],[127.017502,37.661607],[127.01741,37.662078],[127.017097,37.662069],[127.016943,37.662231],[127.016887,37.662172],[127.016629,37.662177],[127.016178,37.662509],[127.015941,37.662765],[127.015977,37.66322],[127.015537,37.663419],[127.015517,37.663596],[127.015321,37.663633],[127.015319,37.664035],[127.015611,37.664444],[127.015806,37.664943],[127.015346,37.665553],[127.015467,37.666077],[127.015729,37.666472],[127.015759,37.666995],[127.016344,37.667361],[127.016162,37.667442],[127.016607,37.667881],[127.017121,37.668056],[127.017467,37.668089],[127.017594,37.668293],[127.018397,37.668884],[127.018358,37.669202],[127.018528,37.669473],[127.018487,37.670157],[127.018733,37.670458],[127.018696,37.670859],[127.018886,37.671119],[127.019376,37.67131],[127.019571,37.671264],[127.019888,37.671387],[127.020164,37.671686],[127.020262,37.671588],[127.020505,37.671543],[127.020768,37.672029],[127.020978,37.672048],[127.021472,37.671896],[127.021631,37.671742],[127.022358,37.671843],[127.022799,37.671591],[127.023094,37.672191],[127.023886,37.672325],[127.024914,37.672424],[127.024971,37.672242]]]}},{"type":"Feature","properties":{"code":"11100590","name":"창1동","guCode":"11100","guName":"도봉구"},"geometry":{"type":"Polygon","coordinates":[[[127.043808,37.651354],[127.045163,37.651141],[127.045747,37.651123],[127.046122,37.651162],[127.048298,37.65166],[127.050552,37.646424],[127.050714,37.646195],[127.050841,37.646202],[127.051354,37.645031],[127.051297,37.645021],[127.051356,37.644816],[127.05117,37.644762],[127.051113,37.64491],[127.051056,37.64489],[127.051165,37.644684],[127.051093,37.644673],[127.050747,37.644794],[127.050482,37.644825],[127.050372,37.64459],[127.050548,37.644254],[127.050542,37.644101],[127.050703,37.643804],[127.050253,37.643602],[127.050096,37.643621],[127.049933,37.643527],[127.049758,37.643513],[127.049446,37.642836],[127.049427,37.642725],[127.049311,37.642668],[127.049064,37.642145],[127.048789,37.641926],[127.048547,37.641845],[127.047773,37.641413],[127.0478,37.641208],[127.046749,37.641193],[127.046594,37.641118],[127.046545,37.641001],[127.046503,37.640299],[127.046651,37.640043],[127.046612,37.639885],[127.046648,37.639803],[127.046784,37.639702],[127.046667,37.639478],[127.046694,37.639368],[127.046517,37.639243],[127.046457,37.639098],[127.046075,37.639315],[127.045875,37.639389],[127.045469,37.639457],[127.045194,37.639551],[127.045019,37.63967],[127.044941,37.639866],[127.044977,37.640062],[127.044899,37.640317],[127.04492,37.640471],[127.044799,37.640757],[127.044717,37.641152],[127.044646,37.641194],[127.044486,37.641679],[127.04445,37.64236],[127.044051,37.642894],[127.044051,37.643081],[127.044123,37.643203],[127.044166,37.643405],[127.044223,37.643447],[127.044308,37.643643],[127.044373,37.643893],[127.044175,37.644173],[127.043652,37.643918],[127.043452,37.643955],[127.043238,37.643919],[127.042885,37.644029],[127.042736,37.644163],[127.0427,37.644308],[127.042614,37.644432],[127.042243,37.644427],[127.041997,37.644336],[127.041838,37.644343],[127.041701,37.644522],[127.041756,37.644749],[127.041615,37.644999],[127.041215,37.645023],[127.041004,37.644864],[127.040787,37.644885],[127.03992,37.646494],[127.039778,37.646661],[127.037568,37.646293],[127.035945,37.646151],[127.034743,37.646095],[127.03429,37.64621],[127.033437,37.646515],[127.036329,37.651373],[127.036607,37.651322],[127.041668,37.651694],[127.043808,37.651354]]]}},{"type":"Feature","properties":{"code":"11100600","name":"창2동","guCode":"11100","guName":"도봉구"},"geometry":{"type":"Polygon","coordinates":[[[127.039981,37.646374],[127.040787,37.644885],[127.041004,37.644864],[127.041215,37.645023],[127.041615,37.644999],[127.041756,37.644749],[127.041701,37.644522],[127.041838,37.644343],[127.041997,37.644336],[127.042243,37.644427],[127.042614,37.644432],[127.0427,37.644308],[127.042736,37.644163],[127.042885,37.644029],[127.043238,37.643919],[127.043452,37.643955],[127.043652,37.643918],[127.042622,37.643307],[127.042256,37.643043],[127.036418,37.636864],[127.035148,37.637274],[127.034776,37.637565],[127.034566,37.637783],[127.033416,37.640399],[127.032831,37.641408],[127.03242,37.641833],[127.030853,37.64287],[127.031591,37.643591],[127.032034,37.644164],[127.033437,37.646515],[127.03429,37.64621],[127.034743,37.646095],[127.035945,37.646151],[127.037568,37.646293],[127.039778,37.646661],[127.039981,37.646374]]]}},{"type":"Feature","properties":{"code":"11100610","name":"창3동","guCode":"11100","guName":"도봉구"},"geometry":{"type":"Polygon","coordinates":[[[127.045026,37.636505],[127.045051,37.636044],[127.044988,37.635934],[127.045026,37.635865],[127.044956,37.635818],[127.044969,37.635661],[127.044861,37.635604],[127.044788,37.635474],[127.044643,37.635362],[127.044518,37.63484],[127.044563,37.634776],[127.044465,37.63457],[127.044446,37.634419],[127.044339,37.63437],[127.0443,37.634214],[127.044323,37.634092],[127.044189,37.633938],[127.044163,37.633971],[127.044001,37.633577],[127.043749,37.633322],[127.043484,37.633255],[127.043513,37.633092],[127.04315,37.632885],[127.043088,37.632814],[127.042691,37.632621],[127.042566,37.632324],[127.042427,37.632266],[127.041658,37.631467],[127.042645,37.630905],[127.042515,37.630614],[127.04257,37.630572],[127.042526,37.630421],[127.042087,37.630679],[127.041717,37.630812],[127.040801,37.631548],[127.039762,37.632197],[127.038142,37.634258],[127.037871,37.635403],[127.037819,37.636039],[127.03733,37.636485],[127.036847,37.636751],[127.036418,37.636864],[127.042256,37.643043],[127.042622,37.643307],[127.043652,37.643918],[127.044175,37.644173],[127.044373,37.643893],[127.044308,37.643643],[127.044223,37.643447],[127.044166,37.643405],[127.044123,37.643203],[127.044051,37.643081],[127.044051,37.642894],[127.04445,37.64236],[127.044486,37.641679],[127.044646,37.641194],[127.044717,37.641152],[127.044799,37.640757],[127.04492,37.640471],[127.044899,37.640317],[127.044977,37.640062],[127.044941,37.639866],[127.045019,37.63967],[127.045194,37.639551],[127.045469,37.639457],[127.045875,37.639389],[127.046075,37.639315],[127.046457,37.639098],[127.046248,37.63885],[127.046282,37.638773],[127.046198,37.638647],[127.046025,37.637899],[127.045555,37.637676],[127.045453,37.637525],[127.045356,37.63747],[127.045369,37.637368],[127.045289,37.63731],[127.045275,37.6372],[127.045191,37.637077],[127.045152,37.636836],[127.04504,37.63669],[127.045026,37.636505]]]}},{"type":"Feature","properties":{"code":"11100620","name":"창4동","guCode":"11100","guName":"도봉구"},"geometry":{"type":"Polygon","coordinates":[[[127.053993,37.653723],[127.053941,37.653166],[127.053734,37.652058],[127.053822,37.651127],[127.053948,37.650553],[127.054191,37.650151],[127.054646,37.649561],[127.05544,37.648241],[127.055826,37.647049],[127.055875,37.646596],[127.055644,37.644598],[127.055151,37.64346],[127.054994,37.642355],[127.055128,37.641322],[127.055778,37.640625],[127.054731,37.640135],[127.054023,37.640745],[127.053698,37.640974],[127.052971,37.641674],[127.052417,37.64246],[127.052062,37.643191],[127.051996,37.64356],[127.051867,37.643861],[127.051737,37.643957],[127.051626,37.644128],[127.051543,37.644497],[127.051356,37.644816],[127.051297,37.645021],[127.051354,37.645031],[127.050841,37.646202],[127.050714,37.646195],[127.050552,37.646424],[127.048843,37.650442],[127.047966,37.652454],[127.047694,37.652997],[127.048535,37.653211],[127.048892,37.653348],[127.048774,37.653676],[127.047519,37.653384],[127.045391,37.658479],[127.045041,37.659575],[127.044808,37.660614],[127.04472,37.66215],[127.045769,37.662199],[127.046327,37.662126],[127.051786,37.660603],[127.051786,37.659949],[127.052529,37.658943],[127.053413,37.657502],[127.053594,37.656771],[127.053578,37.656132],[127.054006,37.655301],[127.054055,37.654483],[127.053993,37.653723]]]}},{"type":"Feature","properties":{"code":"11100630","name":"창5동","guCode":"11100","guName":"도봉구"},"geometry":{"type":"Polygon","coordinates":[[[127.045391,37.658479],[127.047519,37.653384],[127.048774,37.653676],[127.048892,37.653348],[127.048535,37.653211],[127.047694,37.652997],[127.048298,37.65166],[127.046122,37.651162],[127.045747,37.651123],[127.045163,37.651141],[127.041668,37.651694],[127.036607,37.651322],[127.036329,37.651373],[127.041852,37.660657],[127.04209,37.661175],[127.042266,37.661812],[127.04472,37.66215],[127.044808,37.660614],[127.045041,37.659575],[127.045391,37.658479]]]}},{"type":"Feature","properties":{"code":"11100640","name":"도봉1동","guCode":"11100","guName":"도봉구"},"geometry":{"type":"Polygon","coordinates":[[[127.019827,37.701017],[127.022148,37.699721],[127.023389,37.700071],[127.025315,37.699581],[127.026898,37.700251],[127.027022,37.701115],[127.027687,37.700937],[127.028313,37.70016],[127.028991,37.699658],[127.029286,37.699292],[127.029601,37.698175],[127.029654,37.697807],[127.029729,37.696272],[127.030166,37.695198],[127.030454,37.694776],[127.030827,37.69369],[127.030972,37.693557],[127.031026,37.693075],[127.03154,37.692828],[127.032026,37.69295],[127.03217,37.692815],[127.032414,37.691839],[127.033597,37.692021],[127.033962,37.691998],[127.034259,37.692225],[127.034928,37.692309],[127.035625,37.692492],[127.035777,37.692374],[127.036763,37.69264],[127.037002,37.692946],[127.037528,37.693221],[127.037907,37.693272],[127.038498,37.693286],[127.038808,37.693629],[127.03895,37.693982],[127.039914,37.694081],[127.039997,37.694684],[127.040837,37.695079],[127.041109,37.6953],[127.041813,37.695382],[127.042021,37.695071],[127.04233,37.695054],[127.043073,37.695231],[127.043286,37.694769],[127.043398,37.694402],[127.043355,37.694073],[127.043037,37.693622],[127.04375,37.693506],[127.043891,37.693423],[127.044066,37.693126],[127.044531,37.693072],[127.044817,37.692936],[127.044904,37.692405],[127.045094,37.692385],[127.045377,37.690648],[127.045776,37.687684],[127.046052,37.684976],[127.045883,37.682788],[127.045582,37.680786],[127.044819,37.676475],[127.044326,37.673392],[127.043636,37.669788],[127.042232,37.66994],[127.039581,37.669952],[127.039744,37.670872],[127.03982,37.671792],[127.039189,37.672119],[127.039239,37.671963],[127.038947,37.671936],[127.038411,37.672028],[127.038082,37.671896],[127.037955,37.671724],[127.037602,37.671457],[127.037152,37.671479],[127.036805,37.671583],[127.036621,37.671736],[127.036407,37.671993],[127.035988,37.672831],[127.03611,37.67305],[127.036175,37.673082],[127.035919,37.673732],[127.035866,37.674131],[127.035207,37.674256],[127.034613,37.67411],[127.034517,37.673988],[127.034318,37.674087],[127.033517,37.674156],[127.033106,37.673628],[127.03261,37.673802],[127.032342,37.674508],[127.032052,37.674467],[127.03156,37.675154],[127.030832,37.674743],[127.030572,37.674005],[127.03036,37.673815],[127.029516,37.674039],[127.029157,37.673611],[127.028634,37.673371],[127.027084,37.673373],[127.026628,37.673683],[127.02637,37.673511],[127.025825,37.673281],[127.025767,37.673067],[127.02514,37.672821],[127.025116,37.672499],[127.024914,37.672424],[127.023886,37.672325],[127.023094,37.672191],[127.022799,37.671591],[127.022358,37.671843],[127.021631,37.671742],[127.021472,37.671896],[127.020978,37.672048],[127.020768,37.672029],[127.020505,37.671543],[127.020262,37.671588],[127.020164,37.671686],[127.019888,37.671387],[127.019571,37.671264],[127.019376,37.67131],[127.018886,37.671119],[127.018696,37.670859],[127.018233,37.670653],[127.017926,37.670753],[127.01784,37.671028],[127.017632,37.671185],[127.017579,37.671431],[127.01736,37.671612],[127.017292,37.671913],[127.017397,37.67212],[127.0173,37.672394],[127.017173,37.67246],[127.017107,37.672605],[127.017001,37.672598],[127.016665,37.672895],[127.016219,37.673924],[127.016101,37.673864],[127.015582,37.674057],[127.015098,37.674141],[127.014811,37.674312],[127.01456,37.674762],[127.014353,37.674804],[127.013883,37.675239],[127.013846,37.675573],[127.013962,37.675835],[127.013824,37.676181],[127.013785,37.676471],[127.013454,37.677181],[127.013293,37.67783],[127.012723,37.678409],[127.01236,37.678703],[127.012122,37.679092],[127.011416,37.679178],[127.009365,37.679581],[127.008867,37.6806],[127.008993,37.681636],[127.008712,37.682259],[127.008418,37.683235],[127.008649,37.683947],[127.008666,37.684486],[127.00844,37.685432],[127.008589,37.687441],[127.008327,37.688507],[127.008293,37.690115],[127.007621,37.691618],[127.009712,37.693363],[127.009666,37.6967],[127.012125,37.697378],[127.013879,37.698801],[127.014961,37.700428],[127.015415,37.701455],[127.019827,37.701017]]]}},{"type":"Feature","properties":{"code":"11100650","name":"도봉2동","guCode":"11100","guName":"도봉구"},"geometry":{"type":"Polygon","coordinates":[[[127.048807,37.693281],[127.04892,37.692811],[127.049366,37.69169],[127.049966,37.69087],[127.050013,37.690419],[127.049751,37.689207],[127.04982,37.687977],[127.049985,37.68761],[127.050643,37.686508],[127.050921,37.686159],[127.051086,37.686055],[127.051368,37.685922],[127.051798,37.685815],[127.052202,37.684972],[127.052356,37.684332],[127.052134,37.682947],[127.051223,37.681998],[127.051064,37.680779],[127.050921,37.680094],[127.050398,37.679182],[127.050118,37.678395],[127.049943,37.677415],[127.049707,37.676718],[127.048844,37.675152],[127.048735,37.674792],[127.048751,37.673809],[127.04832,37.672343],[127.048158,37.671188],[127.048191,37.670497],[127.048512,37.669176],[127.044996,37.669446],[127.043603,37.669597],[127.044326,37.673392],[127.044819,37.676475],[127.045582,37.680786],[127.045883,37.682788],[127.046052,37.684976],[127.045776,37.687684],[127.045377,37.690648],[127.045094,37.692385],[127.04565,37.69237],[127.045973,37.692429],[127.045969,37.692466],[127.046523,37.692683],[127.046755,37.692717],[127.047078,37.693002],[127.047274,37.693008],[127.047527,37.693314],[127.047751,37.693269],[127.047815,37.69329],[127.048141,37.693716],[127.048211,37.693945],[127.048632,37.694063],[127.048807,37.693281]]]}},{"type":"Feature","properties":{"code":"11110510","name":"월계1동","guCode":"11110","guName":"노원구"},"geometry":{"type":"Polygon","coordinates":[[[127.061942,37.623391],[127.062005,37.623261],[127.062307,37.62335],[127.062416,37.623086],[127.062131,37.622999],[127.064228,37.618666],[127.064847,37.617287],[127.064934,37.617129],[127.065062,37.617076],[127.065219,37.616761],[127.065964,37.615095],[127.065779,37.615042],[127.065808,37.614973],[127.064579,37.6147],[127.063247,37.614269],[127.06269,37.614342],[127.062309,37.614316],[127.061754,37.614493],[127.061454,37.614636],[127.061213,37.614821],[127.061064,37.61488],[127.061145,37.614912],[127.060898,37.615262],[127.060979,37.615313],[127.060945,37.615385],[127.060874,37.615424],[127.060825,37.615401],[127.060699,37.615638],[127.060209,37.615966],[127.059008,37.616553],[127.058487,37.616889],[127.057421,37.617481],[127.055929,37.618915],[127.05556,37.619161],[127.054425,37.619779],[127.054034,37.620133],[127.052706,37.621606],[127.052074,37.622158],[127.05224,37.622239],[127.051761,37.62257],[127.051267,37.623064],[127.050524,37.623554],[127.050236,37.623871],[127.04974,37.624274],[127.053904,37.626924],[127.055499,37.627997],[127.055872,37.628181],[127.059043,37.630199],[127.059313,37.629371],[127.059943,37.62786],[127.059857,37.627831],[127.060308,37.626775],[127.061942,37.623391]]]}},{"type":"Feature","properties":{"code":"11110520","name":"월계2동","guCode":"11110","guName":"노원구"},"geometry":{"type":"Polygon","coordinates":[[[127.051113,37.64491],[127.05117,37.644762],[127.051356,37.644816],[127.051538,37.644508],[127.051626,37.644128],[127.051737,37.643957],[127.051867,37.643861],[127.051996,37.64356],[127.052062,37.643191],[127.052326,37.642614],[127.052971,37.641674],[127.053698,37.640974],[127.054023,37.640745],[127.054731,37.640135],[127.055778,37.640625],[127.057668,37.638746],[127.057851,37.638205],[127.058026,37.637974],[127.058355,37.637545],[127.059252,37.636688],[127.059455,37.636425],[127.059493,37.636205],[127.059856,37.635688],[127.060308,37.635144],[127.060532,37.634985],[127.058871,37.6342],[127.058813,37.63203],[127.058912,37.63203],[127.058916,37.631904],[127.058815,37.6319],[127.058817,37.631772],[127.058928,37.630722],[127.059043,37.630199],[127.055872,37.628181],[127.055499,37.627997],[127.053904,37.626924],[127.04974,37.624274],[127.049257,37.62485],[127.049005,37.625382],[127.048693,37.625868],[127.048103,37.626471],[127.047604,37.627124],[127.047121,37.627536],[127.046368,37.627942],[127.045114,37.628531],[127.044406,37.628938],[127.043844,37.629389],[127.043295,37.630016],[127.042515,37.630614],[127.042645,37.630905],[127.041658,37.631467],[127.042427,37.632266],[127.042566,37.632324],[127.042691,37.632621],[127.043088,37.632814],[127.04315,37.632885],[127.043513,37.633092],[127.043484,37.633255],[127.043749,37.633322],[127.043924,37.633475],[127.044163,37.633971],[127.044189,37.633938],[127.044323,37.634092],[127.0443,37.634214],[127.044339,37.63437],[127.044446,37.634419],[127.044465,37.63457],[127.044563,37.634776],[127.044518,37.63484],[127.044643,37.635362],[127.044788,37.635474],[127.044861,37.635604],[127.044969,37.635661],[127.044956,37.635818],[127.045026,37.635865],[127.044988,37.635934],[127.045051,37.636044],[127.04504,37.63669],[127.045152,37.636836],[127.045191,37.637077],[127.045275,37.6372],[127.045289,37.63731],[127.045369,37.637368],[127.045356,37.63747],[127.045453,37.637525],[127.045555,37.637676],[127.046025,37.637899],[127.046198,37.638647],[127.046282,37.638773],[127.046248,37.63885],[127.046468,37.639111],[127.046517,37.639243],[127.046694,37.639368],[127.046667,37.639478],[127.046784,37.639702],[127.046648,37.639803],[127.046612,37.639885],[127.046651,37.640043],[127.046503,37.640299],[127.046545,37.641001],[127.046594,37.641118],[127.046749,37.641193],[127.0478,37.641208],[127.047773,37.641413],[127.048547,37.641845],[127.048789,37.641926],[127.049064,37.642145],[127.049311,37.642668],[127.049427,37.642725],[127.049446,37.642836],[127.049758,37.643513],[127.049933,37.643527],[127.050096,37.643621],[127.050253,37.643602],[127.050703,37.643804],[127.050542,37.644101],[127.050548,37.644254],[127.050372,37.64459],[127.050482,37.644825],[127.050747,37.644794],[127.051093,37.644673],[127.051165,37.644684],[127.051056,37.64489],[127.051113,37.64491]]]}},{"type":"Feature","properties":{"code":"11110530","name":"월계3동","guCode":"11110","guName":"노원구"},"geometry":{"type":"Polygon","coordinates":[[[127.06978,37.623506],[127.070122,37.622578],[127.070404,37.62199],[127.070729,37.621133],[127.070724,37.620723],[127.070816,37.620175],[127.070315,37.619135],[127.070341,37.618883],[127.070264,37.617119],[127.070287,37.616099],[127.070215,37.616078],[127.070101,37.616138],[127.070192,37.615446],[127.070091,37.615406],[127.069712,37.615724],[127.068154,37.615458],[127.065808,37.614973],[127.065779,37.615042],[127.065964,37.615095],[127.065219,37.616761],[127.065062,37.617076],[127.064934,37.617129],[127.064847,37.617287],[127.064228,37.618666],[127.062131,37.622999],[127.062416,37.623086],[127.062307,37.62335],[127.062005,37.623261],[127.060308,37.626775],[127.059857,37.627831],[127.059943,37.62786],[127.059313,37.629371],[127.059043,37.630199],[127.058928,37.630722],[127.058817,37.631772],[127.058815,37.6319],[127.058916,37.631904],[127.058912,37.63203],[127.058813,37.63203],[127.058871,37.6342],[127.060532,37.634985],[127.062503,37.633595],[127.063097,37.633106],[127.063765,37.632633],[127.064251,37.631538],[127.064387,37.63106],[127.064393,37.629171],[127.06446,37.628551],[127.065071,37.627934],[127.066962,37.626663],[127.068754,37.62529],[127.069259,37.624743],[127.069507,37.624327],[127.06978,37.623506]]]}},{"type":"Feature","properties":{"code":"11110560","name":"공릉2동","guCode":"11110","guName":"노원구"},"geometry":{"type":"Polygon","coordinates":[[[127.105312,37.645404],[127.105719,37.645396],[127.105804,37.645517],[127.106045,37.645389],[127.106576,37.645377],[127.107692,37.644967],[127.108006,37.64446],[127.109289,37.642859],[127.109898,37.642488],[127.110751,37.64273],[127.111155,37.642564],[127.111424,37.642087],[127.11143,37.641929],[127.111345,37.641497],[127.111615,37.641247],[127.111712,37.640798],[127.111822,37.640654],[127.111878,37.640662],[127.112183,37.640409],[127.112217,37.64037],[127.11212,37.640302],[127.112286,37.640179],[127.112059,37.639814],[127.111729,37.639736],[127.111135,37.639944],[127.110566,37.639364],[127.110605,37.639248],[127.110549,37.639126],[127.110565,37.638988],[127.11062,37.638737],[127.110756,37.638767],[127.110903,37.638262],[127.111558,37.638033],[127.111633,37.637977],[127.112082,37.637133],[127.112199,37.637143],[127.112229,37.637097],[127.112483,37.636489],[127.112348,37.636386],[127.112305,37.636427],[127.112227,37.636375],[127.112266,37.636324],[127.112213,37.636284],[127.112252,37.635564],[127.112549,37.635251],[127.112347,37.634757],[127.112407,37.634251],[127.111602,37.633849],[127.112203,37.632643],[127.111632,37.631503],[127.111371,37.631228],[127.110825,37.630782],[127.110153,37.630355],[127.108885,37.629302],[127.107025,37.628048],[127.105906,37.627595],[127.105964,37.627331],[127.105402,37.625728],[127.105015,37.625265],[127.104914,37.623982],[127.104328,37.623271],[127.104066,37.621653],[127.104909,37.621567],[127.104938,37.621417],[127.105383,37.620902],[127.105662,37.620416],[127.105556,37.620371],[127.105555,37.620397],[127.104925,37.620096],[127.104947,37.620044],[127.104917,37.620028],[127.103889,37.620035],[127.10367,37.619991],[127.104068,37.620118],[127.103812,37.620288],[127.103367,37.620278],[127.103205,37.620189],[127.101692,37.620025],[127.10179,37.619683],[127.101675,37.619472],[127.101167,37.619469],[127.100871,37.619404],[127.100802,37.619487],[127.099661,37.619912],[127.099584,37.620003],[127.099644,37.619892],[127.098817,37.620394],[127.098486,37.620203],[127.096651,37.619562],[127.096615,37.619433],[127.096195,37.61902],[127.095547,37.619174],[127.095001,37.619047],[127.094448,37.619006],[127.09364,37.618066],[127.093498,37.618098],[127.093382,37.618046],[127.093248,37.618053],[127.093216,37.618003],[127.092755,37.618151],[127.092331,37.618348],[127.091384,37.618959],[127.09087,37.619121],[127.090567,37.61929],[127.089751,37.619549],[127.089721,37.61952],[127.089452,37.619647],[127.088707,37.62024],[127.08835,37.619919],[127.088231,37.619875],[127.087945,37.619932],[127.087355,37.62015],[127.086961,37.620234],[127.086073,37.620292],[127.084948,37.620096],[127.083787,37.619778],[127.083839,37.61965],[127.083453,37.61957],[127.082828,37.619338],[127.082392,37.619354],[127.081947,37.619187],[127.081666,37.619172],[127.081455,37.61976],[127.080799,37.619781],[127.080321,37.619888],[127.07989,37.620059],[127.079068,37.620521],[127.078511,37.621018],[127.078314,37.62126],[127.078057,37.621851],[127.077907,37.622378],[127.077537,37.624738],[127.07735,37.625428],[127.076745,37.62671],[127.076288,37.627428],[127.075602,37.628192],[127.074829,37.628815],[127.072101,37.630682],[127.071733,37.630916],[127.07143,37.631035],[127.071582,37.631223],[127.071383,37.63139],[127.071546,37.631434],[127.071524,37.63146],[127.071612,37.631524],[127.072844,37.631857],[127.073004,37.631492],[127.073149,37.631287],[127.073408,37.631077],[127.073664,37.630959],[127.07482,37.630776],[127.075355,37.63074],[127.075926,37.630562],[127.076307,37.630535],[127.076567,37.630668],[127.077201,37.632003],[127.077622,37.633243],[127.077878,37.634236],[127.078336,37.634266],[127.07878,37.634536],[127.078842,37.634849],[127.07899,37.635034],[127.079641,37.6351],[127.07956,37.635261],[127.079807,37.635385],[127.080847,37.636167],[127.081611,37.63704],[127.081779,37.638077],[127.081885,37.638285],[127.082016,37.638411],[127.082313,37.638589],[127.082353,37.639092],[127.082863,37.639432],[127.083733,37.640272],[127.083988,37.640295],[127.084008,37.640228],[127.084156,37.640257],[127.084158,37.640325],[127.084291,37.640356],[127.084679,37.640557],[127.084713,37.64051],[127.084944,37.640613],[127.085527,37.640777],[127.085706,37.640889],[127.085972,37.640942],[127.086094,37.640942],[127.086666,37.640722],[127.087125,37.64095],[127.088015,37.640984],[127.088277,37.640961],[127.088821,37.640831],[127.089363,37.640848],[127.090178,37.641058],[127.090604,37.640983],[127.091158,37.641276],[127.091412,37.641514],[127.091492,37.642087],[127.09235,37.642344],[127.093384,37.642503],[127.094118,37.64254],[127.094338,37.643253],[127.094463,37.643474],[127.094719,37.64371],[127.094562,37.644165],[127.09457,37.644571],[127.097559,37.643965],[127.098908,37.644034],[127.099773,37.644464],[127.101593,37.644772],[127.1028,37.645205],[127.102882,37.645409],[127.103867,37.645489],[127.103836,37.645556],[127.104027,37.645622],[127.104117,37.64548],[127.105312,37.645404]]]}},{"type":"Feature","properties":{"code":"11110580","name":"하계1동","guCode":"11110","guName":"노원구"},"geometry":{"type":"Polygon","coordinates":[[[127.076459,37.644449],[127.076619,37.644444],[127.076696,37.646184],[127.076829,37.646193],[127.077123,37.646109],[127.077987,37.645743],[127.078648,37.644241],[127.079221,37.643967],[127.079701,37.644252],[127.079971,37.644186],[127.080918,37.643728],[127.0809,37.643408],[127.081044,37.643255],[127.081044,37.642913],[127.081128,37.642811],[127.081452,37.642723],[127.081679,37.642338],[127.081911,37.642139],[127.082229,37.641604],[127.082517,37.641379],[127.082458,37.641318],[127.082569,37.641232],[127.082668,37.641262],[127.082968,37.641123],[127.083113,37.640954],[127.083074,37.640927],[127.083119,37.640823],[127.083243,37.640773],[127.083308,37.640812],[127.083429,37.640745],[127.08341,37.64068],[127.083479,37.640666],[127.083496,37.640588],[127.083449,37.640548],[127.083733,37.640272],[127.082863,37.639432],[127.082353,37.639092],[127.082313,37.638589],[127.082016,37.638411],[127.081885,37.638285],[127.081779,37.638077],[127.081611,37.63704],[127.080847,37.636167],[127.079807,37.635385],[127.07956,37.635261],[127.079641,37.6351],[127.07899,37.635034],[127.078842,37.634849],[127.07878,37.634536],[127.078336,37.634266],[127.077878,37.634236],[127.077622,37.633243],[127.077201,37.632003],[127.076567,37.630668],[127.076307,37.630535],[127.075926,37.630562],[127.075355,37.63074],[127.07482,37.630776],[127.073664,37.630959],[127.073408,37.631077],[127.073149,37.631287],[127.073004,37.631492],[127.072844,37.631857],[127.071612,37.631524],[127.071524,37.63146],[127.071546,37.631434],[127.071383,37.63139],[127.071582,37.631223],[127.07143,37.631035],[127.071326,37.63108],[127.071222,37.631063],[127.070414,37.631355],[127.070356,37.631382],[127.070416,37.63165],[127.070337,37.631682],[127.069018,37.634626],[127.068999,37.634764],[127.068865,37.635061],[127.068734,37.63526],[127.06867,37.635529],[127.068503,37.63591],[127.068151,37.636682],[127.067986,37.63693],[127.067157,37.638779],[127.069346,37.6394],[127.068823,37.640566],[127.070235,37.640965],[127.070215,37.641053],[127.070324,37.641242],[127.069843,37.642247],[127.070326,37.642417],[127.071831,37.643095],[127.070753,37.645279],[127.074227,37.646301],[127.075082,37.644499],[127.076459,37.644449]]]}},{"type":"Feature","properties":{"code":"11110590","name":"하계2동","guCode":"11110","guName":"노원구"},"geometry":{"type":"Polygon","coordinates":[[[127.061271,37.637255],[127.061347,37.637133],[127.067157,37.638779],[127.067986,37.63693],[127.068151,37.636682],[127.068503,37.63591],[127.06867,37.635529],[127.068734,37.63526],[127.068865,37.635061],[127.068999,37.634764],[127.069018,37.634626],[127.070337,37.631682],[127.070416,37.63165],[127.070353,37.631368],[127.069551,37.631494],[127.068626,37.631461],[127.068634,37.631623],[127.06857,37.631795],[127.068337,37.631785],[127.067851,37.631723],[127.064384,37.63107],[127.064251,37.631538],[127.063765,37.632633],[127.063097,37.633106],[127.062503,37.633595],[127.060308,37.635144],[127.059856,37.635688],[127.059493,37.636205],[127.059455,37.636425],[127.059252,37.636688],[127.059551,37.637044],[127.059675,37.637503],[127.059456,37.637838],[127.059518,37.637866],[127.059591,37.638106],[127.059776,37.638448],[127.059574,37.638683],[127.059657,37.638907],[127.060243,37.639576],[127.060306,37.639414],[127.060585,37.63938],[127.060721,37.638763],[127.060871,37.638498],[127.060899,37.638208],[127.061055,37.637641],[127.061271,37.637255]]]}},{"type":"Feature","properties":{"code":"11110600","name":"중계본동","guCode":"11110","guName":"노원구"},"geometry":{"type":"Polygon","coordinates":[[[127.092352,37.655492],[127.092867,37.654454],[127.093066,37.653783],[127.093916,37.652962],[127.094041,37.65254],[127.094,37.652295],[127.093725,37.651901],[127.093367,37.651227],[127.093346,37.65086],[127.093266,37.650618],[127.092466,37.64971],[127.092716,37.649346],[127.092637,37.648972],[127.092694,37.64858],[127.092917,37.648361],[127.093069,37.647838],[127.093673,37.647507],[127.093834,37.647322],[127.093632,37.646626],[127.094049,37.646111],[127.094475,37.64585],[127.094538,37.645506],[127.094381,37.644956],[127.09457,37.644571],[127.094562,37.644165],[127.094719,37.64371],[127.094463,37.643474],[127.094338,37.643253],[127.094118,37.64254],[127.093384,37.642503],[127.09235,37.642344],[127.091492,37.642087],[127.091412,37.641514],[127.091158,37.641276],[127.090604,37.640983],[127.090178,37.641058],[127.089363,37.640848],[127.088821,37.640831],[127.088277,37.640961],[127.088015,37.640984],[127.087125,37.64095],[127.086666,37.640722],[127.086094,37.640942],[127.085972,37.640942],[127.085706,37.640889],[127.085527,37.640777],[127.084944,37.640613],[127.084713,37.64051],[127.084679,37.640557],[127.084291,37.640356],[127.084158,37.640325],[127.084156,37.640257],[127.084008,37.640228],[127.083988,37.640295],[127.083733,37.640272],[127.083449,37.640548],[127.083496,37.640588],[127.083479,37.640666],[127.08341,37.64068],[127.083429,37.640745],[127.083308,37.640812],[127.083243,37.640773],[127.083119,37.640823],[127.083074,37.640927],[127.083113,37.640954],[127.082968,37.641123],[127.082668,37.641262],[127.082569,37.641232],[127.082458,37.641318],[127.082517,37.641379],[127.082229,37.641604],[127.081911,37.642139],[127.081679,37.642338],[127.081452,37.642723],[127.081128,37.642811],[127.081044,37.642913],[127.081044,37.643255],[127.0809,37.643408],[127.080918,37.643728],[127.079971,37.644186],[127.079701,37.644252],[127.079221,37.643967],[127.078648,37.644241],[127.077987,37.645743],[127.077479,37.645974],[127.076829,37.646193],[127.076696,37.646184],[127.076688,37.645994],[127.076497,37.645997],[127.076756,37.651092],[127.076829,37.651314],[127.076937,37.651474],[127.078031,37.652696],[127.078164,37.653077],[127.078174,37.653433],[127.07858,37.653652],[127.079829,37.654085],[127.080534,37.6542],[127.080439,37.654395],[127.080403,37.654621],[127.080457,37.654718],[127.080747,37.654718],[127.081217,37.654869],[127.081556,37.654843],[127.082234,37.654969],[127.082487,37.655076],[127.082957,37.655065],[127.083776,37.655234],[127.083934,37.655341],[127.085037,37.655348],[127.085403,37.655408],[127.085561,37.655566],[127.08577,37.655883],[127.086035,37.655913],[127.088445,37.656623],[127.091574,37.657772],[127.091891,37.657435],[127.092352,37.655492]]]}},{"type":"Feature","properties":{"code":"11110610","name":"중계1동","guCode":"11110","guName":"노원구"},"geometry":{"type":"Polygon","coordinates":[[[127.076518,37.6464],[127.076497,37.645997],[127.076688,37.645994],[127.076619,37.644444],[127.075082,37.644499],[127.074227,37.646301],[127.070914,37.645326],[127.070237,37.646761],[127.070256,37.646814],[127.070189,37.647203],[127.070169,37.648357],[127.070047,37.648793],[127.069803,37.649167],[127.068528,37.650485],[127.068777,37.650734],[127.069425,37.651261],[127.069965,37.65162],[127.070806,37.652501],[127.071238,37.653158],[127.071488,37.653446],[127.071744,37.653899],[127.07197,37.654698],[127.072023,37.655177],[127.074266,37.654839],[127.074438,37.654724],[127.075515,37.654638],[127.078172,37.654554],[127.078173,37.653185],[127.078103,37.652834],[127.078031,37.652696],[127.076937,37.651474],[127.076829,37.651314],[127.076756,37.651092],[127.076518,37.6464]]]}},{"type":"Feature","properties":{"code":"11110640","name":"중계4동","guCode":"11110","guName":"노원구"},"geometry":{"type":"Polygon","coordinates":[[[127.094142,37.663299],[127.093257,37.661974],[127.092174,37.660793],[127.091207,37.659335],[127.091132,37.658243],[127.091574,37.657772],[127.088445,37.656623],[127.086035,37.655913],[127.08577,37.655883],[127.085561,37.655566],[127.085403,37.655408],[127.085037,37.655348],[127.083934,37.655341],[127.083776,37.655234],[127.082957,37.655065],[127.082487,37.655076],[127.082234,37.654969],[127.081556,37.654843],[127.081217,37.654869],[127.080747,37.654718],[127.080457,37.654718],[127.080403,37.654621],[127.080439,37.654395],[127.080534,37.6542],[127.079829,37.654085],[127.07858,37.653652],[127.078174,37.653433],[127.078172,37.654554],[127.075515,37.654638],[127.074438,37.654724],[127.074266,37.654839],[127.072023,37.655177],[127.072032,37.65567],[127.071913,37.657915],[127.071956,37.658552],[127.072055,37.658789],[127.072153,37.658774],[127.072422,37.659289],[127.072645,37.659572],[127.0727,37.659581],[127.072651,37.659622],[127.072839,37.659751],[127.073325,37.660366],[127.074073,37.661123],[127.074453,37.661444],[127.074454,37.661886],[127.07436,37.66182],[127.074281,37.661905],[127.075239,37.662737],[127.075777,37.662754],[127.075641,37.662565],[127.07628,37.662535],[127.076514,37.662437],[127.078245,37.662261],[127.078954,37.662295],[127.080896,37.662566],[127.081206,37.662769],[127.081625,37.662649],[127.082901,37.66268],[127.083972,37.663472],[127.084723,37.664263],[127.088916,37.664612],[127.091732,37.664117],[127.095411,37.66389],[127.094142,37.663299]]]}},{"type":"Feature","properties":{"code":"11110650","name":"상계1동","guCode":"11110","guName":"노원구"},"geometry":{"type":"Polygon","coordinates":[[[127.083853,37.693867],[127.083905,37.691782],[127.085177,37.69039],[127.0845,37.689737],[127.08288,37.688965],[127.082419,37.688511],[127.08153,37.688162],[127.079468,37.687974],[127.07867,37.687432],[127.078487,37.687074],[127.077372,37.68572],[127.076509,37.68557],[127.076399,37.685379],[127.075601,37.685055],[127.075919,37.683744],[127.075243,37.681559],[127.07474,37.680548],[127.073995,37.679554],[127.073854,37.679149],[127.073833,37.678855],[127.073308,37.678176],[127.073385,37.677638],[127.073816,37.677259],[127.071052,37.674378],[127.069666,37.674227],[127.068359,37.673932],[127.067764,37.6741],[127.067242,37.673948],[127.066615,37.673868],[127.065992,37.671982],[127.065866,37.671215],[127.065721,37.671271],[127.06546,37.670801],[127.064696,37.67055],[127.063754,37.670527],[127.062759,37.670762],[127.061632,37.671263],[127.061235,37.671858],[127.061436,37.672599],[127.061221,37.672739],[127.060805,37.672688],[127.059847,37.67227],[127.059809,37.672367],[127.058591,37.671622],[127.058548,37.671505],[127.058225,37.671272],[127.057586,37.670944],[127.056242,37.670501],[127.051793,37.671],[127.049672,37.671189],[127.048158,37.671188],[127.04832,37.672343],[127.048748,37.673795],[127.048735,37.674792],[127.048844,37.675152],[127.049707,37.676718],[127.049943,37.677415],[127.050118,37.678395],[127.050398,37.679182],[127.050921,37.680094],[127.051064,37.680779],[127.051223,37.681998],[127.052134,37.682947],[127.052356,37.684332],[127.052202,37.684972],[127.051798,37.685815],[127.051804,37.687067],[127.052227,37.687421],[127.052808,37.687681],[127.05469,37.688718],[127.055179,37.689205],[127.056177,37.689204],[127.057191,37.689633],[127.05839,37.689686],[127.058707,37.689878],[127.05966,37.690332],[127.060616,37.691274],[127.061209,37.69217],[127.061668,37.692414],[127.061743,37.692572],[127.062209,37.692805],[127.062368,37.693024],[127.062395,37.693546],[127.062732,37.694676],[127.063386,37.694922],[127.064585,37.694554],[127.065326,37.694763],[127.066308,37.694442],[127.067577,37.69468],[127.067827,37.694773],[127.068028,37.694481],[127.068299,37.694357],[127.068548,37.694],[127.069028,37.693868],[127.069151,37.69369],[127.069557,37.69379],[127.069823,37.693981],[127.070644,37.693811],[127.070879,37.6937],[127.072658,37.6938],[127.073398,37.694101],[127.07393,37.694644],[127.074486,37.69501],[127.074907,37.69522],[127.078196,37.695987],[127.081105,37.696137],[127.083843,37.694269],[127.083853,37.693867]]]}},{"type":"Feature","properties":{"code":"11110660","name":"상계2동","guCode":"11110","guName":"노원구"},"geometry":{"type":"Polygon","coordinates":[[[127.068101,37.660278],[127.068495,37.659961],[127.068999,37.660375],[127.071044,37.658754],[127.071926,37.658136],[127.071927,37.657284],[127.072034,37.655348],[127.07197,37.654698],[127.071841,37.654162],[127.071588,37.653595],[127.071238,37.653158],[127.070806,37.652501],[127.069965,37.65162],[127.069425,37.651261],[127.068777,37.650734],[127.068778,37.651121],[127.068528,37.650944],[127.068453,37.650819],[127.067659,37.653615],[127.066994,37.655748],[127.06061,37.654322],[127.060506,37.654797],[127.060235,37.655674],[127.06171,37.656031],[127.061341,37.659737],[127.062563,37.659639],[127.062541,37.658966],[127.062551,37.65899],[127.062625,37.658948],[127.064615,37.659264],[127.064661,37.659215],[127.065212,37.659401],[127.065651,37.661252],[127.065549,37.66129],[127.065599,37.661568],[127.066358,37.66148],[127.066642,37.661411],[127.06662,37.661233],[127.067314,37.660907],[127.068101,37.660278]]]}},{"type":"Feature","properties":{"code":"11110690","name":"상계5동","guCode":"11110","guName":"노원구"},"geometry":{"type":"Polygon","coordinates":[[[127.067764,37.6741],[127.068359,37.673932],[127.068838,37.67404],[127.072512,37.671236],[127.073921,37.669078],[127.071504,37.666474],[127.072814,37.665539],[127.075695,37.663379],[127.075553,37.662746],[127.075239,37.662737],[127.074281,37.661905],[127.07436,37.66182],[127.074454,37.661886],[127.074453,37.661444],[127.074073,37.661123],[127.073325,37.660366],[127.072839,37.659751],[127.072651,37.659622],[127.0727,37.659581],[127.072645,37.659572],[127.072422,37.659289],[127.072153,37.658774],[127.072055,37.658789],[127.071956,37.658552],[127.071926,37.658136],[127.071044,37.658754],[127.068999,37.660375],[127.068495,37.659961],[127.067314,37.660907],[127.06662,37.661233],[127.066642,37.661411],[127.066358,37.66148],[127.065599,37.661568],[127.066545,37.667412],[127.066655,37.667912],[127.068313,37.667856],[127.068585,37.668011],[127.068552,37.668245],[127.068476,37.66836],[127.068055,37.668778],[127.067313,37.669055],[127.06706,37.669583],[127.067183,37.670633],[127.066607,37.671083],[127.065866,37.671215],[127.065992,37.671982],[127.066615,37.673868],[127.067242,37.673948],[127.067764,37.6741]]]}},{"type":"Feature","properties":{"code":"11110720","name":"상계8동","guCode":"11110","guName":"노원구"},"geometry":{"type":"Polygon","coordinates":[[[127.049324,37.671188],[127.049672,37.671189],[127.051793,37.671],[127.056242,37.670501],[127.057815,37.664547],[127.057627,37.664516],[127.058131,37.662579],[127.058212,37.662136],[127.058259,37.662084],[127.058364,37.661681],[127.058031,37.66139],[127.051691,37.661906],[127.051635,37.663979],[127.051165,37.663979],[127.050884,37.664797],[127.050314,37.665812],[127.04967,37.66655],[127.048907,37.667585],[127.048191,37.670497],[127.048158,37.671188],[127.049324,37.671188]]]}},{"type":"Feature","properties":{"code":"11110730","name":"상계9동","guCode":"11110","guName":"노원구"},"geometry":{"type":"Polygon","coordinates":[[[127.061353,37.6723],[127.061235,37.671858],[127.061632,37.671263],[127.062759,37.670762],[127.063754,37.670527],[127.064696,37.67055],[127.06546,37.670801],[127.065721,37.671271],[127.066607,37.671083],[127.067183,37.670633],[127.06706,37.669583],[127.067313,37.669055],[127.068055,37.668778],[127.068552,37.668245],[127.068585,37.668011],[127.068313,37.667856],[127.066655,37.667912],[127.066545,37.667412],[127.065549,37.66129],[127.062909,37.661306],[127.063268,37.663583],[127.063495,37.664772],[127.062427,37.665127],[127.061874,37.665192],[127.057815,37.664547],[127.056237,37.67052],[127.057586,37.670944],[127.058225,37.671272],[127.058548,37.671505],[127.058591,37.671622],[127.059809,37.672367],[127.059847,37.67227],[127.060805,37.672688],[127.061221,37.672739],[127.061436,37.672599],[127.061353,37.6723]]]}},{"type":"Feature","properties":{"code":"11110740","name":"상계10동","guCode":"11110","guName":"노원구"},"geometry":{"type":"Polygon","coordinates":[[[127.062943,37.661517],[127.062909,37.661306],[127.065549,37.66129],[127.065651,37.661252],[127.065212,37.659401],[127.064661,37.659215],[127.064615,37.659264],[127.062625,37.658948],[127.062551,37.65899],[127.062541,37.658966],[127.062563,37.659639],[127.061341,37.659737],[127.06171,37.656031],[127.055578,37.65455],[127.055043,37.654483],[127.054054,37.654494],[127.054006,37.655301],[127.053578,37.656132],[127.053594,37.656771],[127.053407,37.657518],[127.052529,37.658943],[127.051786,37.659949],[127.051787,37.660979],[127.051704,37.661464],[127.051691,37.661906],[127.058031,37.66139],[127.058364,37.661681],[127.058259,37.662084],[127.058212,37.662136],[127.058131,37.662579],[127.057627,37.664516],[127.061874,37.665192],[127.062427,37.665127],[127.063495,37.664772],[127.063268,37.663583],[127.062943,37.661517]]]}},{"type":"Feature","properties":{"code":"11110760","name":"상계3·4동","guCode":"11110","guName":"노원구"},"geometry":{"type":"Polygon","coordinates":[[[127.089318,37.689766],[127.090552,37.68957],[127.092384,37.689933],[127.093037,37.689966],[127.094289,37.689132],[127.095097,37.689385],[127.095996,37.689071],[127.095585,37.688395],[127.096081,37.687907],[127.096295,37.68717],[127.096425,37.686264],[127.096423,37.685637],[127.096045,37.685197],[127.09581,37.68464],[127.094288,37.683419],[127.094149,37.68308],[127.093392,37.68219],[127.092919,37.681552],[127.092967,37.681198],[127.092795,37.680045],[127.092531,37.679517],[127.092174,37.67921],[127.091947,37.67919],[127.091942,37.678693],[127.09219,37.67803],[127.09248,37.677643],[127.092614,37.677475],[127.092968,37.677345],[127.09334,37.676884],[127.09353,37.676739],[127.093854,37.676659],[127.093886,37.676143],[127.094014,37.675797],[127.093963,37.675617],[127.094615,37.673536],[127.094919,37.673084],[127.095147,37.672891],[127.095751,37.672673],[127.096019,37.67185],[127.09572,37.671348],[127.095806,37.67116],[127.095749,37.67062],[127.096013,37.670079],[127.096447,37.669689],[127.096237,37.668829],[127.094979,37.6676],[127.094581,37.666172],[127.09468,37.664921],[127.095411,37.66389],[127.091732,37.664117],[127.088916,37.664612],[127.084723,37.664263],[127.083972,37.663472],[127.082901,37.66268],[127.081625,37.662649],[127.081206,37.662769],[127.080896,37.662566],[127.078954,37.662295],[127.078245,37.662261],[127.076514,37.662437],[127.07628,37.662535],[127.075641,37.662565],[127.075777,37.662754],[127.075553,37.662746],[127.075695,37.663379],[127.072814,37.665539],[127.071504,37.666474],[127.073921,37.669078],[127.072512,37.671236],[127.068838,37.67404],[127.069666,37.674227],[127.071052,37.674378],[127.073816,37.677259],[127.073385,37.677638],[127.073308,37.678176],[127.073833,37.678855],[127.073854,37.679149],[127.073995,37.679554],[127.07474,37.680548],[127.075243,37.681559],[127.075919,37.683744],[127.075601,37.685055],[127.076399,37.685379],[127.076509,37.68557],[127.077372,37.68572],[127.078487,37.687074],[127.07867,37.687432],[127.079468,37.687974],[127.08153,37.688162],[127.082419,37.688511],[127.08288,37.688965],[127.0845,37.689737],[127.085177,37.69039],[127.086531,37.689912],[127.088454,37.689903],[127.089318,37.689766]]]}},{"type":"Feature","properties":{"code":"11110770","name":"상계6·7동","guCode":"11110","guName":"노원구"},"geometry":{"type":"Polygon","coordinates":[[[127.06736,37.654575],[127.068453,37.650819],[127.068528,37.650944],[127.068778,37.651121],[127.068777,37.650734],[127.068484,37.650441],[127.067884,37.650107],[127.067179,37.64979],[127.066123,37.649557],[127.065573,37.649114],[127.064963,37.64822],[127.064318,37.647417],[127.063747,37.646868],[127.062907,37.646225],[127.06231,37.645955],[127.061646,37.64544],[127.061426,37.645101],[127.061136,37.644431],[127.060969,37.642351],[127.061045,37.641789],[127.060587,37.64067],[127.060243,37.639576],[127.059657,37.638907],[127.059574,37.638683],[127.059776,37.638448],[127.059591,37.638106],[127.059518,37.637866],[127.059456,37.637838],[127.059675,37.637503],[127.059551,37.637044],[127.059252,37.636688],[127.058355,37.637545],[127.057851,37.638205],[127.057668,37.638746],[127.056802,37.639636],[127.056154,37.640222],[127.055128,37.641322],[127.054994,37.642355],[127.055151,37.64346],[127.055644,37.644598],[127.055875,37.646596],[127.055826,37.647049],[127.05544,37.648241],[127.054646,37.649561],[127.054191,37.650151],[127.053948,37.650553],[127.053822,37.651127],[127.053734,37.652058],[127.053941,37.653166],[127.054054,37.654494],[127.055043,37.654483],[127.055578,37.65455],[127.060235,37.655674],[127.060506,37.654797],[127.06061,37.654322],[127.066994,37.655748],[127.06736,37.654575]]]}},{"type":"Feature","properties":{"code":"11110780","name":"중계2·3동","guCode":"11110","guName":"노원구"},"geometry":{"type":"Polygon","coordinates":[[[127.061352,37.637134],[127.061055,37.637641],[127.060899,37.638208],[127.060871,37.638498],[127.060721,37.638763],[127.060585,37.63938],[127.060306,37.639414],[127.060243,37.639576],[127.060587,37.64067],[127.061045,37.641789],[127.060969,37.642351],[127.061136,37.644431],[127.061426,37.645101],[127.061646,37.64544],[127.06231,37.645955],[127.062907,37.646225],[127.063747,37.646868],[127.064318,37.647417],[127.064963,37.64822],[127.065573,37.649114],[127.066123,37.649557],[127.067179,37.64979],[127.067884,37.650107],[127.068528,37.650485],[127.069803,37.649167],[127.070047,37.648793],[127.070169,37.648357],[127.070189,37.647203],[127.070256,37.646814],[127.070237,37.646761],[127.070914,37.645326],[127.070753,37.645279],[127.071831,37.643095],[127.070326,37.642417],[127.069843,37.642247],[127.070324,37.641242],[127.070215,37.641053],[127.070235,37.640965],[127.068823,37.640566],[127.069346,37.6394],[127.061352,37.637134]]]}},{"type":"Feature","properties":{"code":"11110790","name":"공릉1동","guCode":"11110","guName":"노원구"},"geometry":{"type":"Polygon","coordinates":[[[127.06862,37.631507],[127.068626,37.631461],[127.069551,37.631494],[127.070434,37.631369],[127.071222,37.631063],[127.071326,37.63108],[127.071733,37.630916],[127.074829,37.628815],[127.075602,37.628192],[127.076288,37.627428],[127.076548,37.627046],[127.07719,37.625824],[127.07735,37.625428],[127.077537,37.624738],[127.077907,37.622378],[127.078057,37.621851],[127.078314,37.62126],[127.078511,37.621018],[127.079068,37.620521],[127.07989,37.620059],[127.080321,37.619888],[127.080799,37.619781],[127.081455,37.61976],[127.081666,37.619172],[127.081434,37.619159],[127.080994,37.618889],[127.080653,37.618496],[127.080075,37.618276],[127.080075,37.618724],[127.077696,37.617906],[127.077731,37.61787],[127.077571,37.617744],[127.077497,37.617831],[127.077536,37.617855],[127.076516,37.617501],[127.076529,37.617468],[127.076317,37.617433],[127.075541,37.617165],[127.075003,37.617126],[127.075031,37.61691],[127.074378,37.616741],[127.074159,37.616832],[127.071977,37.616474],[127.071958,37.616539],[127.071385,37.616403],[127.07118,37.61631],[127.071094,37.616208],[127.071107,37.615954],[127.070981,37.615824],[127.070192,37.615446],[127.070101,37.616138],[127.070215,37.616078],[127.070287,37.616099],[127.070264,37.617119],[127.070341,37.618883],[127.070315,37.619135],[127.070816,37.620175],[127.070724,37.620723],[127.070729,37.621133],[127.070404,37.62199],[127.070122,37.622578],[127.069507,37.624327],[127.069259,37.624743],[127.068754,37.62529],[127.066962,37.626663],[127.065071,37.627934],[127.064456,37.628558],[127.064393,37.629171],[127.064384,37.63107],[127.067851,37.631723],[127.068337,37.631785],[127.06857,37.631795],[127.068634,37.631623],[127.06862,37.631507]]]}},{"type":"Feature","properties":{"code":"11120510","name":"녹번동","guCode":"11120","guName":"은평구"},"geometry":{"type":"Polygon","coordinates":[[[126.943216,37.610114],[126.943431,37.610063],[126.944139,37.610357],[126.946114,37.610576],[126.946988,37.610142],[126.94752,37.609522],[126.947438,37.609446],[126.948164,37.608634],[126.946998,37.608139],[126.94618,37.607404],[126.945355,37.606962],[126.944163,37.606485],[126.944163,37.606313],[126.943813,37.606313],[126.943708,37.60624],[126.943672,37.60506],[126.942138,37.604958],[126.941237,37.603149],[126.939972,37.603095],[126.939814,37.602781],[126.939846,37.601867],[126.940099,37.601793],[126.940377,37.60157],[126.941093,37.601121],[126.941403,37.600657],[126.94108,37.599554],[126.940883,37.598697],[126.939675,37.597952],[126.938724,37.597504],[126.938388,37.597951],[126.936344,37.599808],[126.935803,37.600789],[126.93531,37.600822],[126.934796,37.601046],[126.930756,37.601427],[126.930365,37.601409],[126.929925,37.601514],[126.928145,37.60168],[126.927422,37.601887],[126.92705,37.602084],[126.926642,37.602405],[126.926413,37.602421],[126.922413,37.601578],[126.920765,37.601707],[126.922658,37.605478],[126.922742,37.606454],[126.922868,37.606549],[126.922994,37.60674],[126.923018,37.606701],[126.923037,37.606784],[126.923517,37.607262],[126.924247,37.607516],[126.924849,37.60782],[126.925329,37.60799],[126.925834,37.608281],[126.926181,37.6086],[126.926698,37.608902],[126.927173,37.609075],[126.927689,37.608917],[126.928515,37.608425],[126.929222,37.608353],[126.930006,37.608398],[126.931395,37.608733],[126.932835,37.60939],[126.933663,37.609528],[126.934322,37.609558],[126.935679,37.609759],[126.936963,37.609814],[126.937712,37.610036],[126.939094,37.610608],[126.940937,37.61071],[126.941604,37.610669],[126.942582,37.610265],[126.943216,37.610114]]]}},{"type":"Feature","properties":{"code":"11120520","name":"불광1동","guCode":"11120","guName":"은평구"},"geometry":{"type":"Polygon","coordinates":[[[126.942225,37.626071],[126.944148,37.625767],[126.944533,37.626076],[126.945979,37.625971],[126.946888,37.625771],[126.947504,37.626032],[126.948865,37.625837],[126.949656,37.625287],[126.949713,37.625344],[126.949,37.624335],[126.948898,37.623263],[126.949227,37.622358],[126.949889,37.620901],[126.949929,37.620614],[126.949911,37.619921],[126.949838,37.619584],[126.949854,37.618762],[126.950155,37.617655],[126.95047,37.616099],[126.950724,37.615538],[126.950592,37.615137],[126.950797,37.613849],[126.950732,37.613528],[126.950478,37.61287],[126.949829,37.611656],[126.950377,37.610625],[126.949644,37.610267],[126.949058,37.609816],[126.948842,37.609471],[126.94868,37.609043],[126.948164,37.608634],[126.947438,37.609446],[126.94752,37.609522],[126.946988,37.610142],[126.946114,37.610576],[126.944139,37.610357],[126.943431,37.610063],[126.942582,37.610265],[126.941604,37.610669],[126.940937,37.61071],[126.939094,37.610608],[126.937712,37.610036],[126.936963,37.609814],[126.935679,37.609759],[126.934322,37.609558],[126.933663,37.609528],[126.932835,37.60939],[126.931445,37.608764],[126.930674,37.609559],[126.930012,37.610376],[126.929133,37.611292],[126.928978,37.611487],[126.928987,37.611524],[126.928321,37.61204],[126.928061,37.612344],[126.928092,37.612362],[126.927503,37.613042],[126.927467,37.613034],[126.926726,37.613883],[126.926747,37.613902],[126.926065,37.614623],[126.925859,37.614903],[126.925531,37.615152],[126.925084,37.6154],[126.924726,37.615843],[126.924554,37.615942],[126.924142,37.616063],[126.923528,37.6165],[126.922852,37.617125],[126.922726,37.617141],[126.922039,37.617922],[126.921406,37.618761],[126.921255,37.618846],[126.92231,37.619174],[126.922954,37.619827],[126.923478,37.620068],[126.924188,37.620315],[126.926216,37.621383],[126.926417,37.621332],[126.927708,37.62131],[126.928657,37.621208],[126.92864,37.621172],[126.928574,37.621168],[126.928587,37.621027],[126.928479,37.620846],[126.92851,37.620595],[126.928858,37.620036],[126.929056,37.619959],[126.928706,37.619679],[126.929591,37.619233],[126.929681,37.619338],[126.929844,37.619276],[126.929956,37.619447],[126.929917,37.619545],[126.930106,37.619799],[126.930262,37.620284],[126.930684,37.620495],[126.93078,37.620726],[126.930943,37.62091],[126.931603,37.621015],[126.931689,37.62132],[126.933262,37.621623],[126.933598,37.621745],[126.933717,37.621675],[126.933871,37.621671],[126.934847,37.621352],[126.934778,37.620986],[126.93501,37.620843],[126.936227,37.620434],[126.936893,37.620023],[126.937536,37.620163],[126.937962,37.620332],[126.938327,37.620545],[126.938815,37.620988],[126.938885,37.621146],[126.938899,37.6215],[126.938858,37.621895],[126.938903,37.62201],[126.939358,37.62255],[126.939401,37.623244],[126.93953,37.623449],[126.939656,37.623949],[126.940905,37.625703],[126.940352,37.626059],[126.941489,37.626139],[126.942225,37.626071]]]}},{"type":"Feature","properties":{"code":"11120550","name":"갈현1동","guCode":"11120","guName":"은평구"},"geometry":{"type":"Polygon","coordinates":[[[126.915177,37.630844],[126.91566,37.629892],[126.915744,37.629633],[126.915807,37.629579],[126.915775,37.629544],[126.915824,37.629443],[126.91588,37.62939],[126.916205,37.629706],[126.916276,37.629679],[126.91656,37.629485],[126.916847,37.629016],[126.916952,37.628982],[126.916923,37.628909],[126.917038,37.62867],[126.918535,37.628493],[126.919124,37.628221],[126.919434,37.628205],[126.919608,37.627922],[126.919655,37.627922],[126.919805,37.627758],[126.9202,37.626457],[126.920271,37.625677],[126.920139,37.624319],[126.91996,37.624319],[126.919742,37.622134],[126.920166,37.620284],[126.92046,37.619741],[126.921183,37.619011],[126.921273,37.618836],[126.920585,37.618646],[126.920213,37.618413],[126.919765,37.618643],[126.918207,37.619315],[126.916044,37.620196],[126.913645,37.621469],[126.912495,37.621715],[126.912724,37.622079],[126.912514,37.62233],[126.912074,37.62268],[126.911763,37.622813],[126.911583,37.622641],[126.911436,37.622568],[126.911341,37.622581],[126.911194,37.622777],[126.910507,37.623308],[126.909994,37.623843],[126.909942,37.623789],[126.909714,37.624014],[126.909617,37.624018],[126.909478,37.623925],[126.909346,37.623997],[126.907938,37.624249],[126.907537,37.624083],[126.907541,37.624026],[126.908047,37.624181],[126.907109,37.623449],[126.907,37.623937],[126.906749,37.624242],[126.906627,37.624496],[126.90744,37.625094],[126.90779,37.625502],[126.908396,37.625992],[126.908611,37.626266],[126.908903,37.627459],[126.908802,37.629088],[126.909963,37.629221],[126.911131,37.629748],[126.912004,37.630508],[126.912611,37.630668],[126.913751,37.630634],[126.914432,37.630903],[126.91515,37.630905],[126.915177,37.630844]]]}},{"type":"Feature","properties":{"code":"11120560","name":"갈현2동","guCode":"11120","guName":"은평구"},"geometry":{"type":"Polygon","coordinates":[[[126.908168,37.624227],[126.909346,37.623997],[126.909478,37.623925],[126.909617,37.624018],[126.909714,37.624014],[126.909942,37.623789],[126.909994,37.623843],[126.910507,37.623308],[126.911194,37.622777],[126.911341,37.622581],[126.911436,37.622568],[126.911583,37.622641],[126.911763,37.622813],[126.912074,37.62268],[126.912514,37.62233],[126.912724,37.622079],[126.912495,37.621715],[126.913645,37.621469],[126.916044,37.620196],[126.918207,37.619315],[126.919765,37.618643],[126.920213,37.618413],[126.920047,37.618234],[126.917913,37.61501],[126.917293,37.611301],[126.917168,37.611283],[126.915191,37.612475],[126.91007,37.614337],[126.909414,37.61486],[126.909328,37.615],[126.909318,37.615091],[126.909219,37.615179],[126.907377,37.616626],[126.906894,37.617151],[126.905858,37.619178],[126.905928,37.619206],[126.905214,37.619868],[126.905613,37.620704],[126.906278,37.621352],[126.907117,37.621941],[126.90714,37.622547],[126.9071,37.623007],[126.907143,37.623313],[126.907109,37.623449],[126.908047,37.624181],[126.907541,37.624026],[126.907537,37.624083],[126.907938,37.624249],[126.908168,37.624227]]]}},{"type":"Feature","properties":{"code":"11120570","name":"구산동","guCode":"11120","guName":"은평구"},"geometry":{"type":"Polygon","coordinates":[[[126.906008,37.618888],[126.906894,37.617151],[126.907208,37.616781],[126.909219,37.615179],[126.909318,37.615091],[126.909328,37.615],[126.909414,37.61486],[126.909998,37.61438],[126.910287,37.614234],[126.915191,37.612475],[126.917168,37.611283],[126.917293,37.611301],[126.917068,37.610681],[126.916895,37.610328],[126.916671,37.609964],[126.915669,37.608631],[126.915421,37.608074],[126.915286,37.607432],[126.91076,37.607538],[126.909702,37.607628],[126.909514,37.605631],[126.909452,37.605434],[126.908636,37.60532],[126.908317,37.605163],[126.907792,37.605018],[126.906667,37.605175],[126.906205,37.605046],[126.905316,37.604709],[126.904964,37.604526],[126.904787,37.604527],[126.903976,37.605022],[126.90359,37.605134],[126.902982,37.605535],[126.90257,37.605604],[126.902276,37.60559],[126.902104,37.605516],[126.901709,37.605739],[126.901743,37.605765],[126.901414,37.606191],[126.900776,37.608439],[126.900601,37.60932],[126.900705,37.610319],[126.900304,37.611191],[126.900962,37.61235],[126.900913,37.612725],[126.901734,37.614069],[126.901799,37.61447],[126.901729,37.614776],[126.901917,37.615093],[126.901823,37.615754],[126.902149,37.61637],[126.902473,37.616666],[126.902478,37.616899],[126.903126,37.617304],[126.903008,37.617786],[126.903052,37.618094],[126.90334,37.618306],[126.903361,37.618839],[126.903729,37.618798],[126.904274,37.618831],[126.905231,37.619075],[126.905189,37.619814],[126.905214,37.619868],[126.905928,37.619206],[126.905858,37.619178],[126.906008,37.618888]]]}},{"type":"Feature","properties":{"code":"11120580","name":"대조동","guCode":"11120","guName":"은평구"},"geometry":{"type":"Polygon","coordinates":[[[126.926418,37.614241],[126.928092,37.612362],[126.928061,37.612344],[126.928321,37.61204],[126.928987,37.611524],[126.928978,37.611487],[126.929133,37.611292],[126.930012,37.610376],[126.930674,37.609559],[126.931445,37.608764],[126.930966,37.608609],[126.930006,37.608398],[126.929222,37.608353],[126.928515,37.608425],[126.927689,37.608917],[126.927173,37.609075],[126.92656,37.60884],[126.926181,37.6086],[126.925834,37.608281],[126.925329,37.60799],[126.924849,37.60782],[126.924247,37.607516],[126.923517,37.607262],[126.923037,37.606784],[126.923018,37.606701],[126.922994,37.60674],[126.922868,37.606549],[126.922742,37.606454],[126.920053,37.609522],[126.91979,37.609725],[126.917615,37.611028],[126.917619,37.61108],[126.917505,37.611101],[126.917293,37.611301],[126.917913,37.61501],[126.920047,37.618234],[126.920302,37.61849],[126.920585,37.618646],[126.921273,37.618836],[126.921406,37.618761],[126.922039,37.617922],[126.922726,37.617141],[126.922852,37.617125],[126.923528,37.6165],[126.924142,37.616063],[126.924554,37.615942],[126.924726,37.615843],[126.925084,37.6154],[126.925278,37.615312],[126.92581,37.614951],[126.926418,37.614241]]]}},{"type":"Feature","properties":{"code":"11120590","name":"응암1동","guCode":"11120","guName":"은평구"},"geometry":{"type":"Polygon","coordinates":[[[126.928808,37.601612],[126.929925,37.601514],[126.930365,37.601409],[126.930756,37.601427],[126.934796,37.601046],[126.93531,37.600822],[126.935803,37.600789],[126.936344,37.599808],[126.938388,37.597951],[126.938724,37.597504],[126.938642,37.597502],[126.937542,37.597868],[126.93671,37.597625],[126.934538,37.596615],[126.933839,37.596628],[126.932795,37.596298],[126.932207,37.595787],[126.931585,37.595392],[126.931315,37.595016],[126.930231,37.594535],[126.930378,37.59432],[126.929965,37.594165],[126.929323,37.593325],[126.928825,37.592846],[126.928539,37.592237],[126.928254,37.59198],[126.927596,37.592318],[126.927413,37.592703],[126.92707,37.592652],[126.926683,37.592882],[126.92667,37.593426],[126.926255,37.593962],[126.926768,37.593913],[126.926883,37.594624],[126.926182,37.59472],[126.9261,37.594635],[126.926022,37.59519],[126.926065,37.595395],[126.926275,37.595615],[126.92581,37.595743],[126.925527,37.595991],[126.924803,37.596081],[126.924776,37.596166],[126.924539,37.596323],[126.923949,37.596566],[126.923987,37.596599],[126.923852,37.596645],[126.923749,37.596455],[126.922516,37.596897],[126.922238,37.596897],[126.921576,37.597123],[126.920348,37.597698],[126.919096,37.596003],[126.9175,37.596751],[126.916194,37.596949],[126.915375,37.597161],[126.915859,37.598989],[126.916008,37.599249],[126.916762,37.599409],[126.917173,37.599661],[126.919089,37.600186],[126.919579,37.600389],[126.919922,37.600601],[126.920283,37.600916],[126.920558,37.601298],[126.920765,37.601707],[126.922413,37.601578],[126.926413,37.602421],[126.926642,37.602405],[126.927135,37.602031],[126.927724,37.601775],[126.928145,37.60168],[126.928808,37.601612]]]}},{"type":"Feature","properties":{"code":"11120600","name":"응암2동","guCode":"11120","guName":"은평구"},"geometry":{"type":"Polygon","coordinates":[[[126.923732,37.596461],[126.923852,37.596645],[126.923987,37.596599],[126.923949,37.596566],[126.924539,37.596323],[126.924776,37.596166],[126.924803,37.596081],[126.925527,37.595991],[126.92581,37.595743],[126.926275,37.595615],[126.926065,37.595395],[126.926022,37.59519],[126.9261,37.594635],[126.926182,37.59472],[126.926883,37.594624],[126.926768,37.593913],[126.926255,37.593962],[126.92667,37.593426],[126.926683,37.592882],[126.92707,37.592652],[126.927413,37.592703],[126.927596,37.592318],[126.928254,37.59198],[126.927762,37.591571],[126.927977,37.59103],[126.927658,37.59051],[126.927947,37.589924],[126.927621,37.589389],[126.927757,37.588876],[126.928009,37.588385],[126.927738,37.588064],[126.926314,37.587266],[126.92572,37.587148],[126.925066,37.58724],[126.924474,37.587217],[126.923821,37.587095],[126.923641,37.58616],[126.922833,37.585608],[126.92265,37.588793],[126.921605,37.588964],[126.921371,37.588794],[126.920772,37.588856],[126.920873,37.589403],[126.918549,37.590186],[126.918401,37.590219],[126.917826,37.590178],[126.917251,37.590237],[126.918049,37.593891],[126.918201,37.594759],[126.920348,37.597698],[126.921576,37.597123],[126.922238,37.596897],[126.922516,37.596897],[126.923732,37.596461]]]}},{"type":"Feature","properties":{"code":"11120650","name":"신사1동","guCode":"11120","guName":"은평구"},"geometry":{"type":"Polygon","coordinates":[[[126.904523,37.603155],[126.90492,37.603254],[126.905082,37.603158],[126.905631,37.60267],[126.906115,37.602157],[126.906476,37.601988],[126.906744,37.60177],[126.906895,37.601736],[126.906882,37.601332],[126.907335,37.601289],[126.907412,37.601349],[126.907521,37.601528],[126.907461,37.601547],[126.907527,37.601599],[126.907856,37.601529],[126.908561,37.60205],[126.910336,37.601994],[126.913288,37.601143],[126.913639,37.601017],[126.91382,37.600772],[126.914434,37.600112],[126.914966,37.600028],[126.914667,37.598851],[126.915928,37.59911],[126.915859,37.598989],[126.914151,37.592549],[126.910553,37.595438],[126.909356,37.596259],[126.909398,37.596356],[126.906607,37.597788],[126.906076,37.598127],[126.905851,37.598333],[126.905435,37.598444],[126.904551,37.598484],[126.904419,37.598425],[126.903791,37.598317],[126.90333,37.598146],[126.902927,37.598097],[126.902664,37.598109],[126.90251,37.598069],[126.902331,37.598132],[126.902273,37.598086],[126.901959,37.598111],[126.901818,37.598231],[126.901199,37.598295],[126.901261,37.598489],[126.901323,37.599367],[126.901017,37.599873],[126.901012,37.600175],[126.900293,37.601233],[126.899982,37.60204],[126.900205,37.602568],[126.900153,37.603116],[126.900771,37.60337],[126.901307,37.603399],[126.902108,37.603742],[126.902574,37.603721],[126.90321,37.603529],[126.903697,37.603464],[126.904272,37.603174],[126.904523,37.603155]]]}},{"type":"Feature","properties":{"code":"11120660","name":"신사2동","guCode":"11120","guName":"은평구"},"geometry":{"type":"Polygon","coordinates":[[[126.90582,37.598334],[126.906607,37.597788],[126.909398,37.596356],[126.909356,37.596259],[126.910553,37.595438],[126.914151,37.592549],[126.913501,37.590139],[126.913197,37.588645],[126.911137,37.589072],[126.91074,37.589264],[126.910442,37.589595],[126.910251,37.589394],[126.910398,37.589266],[126.910214,37.589297],[126.909255,37.589256],[126.908567,37.589146],[126.908255,37.588943],[126.907536,37.588799],[126.907532,37.588748],[126.90702,37.58848],[126.906883,37.588451],[126.905922,37.588826],[126.905391,37.588702],[126.904973,37.588518],[126.904652,37.588192],[126.904424,37.588094],[126.903625,37.588117],[126.902712,37.588539],[126.902445,37.588733],[126.901296,37.589025],[126.900904,37.58922],[126.90054,37.589139],[126.900293,37.589232],[126.899644,37.589817],[126.89975,37.589938],[126.899575,37.590673],[126.89971,37.590989],[126.899696,37.591362],[126.899566,37.59169],[126.898962,37.592678],[126.899299,37.592868],[126.899414,37.593142],[126.899778,37.593387],[126.900021,37.593832],[126.900355,37.594211],[126.90183,37.595141],[126.901784,37.595557],[126.901628,37.596],[126.901211,37.596302],[126.901201,37.596747],[126.901076,37.596937],[126.901012,37.597337],[126.901254,37.597909],[126.901171,37.598208],[126.901199,37.598295],[126.901818,37.598231],[126.901959,37.598111],[126.902273,37.598086],[126.902331,37.598132],[126.90251,37.598069],[126.902664,37.598109],[126.902927,37.598097],[126.90333,37.598146],[126.903791,37.598317],[126.904419,37.598425],[126.904551,37.598484],[126.905435,37.598444],[126.90582,37.598334]]]}},{"type":"Feature","properties":{"code":"11120670","name":"증산동","guCode":"11120","guName":"은평구"},"geometry":{"type":"Polygon","coordinates":[[[126.910635,37.58936],[126.910815,37.589217],[126.911137,37.589072],[126.913197,37.588645],[126.913041,37.587793],[126.912903,37.587358],[126.91248,37.586531],[126.911914,37.585823],[126.904117,37.578485],[126.90417,37.578745],[126.901891,37.576602],[126.901904,37.576666],[126.901369,37.576993],[126.901554,37.577123],[126.900588,37.577825],[126.900629,37.577867],[126.900512,37.577958],[126.900552,37.577996],[126.900329,37.578162],[126.900287,37.578117],[126.900178,37.578188],[126.900137,37.578152],[126.899783,37.57841],[126.899627,37.578263],[126.898879,37.578803],[126.899549,37.579447],[126.900047,37.579577],[126.900144,37.579533],[126.900235,37.579627],[126.900077,37.579786],[126.900077,37.579831],[126.900652,37.580027],[126.900655,37.580065],[126.90107,37.580233],[126.901029,37.580294],[126.901089,37.580339],[126.90236,37.580696],[126.902376,37.580805],[126.902246,37.581077],[126.901841,37.581145],[126.901988,37.581233],[126.90187,37.581762],[126.901945,37.582219],[126.90217,37.582557],[126.90213,37.58302],[126.901935,37.583381],[126.901992,37.583774],[126.90155,37.584615],[126.901603,37.584858],[126.90155,37.585156],[126.901779,37.585735],[126.902022,37.585969],[126.902165,37.586254],[126.902246,37.586624],[126.903007,37.587623],[126.903108,37.587709],[126.903465,37.587868],[126.903625,37.588117],[126.904424,37.588094],[126.904652,37.588192],[126.904973,37.588518],[126.905391,37.588702],[126.905922,37.588826],[126.906883,37.588451],[126.90702,37.58848],[126.907532,37.588748],[126.907536,37.588799],[126.908255,37.588943],[126.908567,37.589146],[126.909255,37.589256],[126.910214,37.589297],[126.910398,37.589266],[126.910251,37.589394],[126.910442,37.589595],[126.910635,37.58936]]]}},{"type":"Feature","properties":{"code":"11120680","name":"수색동","guCode":"11120","guName":"은평구"},"geometry":{"type":"Polygon","coordinates":[[[126.886683,37.593827],[126.886846,37.593805],[126.887338,37.59392],[126.887182,37.593678],[126.886715,37.593173],[126.886563,37.592707],[126.88627,37.592309],[126.886215,37.592328],[126.886144,37.5921],[126.885769,37.591748],[126.885704,37.591652],[126.885743,37.591607],[126.885658,37.591479],[126.885598,37.591502],[126.885467,37.591105],[126.885489,37.59097],[126.88563,37.590905],[126.885714,37.590807],[126.885815,37.59002],[126.885881,37.589937],[126.885872,37.589807],[126.885786,37.589634],[126.885811,37.589654],[126.885908,37.589596],[126.885824,37.58953],[126.886558,37.589162],[126.887159,37.588533],[126.887323,37.588524],[126.887609,37.588667],[126.888344,37.588795],[126.888911,37.588785],[126.889253,37.588828],[126.889579,37.589132],[126.890225,37.588925],[126.890937,37.588567],[126.891444,37.588465],[126.891767,37.588531],[126.892236,37.588522],[126.893328,37.589067],[126.893841,37.589071],[126.894267,37.58882],[126.895231,37.588864],[126.895954,37.588734],[126.896414,37.588738],[126.896859,37.588567],[126.897573,37.588963],[126.897962,37.58909],[126.898082,37.589539],[126.899644,37.589817],[126.900293,37.589232],[126.90054,37.589139],[126.900904,37.58922],[126.901296,37.589025],[126.902445,37.588733],[126.902712,37.588539],[126.903625,37.588117],[126.903465,37.587868],[126.903108,37.587709],[126.903007,37.587623],[126.902514,37.587014],[126.902246,37.586624],[126.902165,37.586254],[126.902022,37.585969],[126.901779,37.585735],[126.90155,37.585156],[126.901603,37.584858],[126.90155,37.584615],[126.901992,37.583774],[126.901935,37.583381],[126.90213,37.58302],[126.90217,37.582557],[126.901945,37.582219],[126.90187,37.581762],[126.901988,37.581233],[126.901841,37.581145],[126.902246,37.581077],[126.902376,37.580805],[126.90236,37.580696],[126.901089,37.580339],[126.901029,37.580294],[126.90107,37.580233],[126.900655,37.580065],[126.900652,37.580027],[126.900077,37.579831],[126.900077,37.579786],[126.900235,37.579627],[126.900144,37.579533],[126.900047,37.579577],[126.899549,37.579447],[126.898879,37.578803],[126.899627,37.578263],[126.899783,37.57841],[126.900137,37.578152],[126.900178,37.578188],[126.900287,37.578117],[126.900329,37.578162],[126.900552,37.577996],[126.900512,37.577958],[126.900629,37.577867],[126.900588,37.577825],[126.901554,37.577123],[126.901369,37.576993],[126.901904,37.576666],[126.90183,37.576546],[126.902635,37.57639],[126.902084,37.576005],[126.897149,37.579349],[126.888887,37.58465],[126.886722,37.586344],[126.885736,37.587176],[126.882031,37.590818],[126.882323,37.591127],[126.882682,37.591377],[126.883349,37.591788],[126.883575,37.591853],[126.884475,37.592892],[126.884936,37.593588],[126.885243,37.593893],[126.885316,37.593852],[126.885295,37.593804],[126.88541,37.593883],[126.885796,37.593954],[126.886365,37.593954],[126.886683,37.593827]]]}},{"type":"Feature","properties":{"code":"11120710","name":"진관동","guCode":"11120","guName":"은평구"},"geometry":{"type":"Polygon","coordinates":[[[126.947939,37.65838],[126.94792,37.658285],[126.947885,37.65829],[126.947858,37.658234],[126.947943,37.658202],[126.947965,37.658157],[126.947908,37.658121],[126.948008,37.658069],[126.948038,37.657892],[126.947992,37.657711],[126.947758,37.657281],[126.947882,37.657126],[126.948833,37.656974],[126.949203,37.65677],[126.94949,37.656247],[126.949791,37.655912],[126.950405,37.655692],[126.950773,37.655486],[126.951053,37.655197],[126.951376,37.65495],[126.95186,37.654865],[126.952315,37.654916],[126.95321,37.654933],[126.953359,37.654968],[126.953946,37.655297],[126.954194,37.655211],[126.954032,37.655076],[126.954037,37.654982],[126.954352,37.654595],[126.954898,37.654461],[126.955236,37.654314],[126.955321,37.654224],[126.955424,37.653898],[126.955535,37.653778],[126.955714,37.653682],[126.955851,37.653662],[126.956163,37.653361],[126.956532,37.65317],[126.956412,37.65317],[126.957108,37.652837],[126.95746,37.651872],[126.957685,37.65071],[126.957789,37.649809],[126.957562,37.649042],[126.957855,37.648446],[126.957839,37.648048],[126.958377,37.64765],[126.959027,37.646783],[126.95892,37.646137],[126.959146,37.64575],[126.958907,37.64476],[126.959122,37.644346],[126.95902,37.643879],[126.959365,37.6432],[126.959268,37.642133],[126.959971,37.641462],[126.960132,37.640538],[126.96051,37.639831],[126.960862,37.638755],[126.961603,37.637989],[126.961604,37.637117],[126.962541,37.635819],[126.963329,37.633245],[126.961619,37.631888],[126.959798,37.62973],[126.958814,37.629589],[126.957446,37.629159],[126.956713,37.628621],[126.956346,37.628207],[126.955565,37.628283],[126.955179,37.628162],[126.954015,37.627362],[126.953506,37.627378],[126.952754,37.627056],[126.952024,37.626873],[126.951605,37.626545],[126.950454,37.626418],[126.949656,37.625287],[126.948865,37.625837],[126.947504,37.626032],[126.946888,37.625771],[126.945979,37.625971],[126.944533,37.626076],[126.944148,37.625767],[126.942225,37.626071],[126.941489,37.626139],[126.940679,37.626058],[126.938281,37.626007],[126.937789,37.626138],[126.936191,37.626154],[126.9357,37.626389],[126.934011,37.626673],[126.93259,37.626405],[126.932031,37.626396],[126.93179,37.626661],[126.931745,37.626887],[126.931229,37.627831],[126.930994,37.62801],[126.930718,37.628128],[126.930023,37.628245],[126.929978,37.628297],[126.929899,37.628258],[126.928577,37.628834],[126.928304,37.628814],[126.927323,37.629055],[126.927218,37.629235],[126.926915,37.629482],[126.926738,37.629455],[126.926628,37.629536],[126.925974,37.629509],[126.925425,37.629573],[126.924997,37.629757],[126.924382,37.629454],[126.923613,37.62932],[126.923181,37.629],[126.922781,37.628563],[126.92269,37.628592],[126.922742,37.628516],[126.92252,37.628334],[126.922027,37.628464],[126.920143,37.62836],[126.919692,37.62828],[126.919696,37.628191],[126.919636,37.628216],[126.91933,37.628185],[126.919215,37.628232],[126.919124,37.628221],[126.918535,37.628493],[126.917038,37.62867],[126.916923,37.628909],[126.916952,37.628982],[126.916847,37.629016],[126.91656,37.629485],[126.916205,37.629706],[126.91588,37.62939],[126.915824,37.629443],[126.915775,37.629544],[126.915807,37.629579],[126.915744,37.629633],[126.91566,37.629892],[126.91515,37.630905],[126.914432,37.630903],[126.913751,37.630634],[126.912611,37.630668],[126.912004,37.630508],[126.911131,37.629748],[126.909963,37.629221],[126.908802,37.629088],[126.90877,37.629328],[126.908382,37.629994],[126.908118,37.630061],[126.907294,37.630867],[126.906929,37.631804],[126.906757,37.632736],[126.906202,37.63322],[126.907096,37.633398],[126.908113,37.63383],[126.909122,37.634333],[126.909807,37.634942],[126.910854,37.635317],[126.91121,37.635906],[126.910316,37.637913],[126.910092,37.638509],[126.910892,37.640284],[126.911151,37.640979],[126.912175,37.644142],[126.91228,37.644315],[126.911775,37.644495],[126.911185,37.644764],[126.910141,37.645077],[126.910141,37.645131],[126.909915,37.645255],[126.909441,37.645426],[126.908777,37.64581],[126.907705,37.64629],[126.907292,37.646945],[126.905625,37.648481],[126.90481,37.649128],[126.904802,37.649201],[126.905165,37.648969],[126.905541,37.64889],[126.906094,37.64863],[126.906926,37.648165],[126.906915,37.648132],[126.907109,37.648064],[126.907659,37.647674],[126.908414,37.647257],[126.908635,37.647416],[126.909727,37.646878],[126.910436,37.646279],[126.910863,37.646011],[126.911314,37.645822],[126.911946,37.645366],[126.912328,37.645177],[126.913399,37.644996],[126.913721,37.644756],[126.914607,37.644909],[126.915189,37.645116],[126.917342,37.645258],[126.921471,37.645782],[126.923395,37.645944],[126.924123,37.646106],[126.924792,37.646534],[126.926581,37.647767],[126.927134,37.648103],[126.927992,37.648888],[126.929118,37.649666],[126.929281,37.649835],[126.929699,37.650048],[126.930285,37.650225],[126.930863,37.650301],[126.931431,37.650331],[126.931901,37.650231],[126.932158,37.650306],[126.932221,37.650387],[126.93389,37.650725],[126.935267,37.651061],[126.935706,37.651203],[126.936282,37.651584],[126.937163,37.652316],[126.937425,37.652691],[126.93774,37.653447],[126.938151,37.654122],[126.93846,37.654771],[126.93881,37.655276],[126.939666,37.656241],[126.940335,37.656768],[126.9421,37.657722],[126.942697,37.657919],[126.943338,37.658059],[126.944123,37.658116],[126.945023,37.658325],[126.946426,37.658756],[126.947565,37.659215],[126.947755,37.658923],[126.947967,37.658708],[126.948002,37.658572],[126.947939,37.65838]]]}},{"type":"Feature","properties":{"code":"11120720","name":"불광2동","guCode":"11120","guName":"은평구"},"geometry":{"type":"Polygon","coordinates":[[[126.925925,37.629514],[126.926628,37.629536],[126.926738,37.629455],[126.926915,37.629482],[126.927218,37.629235],[126.927323,37.629055],[126.928304,37.628814],[126.928577,37.628834],[126.929899,37.628258],[126.929978,37.628297],[126.930023,37.628245],[126.930718,37.628128],[126.930994,37.62801],[126.931229,37.627831],[126.931745,37.626887],[126.93179,37.626661],[126.932031,37.626396],[126.93259,37.626405],[126.934011,37.626673],[126.9357,37.626389],[126.936191,37.626154],[126.937789,37.626138],[126.938281,37.626007],[126.940352,37.626059],[126.940905,37.625703],[126.939656,37.623949],[126.93953,37.623449],[126.939401,37.623244],[126.939358,37.62255],[126.938903,37.62201],[126.938858,37.621895],[126.938899,37.6215],[126.938885,37.621146],[126.938815,37.620988],[126.938327,37.620545],[126.937962,37.620332],[126.937536,37.620163],[126.936893,37.620023],[126.936227,37.620434],[126.93501,37.620843],[126.934778,37.620986],[126.934847,37.621352],[126.933871,37.621671],[126.933717,37.621675],[126.933598,37.621745],[126.933262,37.621623],[126.931689,37.62132],[126.931603,37.621015],[126.930943,37.62091],[126.93078,37.620726],[126.930684,37.620495],[126.930262,37.620284],[126.930106,37.619799],[126.929917,37.619545],[126.929956,37.619447],[126.929844,37.619276],[126.929681,37.619338],[126.929591,37.619233],[126.928706,37.619679],[126.929056,37.619959],[126.928858,37.620036],[126.92851,37.620595],[126.928479,37.620846],[126.928587,37.621027],[126.928574,37.621168],[126.92864,37.621172],[126.928657,37.621208],[126.927708,37.62131],[126.926417,37.621332],[126.926216,37.621383],[126.924188,37.620315],[126.923478,37.620068],[126.922954,37.619827],[126.92231,37.619174],[126.921255,37.618846],[126.921183,37.619011],[126.92046,37.619741],[126.920166,37.620284],[126.919742,37.622134],[126.91996,37.624319],[126.920139,37.624319],[126.920146,37.624355],[126.920267,37.62557],[126.92027,37.625946],[126.9202,37.626457],[126.919805,37.627758],[126.919655,37.627922],[126.919608,37.627922],[126.91946,37.628196],[126.919696,37.628191],[126.919692,37.62828],[126.920143,37.62836],[126.922027,37.628464],[126.92252,37.628334],[126.922742,37.628516],[126.92269,37.628592],[126.922781,37.628563],[126.923181,37.629],[126.923613,37.62932],[126.924382,37.629454],[126.924997,37.629757],[126.925425,37.629573],[126.925925,37.629514]]]}},{"type":"Feature","properties":{"code":"11120730","name":"응암3동","guCode":"11120","guName":"은평구"},"geometry":{"type":"Polygon","coordinates":[[[126.918043,37.593865],[126.917251,37.590237],[126.917826,37.590178],[126.918401,37.590219],[126.918549,37.590186],[126.920873,37.589403],[126.920772,37.588856],[126.921371,37.588794],[126.921605,37.588964],[126.92265,37.588793],[126.922833,37.585608],[126.922764,37.585558],[126.922737,37.585582],[126.922844,37.585385],[126.92273,37.585229],[126.922411,37.585335],[126.922211,37.585045],[126.921851,37.584696],[126.921893,37.58465],[126.921873,37.584614],[126.922002,37.584079],[126.921946,37.584009],[126.921943,37.583936],[126.921887,37.583935],[126.921777,37.583781],[126.921699,37.583761],[126.92176,37.583458],[126.921165,37.583318],[126.920859,37.582939],[126.920254,37.582957],[126.920169,37.583031],[126.920106,37.583021],[126.920074,37.583113],[126.919948,37.583224],[126.919776,37.583186],[126.91974,37.583267],[126.919664,37.583249],[126.919641,37.58328],[126.919482,37.583228],[126.919292,37.58328],[126.919301,37.583328],[126.918971,37.583403],[126.918888,37.58338],[126.918858,37.583316],[126.918688,37.583369],[126.917965,37.583305],[126.917873,37.583258],[126.917754,37.583282],[126.917662,37.583243],[126.917615,37.583246],[126.91761,37.583283],[126.917233,37.583342],[126.917196,37.583267],[126.915937,37.583095],[126.915893,37.58343],[126.91573,37.58345],[126.915743,37.583824],[126.915706,37.583888],[126.91576,37.58397],[126.915534,37.584224],[126.915665,37.584312],[126.91568,37.58436],[126.915606,37.584433],[126.915726,37.58452],[126.915572,37.584735],[126.915747,37.584831],[126.915683,37.584981],[126.916014,37.585297],[126.916267,37.585657],[126.916164,37.585732],[126.916015,37.585615],[126.91531,37.585415],[126.915698,37.58598],[126.912844,37.587222],[126.913041,37.587793],[126.913501,37.590139],[126.915375,37.597161],[126.916194,37.596949],[126.9175,37.596751],[126.919096,37.596003],[126.918201,37.594759],[126.918043,37.593865]]]}},{"type":"Feature","properties":{"code":"11120740","name":"역촌동","guCode":"11120","guName":"은평구"},"geometry":{"type":"Polygon","coordinates":[[[126.917505,37.611101],[126.917619,37.61108],[126.917615,37.611028],[126.91979,37.609725],[126.920053,37.609522],[126.922742,37.606454],[126.922658,37.605478],[126.920558,37.601298],[126.920283,37.600916],[126.920078,37.600726],[126.919483,37.600341],[126.918988,37.600156],[126.917173,37.599661],[126.916762,37.599409],[126.916008,37.599249],[126.915928,37.59911],[126.914667,37.598851],[126.914966,37.600028],[126.914434,37.600112],[126.91382,37.600772],[126.913639,37.601017],[126.910336,37.601994],[126.908561,37.60205],[126.907856,37.601529],[126.907527,37.601599],[126.907461,37.601547],[126.907521,37.601528],[126.907412,37.601349],[126.907335,37.601289],[126.906882,37.601332],[126.906895,37.601736],[126.906744,37.60177],[126.906476,37.601988],[126.906115,37.602157],[126.905631,37.60267],[126.905082,37.603158],[126.90492,37.603254],[126.904586,37.60315],[126.904272,37.603174],[126.903697,37.603464],[126.90321,37.603529],[126.902574,37.603721],[126.902108,37.603742],[126.90203,37.604269],[126.901849,37.604622],[126.901823,37.604763],[126.901505,37.605357],[126.90175,37.605715],[126.902104,37.605516],[126.902276,37.60559],[126.90257,37.605604],[126.902982,37.605535],[126.90359,37.605134],[126.903976,37.605022],[126.904787,37.604527],[126.904964,37.604526],[126.905316,37.604709],[126.906205,37.605046],[126.906667,37.605175],[126.907792,37.605018],[126.908317,37.605163],[126.908636,37.60532],[126.909452,37.605434],[126.909514,37.605631],[126.909702,37.607628],[126.91076,37.607538],[126.915286,37.607432],[126.915421,37.608074],[126.915669,37.608631],[126.916671,37.609964],[126.916895,37.610328],[126.917068,37.610681],[126.917293,37.611301],[126.917505,37.611101]]]}},{"type":"Feature","properties":{"code":"11130520","name":"천연동","guCode":"11130","guName":"서대문구"},"geometry":{"type":"Polygon","coordinates":[[[126.954917,37.577149],[126.954957,37.577144],[126.954879,37.577235],[126.954915,37.577309],[126.955463,37.576549],[126.955634,37.576595],[126.956373,37.575681],[126.958338,37.574098],[126.960375,37.572083],[126.964,37.568632],[126.965711,37.566776],[126.965174,37.566499],[126.965313,37.566334],[126.964632,37.566072],[126.964551,37.566087],[126.964499,37.566406],[126.96389,37.566287],[126.963896,37.566255],[126.96345,37.566312],[126.962886,37.566209],[126.962665,37.566062],[126.962817,37.565995],[126.962832,37.565879],[126.962982,37.565895],[126.96307,37.565495],[126.963006,37.565479],[126.962775,37.565484],[126.962666,37.565468],[126.962651,37.565432],[126.96234,37.565495],[126.962096,37.565404],[126.962035,37.565466],[126.96191,37.565446],[126.961894,37.565491],[126.961661,37.565466],[126.961498,37.56551],[126.961531,37.565536],[126.961451,37.565617],[126.961301,37.565569],[126.961057,37.565646],[126.960969,37.565603],[126.961225,37.565517],[126.96108,37.565455],[126.961024,37.565519],[126.960909,37.565506],[126.960881,37.565453],[126.96091,37.565332],[126.96085,37.565299],[126.960617,37.565348],[126.960451,37.565478],[126.960287,37.565424],[126.960174,37.565519],[126.959963,37.565544],[126.959522,37.565471],[126.958978,37.56547],[126.958842,37.565736],[126.958518,37.566139],[126.958174,37.56631],[126.957794,37.566389],[126.957365,37.56629],[126.957202,37.566522],[126.956578,37.566695],[126.956285,37.566917],[126.956152,37.566921],[126.955557,37.567324],[126.955579,37.567564],[126.955995,37.568143],[126.955062,37.568367],[126.955005,37.568518],[126.954854,37.568708],[126.954705,37.5688],[126.954634,37.568916],[126.954178,37.569127],[126.953607,37.569539],[126.953205,37.569567],[126.953095,37.569705],[126.95254,37.57007],[126.952198,37.57025],[126.951742,37.570398],[126.95145,37.570778],[126.951031,37.570938],[126.950928,37.571112],[126.950627,37.572161],[126.95035,37.572417],[126.950178,37.572762],[126.950167,37.573215],[126.949848,37.573666],[126.949679,37.57418],[126.949028,37.574651],[126.948975,37.575231],[126.949017,37.575551],[126.94895,37.575726],[126.949654,37.575747],[126.950142,37.576013],[126.950372,37.57625],[126.950658,37.576288],[126.951102,37.576583],[126.95173,37.577176],[126.952206,37.577408],[126.952366,37.577636],[126.952402,37.577872],[126.952849,37.578098],[126.953558,37.578749],[126.954672,37.577509],[126.954706,37.577399],[126.954917,37.577149]]]}},{"type":"Feature","properties":{"code":"11130620","name":"홍제1동","guCode":"11130","guName":"서대문구"},"geometry":{"type":"Polygon","coordinates":[[[126.941655,37.591156],[126.942494,37.590169],[126.943457,37.589325],[126.945477,37.587681],[126.949247,37.584001],[126.949663,37.583562],[126.950125,37.582805],[126.950821,37.581368],[126.952096,37.5803],[126.952786,37.579667],[126.95362,37.578809],[126.952849,37.578098],[126.952402,37.577872],[126.952366,37.577636],[126.952206,37.577408],[126.95173,37.577176],[126.951102,37.576583],[126.950658,37.576288],[126.950372,37.57625],[126.950142,37.576013],[126.949654,37.575747],[126.94895,37.575726],[126.948446,37.575755],[126.947933,37.575892],[126.947209,37.57685],[126.94572,37.577361],[126.944711,37.577542],[126.944296,37.578023],[126.943841,37.579653],[126.943873,37.580286],[126.943279,37.580324],[126.943037,37.580528],[126.942965,37.580701],[126.941845,37.581054],[126.941467,37.582307],[126.9417,37.582678],[126.941847,37.582836],[126.941934,37.583038],[126.941768,37.583394],[126.941781,37.583651],[126.942061,37.583929],[126.942061,37.584161],[126.941973,37.584138],[126.942,37.583959],[126.941494,37.583853],[126.941195,37.583847],[126.94078,37.583898],[126.940702,37.583848],[126.94041,37.58389],[126.940391,37.583969],[126.940064,37.584029],[126.940079,37.584142],[126.939404,37.584166],[126.939256,37.584121],[126.939134,37.584055],[126.938963,37.583872],[126.938822,37.583626],[126.938361,37.583389],[126.938069,37.583299],[126.937957,37.583218],[126.937777,37.582869],[126.937507,37.582776],[126.937275,37.582596],[126.936902,37.582852],[126.936318,37.583799],[126.935993,37.584219],[126.935786,37.584685],[126.935468,37.585822],[126.935543,37.586522],[126.935851,37.587424],[126.936315,37.588292],[126.936743,37.588782],[126.937235,37.589134],[126.93733,37.588957],[126.937844,37.589271],[126.938365,37.589512],[126.93909,37.589705],[126.939983,37.59032],[126.94077,37.590691],[126.940683,37.590807],[126.941318,37.591114],[126.941368,37.591096],[126.941579,37.591247],[126.941655,37.591156]]]}},{"type":"Feature","properties":{"code":"11130640","name":"홍제3동","guCode":"11130","guName":"서대문구"},"geometry":{"type":"Polygon","coordinates":[[[126.956541,37.598828],[126.956683,37.598753],[126.956708,37.598796],[126.956781,37.598747],[126.956737,37.59869],[126.956747,37.598575],[126.957308,37.598531],[126.957714,37.598367],[126.958042,37.598156],[126.958268,37.597789],[126.958398,37.597143],[126.95853,37.596722],[126.9587,37.59639],[126.958637,37.59587],[126.959033,37.595059],[126.959024,37.594797],[126.95883,37.594577],[126.958649,37.594478],[126.958526,37.594186],[126.958087,37.593957],[126.957508,37.593547],[126.957498,37.593078],[126.957798,37.592574],[126.957827,37.59146],[126.95749,37.590078],[126.957467,37.589489],[126.95733,37.588723],[126.957486,37.587957],[126.957374,37.587077],[126.957472,37.586047],[126.957854,37.585006],[126.957767,37.584972],[126.957827,37.584853],[126.953744,37.587336],[126.952735,37.588014],[126.951434,37.589154],[126.950994,37.589296],[126.950272,37.589161],[126.95059,37.588708],[126.950698,37.588421],[126.950649,37.588389],[126.95048,37.588682],[126.950006,37.588469],[126.949699,37.588516],[126.94971,37.588543],[126.949349,37.588664],[126.949633,37.589036],[126.949543,37.58907],[126.949491,37.589075],[126.949449,37.589025],[126.948535,37.588921],[126.94819,37.588641],[126.947781,37.588558],[126.94753,37.588603],[126.94744,37.588685],[126.94696,37.588724],[126.946573,37.58894],[126.945638,37.588638],[126.944982,37.588079],[126.943457,37.589325],[126.942494,37.590169],[126.941412,37.591474],[126.943795,37.592133],[126.944216,37.591998],[126.944547,37.592183],[126.945097,37.592254],[126.946927,37.594474],[126.946919,37.595503],[126.946605,37.596274],[126.946406,37.59698],[126.946551,37.597691],[126.947086,37.598272],[126.947333,37.598426],[126.947649,37.598502],[126.948057,37.598492],[126.948866,37.598381],[126.949659,37.598102],[126.949831,37.597998],[126.950332,37.597387],[126.950547,37.596979],[126.951149,37.596114],[126.951306,37.595962],[126.951541,37.59595],[126.95205,37.596035],[126.952348,37.596269],[126.953012,37.596646],[126.953234,37.59667],[126.953746,37.596585],[126.95471,37.596114],[126.955496,37.595837],[126.956099,37.596212],[126.95613,37.596727],[126.956241,37.597171],[126.956277,37.597569],[126.95627,37.598742],[126.956341,37.598921],[126.956541,37.598828]]]}},{"type":"Feature","properties":{"code":"11130650","name":"홍제2동","guCode":"11130","guName":"서대문구"},"geometry":{"type":"Polygon","coordinates":[[[126.951896,37.58875],[126.952735,37.588014],[126.953744,37.587336],[126.957827,37.584853],[126.957997,37.584442],[126.957999,37.584125],[126.957662,37.583173],[126.957604,37.582881],[126.957696,37.582623],[126.957573,37.582303],[126.957642,37.582045],[126.957924,37.581539],[126.95802,37.581461],[126.95816,37.58117],[126.958173,37.580985],[126.958031,37.580736],[126.957791,37.580587],[126.957303,37.580444],[126.957224,37.580351],[126.957202,37.579819],[126.955678,37.579684],[126.955231,37.579426],[126.955107,37.579296],[126.954385,37.579096],[126.95362,37.578809],[126.952786,37.579667],[126.952096,37.5803],[126.950821,37.581368],[126.950125,37.582805],[126.949663,37.583562],[126.94828,37.584977],[126.945477,37.587681],[126.944982,37.588079],[126.945638,37.588638],[126.946573,37.58894],[126.94696,37.588724],[126.94744,37.588685],[126.94753,37.588603],[126.947781,37.588558],[126.94819,37.588641],[126.948535,37.588921],[126.949449,37.589025],[126.949491,37.589075],[126.949543,37.58907],[126.949633,37.589036],[126.949349,37.588664],[126.94971,37.588543],[126.949699,37.588516],[126.950006,37.588469],[126.95048,37.588682],[126.950649,37.588389],[126.950698,37.588421],[126.95059,37.588708],[126.950272,37.589161],[126.950994,37.589296],[126.951434,37.589154],[126.951896,37.58875]]]}},{"type":"Feature","properties":{"code":"11130660","name":"홍은1동","guCode":"11130","guName":"서대문구"},"geometry":{"type":"Polygon","coordinates":[[[126.952618,37.606462],[126.952665,37.606336],[126.952695,37.605909],[126.953076,37.605502],[126.954042,37.605073],[126.953969,37.60488],[126.953567,37.604479],[126.953415,37.604215],[126.953275,37.603663],[126.952706,37.602895],[126.95267,37.602713],[126.952375,37.602476],[126.952451,37.602318],[126.952495,37.601999],[126.95255,37.601887],[126.952469,37.601623],[126.952597,37.601229],[126.952888,37.60085],[126.952904,37.600711],[126.95323,37.600436],[126.953362,37.600168],[126.953321,37.599767],[126.953378,37.599643],[126.95338,37.599531],[126.953299,37.599365],[126.953046,37.599074],[126.953011,37.598936],[126.953061,37.598759],[126.953237,37.598595],[126.953408,37.598566],[126.953643,37.598612],[126.953841,37.598673],[126.953922,37.59877],[126.953943,37.598862],[126.954032,37.598916],[126.954141,37.599098],[126.954201,37.599084],[126.954881,37.599309],[126.955411,37.599274],[126.955493,37.599217],[126.956175,37.599011],[126.956341,37.598921],[126.95627,37.598742],[126.956262,37.598585],[126.956277,37.597569],[126.956241,37.597171],[126.95613,37.596727],[126.956099,37.596212],[126.955496,37.595837],[126.95471,37.596114],[126.953746,37.596585],[126.953234,37.59667],[126.953012,37.596646],[126.952348,37.596269],[126.95205,37.596035],[126.951541,37.59595],[126.951306,37.595962],[126.951149,37.596114],[126.950547,37.596979],[126.950332,37.597387],[126.949831,37.597998],[126.949659,37.598102],[126.948866,37.598381],[126.948057,37.598492],[126.947649,37.598502],[126.947333,37.598426],[126.947086,37.598272],[126.946551,37.597691],[126.946406,37.59698],[126.946605,37.596274],[126.946919,37.595503],[126.946927,37.594474],[126.945097,37.592254],[126.944547,37.592183],[126.944216,37.591998],[126.943795,37.592133],[126.941412,37.591474],[126.941185,37.5919],[126.940963,37.593956],[126.940869,37.594341],[126.940459,37.594925],[126.939385,37.596022],[126.93899,37.596631],[126.938633,37.597505],[126.938724,37.597504],[126.939675,37.597952],[126.940883,37.598697],[126.94108,37.599554],[126.941403,37.600657],[126.941093,37.601121],[126.940377,37.60157],[126.940099,37.601793],[126.939846,37.601867],[126.939814,37.602781],[126.939972,37.603095],[126.941237,37.603149],[126.942138,37.604958],[126.943672,37.60506],[126.943708,37.60624],[126.943813,37.606313],[126.944163,37.606313],[126.944163,37.606485],[126.945355,37.606962],[126.94618,37.607404],[126.946998,37.608139],[126.948164,37.608634],[126.94868,37.609043],[126.948842,37.609471],[126.949058,37.609816],[126.949644,37.610267],[126.950323,37.610616],[126.950363,37.610623],[126.950384,37.610582],[126.950338,37.609093],[126.950504,37.608862],[126.950565,37.60836],[126.951411,37.608017],[126.951701,37.607391],[126.952204,37.606888],[126.952547,37.606653],[126.952618,37.606462]]]}},{"type":"Feature","properties":{"code":"11130680","name":"홍은2동","guCode":"11130","guName":"서대문구"},"geometry":{"type":"Polygon","coordinates":[[[126.938931,37.596775],[126.939385,37.596022],[126.940459,37.594925],[126.940869,37.594341],[126.940963,37.593956],[126.941185,37.5919],[126.941451,37.5914],[126.941579,37.591247],[126.941368,37.591096],[126.941318,37.591114],[126.940683,37.590807],[126.94077,37.590691],[126.939983,37.59032],[126.93909,37.589705],[126.938365,37.589512],[126.937844,37.589271],[126.93733,37.588957],[126.937235,37.589134],[126.936743,37.588782],[126.936315,37.588292],[126.935851,37.587424],[126.935543,37.586522],[126.935468,37.585822],[126.935786,37.584685],[126.935993,37.584219],[126.936318,37.583799],[126.936902,37.582852],[126.937275,37.582596],[126.937393,37.582324],[126.937498,37.581652],[126.937241,37.581105],[126.936961,37.580728],[126.936751,37.580269],[126.932742,37.578774],[126.931179,37.578142],[126.929887,37.577474],[126.927927,37.576543],[126.927219,37.57606],[126.925183,37.579531],[126.92492,37.581238],[126.924493,37.581839],[126.92382,37.582285],[126.923883,37.582316],[126.923887,37.582364],[126.924133,37.582489],[126.924339,37.582549],[126.924484,37.582467],[126.924613,37.582328],[126.924773,37.582422],[126.924614,37.582617],[126.924437,37.583031],[126.923979,37.583852],[126.923385,37.583956],[126.923228,37.584038],[126.923248,37.584206],[126.923215,37.584183],[126.923148,37.584411],[126.923114,37.584693],[126.922737,37.585582],[126.922764,37.585558],[126.923641,37.58616],[126.923821,37.587095],[126.924474,37.587217],[126.925066,37.58724],[126.92572,37.587148],[126.926314,37.587266],[126.927738,37.588064],[126.928009,37.588385],[126.927757,37.588876],[126.927621,37.589389],[126.927947,37.589924],[126.927658,37.59051],[126.927977,37.59103],[126.927762,37.591571],[126.928539,37.592237],[126.928825,37.592846],[126.929323,37.593325],[126.929965,37.594165],[126.930378,37.59432],[126.930231,37.594535],[126.931315,37.595016],[126.931585,37.595392],[126.932207,37.595787],[126.932795,37.596298],[126.933839,37.596628],[126.934538,37.596615],[126.93671,37.597625],[126.937542,37.597868],[126.938633,37.597505],[126.938931,37.596775]]]}},{"type":"Feature","properties":{"code":"11130690","name":"남가좌1동","guCode":"11130","guName":"서대문구"},"geometry":{"type":"Polygon","coordinates":[[[126.914489,37.575292],[126.916536,37.575074],[126.917101,37.575069],[126.917444,37.575111],[126.917672,37.575022],[126.917778,37.575042],[126.917911,37.575149],[126.918483,37.57446],[126.92023,37.573033],[126.920354,37.573125],[126.920389,37.573098],[126.920721,37.57325],[126.920685,37.573538],[126.920822,37.573552],[126.920849,37.573419],[126.921208,37.57345],[126.921182,37.573613],[126.921061,37.573605],[126.921044,37.573692],[126.921325,37.573682],[126.921429,37.57373],[126.921635,37.573698],[126.922272,37.57391],[126.922702,37.573324],[126.921414,37.572287],[126.921439,37.572267],[126.921072,37.572002],[126.92033,37.571347],[126.920148,37.571158],[126.919489,37.57007],[126.919057,37.569606],[126.918685,37.569264],[126.917629,37.568616],[126.916773,37.567811],[126.914001,37.569038],[126.913671,37.569197],[126.913699,37.569237],[126.91354,37.569331],[126.913484,37.569289],[126.911629,37.570192],[126.910939,37.570464],[126.909792,37.57099],[126.909998,37.571247],[126.909715,37.5714],[126.910034,37.571668],[126.910079,37.571778],[126.911911,37.570865],[126.912783,37.570476],[126.912865,37.570443],[126.913048,37.570508],[126.913522,37.57102],[126.913673,37.571301],[126.913729,37.57151],[126.913665,37.571569],[126.913453,37.571401],[126.913401,37.571471],[126.91292,37.571283],[126.912958,37.571214],[126.912844,37.571165],[126.912921,37.57104],[126.912668,37.570919],[126.912611,37.571025],[126.912477,37.570976],[126.912405,37.571133],[126.912486,37.571165],[126.912401,37.571271],[126.91234,37.571224],[126.912185,37.571353],[126.912241,37.5714],[126.912187,37.571426],[126.912163,37.571499],[126.911914,37.571463],[126.911344,37.572107],[126.911622,37.572327],[126.911783,37.572165],[126.911967,37.572269],[126.912029,37.572325],[126.91196,37.572403],[126.912011,37.572463],[126.91188,37.57252],[126.912197,37.572699],[126.912969,37.57292],[126.913404,37.572875],[126.913276,37.573248],[126.91315,37.57346],[126.913177,37.574058],[126.91323,37.574087],[126.91339,37.574397],[126.914234,37.57532],[126.914489,37.575292]]]}},{"type":"Feature","properties":{"code":"11130700","name":"남가좌2동","guCode":"11130","guName":"서대문구"},"geometry":{"type":"Polygon","coordinates":[[[126.922849,37.585364],[126.923114,37.584693],[126.923148,37.584411],[126.923215,37.584183],[126.923248,37.584206],[126.923228,37.584038],[126.923385,37.583956],[126.923979,37.583852],[126.924437,37.583031],[126.924614,37.582617],[126.924773,37.582422],[126.924613,37.582328],[126.924484,37.582467],[126.924339,37.582549],[126.924133,37.582489],[126.923887,37.582364],[126.923883,37.582316],[126.92382,37.582285],[126.924493,37.581839],[126.92492,37.581238],[126.925183,37.579531],[126.927219,37.57606],[126.927133,37.57601],[126.927259,37.57571],[126.926526,37.575355],[126.924716,37.574206],[126.923843,37.573287],[126.92288,37.573012],[126.922472,37.572856],[126.921439,37.572267],[126.921414,37.572287],[126.922702,37.573324],[126.922272,37.57391],[126.921635,37.573698],[126.921429,37.57373],[126.921325,37.573682],[126.921044,37.573692],[126.921061,37.573605],[126.921182,37.573613],[126.921208,37.57345],[126.920849,37.573419],[126.920822,37.573552],[126.920685,37.573538],[126.920721,37.57325],[126.920389,37.573098],[126.920354,37.573125],[126.92023,37.573033],[126.918483,37.57446],[126.917911,37.575149],[126.917778,37.575042],[126.917672,37.575022],[126.917444,37.575111],[126.917101,37.575069],[126.916536,37.575074],[126.914489,37.575292],[126.914587,37.575543],[126.91506,37.576002],[126.915142,37.576689],[126.915227,37.577016],[126.9152,37.577019],[126.915205,37.577087],[126.915356,37.577382],[126.915618,37.578451],[126.9157,37.578545],[126.915679,37.578656],[126.91607,37.579156],[126.915993,37.579153],[126.916094,37.579305],[126.916446,37.579194],[126.916533,37.579305],[126.916611,37.579277],[126.91676,37.579437],[126.917065,37.579272],[126.91711,37.579381],[126.917398,37.579741],[126.917541,37.579793],[126.917659,37.579968],[126.91763,37.579993],[126.918075,37.580472],[126.918018,37.580491],[126.918132,37.580648],[126.917968,37.580715],[126.917865,37.580543],[126.917326,37.580715],[126.917435,37.580908],[126.917719,37.580971],[126.917854,37.58104],[126.919374,37.580401],[126.919632,37.580568],[126.91963,37.580691],[126.919535,37.580793],[126.919962,37.580896],[126.920064,37.580977],[126.920809,37.581013],[126.921053,37.58093],[126.921078,37.580884],[126.92154,37.580879],[126.921567,37.580983],[126.921174,37.58172],[126.921198,37.581804],[126.921263,37.581829],[126.921189,37.582206],[126.921289,37.582229],[126.921277,37.58232],[126.92116,37.582297],[126.921138,37.582438],[126.920859,37.582939],[126.921165,37.583318],[126.92176,37.583458],[126.921699,37.583761],[126.921777,37.583781],[126.921887,37.583935],[126.921943,37.583936],[126.921946,37.584009],[126.922002,37.584079],[126.921873,37.584614],[126.921893,37.58465],[126.921851,37.584696],[126.922211,37.585045],[126.922411,37.585335],[126.92273,37.585229],[126.922849,37.585364]]]}},{"type":"Feature","properties":{"code":"11130710","name":"북가좌1동","guCode":"11130","guName":"서대문구"},"geometry":{"type":"Polygon","coordinates":[[[126.906612,37.579911],[126.909848,37.577774],[126.909894,37.577833],[126.912538,37.575739],[126.913258,37.575453],[126.914234,37.57532],[126.91339,37.574397],[126.91323,37.574087],[126.913177,37.574058],[126.91315,37.57346],[126.913276,37.573248],[126.913404,37.572875],[126.912969,37.57292],[126.912197,37.572699],[126.91188,37.57252],[126.912011,37.572463],[126.91196,37.572403],[126.912029,37.572325],[126.911967,37.572269],[126.911783,37.572165],[126.911622,37.572327],[126.911344,37.572107],[126.911914,37.571463],[126.912163,37.571499],[126.912187,37.571426],[126.912241,37.5714],[126.912185,37.571353],[126.91234,37.571224],[126.912401,37.571271],[126.912486,37.571165],[126.912405,37.571133],[126.912477,37.570976],[126.912611,37.571025],[126.912668,37.570919],[126.912921,37.57104],[126.912844,37.571165],[126.912958,37.571214],[126.91292,37.571283],[126.913401,37.571471],[126.913453,37.571401],[126.913665,37.571569],[126.913729,37.57151],[126.913673,37.571301],[126.913522,37.57102],[126.913048,37.570508],[126.912865,37.570443],[126.912783,37.570476],[126.911911,37.570865],[126.910079,37.571778],[126.910034,37.571668],[126.909715,37.5714],[126.909998,37.571247],[126.909792,37.57099],[126.909087,37.571283],[126.908559,37.571568],[126.907973,37.571957],[126.906667,37.57296],[126.906288,37.573201],[126.906319,37.573234],[126.906241,37.573232],[126.90208,37.576006],[126.902635,37.57639],[126.90183,37.576546],[126.90417,37.578745],[126.904117,37.578485],[126.906033,37.580291],[126.906612,37.579911]]]}},{"type":"Feature","properties":{"code":"11130720","name":"북가좌2동","guCode":"11130","guName":"서대문구"},"geometry":{"type":"Polygon","coordinates":[[[126.915368,37.5855],[126.91531,37.585415],[126.916015,37.585615],[126.916164,37.585732],[126.916267,37.585657],[126.916014,37.585297],[126.915683,37.584981],[126.915747,37.584831],[126.915572,37.584735],[126.915726,37.58452],[126.915606,37.584433],[126.91568,37.58436],[126.915665,37.584312],[126.915534,37.584224],[126.91576,37.58397],[126.915706,37.583888],[126.915743,37.583824],[126.91573,37.58345],[126.915893,37.58343],[126.915937,37.583095],[126.917196,37.583267],[126.917233,37.583342],[126.91761,37.583283],[126.917615,37.583246],[126.917662,37.583243],[126.917754,37.583282],[126.917873,37.583258],[126.917965,37.583305],[126.918688,37.583369],[126.918858,37.583316],[126.918888,37.58338],[126.918971,37.583403],[126.919301,37.583328],[126.919292,37.58328],[126.919482,37.583228],[126.919641,37.58328],[126.919664,37.583249],[126.91974,37.583267],[126.919776,37.583186],[126.919948,37.583224],[126.920074,37.583113],[126.920106,37.583021],[126.920169,37.583031],[126.920254,37.582957],[126.920859,37.582939],[126.921138,37.582438],[126.92116,37.582297],[126.921277,37.58232],[126.921289,37.582229],[126.921189,37.582206],[126.921263,37.581829],[126.921198,37.581804],[126.921174,37.58172],[126.921567,37.580983],[126.92154,37.580879],[126.921078,37.580884],[126.921053,37.58093],[126.920809,37.581013],[126.920064,37.580977],[126.919962,37.580896],[126.919535,37.580793],[126.91963,37.580691],[126.919632,37.580568],[126.919374,37.580401],[126.917854,37.58104],[126.917719,37.580971],[126.917435,37.580908],[126.917326,37.580715],[126.917865,37.580543],[126.917968,37.580715],[126.918132,37.580648],[126.918018,37.580491],[126.918075,37.580472],[126.91763,37.579993],[126.917659,37.579968],[126.917541,37.579793],[126.917398,37.579741],[126.91711,37.579381],[126.917065,37.579272],[126.91676,37.579437],[126.916611,37.579277],[126.916533,37.579305],[126.916446,37.579194],[126.916094,37.579305],[126.915993,37.579153],[126.91607,37.579156],[126.915679,37.578656],[126.9157,37.578545],[126.915618,37.578451],[126.915356,37.577382],[126.915205,37.577087],[126.9152,37.577019],[126.915227,37.577016],[126.915142,37.576689],[126.91506,37.576002],[126.914587,37.575543],[126.914489,37.575292],[126.913258,37.575453],[126.912538,37.575739],[126.909894,37.577833],[126.909848,37.577774],[126.906033,37.580291],[126.911914,37.585823],[126.91248,37.586531],[126.912844,37.587222],[126.915698,37.58598],[126.915368,37.5855]]]}},{"type":"Feature","properties":{"code":"11130730","name":"충현동","guCode":"11130","guName":"서대문구"},"geometry":{"type":"Polygon","coordinates":[[[126.955143,37.568324],[126.955268,37.568323],[126.955324,37.568279],[126.955995,37.568143],[126.955579,37.567564],[126.955557,37.567324],[126.956152,37.566921],[126.956285,37.566917],[126.956578,37.566695],[126.957202,37.566522],[126.957365,37.56629],[126.957794,37.566389],[126.958174,37.56631],[126.958518,37.566139],[126.958842,37.565736],[126.95894,37.565492],[126.959121,37.565448],[126.959963,37.565544],[126.960174,37.565519],[126.960287,37.565424],[126.960451,37.565478],[126.960617,37.565348],[126.960864,37.565301],[126.96091,37.565332],[126.960881,37.565453],[126.960909,37.565506],[126.961024,37.565519],[126.96108,37.565455],[126.961225,37.565517],[126.960969,37.565603],[126.961057,37.565646],[126.961301,37.565569],[126.961451,37.565617],[126.961531,37.565536],[126.961498,37.56551],[126.961661,37.565466],[126.961894,37.565491],[126.96191,37.565446],[126.962035,37.565466],[126.962096,37.565404],[126.96234,37.565495],[126.962651,37.565432],[126.962666,37.565468],[126.962775,37.565484],[126.963006,37.565479],[126.96307,37.565495],[126.962982,37.565895],[126.962832,37.565879],[126.962817,37.565995],[126.962665,37.566062],[126.962799,37.566168],[126.96345,37.566312],[126.963896,37.566255],[126.96389,37.566287],[126.964499,37.566406],[126.964551,37.566087],[126.964659,37.566074],[126.965313,37.566334],[126.965174,37.566499],[126.965711,37.566776],[126.966699,37.56582],[126.967563,37.564877],[126.968839,37.563123],[126.969463,37.561976],[126.967441,37.561508],[126.966834,37.561273],[126.96558,37.560365],[126.964012,37.559475],[126.963304,37.559214],[126.96168,37.559028],[126.961598,37.559188],[126.961492,37.559121],[126.961364,37.559213],[126.961016,37.558922],[126.960975,37.558952],[126.960811,37.558909],[126.960729,37.559048],[126.960569,37.559021],[126.960504,37.559047],[126.960504,37.559234],[126.960544,37.559327],[126.960695,37.559466],[126.960862,37.559512],[126.960906,37.559574],[126.960633,37.559644],[126.960625,37.559721],[126.960773,37.55972],[126.960854,37.559802],[126.960799,37.559968],[126.960756,37.559972],[126.960744,37.559937],[126.960703,37.560689],[126.960627,37.560806],[126.960504,37.560888],[126.960227,37.561017],[126.960054,37.561025],[126.959828,37.561177],[126.959784,37.561271],[126.959741,37.561271],[126.959664,37.561584],[126.959584,37.561704],[126.959278,37.561697],[126.959139,37.561925],[126.958826,37.561836],[126.95885,37.561772],[126.958708,37.561763],[126.958833,37.561626],[126.958312,37.561625],[126.958193,37.561881],[126.957793,37.56182],[126.957776,37.561753],[126.955843,37.561512],[126.955789,37.561663],[126.955048,37.561565],[126.954897,37.561767],[126.954882,37.561935],[126.953541,37.561614],[126.952637,37.561465],[126.952671,37.561313],[126.952481,37.561314],[126.952404,37.561252],[126.952046,37.561163],[126.951915,37.561033],[126.95089,37.560344],[126.950859,37.560377],[126.950089,37.559905],[126.949865,37.55981],[126.949837,37.56001],[126.949872,37.560256],[126.949551,37.560354],[126.949499,37.560497],[126.949638,37.560651],[126.94987,37.560691],[126.949925,37.560815],[126.949999,37.560835],[126.9501,37.560964],[126.950185,37.561167],[126.949941,37.561561],[126.949751,37.562057],[126.949795,37.562065],[126.949745,37.562241],[126.949739,37.562483],[126.949634,37.562893],[126.94976,37.56378],[126.949542,37.564229],[126.949519,37.564481],[126.949131,37.565131],[126.94955,37.565623],[126.949692,37.565982],[126.950247,37.566537],[126.950265,37.566793],[126.950208,37.567035],[126.950809,37.568004],[126.950892,37.568099],[126.951223,37.567966],[126.951421,37.56797],[126.951503,37.568177],[126.951534,37.568401],[126.951235,37.568505],[126.95124,37.568933],[126.951678,37.569375],[126.951873,37.570231],[126.951742,37.570398],[126.952198,37.57025],[126.95254,37.57007],[126.953095,37.569705],[126.953205,37.569567],[126.953607,37.569539],[126.954178,37.569127],[126.954634,37.568916],[126.954705,37.5688],[126.954854,37.568708],[126.955005,37.568518],[126.955062,37.568367],[126.955143,37.568324]]]}},{"type":"Feature","properties":{"code":"11130740","name":"북아현동","guCode":"11130","guName":"서대문구"},"geometry":{"type":"Polygon","coordinates":[[[126.955044,37.56157],[126.955789,37.561663],[126.955843,37.561512],[126.957776,37.561753],[126.957793,37.56182],[126.958193,37.561881],[126.958312,37.561625],[126.958833,37.561626],[126.958708,37.561763],[126.95885,37.561772],[126.958826,37.561836],[126.959139,37.561925],[126.959278,37.561697],[126.959584,37.561704],[126.959664,37.561584],[126.959741,37.561271],[126.959784,37.561271],[126.959828,37.561177],[126.960054,37.561025],[126.960227,37.561017],[126.960504,37.560888],[126.960627,37.560806],[126.960703,37.560689],[126.960744,37.559937],[126.960756,37.559972],[126.960799,37.559968],[126.960854,37.559802],[126.960773,37.55972],[126.960625,37.559721],[126.960633,37.559644],[126.960906,37.559574],[126.960862,37.559512],[126.960695,37.559466],[126.960544,37.559327],[126.960504,37.559234],[126.960504,37.559047],[126.960569,37.559021],[126.960729,37.559048],[126.960811,37.558909],[126.960975,37.558952],[126.961016,37.558922],[126.961364,37.559213],[126.961492,37.559121],[126.961598,37.559188],[126.961647,37.559088],[126.961569,37.559013],[126.96112,37.558805],[126.960856,37.558638],[126.960816,37.558586],[126.960857,37.558552],[126.960777,37.55843],[126.96011,37.557715],[126.959719,37.55758],[126.959679,37.557691],[126.959133,37.557243],[126.956192,37.557407],[126.948937,37.55699],[126.948815,37.55733],[126.948779,37.557323],[126.948731,37.557459],[126.948764,37.557469],[126.948543,37.558046],[126.948427,37.558214],[126.948079,37.558484],[126.948147,37.558486],[126.948004,37.558666],[126.947987,37.558747],[126.94803,37.558792],[126.948487,37.558817],[126.949118,37.558948],[126.949457,37.559732],[126.949854,37.559847],[126.949865,37.55981],[126.950089,37.559905],[126.950859,37.560377],[126.95089,37.560344],[126.951211,37.560547],[126.951915,37.561033],[126.952046,37.561163],[126.952404,37.561252],[126.952481,37.561314],[126.952671,37.561313],[126.952637,37.561465],[126.953541,37.561614],[126.954882,37.561935],[126.954897,37.561767],[126.955044,37.56157]]]}},{"type":"Feature","properties":{"code":"11130750","name":"신촌동","guCode":"11130","guName":"서대문구"},"geometry":{"type":"Polygon","coordinates":[[[126.951742,37.570398],[126.951873,37.570231],[126.951678,37.569375],[126.95124,37.568933],[126.951235,37.568505],[126.951534,37.568401],[126.951503,37.568177],[126.951421,37.56797],[126.951223,37.567966],[126.950892,37.568099],[126.950809,37.568004],[126.950208,37.567035],[126.950265,37.566793],[126.950247,37.566537],[126.949692,37.565982],[126.94955,37.565623],[126.949131,37.565131],[126.949519,37.564481],[126.949542,37.564229],[126.94976,37.56378],[126.949634,37.562893],[126.949739,37.562483],[126.949745,37.562241],[126.949795,37.562065],[126.949751,37.562057],[126.949941,37.561561],[126.950185,37.561167],[126.9501,37.560964],[126.949999,37.560835],[126.949925,37.560815],[126.94987,37.560691],[126.949638,37.560651],[126.949499,37.560497],[126.949551,37.560354],[126.949872,37.560256],[126.949837,37.56001],[126.949871,37.559853],[126.949457,37.559732],[126.949118,37.558948],[126.948487,37.558817],[126.94803,37.558792],[126.947987,37.558747],[126.948071,37.55855],[126.948147,37.558486],[126.948079,37.558484],[126.948427,37.558214],[126.948515,37.558099],[126.948764,37.557469],[126.948731,37.557459],[126.948779,37.557323],[126.948815,37.55733],[126.948937,37.55699],[126.941372,37.556548],[126.940769,37.556398],[126.936857,37.555099],[126.926594,37.558849],[126.926672,37.560656],[126.926659,37.560628],[126.926721,37.560967],[126.926848,37.561281],[126.927181,37.561788],[126.927312,37.561802],[126.927582,37.561694],[126.927865,37.561645],[126.928142,37.561207],[126.928482,37.560996],[126.928857,37.561108],[126.929575,37.560888],[126.930501,37.560955],[126.930666,37.560999],[126.930821,37.560961],[126.930831,37.561031],[126.930931,37.561042],[126.93109,37.560999],[126.931418,37.561242],[126.93136,37.561724],[126.931478,37.561815],[126.93172,37.56215],[126.931444,37.562551],[126.931463,37.562858],[126.931507,37.562968],[126.931603,37.563087],[126.932077,37.56331],[126.93253,37.56316],[126.932511,37.563075],[126.932713,37.563022],[126.932938,37.563087],[126.932994,37.563194],[126.933478,37.563382],[126.93377,37.563581],[126.933925,37.563843],[126.933983,37.564325],[126.933837,37.564447],[126.933821,37.564925],[126.933981,37.565245],[126.934279,37.565451],[126.93462,37.565557],[126.934709,37.565629],[126.934704,37.566207],[126.934919,37.566335],[126.935228,37.566419],[126.935754,37.566343],[126.935792,37.566473],[126.935885,37.566378],[126.935878,37.566457],[126.936109,37.56698],[126.936467,37.567203],[126.936481,37.567519],[126.937204,37.56816],[126.938305,37.568356],[126.938561,37.569173],[126.939025,37.569269],[126.940175,37.569688],[126.940793,37.570014],[126.941339,37.570064],[126.941658,37.570381],[126.942182,37.570387],[126.942809,37.570315],[126.943127,37.570765],[126.943448,37.571004],[126.943576,37.571493],[126.943566,37.571577],[126.943661,37.571833],[126.943768,37.571996],[126.943998,37.572162],[126.943888,37.572318],[126.94403,37.572609],[126.943978,37.573062],[126.943465,37.573611],[126.943453,37.574573],[126.943617,37.574735],[126.944019,37.575426],[126.94443,37.575619],[126.945202,37.576514],[126.945466,37.577008],[126.94572,37.577361],[126.947209,37.57685],[126.947933,37.575892],[126.948446,37.575755],[126.94895,37.575726],[126.949017,37.575551],[126.948975,37.575231],[126.949028,37.574651],[126.949679,37.57418],[126.949848,37.573666],[126.950167,37.573215],[126.950178,37.572762],[126.95035,37.572417],[126.950627,37.572161],[126.950928,37.571112],[126.951031,37.570938],[126.95145,37.570778],[126.951742,37.570398]]]}},{"type":"Feature","properties":{"code":"11130760","name":"연희동","guCode":"11130","guName":"서대문구"},"geometry":{"type":"Polygon","coordinates":[[[126.939414,37.584165],[126.940079,37.584142],[126.940064,37.584029],[126.940391,37.583969],[126.94041,37.58389],[126.940702,37.583848],[126.94078,37.583898],[126.941494,37.583853],[126.942,37.583959],[126.941973,37.584138],[126.942061,37.584161],[126.942061,37.583929],[126.941781,37.583651],[126.941768,37.583394],[126.941934,37.583038],[126.941847,37.582836],[126.9417,37.582678],[126.941467,37.582307],[126.941845,37.581054],[126.942965,37.580701],[126.943037,37.580528],[126.943279,37.580324],[126.943873,37.580286],[126.943841,37.579653],[126.944296,37.578023],[126.944711,37.577542],[126.94572,37.577361],[126.945466,37.577008],[126.945202,37.576514],[126.94443,37.575619],[126.944019,37.575426],[126.943617,37.574735],[126.943453,37.574573],[126.943465,37.573611],[126.943978,37.573062],[126.94403,37.572609],[126.943888,37.572318],[126.943998,37.572162],[126.943768,37.571996],[126.943661,37.571833],[126.943566,37.571577],[126.943576,37.571493],[126.943448,37.571004],[126.943127,37.570765],[126.942809,37.570315],[126.942182,37.570387],[126.941658,37.570381],[126.941339,37.570064],[126.940793,37.570014],[126.940175,37.569688],[126.939025,37.569269],[126.938561,37.569173],[126.938305,37.568356],[126.937204,37.56816],[126.936481,37.567519],[126.936467,37.567203],[126.936109,37.56698],[126.935878,37.566457],[126.935885,37.566378],[126.935792,37.566473],[126.935754,37.566343],[126.935228,37.566419],[126.934919,37.566335],[126.934704,37.566207],[126.934709,37.565629],[126.93462,37.565557],[126.934279,37.565451],[126.933981,37.565245],[126.933821,37.564925],[126.933837,37.564447],[126.933983,37.564325],[126.933925,37.563843],[126.93377,37.563581],[126.933478,37.563382],[126.932994,37.563194],[126.932938,37.563087],[126.932713,37.563022],[126.932511,37.563075],[126.93253,37.56316],[126.932077,37.56331],[126.931603,37.563087],[126.931507,37.562968],[126.931463,37.562858],[126.931444,37.562551],[126.93172,37.56215],[126.931478,37.561815],[126.93136,37.561724],[126.931418,37.561242],[126.93109,37.560999],[126.930931,37.561042],[126.930831,37.561031],[126.930821,37.560961],[126.930666,37.560999],[126.930501,37.560955],[126.929575,37.560888],[126.928857,37.561108],[126.928482,37.560996],[126.928142,37.561207],[126.927865,37.561645],[126.927582,37.561694],[126.927357,37.561781],[126.927938,37.562577],[126.928253,37.563042],[126.928227,37.563057],[126.928304,37.563057],[126.928135,37.563127],[126.928282,37.563332],[126.926014,37.565105],[126.925303,37.565452],[126.924724,37.565678],[126.923581,37.565999],[126.92156,37.566443],[126.920176,37.566637],[126.918735,37.567033],[126.918438,37.567116],[126.917241,37.567645],[126.916773,37.567811],[126.917629,37.568616],[126.918685,37.569264],[126.919057,37.569606],[126.919489,37.57007],[126.920148,37.571158],[126.921072,37.572002],[126.921549,37.572347],[126.922472,37.572856],[126.92288,37.573012],[126.923843,37.573287],[126.924716,37.574206],[126.926526,37.575355],[126.927259,37.57571],[126.927133,37.57601],[126.927927,37.576543],[126.929887,37.577474],[126.931179,37.578142],[126.932742,37.578774],[126.936751,37.580269],[126.936961,37.580728],[126.937241,37.581105],[126.937498,37.581652],[126.937436,37.582165],[126.937275,37.582596],[126.937507,37.582776],[126.937777,37.582869],[126.937957,37.583218],[126.938069,37.583299],[126.93874,37.583566],[126.938822,37.583626],[126.938963,37.583872],[126.939134,37.584055],[126.939414,37.584165]]]}},{"type":"Feature","properties":{"code":"11140590","name":"용강동","guCode":"11140","guName":"마포구"},"geometry":{"type":"Polygon","coordinates":[[[126.944439,37.5452],[126.944527,37.545149],[126.944583,37.545203],[126.945514,37.544605],[126.94788,37.543423],[126.948119,37.543621],[126.948226,37.54365],[126.948913,37.543351],[126.949098,37.54332],[126.949225,37.543393],[126.949583,37.543894],[126.949667,37.543817],[126.950491,37.543445],[126.950542,37.543512],[126.950663,37.543461],[126.949772,37.542371],[126.949166,37.541842],[126.948334,37.541344],[126.945482,37.539224],[126.945432,37.539256],[126.94375,37.537982],[126.941025,37.536271],[126.938558,37.537835],[126.935341,37.539357],[126.936724,37.541438],[126.93692,37.54182],[126.937048,37.541847],[126.937119,37.541947],[126.93717,37.542078],[126.936994,37.542155],[126.937053,37.542237],[126.937133,37.54224],[126.937314,37.542656],[126.938553,37.543999],[126.938553,37.544082],[126.938627,37.544099],[126.938893,37.544621],[126.939169,37.544864],[126.939667,37.54546],[126.940346,37.546143],[126.940749,37.546637],[126.943473,37.545743],[126.943732,37.545627],[126.944439,37.5452]]]}},{"type":"Feature","properties":{"code":"11140600","name":"대흥동","guCode":"11140","guName":"마포구"},"geometry":{"type":"Polygon","coordinates":[[[126.946419,37.554332],[126.946054,37.554328],[126.946077,37.553092],[126.946033,37.553092],[126.946032,37.55301],[126.946508,37.552972],[126.946589,37.552353],[126.946584,37.551646],[126.946526,37.551056],[126.946704,37.551046],[126.946613,37.550779],[126.946165,37.549899],[126.94592,37.549515],[126.945596,37.549492],[126.944989,37.549529],[126.944783,37.549303],[126.944675,37.54913],[126.944443,37.548546],[126.944323,37.548363],[126.944075,37.547755],[126.943818,37.547463],[126.943781,37.547345],[126.943773,37.546939],[126.943967,37.546569],[126.944161,37.546322],[126.944618,37.546093],[126.944566,37.546004],[126.944555,37.545784],[126.944432,37.545832],[126.944451,37.545743],[126.944692,37.545703],[126.944688,37.54567],[126.944969,37.545579],[126.944527,37.545149],[126.943732,37.545627],[126.943473,37.545743],[126.940095,37.546843],[126.940046,37.547159],[126.939866,37.547385],[126.939725,37.547497],[126.93992,37.547637],[126.939131,37.548451],[126.937461,37.550649],[126.937043,37.55103],[126.936353,37.551459],[126.936309,37.551414],[126.936138,37.551515],[126.935776,37.551604],[126.934782,37.552099],[126.934036,37.552598],[126.93405,37.552711],[126.93387,37.552883],[126.933648,37.553014],[126.933432,37.553087],[126.933596,37.553119],[126.933937,37.553298],[126.933968,37.553271],[126.934115,37.553322],[126.934163,37.553285],[126.934593,37.553622],[126.936411,37.554697],[126.936863,37.555101],[126.940769,37.556398],[126.941372,37.556548],[126.946514,37.556847],[126.946543,37.554335],[126.946419,37.554332]]]}},{"type":"Feature","properties":{"code":"11140610","name":"염리동","guCode":"11140","guName":"마포구"},"geometry":{"type":"Polygon","coordinates":[[[126.948468,37.556448],[126.94853,37.556447],[126.948547,37.555791],[126.948677,37.555502],[126.949272,37.555117],[126.949507,37.554851],[126.949966,37.554187],[126.950011,37.553935],[126.950524,37.554052],[126.950557,37.553858],[126.950495,37.553895],[126.950514,37.553426],[126.950938,37.552546],[126.9516,37.552466],[126.951663,37.552502],[126.951651,37.552311],[126.951592,37.552374],[126.951001,37.552452],[126.951067,37.551887],[126.95096,37.551786],[126.950605,37.551904],[126.950536,37.551888],[126.950374,37.551381],[126.950071,37.551034],[126.949534,37.550557],[126.949469,37.550212],[126.949222,37.549631],[126.94948,37.54911],[126.949972,37.547606],[126.949277,37.54703],[126.948508,37.545942],[126.948466,37.545962],[126.948364,37.545806],[126.948256,37.54586],[126.948129,37.545679],[126.948224,37.545634],[126.948192,37.545587],[126.948095,37.54563],[126.947992,37.545473],[126.947886,37.545513],[126.947769,37.545369],[126.947672,37.545355],[126.94753,37.545418],[126.947449,37.545307],[126.948767,37.544731],[126.948514,37.544362],[126.949583,37.543894],[126.949225,37.543393],[126.949041,37.543316],[126.948226,37.54365],[126.948119,37.543621],[126.94788,37.543423],[126.945514,37.544605],[126.944583,37.545203],[126.944969,37.545579],[126.944688,37.54567],[126.944692,37.545703],[126.944451,37.545743],[126.944432,37.545832],[126.944555,37.545784],[126.944566,37.546004],[126.944618,37.546093],[126.944499,37.546127],[126.944134,37.546347],[126.943826,37.54679],[126.943773,37.546939],[126.943799,37.547421],[126.944075,37.547755],[126.944323,37.548363],[126.944443,37.548546],[126.944675,37.54913],[126.944783,37.549303],[126.944989,37.549529],[126.945596,37.549492],[126.94592,37.549515],[126.946566,37.550658],[126.946704,37.551046],[126.946526,37.551056],[126.946584,37.551646],[126.946589,37.552353],[126.946508,37.552972],[126.946032,37.55301],[126.946033,37.553092],[126.946077,37.553092],[126.946054,37.554328],[126.946543,37.554335],[126.946512,37.556843],[126.94894,37.55699],[126.948936,37.556793],[126.948749,37.556685],[126.948478,37.556597],[126.948468,37.556448]]]}},{"type":"Feature","properties":{"code":"11140630","name":"신수동","guCode":"11140","guName":"마포구"},"geometry":{"type":"Polygon","coordinates":[[[126.934353,37.552381],[126.935229,37.551851],[126.935776,37.551604],[126.936138,37.551515],[126.936309,37.551414],[126.936353,37.551459],[126.937043,37.55103],[126.937461,37.550649],[126.939131,37.548451],[126.93992,37.547637],[126.939725,37.547497],[126.939866,37.547385],[126.940046,37.547159],[126.940095,37.546843],[126.940731,37.546613],[126.940346,37.546143],[126.939667,37.54546],[126.939169,37.544864],[126.938893,37.544621],[126.938627,37.544099],[126.938553,37.544082],[126.938553,37.543999],[126.937314,37.542656],[126.937133,37.54224],[126.937053,37.542237],[126.936994,37.542155],[126.93717,37.542078],[126.937119,37.541947],[126.937048,37.541847],[126.93692,37.54182],[126.936724,37.541438],[126.935341,37.539357],[126.932898,37.540531],[126.930113,37.541435],[126.928406,37.541433],[126.928579,37.542407],[126.930126,37.544701],[126.930223,37.544761],[126.930725,37.544888],[126.930681,37.545027],[126.930721,37.545038],[126.930576,37.545038],[126.930965,37.545187],[126.931427,37.545235],[126.931804,37.54544],[126.932257,37.546082],[126.932422,37.546517],[126.932635,37.547439],[126.932586,37.547613],[126.932626,37.548073],[126.932871,37.549754],[126.932937,37.550443],[126.932949,37.551248],[126.933027,37.551619],[126.933127,37.552839],[126.93337,37.553108],[126.933648,37.553014],[126.93387,37.552883],[126.93405,37.552711],[126.934036,37.552598],[126.934353,37.552381]]]}},{"type":"Feature","properties":{"code":"11140660","name":"서교동","guCode":"11140","guName":"마포구"},"geometry":{"type":"Polygon","coordinates":[[[126.926668,37.560676],[126.926594,37.558849],[126.936863,37.555101],[126.936411,37.554697],[126.934593,37.553622],[126.934163,37.553285],[126.933147,37.554034],[126.932541,37.554401],[126.93251,37.554385],[126.932094,37.554699],[126.931299,37.554629],[126.930224,37.55474],[126.929936,37.554426],[126.928874,37.553725],[126.928616,37.553609],[126.926883,37.553199],[126.926439,37.553146],[126.925554,37.553221],[126.925365,37.553192],[126.92517,37.55311],[126.925004,37.552917],[126.924796,37.552767],[126.924194,37.55262],[126.924198,37.552452],[126.924156,37.552365],[126.924228,37.552341],[126.924184,37.552256],[126.924142,37.552293],[126.924035,37.552087],[126.924223,37.551422],[126.924243,37.550965],[126.923968,37.550861],[126.923918,37.550704],[126.923745,37.550549],[126.923464,37.550481],[126.923177,37.550313],[126.923042,37.550175],[126.922998,37.550044],[126.922249,37.549515],[126.921908,37.549124],[126.92099,37.548585],[126.920594,37.548503],[126.920218,37.548326],[126.918744,37.548418],[126.915077,37.549177],[126.914297,37.549853],[126.913507,37.54932],[126.913115,37.549766],[126.913082,37.549866],[126.912998,37.549849],[126.911661,37.554248],[126.908821,37.557387],[126.909069,37.557564],[126.909115,37.557638],[126.909324,37.557713],[126.910158,37.557839],[126.910146,37.557872],[126.910193,37.557885],[126.910914,37.558047],[126.911001,37.558004],[126.911091,37.558019],[126.911084,37.55805],[126.911662,37.558182],[126.911854,37.558296],[126.911878,37.558235],[126.912128,37.558327],[126.912139,37.558301],[126.912628,37.558384],[126.912614,37.558314],[126.912964,37.5584],[126.913105,37.55824],[126.913335,37.558342],[126.914965,37.558279],[126.914962,37.558246],[126.915131,37.55823],[126.916084,37.558282],[126.916428,37.558371],[126.916364,37.558552],[126.916534,37.558604],[126.916607,37.558468],[126.917164,37.558662],[126.917126,37.558763],[126.917394,37.558829],[126.917453,37.558763],[126.917599,37.558836],[126.918781,37.557528],[126.923273,37.560589],[126.923768,37.559982],[126.923866,37.560149],[126.923905,37.560144],[126.923967,37.560551],[126.924144,37.560887],[126.924622,37.560763],[126.924666,37.560662],[126.924885,37.560576],[126.925055,37.560445],[126.925529,37.560379],[126.925589,37.560417],[126.925852,37.560903],[126.92602,37.561061],[126.926496,37.561422],[126.927191,37.561793],[126.926848,37.561281],[126.926721,37.560967],[126.926668,37.560676]]]}},{"type":"Feature","properties":{"code":"11140680","name":"합정동","guCode":"11140","guName":"마포구"},"geometry":{"type":"Polygon","coordinates":[[[126.912274,37.552235],[126.912998,37.549849],[126.913082,37.549866],[126.913115,37.549766],[126.913507,37.54932],[126.914297,37.549853],[126.915077,37.549177],[126.918744,37.548418],[126.920218,37.548326],[126.919313,37.546346],[126.919287,37.546354],[126.918763,37.545379],[126.918672,37.545382],[126.918715,37.54529],[126.918695,37.545215],[126.918633,37.545167],[126.918661,37.545034],[126.918453,37.544931],[126.91821,37.544625],[126.918037,37.544539],[126.918179,37.544751],[126.918204,37.544982],[126.917708,37.545051],[126.917615,37.544977],[126.917648,37.544614],[126.917407,37.544412],[126.91737,37.544137],[126.917234,37.544027],[126.916977,37.543665],[126.916683,37.543505],[126.916516,37.543274],[126.916691,37.54308],[126.916973,37.543024],[126.917014,37.542907],[126.917095,37.542926],[126.917139,37.541426],[126.904831,37.541417],[126.903802,37.542635],[126.902191,37.544128],[126.901818,37.545034],[126.898943,37.548008],[126.895731,37.549043],[126.905087,37.552013],[126.905018,37.552071],[126.905278,37.552116],[126.911679,37.554187],[126.912274,37.552235]]]}},{"type":"Feature","properties":{"code":"11140690","name":"망원1동","guCode":"11140","guName":"마포구"},"geometry":{"type":"Polygon","coordinates":[[[126.910958,37.555023],[126.911661,37.554248],[126.911679,37.554187],[126.905278,37.552116],[126.905018,37.552071],[126.905087,37.552013],[126.895731,37.549043],[126.894684,37.549393],[126.88812,37.552293],[126.891776,37.555821],[126.893274,37.555823],[126.893273,37.556371],[126.895571,37.55477],[126.8969,37.55571],[126.908213,37.558053],[126.910958,37.555023]]]}},{"type":"Feature","properties":{"code":"11140700","name":"망원2동","guCode":"11140","guName":"마포구"},"geometry":{"type":"Polygon","coordinates":[[[126.906829,37.559581],[126.908213,37.558053],[126.8969,37.55571],[126.895571,37.55477],[126.893273,37.556371],[126.89327,37.558173],[126.894063,37.559427],[126.895423,37.559429],[126.895722,37.559813],[126.89482,37.56009],[126.898359,37.561513],[126.900002,37.562237],[126.901727,37.562877],[126.903383,37.563316],[126.903717,37.563053],[126.906829,37.559581]]]}},{"type":"Feature","properties":{"code":"11140710","name":"연남동","guCode":"11140","guName":"마포구"},"geometry":{"type":"Polygon","coordinates":[[[126.917117,37.567688],[126.918438,37.567116],[126.920176,37.566637],[126.92156,37.566443],[126.923581,37.565999],[126.924724,37.565678],[126.925303,37.565452],[126.926014,37.565105],[126.928282,37.563332],[126.928135,37.563127],[126.928304,37.563057],[126.928227,37.563057],[126.928253,37.563042],[126.927938,37.562577],[126.927357,37.561781],[126.927191,37.561793],[126.926979,37.561705],[126.926496,37.561422],[126.92602,37.561061],[126.925852,37.560903],[126.925589,37.560417],[126.925529,37.560379],[126.925055,37.560445],[126.924885,37.560576],[126.924666,37.560662],[126.924622,37.560763],[126.924144,37.560887],[126.923967,37.560551],[126.923905,37.560144],[126.923866,37.560149],[126.923768,37.559982],[126.923273,37.560589],[126.918781,37.557528],[126.917478,37.558971],[126.917585,37.559081],[126.917549,37.559122],[126.917708,37.559313],[126.917759,37.559295],[126.91789,37.559454],[126.917903,37.559508],[126.91785,37.559562],[126.917959,37.559685],[126.917871,37.559739],[126.918043,37.5599],[126.917914,37.559974],[126.917956,37.559984],[126.918151,37.560252],[126.917997,37.560299],[126.91803,37.56035],[126.917895,37.560388],[126.917946,37.560552],[126.918099,37.560535],[126.91812,37.560669],[126.918021,37.560831],[126.918194,37.560887],[126.918166,37.560995],[126.918096,37.56098],[126.917988,37.561262],[126.917946,37.561469],[126.917997,37.561479],[126.917962,37.5616],[126.917904,37.561589],[126.917853,37.561891],[126.917791,37.561923],[126.917753,37.562066],[126.917669,37.56205],[126.917566,37.562553],[126.917373,37.56253],[126.917188,37.56325],[126.917307,37.563273],[126.917287,37.563364],[126.917337,37.563372],[126.917315,37.563472],[126.917265,37.563466],[126.91725,37.563542],[126.917119,37.563535],[126.916983,37.564248],[126.916805,37.564923],[126.916954,37.564934],[126.916944,37.565014],[126.916781,37.564998],[126.916756,37.565093],[126.916889,37.565115],[126.916852,37.565535],[126.916815,37.565532],[126.916769,37.565805],[126.916733,37.565804],[126.916727,37.565983],[126.916825,37.565986],[126.916806,37.566153],[126.916762,37.566151],[126.916721,37.566659],[126.916466,37.566652],[126.916426,37.566689],[126.916777,37.566982],[126.916608,37.567601],[126.916785,37.567807],[126.917117,37.567688]]]}},{"type":"Feature","properties":{"code":"11140720","name":"성산1동","guCode":"11140","guName":"마포구"},"geometry":{"type":"Polygon","coordinates":[[[126.916605,37.566642],[126.916721,37.566659],[126.916762,37.566151],[126.916806,37.566153],[126.916825,37.565986],[126.916727,37.565983],[126.916733,37.565804],[126.916769,37.565805],[126.916815,37.565532],[126.916852,37.565535],[126.916889,37.565115],[126.916756,37.565093],[126.916781,37.564998],[126.916944,37.565014],[126.916954,37.564934],[126.916805,37.564923],[126.916983,37.564248],[126.917119,37.563535],[126.91725,37.563542],[126.917265,37.563466],[126.917315,37.563472],[126.917337,37.563372],[126.917287,37.563364],[126.917307,37.563273],[126.917188,37.56325],[126.917354,37.562595],[126.917373,37.56253],[126.917566,37.562553],[126.917669,37.56205],[126.917753,37.562066],[126.917791,37.561923],[126.917853,37.561891],[126.917904,37.561589],[126.917962,37.5616],[126.917997,37.561479],[126.917946,37.561469],[126.917988,37.561262],[126.918096,37.56098],[126.918166,37.560995],[126.918194,37.560887],[126.918021,37.560831],[126.91812,37.560669],[126.918099,37.560535],[126.917946,37.560552],[126.917895,37.560388],[126.91803,37.56035],[126.917997,37.560299],[126.918151,37.560252],[126.917956,37.559984],[126.917914,37.559974],[126.918043,37.5599],[126.917871,37.559739],[126.917959,37.559685],[126.91785,37.559562],[126.917903,37.559508],[126.91789,37.559454],[126.917759,37.559295],[126.917708,37.559313],[126.917549,37.559122],[126.917585,37.559081],[126.917478,37.558971],[126.917599,37.558836],[126.917453,37.558763],[126.917394,37.558829],[126.917126,37.558763],[126.917164,37.558662],[126.916607,37.558468],[126.916534,37.558604],[126.916364,37.558552],[126.916428,37.558371],[126.916084,37.558282],[126.915131,37.55823],[126.914962,37.558246],[126.914965,37.558279],[126.913335,37.558342],[126.913105,37.55824],[126.912964,37.5584],[126.912614,37.558314],[126.912628,37.558384],[126.912139,37.558301],[126.912128,37.558327],[126.911878,37.558235],[126.911854,37.558296],[126.911662,37.558182],[126.911084,37.55805],[126.911091,37.558019],[126.911001,37.558004],[126.910914,37.558047],[126.910193,37.557885],[126.910146,37.557872],[126.910158,37.557839],[126.909324,37.557713],[126.909115,37.557638],[126.909069,37.557564],[126.908821,37.557387],[126.903717,37.563053],[126.903383,37.563316],[126.914143,37.566312],[126.915086,37.566712],[126.916044,37.567275],[126.916758,37.567818],[126.916785,37.567807],[126.916608,37.567601],[126.916777,37.566982],[126.916426,37.566689],[126.916466,37.566652],[126.916605,37.566642]]]}},{"type":"Feature","properties":{"code":"11140730","name":"성산2동","guCode":"11140","guName":"마포구"},"geometry":{"type":"Polygon","coordinates":[[[126.905921,37.573446],[126.906241,37.573232],[126.906319,37.573234],[126.906288,37.573201],[126.906667,37.57296],[126.907973,37.571957],[126.908767,37.571447],[126.910939,37.570464],[126.911629,37.570192],[126.913484,37.569289],[126.91354,37.569331],[126.913699,37.569237],[126.913671,37.569197],[126.914001,37.569038],[126.916758,37.567818],[126.916044,37.567275],[126.915086,37.566712],[126.914143,37.566312],[126.901727,37.562877],[126.900002,37.562237],[126.898359,37.561513],[126.89482,37.56009],[126.894596,37.560159],[126.89499,37.561137],[126.895136,37.561706],[126.895203,37.563032],[126.894937,37.563562],[126.894766,37.564013],[126.894712,37.564646],[126.89446,37.565493],[126.894454,37.565857],[126.894351,37.566635],[126.893691,37.567284],[126.892225,37.568279],[126.891127,37.569139],[126.890338,37.569863],[126.889695,37.57055],[126.890512,37.57081],[126.891355,37.570975],[126.891532,37.571044],[126.891812,37.571488],[126.891806,37.571657],[126.891969,37.572347],[126.892222,37.572918],[126.892565,37.572933],[126.892999,37.573022],[126.893493,37.57324],[126.893864,37.573301],[126.894618,37.572641],[126.895547,37.572931],[126.896431,37.57291],[126.897094,37.572953],[126.897193,37.573042],[126.897586,37.572893],[126.89811,37.573201],[126.898179,37.573288],[126.898088,37.573341],[126.898225,37.573489],[126.898327,37.573427],[126.898619,37.573732],[126.898596,37.573767],[126.898767,37.573788],[126.899329,37.574414],[126.899774,37.574214],[126.899897,37.574097],[126.900043,37.57351],[126.900148,37.573348],[126.900285,37.573244],[126.900611,37.573243],[126.900588,37.573849],[126.900651,37.574036],[126.901109,37.574637],[126.901245,37.574868],[126.901347,37.575187],[126.901655,37.575668],[126.902086,37.576002],[126.905921,37.573446]]]}},{"type":"Feature","properties":{"code":"11140740","name":"상암동","guCode":"11140","guName":"마포구"},"geometry":{"type":"Polygon","coordinates":[[[126.889361,37.584347],[126.897149,37.579349],[126.902086,37.576002],[126.901655,37.575668],[126.901347,37.575187],[126.901245,37.574868],[126.901109,37.574637],[126.900651,37.574036],[126.900588,37.573849],[126.900611,37.573243],[126.900285,37.573244],[126.900148,37.573348],[126.900043,37.57351],[126.899897,37.574097],[126.899774,37.574214],[126.899329,37.574414],[126.898767,37.573788],[126.898596,37.573767],[126.898619,37.573732],[126.898327,37.573427],[126.898225,37.573489],[126.898088,37.573341],[126.898179,37.573288],[126.89811,37.573201],[126.897586,37.572893],[126.897193,37.573042],[126.897094,37.572953],[126.896431,37.57291],[126.895547,37.572931],[126.894618,37.572641],[126.893864,37.573301],[126.893493,37.57324],[126.892999,37.573022],[126.892565,37.572933],[126.892222,37.572918],[126.891969,37.572347],[126.891806,37.571657],[126.891812,37.571488],[126.891532,37.571044],[126.891355,37.570975],[126.890512,37.57081],[126.889695,37.57055],[126.890338,37.569863],[126.891127,37.569139],[126.892225,37.568279],[126.893691,37.567284],[126.894351,37.566635],[126.894454,37.565857],[126.89446,37.565493],[126.894712,37.564646],[126.894766,37.564013],[126.894937,37.563562],[126.895203,37.563032],[126.895136,37.561706],[126.89499,37.561137],[126.894596,37.560159],[126.895722,37.559813],[126.895423,37.559429],[126.894063,37.559427],[126.89327,37.558173],[126.893274,37.555823],[126.891776,37.555821],[126.88812,37.552293],[126.886825,37.55309],[126.884388,37.554285],[126.873043,37.560049],[126.868951,37.562019],[126.866291,37.563053],[126.863825,37.56449],[126.856071,37.569443],[126.85502,37.570258],[126.853632,37.571791],[126.853629,37.573799],[126.859286,37.574915],[126.859294,37.575241],[126.863416,37.576869],[126.863245,37.576975],[126.863413,37.577166],[126.863731,37.576992],[126.864941,37.577472],[126.868379,37.577521],[126.870601,37.578008],[126.871443,37.578092],[126.873915,37.578281],[126.875195,37.578274],[126.87626,37.578185],[126.876259,37.578963],[126.876388,37.578983],[126.877076,37.578903],[126.877427,37.579363],[126.877632,37.579748],[126.877367,37.580115],[126.877455,37.580261],[126.877477,37.580383],[126.877418,37.58064],[126.876663,37.58126],[126.876625,37.581376],[126.876671,37.581633],[126.87705,37.582206],[126.877098,37.582893],[126.876996,37.583216],[126.876988,37.583388],[126.877251,37.583774],[126.877331,37.584048],[126.877294,37.584174],[126.877165,37.584238],[126.876974,37.584239],[126.876779,37.584146],[126.876623,37.584165],[126.876562,37.584245],[126.876538,37.58444],[126.876746,37.584637],[126.877087,37.584827],[126.877193,37.584936],[126.877247,37.58512],[126.877266,37.585572],[126.877542,37.586247],[126.878465,37.586369],[126.878872,37.586562],[126.879133,37.586772],[126.879264,37.587188],[126.879323,37.587584],[126.879437,37.587875],[126.880045,37.589066],[126.880349,37.589506],[126.880755,37.589828],[126.881724,37.590349],[126.881986,37.59054],[126.881887,37.590639],[126.882056,37.590792],[126.884815,37.588063],[126.886156,37.586799],[126.888887,37.58465],[126.889361,37.584347]]]}},{"type":"Feature","properties":{"code":"11140750","name":"도화동","guCode":"11140","guName":"마포구"},"geometry":{"type":"Polygon","coordinates":[[[126.952625,37.542473],[126.9541,37.541806],[126.95446,37.541608],[126.954497,37.541664],[126.954607,37.541614],[126.954757,37.541518],[126.954711,37.54147],[126.9548,37.541419],[126.955967,37.540884],[126.956028,37.540954],[126.956248,37.540845],[126.956583,37.540761],[126.956518,37.540703],[126.956659,37.540594],[126.956262,37.540126],[126.956066,37.539965],[126.955734,37.539471],[126.955185,37.539185],[126.954323,37.539014],[126.954095,37.538932],[126.953651,37.538335],[126.953441,37.537644],[126.953356,37.537493],[126.953291,37.53751],[126.953156,37.537409],[126.953178,37.537393],[126.952114,37.536777],[126.951548,37.536537],[126.951464,37.536392],[126.951284,37.536286],[126.950603,37.5361],[126.949909,37.536049],[126.948997,37.535754],[126.948902,37.535627],[126.948786,37.535581],[126.948408,37.535595],[126.948281,37.535654],[126.947845,37.535616],[126.947718,37.53566],[126.947586,37.535834],[126.947482,37.535825],[126.947385,37.535384],[126.947479,37.535309],[126.947381,37.535223],[126.947184,37.535371],[126.946518,37.535579],[126.946415,37.535739],[126.946277,37.535691],[126.945922,37.53549],[126.94565,37.535269],[126.945442,37.535182],[126.945566,37.534984],[126.945094,37.534962],[126.944819,37.534522],[126.944932,37.534315],[126.944931,37.534235],[126.94459,37.533786],[126.944218,37.534239],[126.941025,37.536271],[126.94375,37.537982],[126.945432,37.539256],[126.945482,37.539224],[126.948334,37.541344],[126.949166,37.541842],[126.949772,37.542371],[126.950663,37.543461],[126.952649,37.54251],[126.952625,37.542473]]]}},{"type":"Feature","properties":{"code":"11140760","name":"서강동","guCode":"11140","guName":"마포구"},"geometry":{"type":"Polygon","coordinates":[[[126.931298,37.554634],[126.932094,37.554699],[126.93251,37.554385],[126.932541,37.554401],[126.933147,37.554034],[126.934115,37.553322],[126.933968,37.553271],[126.933937,37.553298],[126.933596,37.553119],[126.93337,37.553108],[126.933127,37.552839],[126.933027,37.551619],[126.932949,37.551248],[126.932937,37.550443],[126.932871,37.549754],[126.932626,37.548073],[126.932586,37.547613],[126.932635,37.547439],[126.932422,37.546517],[126.932257,37.546082],[126.931804,37.54544],[126.931427,37.545235],[126.930965,37.545187],[126.930576,37.545038],[126.930721,37.545038],[126.930681,37.545027],[126.930725,37.544888],[126.930223,37.544761],[126.930126,37.544701],[126.928579,37.542407],[126.928406,37.541433],[126.930113,37.541435],[126.930338,37.541363],[126.927665,37.539076],[126.927282,37.539135],[126.9271,37.539035],[126.92618,37.539284],[126.925864,37.539458],[126.925368,37.539625],[126.924859,37.539769],[126.924823,37.539744],[126.923076,37.540455],[126.922834,37.540619],[126.922414,37.54143],[126.917139,37.541426],[126.917095,37.542926],[126.917014,37.542907],[126.916973,37.543024],[126.916691,37.54308],[126.916516,37.543274],[126.916683,37.543505],[126.916977,37.543665],[126.917234,37.544027],[126.91737,37.544137],[126.917407,37.544412],[126.917648,37.544614],[126.917615,37.544977],[126.917708,37.545051],[126.918204,37.544982],[126.918179,37.544751],[126.918037,37.544539],[126.91821,37.544625],[126.918453,37.544931],[126.918661,37.545034],[126.918633,37.545167],[126.918695,37.545215],[126.918715,37.54529],[126.918672,37.545382],[126.918763,37.545379],[126.919287,37.546354],[126.919313,37.546346],[126.920223,37.548338],[126.920594,37.548503],[126.92099,37.548585],[126.921908,37.549124],[126.922249,37.549515],[126.922998,37.550044],[126.923042,37.550175],[126.923177,37.550313],[126.923464,37.550481],[126.923745,37.550549],[126.923918,37.550704],[126.923968,37.550861],[126.924243,37.550965],[126.924223,37.551422],[126.924035,37.552087],[126.924142,37.552293],[126.924184,37.552256],[126.924228,37.552341],[126.924156,37.552365],[126.924198,37.552452],[126.924194,37.55262],[126.924796,37.552767],[126.925004,37.552917],[126.92517,37.55311],[126.925365,37.553192],[126.925554,37.553221],[126.926439,37.553146],[126.926883,37.553199],[126.928616,37.553609],[126.928874,37.553725],[126.929936,37.554426],[126.930224,37.55474],[126.931298,37.554634]]]}},{"type":"Feature","properties":{"code":"11140770","name":"공덕동","guCode":"11140","guName":"마포구"},"geometry":{"type":"Polygon","coordinates":[[[126.961585,37.55842],[126.962075,37.558453],[126.962813,37.558066],[126.962851,37.558134],[126.963096,37.558216],[126.96305,37.558031],[126.963053,37.557414],[126.963221,37.557317],[126.963429,37.556956],[126.963442,37.55685],[126.963363,37.556684],[126.963156,37.556532],[126.96293,37.556227],[126.96279,37.55611],[126.96275,37.556012],[126.962474,37.555911],[126.962368,37.555709],[126.962143,37.555538],[126.962065,37.555402],[126.962116,37.555376],[126.96202,37.555129],[126.961999,37.555241],[126.96194,37.555123],[126.961736,37.554987],[126.961726,37.554779],[126.961904,37.55441],[126.961973,37.554136],[126.961869,37.554133],[126.961626,37.553366],[126.96183,37.553336],[126.961882,37.553551],[126.961914,37.553556],[126.961953,37.553865],[126.962053,37.553848],[126.96231,37.55277],[126.962327,37.55199],[126.962288,37.55189],[126.962406,37.551592],[126.962329,37.551539],[126.962453,37.551339],[126.962836,37.55102],[126.963186,37.550659],[126.963236,37.550563],[126.963233,37.55046],[126.963394,37.550343],[126.963365,37.550313],[126.963504,37.550195],[126.963479,37.550126],[126.963543,37.550049],[126.963549,37.549947],[126.96373,37.549892],[126.96376,37.549869],[126.963736,37.54982],[126.963825,37.549827],[126.963886,37.549742],[126.963965,37.549719],[126.963941,37.549658],[126.963864,37.549673],[126.963696,37.549258],[126.963733,37.548859],[126.9636,37.548722],[126.963338,37.548638],[126.963196,37.548654],[126.963195,37.548686],[126.96294,37.548684],[126.962936,37.548787],[126.96269,37.54879],[126.962679,37.548715],[126.962639,37.548716],[126.962621,37.548764],[126.96249,37.548774],[126.96245,37.54872],[126.962454,37.548636],[126.961993,37.548594],[126.961999,37.548461],[126.962201,37.548459],[126.962209,37.548349],[126.961728,37.548308],[126.961747,37.548151],[126.961991,37.547893],[126.961767,37.547665],[126.961771,37.547602],[126.961432,37.547544],[126.961384,37.547651],[126.961103,37.547612],[126.961109,37.547508],[126.961311,37.547535],[126.961101,37.547435],[126.961262,37.547326],[126.961093,37.547154],[126.960915,37.547237],[126.960743,37.547035],[126.960668,37.54683],[126.960485,37.546845],[126.960475,37.546709],[126.960335,37.546707],[126.960364,37.546554],[126.96026,37.546542],[126.96028,37.546429],[126.960111,37.546356],[126.960044,37.546159],[126.960052,37.546066],[126.959533,37.545973],[126.959416,37.546016],[126.959323,37.545989],[126.959303,37.546023],[126.959292,37.545978],[126.959098,37.545899],[126.959122,37.545889],[126.958971,37.545745],[126.958719,37.545686],[126.958415,37.545504],[126.958256,37.545535],[126.958204,37.545427],[126.957919,37.545496],[126.957907,37.545336],[126.957811,37.545218],[126.957911,37.545188],[126.957849,37.545053],[126.957948,37.545016],[126.957912,37.544928],[126.95804,37.544598],[126.95793,37.544395],[126.957972,37.544374],[126.957617,37.544236],[126.957518,37.544006],[126.957458,37.544006],[126.957458,37.543944],[126.957513,37.543916],[126.95748,37.543887],[126.957592,37.543762],[126.957521,37.543627],[126.957567,37.54358],[126.9574,37.543387],[126.957453,37.543361],[126.957414,37.543302],[126.957497,37.543247],[126.957425,37.543166],[126.957625,37.542973],[126.958078,37.542917],[126.95835,37.542759],[126.958233,37.54256],[126.958143,37.542493],[126.95816,37.542428],[126.958046,37.5424],[126.958066,37.542328],[126.957961,37.542291],[126.957979,37.542226],[126.957914,37.54223],[126.957877,37.542098],[126.957308,37.541869],[126.956979,37.541637],[126.95685,37.541137],[126.956709,37.540868],[126.956583,37.540761],[126.956248,37.540845],[126.956028,37.540954],[126.955967,37.540884],[126.9548,37.541419],[126.954711,37.54147],[126.954757,37.541518],[126.954607,37.541614],[126.954497,37.541664],[126.95446,37.541608],[126.9541,37.541806],[126.952625,37.542473],[126.952649,37.54251],[126.950663,37.543461],[126.95392,37.547935],[126.954221,37.548545],[126.954667,37.54931],[126.955283,37.550611],[126.958023,37.556073],[126.95988,37.557624],[126.96011,37.557715],[126.960777,37.55843],[126.960857,37.558552],[126.960816,37.558586],[126.960856,37.558638],[126.96112,37.558805],[126.961569,37.559013],[126.961646,37.55909],[126.961747,37.558812],[126.961564,37.558628],[126.961608,37.55845],[126.961568,37.558439],[126.961585,37.55842]]]}},{"type":"Feature","properties":{"code":"11140780","name":"아현동","guCode":"11140","guName":"마포구"},"geometry":{"type":"Polygon","coordinates":[[[126.959679,37.557691],[126.959719,37.55758],[126.95988,37.557624],[126.958023,37.556073],[126.955283,37.550611],[126.954667,37.54931],[126.954221,37.548545],[126.95392,37.547935],[126.950663,37.543461],[126.950542,37.543512],[126.950491,37.543445],[126.949667,37.543817],[126.949582,37.543895],[126.948514,37.544362],[126.948767,37.544731],[126.947449,37.545307],[126.94753,37.545418],[126.947672,37.545355],[126.947769,37.545369],[126.947886,37.545513],[126.947992,37.545473],[126.948095,37.54563],[126.948192,37.545587],[126.948224,37.545634],[126.948129,37.545679],[126.948256,37.54586],[126.948364,37.545806],[126.948466,37.545962],[126.948508,37.545942],[126.949277,37.54703],[126.949972,37.547606],[126.94948,37.54911],[126.949222,37.549631],[126.949469,37.550212],[126.949534,37.550557],[126.950071,37.551034],[126.950374,37.551381],[126.950536,37.551888],[126.950605,37.551904],[126.95096,37.551786],[126.951067,37.551887],[126.951001,37.552452],[126.951592,37.552374],[126.951651,37.552311],[126.951663,37.552502],[126.9516,37.552466],[126.950938,37.552546],[126.950514,37.553426],[126.950495,37.553895],[126.950557,37.553858],[126.950524,37.554052],[126.950011,37.553935],[126.949966,37.554187],[126.949507,37.554851],[126.949272,37.555117],[126.948677,37.555502],[126.948547,37.555791],[126.94853,37.556447],[126.948468,37.556448],[126.948461,37.556582],[126.948936,37.556793],[126.94894,37.55699],[126.949284,37.557017],[126.956192,37.557407],[126.959133,37.557243],[126.959679,37.557691]]]}},{"type":"Feature","properties":{"code":"11150510","name":"목1동","guCode":"11150","guName":"양천구"},"geometry":{"type":"Polygon","coordinates":[[[126.888485,37.53072],[126.889738,37.530358],[126.889548,37.530014],[126.889371,37.530194],[126.888943,37.530354],[126.888467,37.53043],[126.888125,37.530432],[126.887687,37.530375],[126.88715,37.530182],[126.885999,37.529448],[126.885215,37.529191],[126.884177,37.528668],[126.883918,37.528408],[126.883887,37.527909],[126.883732,37.527555],[126.883425,37.527315],[126.883224,37.527239],[126.882718,37.527238],[126.881911,37.527618],[126.881347,37.527762],[126.881179,37.527781],[126.881006,37.527734],[126.880677,37.527538],[126.880605,37.527401],[126.880674,37.527134],[126.881173,37.526545],[126.881184,37.526349],[126.881123,37.526133],[126.88094,37.52591],[126.880709,37.52578],[126.880473,37.525739],[126.879328,37.525725],[126.879049,37.525601],[126.878754,37.525355],[126.878609,37.525069],[126.878614,37.524684],[126.87886,37.524088],[126.878917,37.523678],[126.87889,37.523147],[126.879052,37.522519],[126.878886,37.522496],[126.878871,37.522529],[126.87873,37.522528],[126.878101,37.522294],[126.877683,37.522211],[126.877672,37.522307],[126.870001,37.523278],[126.870053,37.523211],[126.869875,37.523273],[126.869422,37.523532],[126.869429,37.523617],[126.868801,37.523949],[126.868694,37.523852],[126.868362,37.524014],[126.868393,37.523926],[126.865727,37.522596],[126.865568,37.522647],[126.86531,37.523475],[126.865225,37.523633],[126.86445,37.526129],[126.864281,37.526108],[126.863976,37.529795],[126.87498,37.531255],[126.879615,37.53176],[126.881468,37.531895],[126.882526,37.531873],[126.883736,37.531779],[126.885065,37.531559],[126.886427,37.531316],[126.888485,37.53072]]]}},{"type":"Feature","properties":{"code":"11150520","name":"목2동","guCode":"11150","guName":"양천구"},"geometry":{"type":"Polygon","coordinates":[[[126.8818,37.547035],[126.882135,37.546725],[126.882303,37.546491],[126.882362,37.546306],[126.882524,37.546032],[126.882746,37.545755],[126.883615,37.545072],[126.884092,37.544637],[126.884225,37.5444],[126.88425,37.543928],[126.882497,37.54424],[126.882046,37.543865],[126.881624,37.543101],[126.881395,37.542845],[126.88113,37.54269],[126.879428,37.542099],[126.8761,37.541056],[126.874708,37.539568],[126.873957,37.538674],[126.872671,37.537571],[126.868659,37.539763],[126.868467,37.539791],[126.868535,37.540009],[126.868321,37.540042],[126.868114,37.540014],[126.868142,37.540137],[126.867941,37.540174],[126.867912,37.540254],[126.867983,37.54048],[126.867965,37.540583],[126.867817,37.54062],[126.867712,37.540861],[126.867879,37.540933],[126.867839,37.541062],[126.867946,37.541085],[126.867945,37.541221],[126.867743,37.541849],[126.86793,37.541871],[126.868081,37.542211],[126.868067,37.542413],[126.867971,37.542623],[126.867679,37.54267],[126.867778,37.542953],[126.867047,37.543705],[126.866561,37.543792],[126.866163,37.54411],[126.866321,37.544668],[126.867105,37.545097],[126.867053,37.545234],[126.866773,37.545513],[126.867828,37.545707],[126.868701,37.547586],[126.869366,37.547266],[126.870083,37.54705],[126.870717,37.5477],[126.871394,37.547413],[126.872008,37.547217],[126.872644,37.547072],[126.873514,37.546959],[126.874395,37.546939],[126.877959,37.547099],[126.880256,37.547736],[126.879923,37.54814],[126.880485,37.548215],[126.880664,37.548196],[126.8808,37.548082],[126.881252,37.547649],[126.8818,37.547035]]]}},{"type":"Feature","properties":{"code":"11150530","name":"목3동","guCode":"11150","guName":"양천구"},"geometry":{"type":"Polygon","coordinates":[[[126.870682,37.547664],[126.870083,37.54705],[126.869366,37.547266],[126.868701,37.547586],[126.867828,37.545707],[126.866773,37.545513],[126.867053,37.545234],[126.867105,37.545097],[126.866321,37.544668],[126.866266,37.544494],[126.866163,37.54411],[126.866561,37.543792],[126.867047,37.543705],[126.867778,37.542953],[126.867679,37.54267],[126.867971,37.542623],[126.868067,37.542413],[126.868081,37.542211],[126.86793,37.541871],[126.867743,37.541849],[126.867945,37.541221],[126.867946,37.541085],[126.867839,37.541062],[126.867879,37.540933],[126.867712,37.540861],[126.867817,37.54062],[126.867965,37.540583],[126.867983,37.54048],[126.867912,37.540254],[126.867941,37.540174],[126.868142,37.540137],[126.868114,37.540014],[126.868321,37.540042],[126.868535,37.540009],[126.868467,37.539791],[126.867954,37.53984],[126.867771,37.539816],[126.866002,37.539355],[126.864447,37.539247],[126.863694,37.539282],[126.863786,37.540632],[126.863671,37.541095],[126.863394,37.541614],[126.863522,37.541718],[126.862897,37.542518],[126.862276,37.543656],[126.862164,37.543922],[126.86211,37.544355],[126.862448,37.545564],[126.864203,37.55115],[126.864463,37.551241],[126.865809,37.550609],[126.870717,37.5477],[126.870682,37.547664]]]}},{"type":"Feature","properties":{"code":"11150540","name":"목4동","guCode":"11150","guName":"양천구"},"geometry":{"type":"Polygon","coordinates":[[[126.869405,37.539357],[126.872667,37.537573],[126.871367,37.536498],[126.870151,37.535392],[126.869872,37.534941],[126.869763,37.534509],[126.869782,37.532996],[126.869587,37.532783],[126.868372,37.532067],[126.867888,37.531605],[126.867187,37.53022],[126.863976,37.529795],[126.863442,37.536014],[126.863694,37.539282],[126.864447,37.539247],[126.866002,37.539355],[126.867954,37.53984],[126.868659,37.539763],[126.869405,37.539357]]]}},{"type":"Feature","properties":{"code":"11150570","name":"신월1동","guCode":"11150","guName":"양천구"},"geometry":{"type":"Polygon","coordinates":[[[126.836767,37.526006],[126.834895,37.525552],[126.832507,37.529723],[126.829493,37.534125],[126.828365,37.535884],[126.835163,37.536912],[126.835111,37.536729],[126.834418,37.536452],[126.840454,37.526531],[126.8385,37.5262],[126.836767,37.526006]]]}},{"type":"Feature","properties":{"code":"11150580","name":"신월2동","guCode":"11150","guName":"양천구"},"geometry":{"type":"Polygon","coordinates":[[[126.851683,37.522621],[126.852545,37.521051],[126.851012,37.522091],[126.850703,37.522243],[126.850377,37.522336],[126.847874,37.522526],[126.847549,37.522476],[126.847241,37.522376],[126.846761,37.522075],[126.848652,37.520692],[126.848506,37.518022],[126.8481,37.518033],[126.848071,37.517348],[126.848504,37.517192],[126.848495,37.516979],[126.845677,37.51799],[126.840515,37.526487],[126.848871,37.527897],[126.851683,37.522621]]]}},{"type":"Feature","properties":{"code":"11150590","name":"신월3동","guCode":"11150","guName":"양천구"},"geometry":{"type":"Polygon","coordinates":[[[126.829493,37.534125],[126.832507,37.529723],[126.834895,37.525552],[126.832798,37.525193],[126.832744,37.525316],[126.829915,37.524878],[126.830011,37.525057],[126.829661,37.525132],[126.829345,37.525092],[126.829303,37.524981],[126.829346,37.524932],[126.829263,37.524875],[126.829208,37.524748],[126.826127,37.524296],[126.826479,37.524762],[126.826507,37.524932],[126.82675,37.525128],[126.827309,37.525276],[126.827959,37.525688],[126.828149,37.525833],[126.828146,37.526117],[126.828259,37.5263],[126.828837,37.526509],[126.828428,37.526702],[126.827939,37.528003],[126.827875,37.528364],[126.828214,37.529029],[126.827574,37.529364],[126.82707,37.529708],[126.826247,37.529826],[126.825558,37.529847],[126.825313,37.529959],[126.824735,37.5306],[126.824579,37.531217],[126.824218,37.531612],[126.824134,37.531646],[126.823961,37.531811],[126.823866,37.532061],[126.823431,37.532616],[126.823496,37.532947],[126.823475,37.533447],[126.823553,37.533763],[126.823281,37.533807],[126.822703,37.533755],[126.822623,37.534201],[126.821868,37.534903],[126.822434,37.536543],[126.822342,37.53698],[126.822334,37.537992],[126.821591,37.539712],[126.822054,37.540661],[126.822232,37.540688],[126.824148,37.541376],[126.824393,37.54138],[126.825284,37.540489],[126.827432,37.537211],[126.828478,37.535724],[126.829493,37.534125]]]}},{"type":"Feature","properties":{"code":"11150600","name":"신월4동","guCode":"11150","guName":"양천구"},"geometry":{"type":"Polygon","coordinates":[[[126.840454,37.526531],[126.840515,37.526487],[126.844437,37.520042],[126.842754,37.518733],[126.841301,37.517709],[126.840868,37.517527],[126.839445,37.517087],[126.837904,37.520597],[126.8372,37.521849],[126.834895,37.525552],[126.836767,37.526006],[126.8385,37.5262],[126.840454,37.526531]]]}},{"type":"Feature","properties":{"code":"11150610","name":"신월5동","guCode":"11150","guName":"양천구"},"geometry":{"type":"Polygon","coordinates":[[[126.829797,37.547594],[126.829846,37.547171],[126.82995,37.546922],[126.82996,37.546555],[126.830092,37.546429],[126.830127,37.546198],[126.830238,37.546178],[126.830474,37.54578],[126.830443,37.545487],[126.830135,37.544942],[126.829965,37.544395],[126.829865,37.544438],[126.829754,37.544288],[126.829716,37.543726],[126.830249,37.542628],[126.830028,37.542599],[126.829985,37.541656],[126.83031,37.541482],[126.830544,37.541759],[126.832682,37.541832],[126.832737,37.5418],[126.833116,37.541851],[126.833734,37.539842],[126.834034,37.539406],[126.83516,37.537532],[126.835214,37.537126],[126.835163,37.536912],[126.828365,37.535884],[126.827432,37.537211],[126.825284,37.540489],[126.824393,37.54138],[126.825427,37.541707],[126.825314,37.542058],[126.82607,37.542956],[126.825895,37.543575],[126.825628,37.543898],[126.825679,37.54423],[126.825962,37.544863],[126.826207,37.545152],[126.826555,37.545391],[126.826755,37.545801],[126.826959,37.545966],[126.827035,37.54656],[126.827094,37.546712],[126.827415,37.5469],[126.827384,37.547209],[126.827438,37.547448],[126.827535,37.547595],[126.827625,37.547694],[126.827974,37.547551],[126.829763,37.547736],[126.829797,37.547594]]]}},{"type":"Feature","properties":{"code":"11150620","name":"신월6동","guCode":"11150","guName":"양천구"},"geometry":{"type":"Polygon","coordinates":[[[126.848455,37.516822],[126.848408,37.516263],[126.848545,37.515953],[126.848418,37.515826],[126.848031,37.515774],[126.847761,37.515622],[126.846859,37.515691],[126.84674,37.51555],[126.846968,37.515018],[126.846184,37.514755],[126.846007,37.51483],[126.845798,37.514797],[126.845105,37.514388],[126.845006,37.514103],[126.844811,37.513929],[126.844348,37.513994],[126.844129,37.514163],[126.843515,37.514088],[126.842563,37.513133],[126.842406,37.513067],[126.842125,37.5131],[126.841819,37.513198],[126.841729,37.51317],[126.84172,37.513111],[126.841557,37.512969],[126.841482,37.512948],[126.841312,37.513359],[126.840913,37.513203],[126.840653,37.513906],[126.840041,37.513835],[126.839881,37.514156],[126.838955,37.513886],[126.838469,37.513642],[126.837977,37.513567],[126.837911,37.513593],[126.837725,37.513569],[126.837591,37.513667],[126.837504,37.513674],[126.836844,37.514122],[126.836441,37.514299],[126.836307,37.514311],[126.83598,37.514582],[126.835229,37.514935],[126.835129,37.515186],[126.835071,37.515578],[126.834975,37.515548],[126.83491,37.515691],[126.840868,37.517527],[126.841301,37.517709],[126.842754,37.518733],[126.844437,37.520042],[126.845677,37.51799],[126.848495,37.516979],[126.848455,37.516822]]]}},{"type":"Feature","properties":{"code":"11150630","name":"신월7동","guCode":"11150","guName":"양천구"},"geometry":{"type":"Polygon","coordinates":[[[126.834976,37.525418],[126.8372,37.521849],[126.837904,37.520597],[126.839445,37.517087],[126.83491,37.515691],[126.834975,37.515548],[126.83375,37.515172],[126.833736,37.515319],[126.833243,37.516062],[126.833125,37.516302],[126.832952,37.516249],[126.832611,37.516468],[126.831791,37.516801],[126.831501,37.516985],[126.830221,37.517637],[126.829615,37.517667],[126.829174,37.517587],[126.828951,37.517491],[126.828444,37.517131],[126.827861,37.516567],[126.827323,37.516309],[126.827028,37.516106],[126.826822,37.515588],[126.826826,37.515306],[126.826773,37.515177],[126.826216,37.515041],[126.825289,37.51497],[126.825185,37.514801],[126.825176,37.514717],[126.825591,37.513807],[126.826083,37.513011],[126.826503,37.512647],[126.827018,37.512434],[126.827924,37.512204],[126.827287,37.511733],[126.82704,37.511486],[126.827101,37.511145],[126.826954,37.510393],[126.827075,37.510359],[126.82668,37.509671],[126.826417,37.509449],[126.826606,37.509451],[126.827049,37.509216],[126.826988,37.508503],[126.826922,37.508491],[126.82646,37.50875],[126.826274,37.508768],[126.824694,37.508321],[126.82408,37.508876],[126.823904,37.509095],[126.824183,37.509679],[126.824345,37.510226],[126.82406,37.510481],[126.823857,37.510875],[126.824147,37.51244],[126.824408,37.513177],[126.824299,37.513668],[126.824256,37.514468],[126.823796,37.514664],[126.823401,37.514953],[126.823105,37.51622],[126.824496,37.517715],[126.824592,37.518046],[126.825139,37.519072],[126.825617,37.52008],[126.825654,37.52103],[126.825542,37.521451],[126.825589,37.521752],[126.82548,37.521753],[126.825661,37.522235],[126.825196,37.522808],[126.825137,37.523005],[126.825163,37.523055],[126.825821,37.523708],[126.826127,37.524296],[126.829208,37.524748],[126.829263,37.524875],[126.829346,37.524932],[126.829303,37.524981],[126.829345,37.525092],[126.829661,37.525132],[126.830011,37.525057],[126.829915,37.524878],[126.832744,37.525316],[126.832798,37.525193],[126.834895,37.525552],[126.834976,37.525418]]]}},{"type":"Feature","properties":{"code":"11150640","name":"신정1동","guCode":"11150","guName":"양천구"},"geometry":{"type":"Polygon","coordinates":[[[126.865801,37.522633],[126.865702,37.522351],[126.867525,37.518844],[126.867639,37.518814],[126.867044,37.518522],[126.861365,37.516553],[126.861387,37.51645],[126.859212,37.515701],[126.85888,37.515545],[126.858768,37.515396],[126.858769,37.515072],[126.858948,37.514724],[126.855938,37.513682],[126.854579,37.516495],[126.853842,37.518172],[126.853694,37.518371],[126.852461,37.521248],[126.852917,37.521117],[126.864838,37.522488],[126.865727,37.522596],[126.865801,37.522633]]]}},{"type":"Feature","properties":{"code":"11150650","name":"신정2동","guCode":"11150","guName":"양천구"},"geometry":{"type":"Polygon","coordinates":[[[126.871317,37.523135],[126.87418,37.522727],[126.877672,37.522307],[126.877683,37.522211],[126.878101,37.522294],[126.87873,37.522528],[126.879033,37.522495],[126.879002,37.522457],[126.879154,37.522162],[126.879279,37.521658],[126.879437,37.520598],[126.879415,37.520406],[126.879104,37.520023],[126.878571,37.519709],[126.878351,37.519486],[126.8782,37.519096],[126.878196,37.518779],[126.878425,37.518246],[126.87874,37.517942],[126.879449,37.517764],[126.879547,37.517696],[126.879546,37.517656],[126.879422,37.517528],[126.879291,37.517515],[126.878743,37.517654],[126.878581,37.517627],[126.878478,37.517531],[126.878469,37.517386],[126.878655,37.517183],[126.878905,37.51707],[126.878957,37.516931],[126.878604,37.516513],[126.878334,37.516318],[126.87807,37.516223],[126.877631,37.516208],[126.877492,37.516175],[126.877357,37.51609],[126.877307,37.515966],[126.877329,37.515888],[126.877379,37.515815],[126.87771,37.515629],[126.877775,37.515555],[126.877797,37.515437],[126.877724,37.515356],[126.877664,37.515108],[126.877581,37.515025],[126.877515,37.514673],[126.877562,37.514474],[126.876724,37.51467],[126.876675,37.514612],[126.876533,37.5147],[126.87626,37.514745],[126.876328,37.514881],[126.876365,37.51514],[126.875685,37.515564],[126.875611,37.515567],[126.87543,37.515675],[126.875833,37.516156],[126.875811,37.516192],[126.875921,37.51638],[126.875916,37.516438],[126.875282,37.517039],[126.874597,37.516571],[126.874035,37.517115],[126.872707,37.516224],[126.872528,37.516386],[126.871764,37.515904],[126.871024,37.517225],[126.870452,37.518043],[126.870358,37.518381],[126.870001,37.518494],[126.870291,37.519334],[126.871157,37.523124],[126.871308,37.523103],[126.871317,37.523135]]]}},{"type":"Feature","properties":{"code":"11150660","name":"신정3동","guCode":"11150","guName":"양천구"},"geometry":{"type":"Polygon","coordinates":[[[126.853831,37.518158],[126.854579,37.516495],[126.856481,37.512479],[126.858226,37.509842],[126.857155,37.509601],[126.85717,37.509562],[126.856074,37.509252],[126.856139,37.509099],[126.855998,37.509016],[126.855687,37.508968],[126.85518,37.509674],[126.853179,37.510492],[126.852907,37.510643],[126.852552,37.510443],[126.852197,37.510425],[126.851382,37.510056],[126.850751,37.509975],[126.850113,37.510092],[126.849517,37.509558],[126.849093,37.509006],[126.848732,37.50882],[126.847903,37.509165],[126.847591,37.509384],[126.84727,37.509524],[126.846983,37.509387],[126.846655,37.509084],[126.846258,37.508968],[126.846194,37.508461],[126.84623,37.508376],[126.846191,37.508288],[126.845283,37.507969],[126.845346,37.507813],[126.845159,37.507784],[126.845035,37.507595],[126.844835,37.507401],[126.844533,37.506758],[126.844359,37.506537],[126.84468,37.505755],[126.844505,37.505723],[126.844494,37.505792],[126.844414,37.505701],[126.844422,37.505658],[126.843571,37.505789],[126.842724,37.505462],[126.84245,37.505449],[126.842133,37.505631],[126.841182,37.50582],[126.840762,37.506016],[126.840637,37.505827],[126.840508,37.505484],[126.840111,37.505383],[126.83998,37.504873],[126.83958,37.504458],[126.839293,37.504399],[126.838804,37.504499],[126.838402,37.504353],[126.838176,37.503796],[126.837861,37.503496],[126.837502,37.503242],[126.836898,37.503284],[126.836454,37.503029],[126.835304,37.502816],[126.833982,37.503356],[126.833635,37.503877],[126.833067,37.504034],[126.832976,37.504225],[126.832061,37.504619],[126.831649,37.505082],[126.831538,37.505448],[126.831262,37.505717],[126.83123,37.505865],[126.830615,37.506313],[126.83066,37.506871],[126.831018,37.507829],[126.831014,37.507977],[126.830649,37.508167],[126.830324,37.508248],[126.829898,37.508317],[126.82955,37.508293],[126.829347,37.508415],[126.828155,37.508775],[126.82774,37.508735],[126.826991,37.508526],[126.827049,37.509216],[126.826606,37.509451],[126.826417,37.509449],[126.82668,37.509671],[126.827075,37.510359],[126.826954,37.510393],[126.827101,37.511145],[126.82704,37.511486],[126.827287,37.511733],[126.827924,37.512204],[126.827018,37.512434],[126.826503,37.512647],[126.826083,37.513011],[126.825591,37.513807],[126.825176,37.514717],[126.825185,37.514801],[126.825289,37.51497],[126.826216,37.515041],[126.826773,37.515177],[126.826826,37.515306],[126.826822,37.515588],[126.827028,37.516106],[126.827323,37.516309],[126.827861,37.516567],[126.828444,37.517131],[126.828951,37.517491],[126.829382,37.517637],[126.830158,37.517654],[126.831501,37.516985],[126.831791,37.516801],[126.832611,37.516468],[126.832952,37.516249],[126.833125,37.516302],[126.833243,37.516062],[126.833736,37.515319],[126.83375,37.515172],[126.835071,37.515578],[126.835129,37.515186],[126.835229,37.514935],[126.83598,37.514582],[126.836307,37.514311],[126.836441,37.514299],[126.836844,37.514122],[126.837504,37.513674],[126.837591,37.513667],[126.837725,37.513569],[126.837911,37.513593],[126.837977,37.513567],[126.838469,37.513642],[126.838955,37.513886],[126.839881,37.514156],[126.840041,37.513835],[126.840653,37.513906],[126.840913,37.513203],[126.841312,37.513359],[126.841482,37.512948],[126.841557,37.512969],[126.84172,37.513111],[126.841729,37.51317],[126.841819,37.513198],[126.842125,37.5131],[126.842406,37.513067],[126.842563,37.513133],[126.843515,37.514088],[126.844129,37.514163],[126.844348,37.513994],[126.844811,37.513929],[126.845006,37.514103],[126.845105,37.514388],[126.845798,37.514797],[126.846007,37.51483],[126.846184,37.514755],[126.846968,37.515018],[126.84674,37.51555],[126.846859,37.515691],[126.847761,37.515622],[126.848031,37.515774],[126.848418,37.515826],[126.848545,37.515953],[126.848408,37.516263],[126.848504,37.517192],[126.848071,37.517348],[126.8481,37.518033],[126.848506,37.518022],[126.848652,37.520692],[126.846761,37.522075],[126.847241,37.522376],[126.847792,37.522518],[126.848206,37.522525],[126.850144,37.522368],[126.850603,37.522278],[126.851012,37.522091],[126.852545,37.521051],[126.853694,37.518371],[126.853831,37.518158]]]}},{"type":"Feature","properties":{"code":"11150690","name":"신정6동","guCode":"11150","guName":"양천구"},"geometry":{"type":"Polygon","coordinates":[[[126.868546,37.523924],[126.868694,37.523852],[126.868801,37.523949],[126.869429,37.523617],[126.869422,37.523532],[126.869875,37.523273],[126.870053,37.523211],[126.870001,37.523278],[126.871157,37.523124],[126.870291,37.519334],[126.870001,37.518494],[126.870358,37.518381],[126.870452,37.518043],[126.871024,37.517225],[126.871764,37.515904],[126.872528,37.516386],[126.872707,37.516224],[126.874035,37.517115],[126.874597,37.516571],[126.875282,37.517039],[126.875916,37.516438],[126.875921,37.51638],[126.875811,37.516192],[126.875833,37.516156],[126.87543,37.515675],[126.875611,37.515567],[126.875685,37.515564],[126.876365,37.51514],[126.876328,37.514881],[126.87626,37.514745],[126.876533,37.5147],[126.876675,37.514612],[126.876724,37.51467],[126.877562,37.514474],[126.877661,37.513806],[126.877817,37.513627],[126.877942,37.513377],[126.877872,37.51329],[126.877734,37.513282],[126.877483,37.513584],[126.877261,37.513717],[126.876959,37.513746],[126.876651,37.513671],[126.876501,37.513548],[126.876387,37.513291],[126.876452,37.51292],[126.876333,37.512682],[126.876104,37.51241],[126.875734,37.512192],[126.875598,37.512167],[126.875324,37.512245],[126.875181,37.512447],[126.875125,37.512383],[126.8751,37.512418],[126.873997,37.511297],[126.874002,37.510807],[126.874035,37.510771],[126.874188,37.510654],[126.874311,37.510616],[126.874524,37.510632],[126.874672,37.510687],[126.874904,37.510899],[126.874964,37.511153],[126.874863,37.51141],[126.874866,37.511639],[126.875068,37.511801],[126.875199,37.51179],[126.875345,37.511737],[126.875459,37.511642],[126.875575,37.511453],[126.875837,37.511295],[126.87604,37.511228],[126.876566,37.511153],[126.876731,37.511026],[126.876845,37.510849],[126.876725,37.510678],[126.876644,37.510626],[126.876518,37.510627],[126.876437,37.510653],[126.876219,37.510985],[126.876115,37.511054],[126.875759,37.511145],[126.875522,37.511078],[126.875414,37.510996],[126.875205,37.510692],[126.875179,37.510526],[126.875266,37.510178],[126.875347,37.510022],[126.875447,37.50998],[126.875611,37.50974],[126.875606,37.509665],[126.875436,37.509461],[126.875195,37.509343],[126.87502,37.509313],[126.874793,37.509333],[126.874517,37.509472],[126.874323,37.509495],[126.874022,37.50939],[126.87385,37.509162],[126.873788,37.509022],[126.873793,37.508819],[126.873906,37.508676],[126.874721,37.508333],[126.87485,37.508197],[126.875041,37.507713],[126.875001,37.5076],[126.874852,37.5075],[126.874657,37.507468],[126.874494,37.507389],[126.872163,37.509993],[126.872316,37.510122],[126.871475,37.511065],[126.870808,37.512234],[126.87101,37.512299],[126.87016,37.513977],[126.869752,37.514057],[126.864027,37.51206],[126.862366,37.515064],[126.863381,37.515434],[126.862549,37.516963],[126.867044,37.518522],[126.867639,37.518814],[126.867525,37.518844],[126.865702,37.522351],[126.865801,37.522633],[126.868393,37.523926],[126.868362,37.524014],[126.868546,37.523924]]]}},{"type":"Feature","properties":{"code":"11150700","name":"신정7동","guCode":"11150","guName":"양천구"},"geometry":{"type":"Polygon","coordinates":[[[126.864023,37.512067],[126.864445,37.512187],[126.869752,37.514057],[126.87016,37.513977],[126.87101,37.512299],[126.870808,37.512234],[126.871475,37.511065],[126.872316,37.510122],[126.872163,37.509993],[126.874494,37.507389],[126.874212,37.507178],[126.874181,37.506954],[126.874372,37.506691],[126.874706,37.506629],[126.874687,37.506532],[126.874422,37.506091],[126.87411,37.505148],[126.873876,37.504947],[126.873742,37.504719],[126.873731,37.504506],[126.873787,37.504274],[126.87358,37.50356],[126.873179,37.503781],[126.872675,37.503882],[126.872307,37.504083],[126.871868,37.504128],[126.87185,37.504204],[126.871481,37.504697],[126.871434,37.504852],[126.871457,37.505069],[126.871205,37.505134],[126.871021,37.505275],[126.870649,37.505755],[126.870275,37.505834],[126.869153,37.504868],[126.86834,37.504877],[126.868308,37.504825],[126.868131,37.504842],[126.867965,37.504888],[126.867137,37.5053],[126.86679,37.505295],[126.866567,37.505206],[126.866448,37.505258],[126.866517,37.505384],[126.865814,37.505571],[126.865246,37.505587],[126.864829,37.505504],[126.864803,37.505073],[126.8647,37.504886],[126.864648,37.504868],[126.863525,37.505051],[126.86339,37.505114],[126.863133,37.50541],[126.862778,37.50593],[126.862654,37.506451],[126.862921,37.506567],[126.862981,37.506518],[126.86288,37.506628],[126.862637,37.506791],[126.863151,37.507382],[126.863715,37.507823],[126.863775,37.507992],[126.864097,37.508355],[126.86354,37.508025],[126.863154,37.507857],[126.862691,37.507404],[126.862554,37.50741],[126.861861,37.507194],[126.861878,37.507168],[126.860433,37.506749],[126.860316,37.506609],[126.858344,37.509868],[126.858226,37.509842],[126.856481,37.512479],[126.855938,37.513682],[126.858948,37.514724],[126.858769,37.515072],[126.858768,37.515396],[126.85888,37.515545],[126.859212,37.515701],[126.861387,37.51645],[126.861365,37.516553],[126.862549,37.516963],[126.863381,37.515434],[126.862366,37.515064],[126.864023,37.512067]]]}},{"type":"Feature","properties":{"code":"11150710","name":"목5동","guCode":"11150","guName":"양천구"},"geometry":{"type":"Polygon","coordinates":[[[126.884705,37.543326],[126.884714,37.543286],[126.885086,37.543305],[126.885423,37.542307],[126.885449,37.541839],[126.88551,37.541549],[126.886214,37.539926],[126.88683,37.538832],[126.887067,37.538615],[126.887639,37.537564],[126.888548,37.5363],[126.888793,37.536114],[126.889616,37.535273],[126.889895,37.534837],[126.890101,37.534369],[126.890133,37.534079],[126.89,37.533655],[126.889805,37.533402],[126.888659,37.532808],[126.88848,37.532543],[126.8885,37.532269],[126.888564,37.532123],[126.888825,37.531948],[126.889093,37.531894],[126.890224,37.531849],[126.890648,37.531613],[126.889738,37.530358],[126.886427,37.531316],[126.883736,37.531779],[126.882526,37.531873],[126.881468,37.531895],[126.879615,37.53176],[126.87498,37.531255],[126.867187,37.53022],[126.867888,37.531605],[126.868372,37.532067],[126.869587,37.532783],[126.869782,37.532996],[126.869763,37.534509],[126.869872,37.534941],[126.870151,37.535392],[126.871367,37.536498],[126.873082,37.537898],[126.873957,37.538674],[126.874708,37.539568],[126.8761,37.541056],[126.879428,37.542099],[126.88113,37.54269],[126.881395,37.542845],[126.881624,37.543101],[126.882046,37.543865],[126.882497,37.54424],[126.88425,37.543928],[126.884245,37.543565],[126.884436,37.543385],[126.884705,37.543326]]]}},{"type":"Feature","properties":{"code":"11150720","name":"신정4동","guCode":"11150","guName":"양천구"},"geometry":{"type":"Polygon","coordinates":[[[126.864279,37.526139],[126.864281,37.526108],[126.86445,37.526129],[126.865225,37.523633],[126.86531,37.523475],[126.865568,37.522647],[126.865712,37.522601],[126.852917,37.521117],[126.852461,37.521248],[126.852345,37.521379],[126.848871,37.527897],[126.86397,37.529785],[126.864279,37.526139]]]}},{"type":"Feature","properties":{"code":"11160510","name":"염창동","guCode":"11160","guName":"강서구"},"geometry":{"type":"Polygon","coordinates":[[[126.873043,37.560049],[126.880464,37.55627],[126.879237,37.554747],[126.87924,37.553027],[126.878033,37.553031],[126.878076,37.551699],[126.879244,37.550324],[126.879244,37.550268],[126.879855,37.549358],[126.880356,37.548457],[126.880664,37.548196],[126.88038,37.548209],[126.879923,37.54814],[126.880256,37.547736],[126.877959,37.547099],[126.874175,37.546935],[126.873295,37.546978],[126.87243,37.547115],[126.871394,37.547413],[126.870435,37.547844],[126.866186,37.550399],[126.865027,37.550988],[126.867305,37.554176],[126.866246,37.554714],[126.864694,37.55593],[126.863329,37.556692],[126.863633,37.556692],[126.863337,37.556851],[126.863317,37.556944],[126.86435,37.558038],[126.865496,37.559036],[126.865952,37.559231],[126.866591,37.559395],[126.867284,37.559631],[126.867311,37.55972],[126.867428,37.559708],[126.867618,37.560032],[126.86765,37.560165],[126.867211,37.560442],[126.866929,37.560542],[126.865889,37.561143],[126.865154,37.561351],[126.861655,37.563427],[126.863041,37.564997],[126.863825,37.56449],[126.866291,37.563053],[126.868951,37.562019],[126.873043,37.560049]]]}},{"type":"Feature","properties":{"code":"11160520","name":"등촌1동","guCode":"11160","guName":"강서구"},"geometry":{"type":"Polygon","coordinates":[[[126.865037,37.551001],[126.859942,37.553254],[126.852345,37.555922],[126.855179,37.561055],[126.864374,37.55613],[126.864894,37.555785],[126.866139,37.554785],[126.866582,37.554518],[126.867305,37.554176],[126.865037,37.551001]]]}},{"type":"Feature","properties":{"code":"11160530","name":"등촌2동","guCode":"11160","guName":"강서구"},"geometry":{"type":"Polygon","coordinates":[[[126.863013,37.551892],[126.864463,37.551241],[126.864203,37.55115],[126.862448,37.545564],[126.86211,37.544355],[126.862164,37.543922],[126.862276,37.543656],[126.862897,37.542518],[126.863522,37.541718],[126.863394,37.541614],[126.863671,37.541095],[126.863777,37.540711],[126.863786,37.540396],[126.863442,37.536195],[126.863477,37.535599],[126.861881,37.535505],[126.861785,37.536368],[126.86123,37.536783],[126.860937,37.537173],[126.86104,37.537792],[126.860959,37.537932],[126.860975,37.538104],[126.860914,37.538431],[126.860653,37.538542],[126.860643,37.539115],[126.860582,37.53956],[126.860408,37.539735],[126.860366,37.540025],[126.860575,37.540427],[126.860427,37.541437],[126.859757,37.541873],[126.859145,37.54205],[126.858495,37.542153],[126.857884,37.542381],[126.857659,37.542279],[126.857512,37.542272],[126.857107,37.542466],[126.855896,37.54281],[126.855609,37.542959],[126.854415,37.54392],[126.85476,37.544279],[126.855004,37.544696],[126.854822,37.545007],[126.854816,37.545988],[126.85502,37.546499],[126.855371,37.546614],[126.855746,37.546967],[126.855826,37.547196],[126.856106,37.547185],[126.856672,37.548271],[126.856752,37.548556],[126.857008,37.549],[126.857016,37.549165],[126.856857,37.549634],[126.856965,37.549768],[126.857372,37.550026],[126.857429,37.550731],[126.85755,37.550841],[126.857648,37.551083],[126.858086,37.551469],[126.857591,37.551545],[126.857449,37.551526],[126.85731,37.552165],[126.857369,37.552373],[126.857165,37.553111],[126.857261,37.553468],[126.857572,37.553737],[126.857612,37.553883],[126.856496,37.554275],[126.856495,37.55447],[126.859942,37.553254],[126.863013,37.551892]]]}},{"type":"Feature","properties":{"code":"11160540","name":"등촌3동","guCode":"11160","guName":"강서구"},"geometry":{"type":"Polygon","coordinates":[[[126.846236,37.564728],[126.846445,37.564724],[126.847554,37.565063],[126.851682,37.562904],[126.851654,37.562875],[126.851748,37.562825],[126.855179,37.561055],[126.852345,37.555922],[126.848026,37.557433],[126.847156,37.557654],[126.838244,37.558558],[126.838592,37.559649],[126.838441,37.559664],[126.840666,37.566585],[126.841056,37.568313],[126.84101,37.56842],[126.841511,37.568143],[126.841361,37.568081],[126.841294,37.567806],[126.842038,37.567029],[126.842791,37.566349],[126.842754,37.566315],[126.842734,37.566162],[126.843355,37.565975],[126.845923,37.564734],[126.846236,37.564728]]]}},{"type":"Feature","properties":{"code":"11160550","name":"화곡본동","guCode":"11160","guName":"강서구"},"geometry":{"type":"Polygon","coordinates":[[[126.848207,37.548764],[126.849129,37.548304],[126.849262,37.54776],[126.851963,37.545702],[126.852175,37.545849],[126.852653,37.545523],[126.854747,37.545417],[126.854827,37.545371],[126.854822,37.545007],[126.855004,37.544696],[126.85476,37.544279],[126.854415,37.54392],[126.855609,37.542959],[126.85595,37.542796],[126.855924,37.542334],[126.855714,37.542064],[126.855596,37.541753],[126.855263,37.54146],[126.854987,37.541309],[126.854748,37.541534],[126.854305,37.541409],[126.854119,37.541107],[126.853954,37.54071],[126.852788,37.540349],[126.852472,37.540226],[126.852439,37.540207],[126.852465,37.540166],[126.852126,37.540043],[126.852143,37.540014],[126.851895,37.53993],[126.852038,37.539695],[126.851816,37.539512],[126.851628,37.539067],[126.85132,37.53886],[126.851149,37.538793],[126.851214,37.538656],[126.851016,37.538573],[126.850866,37.538827],[126.850729,37.538769],[126.850801,37.538663],[126.850648,37.538617],[126.850748,37.538462],[126.850453,37.538339],[126.850349,37.53846],[126.84962,37.538167],[126.849541,37.53829],[126.849887,37.538434],[126.849799,37.538434],[126.849712,37.538549],[126.84957,37.538492],[126.849489,37.538614],[126.849521,37.538628],[126.849204,37.538532],[126.849092,37.53868],[126.848898,37.538595],[126.848808,37.538734],[126.848627,37.538666],[126.848429,37.538913],[126.848125,37.538796],[126.848076,37.538793],[126.848045,37.538856],[126.847688,37.538897],[126.847228,37.538783],[126.846979,37.538589],[126.846651,37.538524],[126.846397,37.53828],[126.845688,37.538283],[126.845655,37.538335],[126.844999,37.538169],[126.844904,37.538385],[126.844751,37.538343],[126.844842,37.538134],[126.844863,37.537221],[126.84473,37.537088],[126.84369,37.536688],[126.842986,37.537903],[126.841509,37.540265],[126.840437,37.541624],[126.841413,37.542036],[126.84189,37.542294],[126.842217,37.54254],[126.843107,37.543448],[126.843798,37.544288],[126.844459,37.545192],[126.84506,37.546068],[126.845952,37.547541],[126.847069,37.548856],[126.847588,37.548594],[126.847863,37.548935],[126.848207,37.548764]]]}},{"type":"Feature","properties":{"code":"11160570","name":"화곡2동","guCode":"11160","guName":"강서구"},"geometry":{"type":"Polygon","coordinates":[[[126.85478,37.536201],[126.857631,37.533424],[126.858487,37.529097],[126.851964,37.528285],[126.851427,37.53089],[126.851095,37.535583],[126.851755,37.536628],[126.853001,37.536151],[126.853409,37.53683],[126.853943,37.537098],[126.85478,37.536201]]]}},{"type":"Feature","properties":{"code":"11160580","name":"화곡3동","guCode":"11160","guName":"강서구"},"geometry":{"type":"Polygon","coordinates":[[[126.836299,37.547966],[126.83639,37.546722],[126.836567,37.545965],[126.836798,37.545511],[126.837119,37.54503],[126.837641,37.544536],[126.840418,37.541668],[126.833729,37.539858],[126.833116,37.541851],[126.832737,37.5418],[126.832682,37.541832],[126.830544,37.541759],[126.83031,37.541482],[126.829985,37.541656],[126.830028,37.542599],[126.830249,37.542628],[126.829716,37.543726],[126.829754,37.544288],[126.829865,37.544438],[126.829965,37.544395],[126.830135,37.544942],[126.830443,37.545487],[126.830474,37.54578],[126.830238,37.546178],[126.830127,37.546198],[126.830092,37.546429],[126.82996,37.546555],[126.82995,37.546922],[126.829833,37.547235],[126.830512,37.547505],[126.831433,37.547479],[126.831439,37.547424],[126.831774,37.547425],[126.831806,37.547469],[126.832478,37.547451],[126.83284,37.547524],[126.832935,37.547398],[126.833155,37.54756],[126.833234,37.547898],[126.833281,37.547854],[126.833306,37.547969],[126.836299,37.547966]]]}},{"type":"Feature","properties":{"code":"11160590","name":"화곡4동","guCode":"11160","guName":"강서구"},"geometry":{"type":"Polygon","coordinates":[[[126.857174,37.542434],[126.857512,37.542272],[126.857659,37.542279],[126.857884,37.542381],[126.858495,37.542153],[126.859145,37.54205],[126.859757,37.541873],[126.860427,37.541437],[126.860575,37.540427],[126.860366,37.540025],[126.860408,37.539735],[126.860582,37.53956],[126.860643,37.539115],[126.860653,37.538542],[126.860914,37.538431],[126.860975,37.538104],[126.860959,37.537932],[126.86104,37.537792],[126.860937,37.537173],[126.86123,37.536783],[126.861785,37.536368],[126.861881,37.535505],[126.863477,37.535599],[126.863977,37.529786],[126.858487,37.529097],[126.857631,37.533424],[126.855429,37.535548],[126.854383,37.536597],[126.853943,37.537098],[126.853651,37.536968],[126.853387,37.536793],[126.852732,37.537752],[126.85238,37.538139],[126.852362,37.538795],[126.852212,37.539536],[126.85226,37.540092],[126.852465,37.540166],[126.852439,37.540207],[126.852472,37.540226],[126.852788,37.540349],[126.853954,37.54071],[126.854119,37.541107],[126.854305,37.541409],[126.854748,37.541534],[126.854987,37.541309],[126.855263,37.54146],[126.855596,37.541753],[126.855714,37.542064],[126.855924,37.542334],[126.85595,37.542796],[126.856553,37.542644],[126.857174,37.542434]]]}},{"type":"Feature","properties":{"code":"11160610","name":"화곡6동","guCode":"11160","guName":"강서구"},"geometry":{"type":"Polygon","coordinates":[[[126.857417,37.551715],[126.857449,37.551526],[126.857591,37.551545],[126.858086,37.551469],[126.857648,37.551083],[126.85755,37.550841],[126.857429,37.550731],[126.857372,37.550026],[126.856965,37.549768],[126.856857,37.549634],[126.857016,37.549165],[126.857008,37.549],[126.856752,37.548556],[126.856672,37.548271],[126.856106,37.547185],[126.855826,37.547196],[126.855746,37.546967],[126.855371,37.546614],[126.85502,37.546499],[126.854816,37.545988],[126.854827,37.545371],[126.854747,37.545417],[126.852653,37.545523],[126.852175,37.545849],[126.851963,37.545702],[126.849262,37.54776],[126.849129,37.548304],[126.847863,37.548935],[126.847588,37.548594],[126.847069,37.548856],[126.8464,37.549271],[126.846334,37.549195],[126.846174,37.549534],[126.845878,37.549887],[126.845822,37.550093],[126.846614,37.550665],[126.84665,37.550741],[126.846638,37.550933],[126.846595,37.551014],[126.846356,37.551124],[126.845433,37.551099],[126.845075,37.551032],[126.844762,37.551424],[126.84441,37.551757],[126.844279,37.552031],[126.844231,37.552314],[126.844277,37.552528],[126.844387,37.552744],[126.84438,37.552872],[126.844298,37.55297],[126.845062,37.55342],[126.845526,37.553845],[126.845688,37.55405],[126.845823,37.554503],[126.845674,37.554905],[126.845738,37.555619],[126.845639,37.556231],[126.845461,37.556569],[126.845557,37.557026],[126.845611,37.557128],[126.84572,37.557813],[126.846869,37.557697],[126.847776,37.557511],[126.856495,37.55447],[126.856496,37.554275],[126.857612,37.553883],[126.857572,37.553737],[126.857261,37.553468],[126.85716,37.553069],[126.857369,37.552373],[126.85731,37.552165],[126.857417,37.551715]]]}},{"type":"Feature","properties":{"code":"11160630","name":"화곡8동","guCode":"11160","guName":"강서구"},"geometry":{"type":"Polygon","coordinates":[[[126.852362,37.538795],[126.85238,37.538139],[126.852732,37.537752],[126.853387,37.536793],[126.853001,37.536151],[126.851755,37.536628],[126.851095,37.535583],[126.851427,37.53089],[126.851964,37.528285],[126.848895,37.5279],[126.847296,37.530787],[126.84369,37.536688],[126.84473,37.537088],[126.844863,37.537221],[126.844842,37.538134],[126.844751,37.538343],[126.844904,37.538385],[126.844999,37.538169],[126.845655,37.538335],[126.845688,37.538283],[126.846397,37.53828],[126.846651,37.538524],[126.846979,37.538589],[126.847228,37.538783],[126.847688,37.538897],[126.848045,37.538856],[126.848076,37.538793],[126.848125,37.538796],[126.848429,37.538913],[126.848627,37.538666],[126.848808,37.538734],[126.848898,37.538595],[126.849092,37.53868],[126.849204,37.538532],[126.849521,37.538628],[126.849489,37.538614],[126.84957,37.538492],[126.849712,37.538549],[126.849799,37.538434],[126.849887,37.538434],[126.849541,37.53829],[126.84962,37.538167],[126.850349,37.53846],[126.850453,37.538339],[126.850748,37.538462],[126.850648,37.538617],[126.850801,37.538663],[126.850729,37.538769],[126.850848,37.53882],[126.851016,37.538573],[126.851214,37.538656],[126.851149,37.538793],[126.85132,37.53886],[126.851628,37.539067],[126.851816,37.539512],[126.852038,37.539695],[126.851895,37.53993],[126.85226,37.540092],[126.852212,37.539536],[126.852362,37.538795]]]}},{"type":"Feature","properties":{"code":"11160650","name":"가양2동","guCode":"11160","guName":"강서구"},"geometry":{"type":"Polygon","coordinates":[[[126.857204,37.568714],[126.863041,37.564997],[126.861655,37.563427],[126.860357,37.564185],[126.859878,37.564278],[126.859161,37.564297],[126.858523,37.564242],[126.857893,37.564139],[126.857544,37.563996],[126.857164,37.563715],[126.856774,37.56328],[126.856375,37.562713],[126.855745,37.561693],[126.855567,37.561758],[126.855179,37.561055],[126.851748,37.562825],[126.851654,37.562875],[126.851682,37.562904],[126.84883,37.564402],[126.849213,37.564927],[126.849122,37.564969],[126.85074,37.567394],[126.849371,37.568579],[126.849336,37.568664],[126.849561,37.568599],[126.848955,37.568993],[126.848309,37.569296],[126.848296,37.569358],[126.849122,37.570407],[126.849109,37.570462],[126.849505,37.570944],[126.850821,37.572795],[126.851346,37.573339],[126.852347,37.572722],[126.853522,37.571896],[126.85502,37.570258],[126.856071,37.569443],[126.857204,37.568714]]]}},{"type":"Feature","properties":{"code":"11160660","name":"가양3동","guCode":"11160","guName":"강서구"},"geometry":{"type":"Polygon","coordinates":[[[126.864326,37.561835],[126.865154,37.561351],[126.865889,37.561143],[126.866929,37.560542],[126.867211,37.560442],[126.86765,37.560165],[126.867618,37.560032],[126.867428,37.559708],[126.867311,37.55972],[126.867284,37.559631],[126.865593,37.559097],[126.865325,37.558898],[126.86435,37.558038],[126.863317,37.556944],[126.863337,37.556851],[126.863633,37.556692],[126.863329,37.556692],[126.855179,37.561055],[126.855567,37.561758],[126.855745,37.561693],[126.856537,37.562953],[126.856774,37.56328],[126.857164,37.563715],[126.857544,37.563996],[126.857893,37.564139],[126.858807,37.564274],[126.859609,37.564298],[126.860357,37.564185],[126.864326,37.561835]]]}},{"type":"Feature","properties":{"code":"11160670","name":"발산1동","guCode":"11160","guName":"강서구"},"geometry":{"type":"Polygon","coordinates":[[[126.82409,37.559745],[126.837164,37.558442],[126.837346,37.558424],[126.837406,37.55846],[126.837933,37.558407],[126.837997,37.558333],[126.837815,37.557763],[126.837817,37.556673],[126.836504,37.55258],[126.836501,37.550812],[126.836332,37.550813],[126.836327,37.547966],[126.833306,37.547969],[126.833281,37.547854],[126.833234,37.547898],[126.833155,37.54756],[126.832935,37.547398],[126.83284,37.547524],[126.832478,37.547451],[126.831806,37.547469],[126.831774,37.547425],[126.831439,37.547424],[126.831433,37.547479],[126.830512,37.547505],[126.829833,37.547235],[126.829827,37.54747],[126.829763,37.547736],[126.827974,37.547551],[126.827625,37.547694],[126.827438,37.547448],[126.827384,37.547209],[126.827415,37.5469],[126.827094,37.546712],[126.827035,37.54656],[126.826959,37.545966],[126.826755,37.545801],[126.826555,37.545391],[126.826207,37.545152],[126.825962,37.544863],[126.825679,37.54423],[126.825628,37.543898],[126.825895,37.543575],[126.82607,37.542956],[126.825314,37.542058],[126.825427,37.541707],[126.824427,37.541378],[126.824148,37.541376],[126.822232,37.540688],[126.820936,37.540752],[126.81932,37.540744],[126.818168,37.54066],[126.817349,37.540661],[126.816312,37.540551],[126.815348,37.540575],[126.814726,37.540682],[126.813498,37.540703],[126.813513,37.540633],[126.812334,37.540737],[126.812517,37.54087],[126.813011,37.541455],[126.813152,37.541789],[126.813321,37.542367],[126.813523,37.542787],[126.813353,37.543336],[126.813805,37.5435],[126.813939,37.543498],[126.814149,37.543572],[126.814369,37.543574],[126.814429,37.543702],[126.814565,37.543745],[126.814706,37.543925],[126.814683,37.544037],[126.814849,37.544085],[126.814914,37.544155],[126.814947,37.544347],[126.815056,37.544475],[126.815085,37.544634],[126.815133,37.54462],[126.81528,37.544773],[126.81527,37.544861],[126.815111,37.544949],[126.815367,37.545592],[126.81528,37.54559],[126.815072,37.545702],[126.814685,37.546021],[126.814467,37.546299],[126.814352,37.546538],[126.814359,37.546812],[126.814148,37.547008],[126.814029,37.547183],[126.816106,37.548932],[126.816308,37.549219],[126.814288,37.550852],[126.817815,37.553536],[126.817737,37.553601],[126.817875,37.553706],[126.817924,37.553618],[126.82084,37.555809],[126.821122,37.556092],[126.821739,37.556562],[126.821802,37.556684],[126.821979,37.556792],[126.822049,37.556736],[126.823362,37.557623],[126.823497,37.55823],[126.823532,37.558226],[126.823756,37.559699],[126.823548,37.559698],[126.823509,37.559805],[126.82409,37.559745]]]}},{"type":"Feature","properties":{"code":"11160690","name":"공항동","guCode":"11160","guName":"강서구"},"geometry":{"type":"Polygon","coordinates":[[[126.79178,37.573006],[126.799149,37.568529],[126.798551,37.567405],[126.798371,37.566945],[126.797531,37.565307],[126.797671,37.565133],[126.797595,37.564571],[126.798349,37.564087],[126.798689,37.563946],[126.798964,37.563543],[126.799152,37.562978],[126.799243,37.563005],[126.799385,37.562927],[126.799611,37.562743],[126.800156,37.562418],[126.800299,37.562383],[126.800641,37.562404],[126.800685,37.562306],[126.800947,37.562187],[126.801092,37.562198],[126.801389,37.5621],[126.801679,37.56193],[126.80192,37.561008],[126.803683,37.561214],[126.804118,37.561177],[126.80487,37.561009],[126.805408,37.561023],[126.806198,37.561168],[126.807002,37.561489],[126.807518,37.561628],[126.807991,37.561872],[126.808545,37.562294],[126.808561,37.562232],[126.808957,37.562567],[126.809222,37.562696],[126.810318,37.563545],[126.810376,37.563593],[126.810345,37.563653],[126.810452,37.563737],[126.810896,37.564049],[126.811024,37.564038],[126.811319,37.564478],[126.81236,37.563968],[126.812463,37.564068],[126.812735,37.564185],[126.813135,37.564478],[126.813556,37.564431],[126.814063,37.564299],[126.814763,37.564212],[126.815324,37.56424],[126.815418,37.564349],[126.815614,37.564379],[126.815879,37.564528],[126.816269,37.564611],[126.816407,37.564605],[126.816512,37.564579],[126.816516,37.563103],[126.818199,37.562812],[126.818581,37.562943],[126.818916,37.562754],[126.820862,37.562479],[126.827174,37.561872],[126.826845,37.559472],[126.823509,37.559805],[126.823548,37.559698],[126.823756,37.559699],[126.823532,37.558226],[126.823497,37.55823],[126.823362,37.557623],[126.822049,37.556736],[126.821979,37.556792],[126.821802,37.556684],[126.821739,37.556562],[126.821122,37.556092],[126.82084,37.555809],[126.817924,37.553618],[126.817875,37.553706],[126.817737,37.553601],[126.817815,37.553536],[126.814288,37.550852],[126.816308,37.549219],[126.816106,37.548932],[126.814029,37.547183],[126.814148,37.547008],[126.814359,37.546812],[126.814352,37.546538],[126.814467,37.546299],[126.814685,37.546021],[126.815072,37.545702],[126.81528,37.54559],[126.815367,37.545592],[126.815111,37.544949],[126.81527,37.544861],[126.81528,37.544773],[126.815133,37.54462],[126.815085,37.544634],[126.815056,37.544475],[126.814947,37.544347],[126.814914,37.544155],[126.814849,37.544085],[126.814683,37.544037],[126.814706,37.543925],[126.814565,37.543745],[126.814429,37.543702],[126.814369,37.543574],[126.814149,37.543572],[126.813939,37.543498],[126.813805,37.5435],[126.813353,37.543336],[126.813523,37.542787],[126.813321,37.542367],[126.813152,37.541789],[126.813011,37.541455],[126.812517,37.54087],[126.812334,37.540737],[126.81056,37.541515],[126.80916,37.542517],[126.809198,37.542526],[126.80919,37.542566],[126.809132,37.542538],[126.808653,37.54288],[126.807887,37.543265],[126.807922,37.543265],[126.807394,37.543579],[126.806806,37.543596],[126.805262,37.543297],[126.804412,37.543247],[126.80441,37.543217],[126.803493,37.543091],[126.80185,37.542716],[126.801637,37.542601],[126.801571,37.542505],[126.800956,37.542088],[126.800674,37.541958],[126.800469,37.54177],[126.799654,37.541388],[126.800546,37.541469],[126.800662,37.54128],[126.8003,37.541187],[126.800333,37.540856],[126.800558,37.540997],[126.800782,37.541043],[126.800815,37.540812],[126.800389,37.540796],[126.799274,37.540632],[126.799417,37.540247],[126.799422,37.540211],[126.799362,37.540194],[126.799152,37.540207],[126.798862,37.540293],[126.798843,37.539832],[126.798736,37.539399],[126.798895,37.539393],[126.799243,37.539288],[126.799427,37.539019],[126.799442,37.538888],[126.799146,37.538891],[126.799282,37.538585],[126.799411,37.538134],[126.799462,37.537725],[126.799288,37.537726],[126.799088,37.537565],[126.798254,37.537705],[126.798239,37.537591],[126.79835,37.537252],[126.798255,37.537227],[126.798168,37.537325],[126.797927,37.537193],[126.79781,37.537048],[126.797006,37.53706],[126.796734,37.536941],[126.796732,37.536828],[126.796617,37.536774],[126.796308,37.536788],[126.796042,37.53675],[126.795426,37.536411],[126.794794,37.535964],[126.794425,37.535829],[126.794369,37.535955],[126.794373,37.536249],[126.793963,37.53736],[126.79404,37.537994],[126.794223,37.538292],[126.794174,37.538577],[126.793936,37.539017],[126.793936,37.539424],[126.793885,37.53955],[126.793263,37.539703],[126.794091,37.540174],[126.794268,37.540159],[126.794376,37.540234],[126.794405,37.540447],[126.794889,37.541051],[126.794944,37.541372],[126.793017,37.541594],[126.79213,37.541761],[126.79181,37.541902],[126.791754,37.542171],[126.791589,37.542454],[126.791536,37.542831],[126.791583,37.543065],[126.791777,37.54331],[126.791819,37.543746],[126.791432,37.543774],[126.791234,37.543731],[126.79076,37.543839],[126.789385,37.544463],[126.788711,37.544819],[126.788192,37.545165],[126.787731,37.545742],[126.787261,37.546076],[126.786946,37.545983],[126.785482,37.546004],[126.784847,37.546106],[126.784475,37.54612],[126.783947,37.546008],[126.783395,37.546008],[126.78256,37.546151],[126.782197,37.5463],[126.782038,37.546327],[126.78197,37.546304],[126.781836,37.546068],[126.781672,37.54614],[126.780486,37.546392],[126.779215,37.546549],[126.778747,37.546713],[126.778291,37.546717],[126.777834,37.546659],[126.777563,37.546712],[126.777451,37.546892],[126.777348,37.547198],[126.77697,37.547712],[126.776744,37.548204],[126.776184,37.548485],[126.775756,37.548767],[126.775293,37.548971],[126.773927,37.548902],[126.77258,37.548753],[126.772262,37.548509],[126.771957,37.548377],[126.771691,37.548307],[126.771552,37.548318],[126.771494,37.548356],[126.771352,37.548629],[126.771242,37.548618],[126.770993,37.548745],[126.771025,37.548893],[126.771007,37.549029],[126.770843,37.54935],[126.770636,37.549572],[126.770484,37.549646],[126.770327,37.549829],[126.770268,37.549999],[126.769922,37.550175],[126.769807,37.55054],[126.769841,37.550649],[126.770267,37.551086],[126.77016,37.551169],[126.770029,37.551152],[126.769895,37.551069],[126.769789,37.551066],[126.769389,37.551317],[126.769347,37.551363],[126.769383,37.551506],[126.769321,37.551572],[126.769046,37.55156],[126.76877,37.551489],[126.768559,37.551597],[126.768157,37.551636],[126.76813,37.551564],[126.768079,37.551571],[126.768108,37.551649],[126.768049,37.551795],[126.76755,37.551887],[126.767465,37.551951],[126.76768,37.552554],[126.76764,37.552564],[126.767624,37.552638],[126.767714,37.552833],[126.76754,37.552909],[126.76737,37.553132],[126.767471,37.553313],[126.767624,37.553435],[126.767625,37.55353],[126.767564,37.553572],[126.76735,37.553586],[126.767288,37.553627],[126.767288,37.553684],[126.767641,37.553955],[126.767639,37.554089],[126.767552,37.554175],[126.767407,37.554223],[126.766946,37.554056],[126.766727,37.554065],[126.76653,37.553811],[126.766365,37.553763],[126.766335,37.554019],[126.766204,37.554242],[126.766279,37.554312],[126.7664,37.554644],[126.766397,37.554792],[126.766337,37.554871],[126.766049,37.554994],[126.765393,37.554987],[126.764784,37.555075],[126.764495,37.555275],[126.764484,37.555369],[126.764559,37.555444],[126.765051,37.555618],[126.766009,37.556134],[126.766627,37.556258],[126.766725,37.556316],[126.766752,37.556504],[126.766275,37.556851],[126.766284,37.556917],[126.766619,37.556974],[126.767186,37.55665],[126.76735,37.556619],[126.767736,37.556703],[126.768273,37.556723],[126.768736,37.556817],[126.768893,37.556977],[126.768981,37.556952],[126.769036,37.557081],[126.768995,37.557096],[126.769149,37.557134],[126.769961,37.557237],[126.77098,37.557185],[126.771053,37.55736],[126.771431,37.557266],[126.771364,37.557115],[126.771502,37.557075],[126.771994,37.556965],[126.772431,37.557013],[126.773184,37.557528],[126.77289,37.557803],[126.771771,37.558632],[126.772203,37.558627],[126.772446,37.558723],[126.772571,37.55898],[126.772532,37.559008],[126.772742,37.559409],[126.773192,37.559286],[126.773283,37.559503],[126.773497,37.559765],[126.773601,37.560007],[126.773591,37.560057],[126.773786,37.559997],[126.774187,37.559695],[126.774289,37.559756],[126.77425,37.560059],[126.774165,37.560159],[126.774448,37.560436],[126.77455,37.560409],[126.774809,37.560457],[126.774663,37.560704],[126.774933,37.560902],[126.774947,37.56104],[126.774843,37.561208],[126.774679,37.561319],[126.775109,37.561378],[126.775175,37.561353],[126.775459,37.561433],[126.775535,37.561828],[126.775759,37.561941],[126.775886,37.56177],[126.776109,37.561864],[126.776669,37.561214],[126.777182,37.560703],[126.777348,37.560316],[126.777605,37.560178],[126.777842,37.559933],[126.777936,37.560155],[126.77793,37.560287],[126.777833,37.560776],[126.777702,37.560948],[126.777574,37.561504],[126.77751,37.562282],[126.776982,37.562289],[126.776949,37.56223],[126.776632,37.562374],[126.776609,37.562615],[126.776691,37.562639],[126.77673,37.562769],[126.776743,37.56324],[126.77697,37.563696],[126.777102,37.563719],[126.776107,37.564806],[126.775943,37.565206],[126.775751,37.56535],[126.775343,37.565344],[126.775575,37.565592],[126.775438,37.565774],[126.775132,37.565879],[126.774989,37.566912],[126.774752,37.56731],[126.774762,37.567708],[126.775382,37.568213],[126.775531,37.568261],[126.77556,37.56774],[126.775402,37.567318],[126.775617,37.567211],[126.775902,37.567203],[126.776334,37.567092],[126.776342,37.566942],[126.776382,37.566872],[126.776395,37.567005],[126.776496,37.5668],[126.7766,37.566233],[126.776549,37.566236],[126.776571,37.566107],[126.776723,37.566051],[126.776964,37.566209],[126.776992,37.566372],[126.777197,37.566629],[126.777808,37.566994],[126.778668,37.567174],[126.779003,37.567155],[126.77908,37.567331],[126.779021,37.567594],[126.779018,37.567992],[126.77906,37.568206],[126.779171,37.568317],[126.779706,37.567962],[126.78024,37.567445],[126.780318,37.567504],[126.780431,37.567615],[126.780543,37.567892],[126.780462,37.567955],[126.780474,37.568287],[126.780934,37.568714],[126.781361,37.568925],[126.781487,37.568871],[126.781626,37.568902],[126.781898,37.569236],[126.781804,37.569388],[126.781124,37.569601],[126.780996,37.569897],[126.780485,37.570275],[126.780458,37.570361],[126.780521,37.570464],[126.780563,37.570493],[126.781316,37.570175],[126.781487,37.570182],[126.782394,37.570301],[126.78263,37.570547],[126.78192,37.571114],[126.781486,37.571252],[126.781375,37.57135],[126.781451,37.571496],[126.7819,37.571808],[126.782181,37.572666],[126.782122,37.572762],[126.782101,37.572973],[126.78214,37.573169],[126.782408,37.573606],[126.783294,37.573963],[126.783994,37.574198],[126.784401,37.574469],[126.784714,37.574586],[126.785249,37.574862],[126.787559,37.575563],[126.79178,37.573006]]]}},{"type":"Feature","properties":{"code":"11160700","name":"방화1동","guCode":"11160","guName":"강서구"},"geometry":{"type":"Polygon","coordinates":[[[126.809461,37.575225],[126.816514,37.575036],[126.816499,37.573555],[126.816405,37.573472],[126.816431,37.573265],[126.821841,37.573146],[126.822136,37.573083],[126.822345,37.572899],[126.822409,37.572709],[126.82254,37.571242],[126.822675,37.570803],[126.822686,37.569999],[126.822794,37.569445],[126.822703,37.569036],[126.822706,37.568765],[126.822633,37.568485],[126.822723,37.568229],[126.82297,37.567795],[126.822989,37.567655],[126.822901,37.567078],[126.827866,37.566641],[126.827174,37.561872],[126.820862,37.562479],[126.818916,37.562754],[126.818581,37.562943],[126.818199,37.562812],[126.816516,37.563103],[126.816512,37.564579],[126.816407,37.564605],[126.816269,37.564611],[126.815879,37.564528],[126.815614,37.564379],[126.815418,37.564349],[126.815324,37.56424],[126.814763,37.564212],[126.814063,37.564299],[126.813556,37.564431],[126.813135,37.564478],[126.812735,37.564185],[126.812463,37.564068],[126.81236,37.563968],[126.811319,37.564478],[126.81256,37.566172],[126.812668,37.566619],[126.812608,37.566628],[126.812751,37.567629],[126.812754,37.56805],[126.812838,37.568049],[126.812889,37.569629],[126.8128,37.569632],[126.812795,37.569963],[126.812451,37.570689],[126.810672,37.573289],[126.808833,37.57296],[126.806352,37.572605],[126.805841,37.57257],[126.803608,37.572579],[126.803219,37.573694],[126.802729,37.574626],[126.803216,37.574373],[126.803415,37.574317],[126.803829,37.573996],[126.803894,37.574121],[126.804119,37.574061],[126.804362,37.574233],[126.804705,37.574187],[126.804772,37.574043],[126.804842,37.574024],[126.804976,37.573997],[126.805237,37.574019],[126.805286,37.574036],[126.805289,37.574164],[126.80544,37.574244],[126.805704,37.574289],[126.805802,37.574222],[126.805872,37.574088],[126.805865,37.573979],[126.806329,37.574218],[126.807426,37.57429],[126.807376,37.574303],[126.807494,37.574844],[126.808541,37.575073],[126.808526,37.575122],[126.808618,37.575256],[126.808691,37.575291],[126.809461,37.575225]]]}},{"type":"Feature","properties":{"code":"11160710","name":"방화2동","guCode":"11160","guName":"강서구"},"geometry":{"type":"Polygon","coordinates":[[[126.809021,37.600643],[126.811369,37.598961],[126.813953,37.597619],[126.816556,37.595682],[126.817526,37.59533],[126.818683,37.593716],[126.817872,37.592405],[126.817743,37.592284],[126.817523,37.591906],[126.817202,37.591517],[126.816938,37.591021],[126.816449,37.590307],[126.816076,37.589626],[126.815606,37.589005],[126.814535,37.587279],[126.814987,37.587054],[126.815338,37.586945],[126.815172,37.586523],[126.815159,37.586402],[126.815311,37.586131],[126.815445,37.585995],[126.815393,37.585817],[126.815228,37.585627],[126.815079,37.585552],[126.814943,37.585372],[126.814843,37.584998],[126.814727,37.584824],[126.814683,37.584535],[126.814724,37.5844],[126.814683,37.584267],[126.814768,37.584166],[126.81457,37.58389],[126.814553,37.58367],[126.814439,37.583532],[126.814147,37.582625],[126.813654,37.583418],[126.813405,37.583472],[126.812929,37.583845],[126.811992,37.583054],[126.811604,37.583129],[126.810555,37.583478],[126.809886,37.583593],[126.809355,37.583621],[126.808872,37.583497],[126.808064,37.583152],[126.807732,37.582379],[126.806332,37.58202],[126.80624,37.581762],[126.80636,37.581638],[126.806428,37.581355],[126.80596,37.580484],[126.805847,37.580022],[126.805626,37.579568],[126.806259,37.579546],[126.806244,37.579469],[126.805799,37.578916],[126.805768,37.578554],[126.805826,37.57786],[126.805039,37.577165],[126.804634,37.575975],[126.804569,37.57547],[126.804341,37.574874],[126.804198,37.574766],[126.804104,37.574473],[126.803829,37.573996],[126.803415,37.574317],[126.803216,37.574373],[126.802729,37.574626],[126.803219,37.573694],[126.803608,37.572579],[126.805841,37.57257],[126.806352,37.572605],[126.808833,37.57296],[126.810672,37.573289],[126.812451,37.570689],[126.812795,37.569963],[126.8128,37.569632],[126.812889,37.569629],[126.812838,37.568049],[126.812754,37.56805],[126.812751,37.567629],[126.812608,37.566628],[126.812668,37.566619],[126.81256,37.566172],[126.811396,37.564623],[126.811024,37.564038],[126.810896,37.564049],[126.81073,37.563939],[126.810345,37.563653],[126.810366,37.563585],[126.809222,37.562696],[126.808957,37.562567],[126.808561,37.562232],[126.808545,37.562294],[126.807991,37.561872],[126.807628,37.561677],[126.807002,37.561489],[126.806198,37.561168],[126.805408,37.561023],[126.80487,37.561009],[126.804118,37.561177],[126.803683,37.561214],[126.80192,37.561008],[126.801679,37.56193],[126.801389,37.5621],[126.801092,37.562198],[126.800947,37.562187],[126.800685,37.562306],[126.800641,37.562404],[126.800299,37.562383],[126.800156,37.562418],[126.799611,37.562743],[126.799385,37.562927],[126.799243,37.563005],[126.799152,37.562978],[126.798964,37.563543],[126.798689,37.563946],[126.798349,37.564087],[126.797595,37.564571],[126.797671,37.565133],[126.797531,37.565307],[126.798371,37.566945],[126.798551,37.567405],[126.799149,37.568529],[126.787559,37.575563],[126.787614,37.575584],[126.787838,37.575859],[126.787915,37.576115],[126.788046,37.576169],[126.788143,37.576169],[126.788337,37.57605],[126.788595,37.575746],[126.789202,37.575581],[126.78847,37.576798],[126.789343,37.577723],[126.789955,37.577632],[126.790016,37.57735],[126.790595,37.577784],[126.790818,37.578972],[126.790686,37.579014],[126.790821,37.579542],[126.790728,37.580612],[126.790818,37.580765],[126.791182,37.580829],[126.79126,37.580921],[126.791349,37.581414],[126.791601,37.581318],[126.791807,37.580814],[126.792271,37.580052],[126.792374,37.579728],[126.792489,37.579144],[126.792537,37.578407],[126.792644,37.578024],[126.792724,37.57743],[126.792737,37.576839],[126.793219,37.576894],[126.793154,37.577958],[126.793188,37.578425],[126.793254,37.578534],[126.793067,37.578639],[126.793043,37.579198],[126.792872,37.579878],[126.792846,37.580168],[126.792865,37.580221],[126.79331,37.580247],[126.793292,37.580317],[126.793543,37.581191],[126.79374,37.581744],[126.793822,37.581828],[126.793891,37.582253],[126.793912,37.582961],[126.793732,37.583039],[126.79375,37.583458],[126.793674,37.583826],[126.793441,37.58452],[126.793783,37.584469],[126.794093,37.584253],[126.794224,37.584072],[126.794443,37.583646],[126.794504,37.583638],[126.794541,37.583548],[126.794515,37.583004],[126.794409,37.582685],[126.794501,37.582598],[126.794698,37.582622],[126.794928,37.583426],[126.794946,37.583758],[126.794871,37.584763],[126.794933,37.585203],[126.795244,37.585215],[126.795218,37.58535],[126.79554,37.585155],[126.795722,37.583121],[126.795848,37.583217],[126.7963,37.583738],[126.796871,37.58404],[126.797097,37.584273],[126.796294,37.584903],[126.796429,37.585031],[126.796685,37.584909],[126.797156,37.585394],[126.797227,37.585386],[126.797526,37.585977],[126.797598,37.586405],[126.798768,37.588073],[126.798963,37.588169],[126.799071,37.58815],[126.79914,37.588195],[126.799625,37.58802],[126.800272,37.587941],[126.800498,37.587794],[126.800593,37.587848],[126.800738,37.587835],[126.80094,37.588166],[126.800821,37.588277],[126.800999,37.58853],[126.800881,37.588575],[126.800773,37.589041],[126.801098,37.588967],[126.801227,37.589349],[126.801005,37.58957],[126.800959,37.589712],[126.800821,37.589795],[126.800663,37.59],[126.80052,37.590309],[126.800087,37.590352],[126.79945,37.591135],[126.799094,37.591194],[126.798801,37.591323],[126.798977,37.591981],[126.798978,37.592203],[126.799052,37.592301],[126.798993,37.592426],[126.799363,37.592478],[126.799612,37.592443],[126.79991,37.59223],[126.80005,37.592028],[126.800287,37.592042],[126.800407,37.592413],[126.800501,37.592413],[126.800093,37.592625],[126.799534,37.593074],[126.798659,37.593668],[126.798079,37.594241],[126.797608,37.594882],[126.797453,37.595251],[126.797444,37.595567],[126.797082,37.597739],[126.797224,37.597746],[126.797484,37.59767],[126.797536,37.597786],[126.797549,37.598763],[126.797642,37.599283],[126.797865,37.599896],[126.798053,37.600208],[126.798174,37.600336],[126.798535,37.600087],[126.79877,37.600387],[126.798672,37.600458],[126.799036,37.600761],[126.799125,37.600869],[126.799218,37.601119],[126.799823,37.60137],[126.799966,37.601496],[126.800016,37.601624],[126.799786,37.601912],[126.799941,37.602545],[126.802581,37.605033],[126.805864,37.60258],[126.80824,37.601208],[126.809021,37.600643]]]}},{"type":"Feature","properties":{"code":"11160730","name":"화곡1동","guCode":"11160","guName":"강서구"},"geometry":{"type":"Polygon","coordinates":[[[126.842943,37.53797],[126.843688,37.536691],[126.847296,37.530787],[126.848895,37.5279],[126.840484,37.526481],[126.834418,37.536452],[126.835111,37.536729],[126.835214,37.537126],[126.83516,37.537532],[126.833729,37.539858],[126.840399,37.541663],[126.841509,37.540265],[126.842943,37.53797]]]}},{"type":"Feature","properties":{"code":"11160740","name":"우장산동","guCode":"11160","guName":"강서구"},"geometry":{"type":"Polygon","coordinates":[[[126.845019,37.551113],[126.845075,37.551032],[126.845433,37.551099],[126.846356,37.551124],[126.846595,37.551014],[126.846638,37.550933],[126.84665,37.550741],[126.846614,37.550665],[126.845822,37.550093],[126.845878,37.549887],[126.846174,37.549534],[126.846334,37.549195],[126.8464,37.549271],[126.847069,37.548856],[126.845952,37.547541],[126.84506,37.546068],[126.844459,37.545192],[126.843798,37.544288],[126.843107,37.543448],[126.842217,37.54254],[126.84189,37.542294],[126.841413,37.542036],[126.840437,37.541624],[126.837641,37.544536],[126.837119,37.54503],[126.836798,37.545511],[126.836567,37.545965],[126.83639,37.546722],[126.836299,37.547966],[126.836327,37.547966],[126.836332,37.550813],[126.836501,37.550812],[126.836504,37.55258],[126.837817,37.556673],[126.837815,37.557763],[126.837997,37.558333],[126.837933,37.558407],[126.837406,37.55846],[126.837462,37.558636],[126.84572,37.557813],[126.845611,37.557128],[126.845557,37.557026],[126.845461,37.556569],[126.845639,37.556231],[126.845738,37.555619],[126.845674,37.554905],[126.845823,37.554503],[126.845688,37.55405],[126.845526,37.553845],[126.845062,37.55342],[126.844298,37.55297],[126.84438,37.552872],[126.844387,37.552744],[126.844244,37.552427],[126.844279,37.552031],[126.84441,37.551757],[126.844547,37.551656],[126.845019,37.551113]]]}},{"type":"Feature","properties":{"code":"11160751","name":"가양1동","guCode":"11160","guName":"강서구"},"geometry":{"type":"Polygon","coordinates":[[[126.826845,37.559472],[126.827866,37.566641],[126.822901,37.567078],[126.822989,37.567655],[126.82297,37.567795],[126.822723,37.568229],[126.822633,37.568485],[126.822706,37.568765],[126.822703,37.569036],[126.822794,37.569445],[126.822686,37.569999],[126.822677,37.570788],[126.82254,37.571242],[126.822409,37.572709],[126.822328,37.572922],[126.822047,37.573194],[126.821935,37.573474],[126.82131,37.573831],[126.82103,37.574044],[126.821161,37.574338],[126.821137,37.574411],[126.820907,37.574656],[126.820863,37.574873],[126.820895,37.575177],[126.820754,37.575363],[126.82096,37.575683],[126.820969,37.575777],[126.820919,37.575901],[126.820955,37.576347],[126.821263,37.577066],[126.821587,37.577307],[126.822493,37.57835],[126.822969,37.578837],[126.823177,37.579148],[126.823657,37.579351],[126.823878,37.579382],[126.82418,37.579684],[126.824577,37.579863],[126.824882,37.580063],[126.824769,37.580098],[126.82499,37.58055],[126.825354,37.580839],[126.825614,37.580766],[126.825822,37.581052],[126.825904,37.581348],[126.826762,37.582074],[126.8272,37.582558],[126.827807,37.583103],[126.828458,37.583537],[126.828733,37.583869],[126.831927,37.585725],[126.837149,37.582563],[126.838098,37.581793],[126.842334,37.579283],[126.84324,37.578879],[126.847297,37.576003],[126.848381,37.575157],[126.851346,37.573339],[126.850821,37.572795],[126.849505,37.570944],[126.849109,37.570462],[126.849122,37.570407],[126.848296,37.569358],[126.848309,37.569296],[126.848955,37.568993],[126.849561,37.568599],[126.849336,37.568664],[126.849371,37.568579],[126.85074,37.567394],[126.849122,37.564969],[126.849213,37.564927],[126.84883,37.564402],[126.847554,37.565063],[126.846445,37.564724],[126.845923,37.564734],[126.843355,37.565975],[126.842734,37.566162],[126.842754,37.566315],[126.842791,37.566349],[126.842038,37.567029],[126.841294,37.567806],[126.841361,37.568081],[126.841511,37.568143],[126.84101,37.56842],[126.841056,37.568313],[126.840666,37.566585],[126.838441,37.559664],[126.838592,37.559649],[126.838244,37.558558],[126.837462,37.558636],[126.837403,37.55845],[126.837346,37.558424],[126.826845,37.559472]]]}},{"type":"Feature","properties":{"code":"11160761","name":"방화3동","guCode":"11160","guName":"강서구"},"geometry":{"type":"Polygon","coordinates":[[[126.820054,37.592404],[126.827812,37.587485],[126.83176,37.585843],[126.831927,37.585725],[126.828733,37.583869],[126.828458,37.583537],[126.827807,37.583103],[126.8272,37.582558],[126.826762,37.582074],[126.825904,37.581348],[126.825822,37.581052],[126.825614,37.580766],[126.825354,37.580839],[126.82499,37.58055],[126.824769,37.580098],[126.824882,37.580063],[126.824577,37.579863],[126.82418,37.579684],[126.823878,37.579382],[126.823657,37.579351],[126.823177,37.579148],[126.822969,37.578837],[126.822493,37.57835],[126.821587,37.577307],[126.821263,37.577066],[126.820955,37.576347],[126.820919,37.575901],[126.820969,37.575777],[126.82096,37.575683],[126.820754,37.575363],[126.820895,37.575177],[126.820863,37.574873],[126.820907,37.574656],[126.821137,37.574411],[126.821161,37.574338],[126.82103,37.574044],[126.82131,37.573831],[126.821935,37.573474],[126.822047,37.573194],[126.822136,37.573083],[126.821841,37.573146],[126.816431,37.573265],[126.816405,37.573472],[126.816499,37.573555],[126.816514,37.575036],[126.810074,37.575196],[126.808691,37.575291],[126.808618,37.575256],[126.808526,37.575122],[126.808541,37.575073],[126.807494,37.574844],[126.807376,37.574303],[126.807426,37.57429],[126.806329,37.574218],[126.805865,37.573979],[126.805872,37.574088],[126.805802,37.574222],[126.805704,37.574289],[126.80544,37.574244],[126.805289,37.574164],[126.805286,37.574036],[126.805237,37.574019],[126.804976,37.573997],[126.804842,37.574024],[126.804772,37.574043],[126.804705,37.574187],[126.804362,37.574233],[126.804119,37.574061],[126.803894,37.574121],[126.804104,37.574473],[126.804198,37.574766],[126.804341,37.574874],[126.804569,37.57547],[126.804634,37.575975],[126.805039,37.577165],[126.805826,37.57786],[126.805768,37.578554],[126.805799,37.578916],[126.806244,37.579469],[126.806259,37.579546],[126.805626,37.579568],[126.805847,37.580022],[126.80596,37.580484],[126.806428,37.581355],[126.80636,37.581638],[126.80624,37.581762],[126.806332,37.58202],[126.807732,37.582379],[126.808064,37.583152],[126.808872,37.583497],[126.809355,37.583621],[126.809886,37.583593],[126.810555,37.583478],[126.811604,37.583129],[126.811992,37.583054],[126.812929,37.583845],[126.813405,37.583472],[126.813654,37.583418],[126.814147,37.582625],[126.814439,37.583532],[126.814553,37.58367],[126.81457,37.58389],[126.814768,37.584166],[126.814683,37.584267],[126.814724,37.5844],[126.814683,37.584535],[126.814727,37.584824],[126.814843,37.584998],[126.814943,37.585372],[126.815079,37.585552],[126.815228,37.585627],[126.815393,37.585817],[126.815445,37.585995],[126.815311,37.586131],[126.815159,37.586402],[126.815172,37.586523],[126.815338,37.586945],[126.814987,37.587054],[126.814535,37.587279],[126.814771,37.587699],[126.815234,37.588361],[126.815606,37.589005],[126.816076,37.589626],[126.816449,37.590307],[126.816938,37.591021],[126.817202,37.591517],[126.817523,37.591906],[126.817743,37.592284],[126.817872,37.592405],[126.818683,37.593716],[126.819303,37.59285],[126.820054,37.592404]]]}},{"type":"Feature","properties":{"code":"11170510","name":"신도림동","guCode":"11170","guName":"구로구"},"geometry":{"type":"Polygon","coordinates":[[[126.879528,37.517817],[126.881729,37.51642],[126.882016,37.516103],[126.882448,37.515968],[126.882727,37.515779],[126.882727,37.515172],[126.884104,37.514424],[126.884338,37.51439],[126.884299,37.514179],[126.884331,37.514008],[126.884433,37.513849],[126.884616,37.51375],[126.885085,37.513663],[126.885689,37.513616],[126.886354,37.513393],[126.886797,37.513301],[126.88752,37.513226],[126.887737,37.513143],[126.888005,37.512951],[126.888403,37.512345],[126.888777,37.512279],[126.88973,37.512273],[126.889827,37.5121],[126.889633,37.511812],[126.88975,37.511696],[126.889913,37.511637],[126.889922,37.511477],[126.890212,37.511331],[126.89039,37.511079],[126.890608,37.510867],[126.890646,37.510639],[126.891062,37.510311],[126.891445,37.510352],[126.891664,37.510284],[126.891853,37.510099],[126.891995,37.509799],[126.892105,37.509303],[126.89234,37.509089],[126.890389,37.508206],[126.888252,37.506884],[126.885668,37.505359],[126.884282,37.504476],[126.883783,37.504381],[126.882378,37.503387],[126.882055,37.503469],[126.881889,37.503637],[126.881049,37.504014],[126.880904,37.503999],[126.880819,37.504074],[126.880989,37.504202],[126.880352,37.504747],[126.879531,37.505325],[126.879182,37.505122],[126.878814,37.505192],[126.878453,37.50491],[126.876839,37.505575],[126.876716,37.505721],[126.876393,37.505905],[126.875846,37.506361],[126.875882,37.506438],[126.875872,37.506588],[126.875831,37.506672],[126.875692,37.506737],[126.875744,37.506817],[126.875628,37.506874],[126.875164,37.506808],[126.875045,37.506846],[126.874989,37.506765],[126.874733,37.506703],[126.874706,37.506629],[126.874372,37.506691],[126.874181,37.506954],[126.874212,37.507178],[126.874474,37.507379],[126.874657,37.507468],[126.874852,37.5075],[126.875001,37.5076],[126.875041,37.507713],[126.874892,37.50812],[126.874766,37.508303],[126.873906,37.508676],[126.873793,37.508819],[126.873788,37.509022],[126.87385,37.509162],[126.874022,37.50939],[126.874323,37.509495],[126.874517,37.509472],[126.874793,37.509333],[126.87502,37.509313],[126.875195,37.509343],[126.875436,37.509461],[126.875606,37.509665],[126.875611,37.50974],[126.875447,37.50998],[126.875347,37.510022],[126.875266,37.510178],[126.875179,37.510526],[126.875205,37.510692],[126.875414,37.510996],[126.875522,37.511078],[126.875759,37.511145],[126.876115,37.511054],[126.876219,37.510985],[126.876437,37.510653],[126.876518,37.510627],[126.876644,37.510626],[126.876725,37.510678],[126.876845,37.510849],[126.876731,37.511026],[126.876566,37.511153],[126.87604,37.511228],[126.875837,37.511295],[126.875575,37.511453],[126.875459,37.511642],[126.875345,37.511737],[126.875199,37.51179],[126.875068,37.511801],[126.874866,37.511639],[126.874863,37.51141],[126.874964,37.511153],[126.874904,37.510899],[126.874672,37.510687],[126.874524,37.510632],[126.874311,37.510616],[126.874188,37.510654],[126.874035,37.510771],[126.874002,37.510807],[126.873997,37.511297],[126.8751,37.512418],[126.875125,37.512383],[126.875181,37.512447],[126.875324,37.512245],[126.875598,37.512167],[126.875734,37.512192],[126.876104,37.51241],[126.876333,37.512682],[126.876452,37.51292],[126.876387,37.513291],[126.876501,37.513548],[126.876651,37.513671],[126.876959,37.513746],[126.877261,37.513717],[126.877483,37.513584],[126.877734,37.513282],[126.877812,37.513273],[126.877912,37.513328],[126.877942,37.513377],[126.877859,37.513561],[126.877661,37.513806],[126.877515,37.514673],[126.877581,37.515025],[126.877664,37.515108],[126.877724,37.515356],[126.877797,37.515437],[126.877775,37.515555],[126.87771,37.515629],[126.877379,37.515815],[126.877307,37.515966],[126.877325,37.516035],[126.877492,37.516175],[126.87807,37.516223],[126.878334,37.516318],[126.878604,37.516513],[126.878957,37.516931],[126.878905,37.51707],[126.878655,37.517183],[126.878519,37.517309],[126.878452,37.517464],[126.878514,37.517574],[126.878581,37.517627],[126.878743,37.517654],[126.879291,37.517515],[126.879422,37.517528],[126.879523,37.517614],[126.879547,37.517696],[126.879449,37.517764],[126.879105,37.517839],[126.879302,37.517961],[126.879528,37.517817]]]}},{"type":"Feature","properties":{"code":"11170520","name":"구로1동","guCode":"11170","guName":"구로구"},"geometry":{"type":"Polygon","coordinates":[[[126.87949,37.499656],[126.879283,37.498811],[126.879235,37.497761],[126.879349,37.496764],[126.879965,37.487474],[126.879991,37.487422],[126.880241,37.48747],[126.880365,37.48697],[126.880459,37.48681],[126.88053,37.486544],[126.880886,37.485726],[126.879439,37.486233],[126.878458,37.486672],[126.878145,37.48639],[126.87788,37.486227],[126.877943,37.486227],[126.877661,37.4861],[126.877655,37.486067],[126.876884,37.485945],[126.876899,37.485922],[126.87661,37.485835],[126.875226,37.485481],[126.874556,37.485367],[126.874656,37.485452],[126.874747,37.485418],[126.874944,37.485701],[126.87491,37.485785],[126.875023,37.486014],[126.874998,37.486491],[126.875139,37.486792],[126.875363,37.486901],[126.875974,37.486911],[126.876262,37.48724],[126.876689,37.487853],[126.8768,37.488357],[126.87679,37.488571],[126.876668,37.488732],[126.876382,37.488941],[126.876043,37.489047],[126.875817,37.489028],[126.875631,37.488895],[126.875372,37.488608],[126.875189,37.488507],[126.874997,37.488495],[126.874716,37.488577],[126.874495,37.488861],[126.874344,37.48886],[126.874072,37.488796],[126.873474,37.488525],[126.87327,37.488298],[126.873078,37.488253],[126.872748,37.488431],[126.872669,37.488554],[126.872683,37.488778],[126.87264,37.488981],[126.872458,37.489204],[126.872414,37.489331],[126.87244,37.489536],[126.872839,37.490014],[126.873276,37.490289],[126.873368,37.490387],[126.873577,37.490482],[126.873753,37.490476],[126.873933,37.490429],[126.874091,37.490214],[126.874149,37.489981],[126.87411,37.489777],[126.874322,37.489696],[126.874579,37.489769],[126.874651,37.489899],[126.87462,37.490025],[126.874428,37.490289],[126.874454,37.490427],[126.87484,37.490745],[126.874668,37.490844],[126.874535,37.491068],[126.874373,37.491221],[126.87413,37.491338],[126.873952,37.491308],[126.873768,37.491222],[126.873298,37.490845],[126.873083,37.490807],[126.872717,37.490819],[126.872255,37.490602],[126.871834,37.490776],[126.871568,37.490761],[126.87148,37.49068],[126.871473,37.490566],[126.871558,37.490361],[126.871577,37.490209],[126.871548,37.490085],[126.871342,37.489834],[126.87108,37.489683],[126.870658,37.489561],[126.870421,37.489536],[126.870228,37.489596],[126.870125,37.489757],[126.870233,37.490113],[126.870065,37.490237],[126.86976,37.490333],[126.86968,37.490431],[126.869726,37.490571],[126.869993,37.49087],[126.869993,37.491024],[126.869892,37.491253],[126.869799,37.491346],[126.869413,37.491563],[126.869346,37.491636],[126.869298,37.491852],[126.869366,37.492019],[126.869463,37.492113],[126.869665,37.492181],[126.869888,37.492177],[126.870022,37.492262],[126.870054,37.492435],[126.870014,37.492481],[126.869455,37.492595],[126.869369,37.492717],[126.869433,37.492913],[126.86958,37.493107],[126.870067,37.493486],[126.870017,37.493657],[126.8698,37.493816],[126.869709,37.494096],[126.869503,37.494328],[126.869243,37.494533],[126.868709,37.494811],[126.868349,37.495108],[126.868229,37.495128],[126.867991,37.495062],[126.867589,37.494816],[126.867544,37.495063],[126.870391,37.496253],[126.872448,37.497207],[126.872448,37.497697],[126.877587,37.50003],[126.877585,37.499571],[126.879552,37.500468],[126.879781,37.500394],[126.87949,37.499656]]]}},{"type":"Feature","properties":{"code":"11170540","name":"구로3동","guCode":"11170","guName":"구로구"},"geometry":{"type":"Polygon","coordinates":[[[126.895417,37.491974],[126.895684,37.490851],[126.896016,37.490212],[126.896101,37.489727],[126.896121,37.489343],[126.898144,37.486935],[126.898651,37.486642],[126.900155,37.485908],[126.90099,37.485626],[126.90109,37.485775],[126.90096,37.485825],[126.901005,37.485888],[126.901412,37.485715],[126.901372,37.485667],[126.901187,37.485746],[126.901073,37.485588],[126.901258,37.485496],[126.902058,37.485264],[126.902769,37.485121],[126.902752,37.485015],[126.903197,37.485002],[126.89974,37.480746],[126.899285,37.479972],[126.89899,37.479149],[126.896212,37.478672],[126.896212,37.478532],[126.896046,37.478772],[126.896228,37.478953],[126.895777,37.479014],[126.89542,37.479124],[126.895191,37.479249],[126.895012,37.479499],[126.894651,37.479789],[126.894761,37.479844],[126.894386,37.480197],[126.893745,37.480114],[126.893153,37.480362],[126.893166,37.480404],[126.892173,37.480659],[126.89214,37.480753],[126.892077,37.480764],[126.892103,37.480873],[126.892072,37.481181],[126.892107,37.481306],[126.892004,37.481463],[126.891859,37.481883],[126.891814,37.481851],[126.89173,37.481933],[126.89147,37.482207],[126.89152,37.482232],[126.89137,37.482408],[126.891255,37.482525],[126.891214,37.482496],[126.891032,37.482697],[126.890948,37.483006],[126.891016,37.48317],[126.891532,37.483623],[126.891551,37.483655],[126.891415,37.483784],[126.890666,37.484019],[126.890239,37.484087],[126.889846,37.484205],[126.889811,37.484185],[126.888967,37.484463],[126.887613,37.484758],[126.887628,37.484811],[126.886337,37.484887],[126.886261,37.484938],[126.886109,37.484938],[126.88802,37.487145],[126.888456,37.487615],[126.88884,37.487919],[126.890484,37.489043],[126.891103,37.489419],[126.891201,37.489372],[126.891749,37.489741],[126.892951,37.490446],[126.892872,37.490526],[126.89481,37.491745],[126.894936,37.492006],[126.895417,37.491974]]]}},{"type":"Feature","properties":{"code":"11170550","name":"구로4동","guCode":"11170","guName":"구로구"},"geometry":{"type":"Polygon","coordinates":[[[126.894226,37.49705],[126.894323,37.496666],[126.894309,37.496431],[126.89488,37.49412],[126.895052,37.494162],[126.895023,37.494262],[126.895089,37.494275],[126.89519,37.494017],[126.895114,37.49399],[126.895077,37.494069],[126.894901,37.494038],[126.894996,37.493651],[126.895337,37.492705],[126.895559,37.492757],[126.895512,37.492895],[126.895577,37.492907],[126.895711,37.49258],[126.895628,37.492554],[126.895579,37.492686],[126.895362,37.492633],[126.895463,37.492399],[126.895315,37.492361],[126.895417,37.491974],[126.894936,37.492006],[126.89481,37.491745],[126.892872,37.490526],[126.892951,37.490446],[126.891749,37.489741],[126.891201,37.489372],[126.891103,37.489419],[126.890484,37.489043],[126.88884,37.487919],[126.888456,37.487615],[126.88802,37.487145],[126.886174,37.485013],[126.885968,37.48537],[126.884701,37.488404],[126.884333,37.489965],[126.884114,37.48989],[126.883971,37.490507],[126.884286,37.490484],[126.88436,37.490573],[126.885266,37.490374],[126.885628,37.490223],[126.886952,37.490119],[126.887988,37.489929],[126.887947,37.490083],[126.888005,37.490095],[126.88798,37.490193],[126.887829,37.49067],[126.88777,37.49066],[126.887747,37.490713],[126.887778,37.490889],[126.887971,37.490992],[126.887999,37.490975],[126.888967,37.491592],[126.888913,37.491659],[126.889361,37.491948],[126.889431,37.491887],[126.889691,37.49205],[126.889461,37.492365],[126.889281,37.492784],[126.889244,37.493152],[126.889333,37.493179],[126.889576,37.492946],[126.889556,37.492898],[126.890705,37.493255],[126.889219,37.495067],[126.889289,37.495332],[126.892774,37.497145],[126.893099,37.497095],[126.893175,37.49702],[126.893102,37.497401],[126.894123,37.497563],[126.894226,37.49705]]]}},{"type":"Feature","properties":{"code":"11170560","name":"구로5동","guCode":"11170","guName":"구로구"},"geometry":{"type":"Polygon","coordinates":[[[126.89281,37.503462],[126.892693,37.503314],[126.893137,37.502678],[126.892734,37.502072],[126.892932,37.501577],[126.892779,37.501125],[126.892762,37.500833],[126.892931,37.50035],[126.893271,37.500042],[126.893624,37.499586],[126.89412,37.49784],[126.894069,37.497817],[126.894123,37.497563],[126.893102,37.497401],[126.893175,37.49702],[126.893099,37.497095],[126.892774,37.497145],[126.889289,37.495332],[126.889219,37.495067],[126.88903,37.495029],[126.886702,37.497804],[126.886068,37.498499],[126.885621,37.498722],[126.884157,37.499268],[126.883748,37.499488],[126.883397,37.49977],[126.88272,37.500464],[126.882024,37.501097],[126.880823,37.502026],[126.87982,37.503016],[126.881178,37.503955],[126.881889,37.503637],[126.882055,37.503469],[126.882378,37.503387],[126.883783,37.504381],[126.884282,37.504476],[126.885668,37.505359],[126.888252,37.506884],[126.890389,37.508206],[126.892284,37.509064],[126.893026,37.50726],[126.892977,37.50709],[126.893016,37.507049],[126.893016,37.506929],[126.893261,37.506698],[126.893533,37.506029],[126.893671,37.505863],[126.893762,37.505497],[126.893977,37.505012],[126.893931,37.50482],[126.893776,37.504728],[126.893169,37.5046],[126.893108,37.504454],[126.893303,37.504057],[126.893308,37.503965],[126.893153,37.503747],[126.893009,37.50367],[126.89281,37.503462]]]}},{"type":"Feature","properties":{"code":"11170610","name":"고척1동","guCode":"11170","guName":"구로구"},"geometry":{"type":"Polygon","coordinates":[[[126.862901,37.506606],[126.862981,37.506518],[126.862921,37.506567],[126.862654,37.506451],[126.862778,37.50593],[126.863313,37.505181],[126.863525,37.505051],[126.864648,37.504868],[126.8647,37.504886],[126.864803,37.505073],[126.864829,37.505504],[126.865246,37.505587],[126.865465,37.505583],[126.865968,37.50555],[126.866291,37.505432],[126.866347,37.505452],[126.866517,37.505384],[126.866448,37.505258],[126.866567,37.505206],[126.86679,37.505295],[126.867137,37.5053],[126.867965,37.504888],[126.868131,37.504842],[126.868308,37.504825],[126.86834,37.504877],[126.869153,37.504868],[126.870275,37.505834],[126.870649,37.505755],[126.871021,37.505275],[126.871205,37.505134],[126.871457,37.505069],[126.871434,37.504852],[126.871481,37.504697],[126.87185,37.504204],[126.87187,37.504128],[126.871708,37.504077],[126.871548,37.503901],[126.871552,37.503823],[126.871796,37.50341],[126.871775,37.503227],[126.871642,37.502973],[126.87131,37.502717],[126.870944,37.502631],[126.870117,37.502176],[126.869748,37.501297],[126.869691,37.501154],[126.869739,37.500945],[126.86974,37.500625],[126.869672,37.500385],[126.869622,37.500271],[126.869404,37.500015],[126.869057,37.499076],[126.868968,37.499086],[126.868956,37.499053],[126.869044,37.499037],[126.868922,37.498686],[126.868957,37.498492],[126.868931,37.498458],[126.868841,37.498476],[126.868373,37.497152],[126.868327,37.496603],[126.868394,37.496323],[126.868528,37.496014],[126.868012,37.495835],[126.865202,37.494526],[126.864575,37.494301],[126.864434,37.494178],[126.864138,37.494114],[126.863897,37.494737],[126.864114,37.494793],[126.863613,37.496089],[126.863377,37.496088],[126.863206,37.496522],[126.862631,37.496416],[126.86188,37.496417],[126.861491,37.496805],[126.861299,37.496769],[126.861191,37.496834],[126.860954,37.496843],[126.86094,37.496877],[126.859536,37.497011],[126.859531,37.497113],[126.859483,37.497149],[126.858579,37.497353],[126.85737,37.497504],[126.856725,37.497522],[126.85667,37.497595],[126.856798,37.498174],[126.856593,37.498232],[126.856694,37.498648],[126.85665,37.498697],[126.856194,37.498798],[126.855816,37.498968],[126.855506,37.499293],[126.855586,37.500054],[126.855704,37.500016],[126.855809,37.500855],[126.855763,37.500858],[126.855987,37.501972],[126.856024,37.501966],[126.856124,37.502313],[126.857189,37.502148],[126.857458,37.503097],[126.856712,37.503586],[126.85678,37.503582],[126.856745,37.503624],[126.856795,37.503822],[126.856848,37.503907],[126.856901,37.50392],[126.85691,37.503976],[126.857302,37.504119],[126.857495,37.504105],[126.857781,37.504244],[126.859534,37.504177],[126.859521,37.504117],[126.860255,37.504056],[126.860889,37.50388],[126.860955,37.503916],[126.861093,37.504147],[126.861298,37.504225],[126.861348,37.504327],[126.861259,37.50448],[126.861538,37.504984],[126.862221,37.505351],[126.862366,37.505213],[126.862454,37.505835],[126.862416,37.505871],[126.862696,37.505919],[126.862555,37.506463],[126.86256,37.50673],[126.86267,37.506769],[126.862901,37.506606]]]}},{"type":"Feature","properties":{"code":"11170620","name":"고척2동","guCode":"11170","guName":"구로구"},"geometry":{"type":"Polygon","coordinates":[[[126.854051,37.510154],[126.85518,37.509674],[126.855687,37.508968],[126.855998,37.509016],[126.856139,37.509099],[126.856074,37.509252],[126.85717,37.509562],[126.857155,37.509601],[126.858344,37.509868],[126.860316,37.506609],[126.860433,37.506749],[126.861878,37.507168],[126.861861,37.507194],[126.862554,37.50741],[126.862691,37.507404],[126.863154,37.507857],[126.86354,37.508025],[126.864097,37.508355],[126.863775,37.507992],[126.863715,37.507823],[126.863151,37.507382],[126.862637,37.506791],[126.86267,37.506769],[126.86256,37.50673],[126.862555,37.506463],[126.862696,37.505919],[126.862416,37.505871],[126.862454,37.505835],[126.862366,37.505213],[126.862221,37.505351],[126.861538,37.504984],[126.861259,37.50448],[126.861348,37.504327],[126.861298,37.504225],[126.861093,37.504147],[126.860955,37.503916],[126.860889,37.50388],[126.860255,37.504056],[126.859521,37.504117],[126.859534,37.504177],[126.857781,37.504244],[126.857495,37.504105],[126.857302,37.504119],[126.85691,37.503976],[126.856901,37.50392],[126.856848,37.503907],[126.856795,37.503822],[126.856745,37.503624],[126.85678,37.503582],[126.856712,37.503586],[126.857458,37.503097],[126.857189,37.502148],[126.856124,37.502313],[126.856087,37.502186],[126.855063,37.502457],[126.854878,37.502539],[126.854855,37.502512],[126.854674,37.50256],[126.854623,37.502541],[126.854442,37.502184],[126.85434,37.502107],[126.853721,37.501345],[126.853586,37.501386],[126.853545,37.501303],[126.853683,37.501258],[126.853598,37.501194],[126.853314,37.500688],[126.853525,37.500622],[126.853392,37.500298],[126.853021,37.499558],[126.853029,37.499513],[126.852954,37.499579],[126.852792,37.499465],[126.852471,37.499644],[126.852113,37.499994],[126.851861,37.50015],[126.851374,37.500644],[126.851192,37.500749],[126.850978,37.500804],[126.850894,37.500993],[126.850814,37.50101],[126.850665,37.500954],[126.850627,37.501058],[126.850246,37.501252],[126.850046,37.501297],[126.84991,37.50127],[126.849913,37.501398],[126.849804,37.501715],[126.849589,37.502023],[126.849145,37.502407],[126.848604,37.502766],[126.848409,37.502944],[126.848287,37.50309],[126.848135,37.503427],[126.84795,37.50368],[126.847983,37.503704],[126.847672,37.504271],[126.847508,37.504469],[126.847133,37.505117],[126.84664,37.50561],[126.846436,37.506015],[126.846199,37.506323],[126.846177,37.506444],[126.845565,37.507201],[126.845283,37.507969],[126.846191,37.508288],[126.84623,37.508376],[126.846194,37.508461],[126.846258,37.508968],[126.846655,37.509084],[126.846983,37.509387],[126.84727,37.509524],[126.847591,37.509384],[126.847903,37.509165],[126.848732,37.50882],[126.849093,37.509006],[126.849517,37.509558],[126.850113,37.510092],[126.850751,37.509975],[126.851382,37.510056],[126.852197,37.510425],[126.852552,37.510443],[126.852907,37.510643],[126.853179,37.510492],[126.854051,37.510154]]]}},{"type":"Feature","properties":{"code":"11170640","name":"개봉2동","guCode":"11170","guName":"구로구"},"geometry":{"type":"Polygon","coordinates":[[[126.850189,37.496042],[126.850438,37.495987],[126.850835,37.495988],[126.851121,37.495911],[126.850963,37.496009],[126.851789,37.495774],[126.852178,37.495751],[126.85226,37.495791],[126.853146,37.495621],[126.854123,37.495422],[126.854109,37.495356],[126.854683,37.495302],[126.857705,37.494701],[126.857859,37.494576],[126.857948,37.49461],[126.858638,37.494468],[126.858635,37.494351],[126.859349,37.4942],[126.859456,37.494305],[126.8595,37.4943],[126.860474,37.494104],[126.860496,37.494145],[126.862369,37.493774],[126.862894,37.493722],[126.863899,37.493758],[126.864719,37.493922],[126.865564,37.494022],[126.866733,37.494568],[126.86761,37.494688],[126.867551,37.494624],[126.867425,37.494595],[126.866891,37.494325],[126.866775,37.494197],[126.867036,37.493955],[126.867217,37.493994],[126.867473,37.494223],[126.867627,37.494251],[126.867781,37.494076],[126.867765,37.493582],[126.867537,37.493374],[126.867473,37.493204],[126.86737,37.493074],[126.867159,37.492922],[126.866956,37.492867],[126.866602,37.492892],[126.866686,37.492663],[126.866499,37.492604],[126.866304,37.492631],[126.866205,37.492555],[126.866081,37.492363],[126.865814,37.492145],[126.865404,37.491508],[126.865152,37.491593],[126.865054,37.491541],[126.864795,37.491324],[126.86477,37.491166],[126.864555,37.491021],[126.864489,37.491117],[126.864618,37.491371],[126.864611,37.491431],[126.864552,37.491476],[126.864354,37.491415],[126.864237,37.491483],[126.863914,37.491381],[126.863506,37.491314],[126.863592,37.491252],[126.862887,37.491142],[126.862333,37.490987],[126.861863,37.490767],[126.861341,37.490396],[126.861231,37.490405],[126.861002,37.490147],[126.860941,37.490142],[126.860853,37.490205],[126.860814,37.490161],[126.860917,37.490052],[126.86062,37.489716],[126.860683,37.489696],[126.859888,37.488782],[126.859852,37.488836],[126.859811,37.488788],[126.859465,37.48898],[126.859449,37.489119],[126.859093,37.489114],[126.859051,37.489145],[126.858942,37.490179],[126.853326,37.48982],[126.852777,37.48992],[126.850992,37.48985],[126.850474,37.489897],[126.849008,37.490306],[126.84925,37.490973],[126.849438,37.491116],[126.84947,37.491709],[126.849187,37.492533],[126.848117,37.492951],[126.848038,37.493349],[126.848227,37.493626],[126.848465,37.494597],[126.848197,37.494538],[126.848177,37.494652],[126.848485,37.494724],[126.848497,37.495038],[126.848673,37.495119],[126.850364,37.495471],[126.850308,37.495498],[126.850572,37.495557],[126.850189,37.496042]]]}},{"type":"Feature","properties":{"code":"11170650","name":"개봉3동","guCode":"11170","guName":"구로구"},"geometry":{"type":"Polygon","coordinates":[[[126.864354,37.491415],[126.864552,37.491476],[126.864611,37.491431],[126.864618,37.491371],[126.864518,37.491203],[126.86428,37.491092],[126.86403,37.491019],[126.862811,37.490828],[126.862175,37.490577],[126.861768,37.490326],[126.861384,37.489968],[126.858116,37.486237],[126.857834,37.485983],[126.857449,37.485795],[126.856423,37.485702],[126.85573,37.485498],[126.855423,37.48536],[126.855165,37.485171],[126.854866,37.484786],[126.853864,37.482838],[126.853637,37.482622],[126.853155,37.482622],[126.852959,37.482478],[126.853128,37.482307],[126.8527,37.481819],[126.852586,37.481779],[126.852226,37.481732],[126.852066,37.481665],[126.851668,37.481589],[126.850702,37.481526],[126.850418,37.481567],[126.848469,37.482087],[126.847803,37.482083],[126.846986,37.481894],[126.84699,37.482254],[126.847041,37.482346],[126.847161,37.482439],[126.847594,37.482465],[126.847607,37.482514],[126.84758,37.482783],[126.847407,37.482764],[126.847346,37.483728],[126.847275,37.483763],[126.847398,37.483731],[126.847994,37.48432],[126.847623,37.484515],[126.84604,37.484538],[126.845871,37.485054],[126.845961,37.485478],[126.845846,37.485512],[126.845556,37.485919],[126.844801,37.486252],[126.844182,37.48641],[126.843904,37.486659],[126.844743,37.486867],[126.845419,37.486933],[126.846057,37.487196],[126.846051,37.487289],[126.846913,37.488113],[126.847272,37.488609],[126.847344,37.488863],[126.847706,37.489238],[126.848041,37.489678],[126.848823,37.490086],[126.848921,37.490329],[126.850474,37.489897],[126.850992,37.48985],[126.852777,37.48992],[126.853326,37.48982],[126.858942,37.490179],[126.859051,37.489145],[126.859093,37.489114],[126.859449,37.489119],[126.859465,37.48898],[126.859811,37.488788],[126.859852,37.488836],[126.859888,37.488782],[126.860683,37.489696],[126.86062,37.489716],[126.860917,37.490052],[126.860814,37.490161],[126.860853,37.490205],[126.860941,37.490142],[126.861002,37.490147],[126.861231,37.490405],[126.861341,37.490396],[126.861863,37.490767],[126.862333,37.490987],[126.862887,37.491142],[126.863592,37.491252],[126.863506,37.491314],[126.863914,37.491381],[126.864237,37.491483],[126.864354,37.491415]]]}},{"type":"Feature","properties":{"code":"11170670","name":"오류1동","guCode":"11170","guName":"구로구"},"geometry":{"type":"Polygon","coordinates":[[[126.839995,37.499666],[126.840061,37.499639],[126.840094,37.499693],[126.840272,37.499736],[126.840603,37.500094],[126.841089,37.500153],[126.841574,37.500082],[126.841562,37.499984],[126.84189,37.499941],[126.842202,37.499734],[126.842277,37.499808],[126.842701,37.499693],[126.842831,37.499755],[126.842948,37.49974],[126.842954,37.499669],[126.843131,37.499653],[126.843374,37.499809],[126.843505,37.499788],[126.843519,37.499752],[126.844136,37.49969],[126.844492,37.499488],[126.844746,37.499425],[126.84501,37.499241],[126.845336,37.498726],[126.845588,37.498449],[126.845649,37.498314],[126.845974,37.498032],[126.846598,37.497841],[126.846501,37.497726],[126.846858,37.497531],[126.847001,37.497625],[126.847021,37.497579],[126.847561,37.497888],[126.847635,37.497752],[126.847895,37.497761],[126.848217,37.497648],[126.848401,37.49774],[126.848588,37.497656],[126.848797,37.497677],[126.849789,37.49647],[126.849912,37.496385],[126.849982,37.496251],[126.850572,37.495557],[126.850308,37.495498],[126.850364,37.495471],[126.848673,37.495119],[126.848497,37.495038],[126.848485,37.494724],[126.845692,37.494096],[126.845444,37.494096],[126.845464,37.494071],[126.843815,37.49368],[126.8441,37.494045],[126.843815,37.493979],[126.84363,37.49383],[126.843336,37.493899],[126.843088,37.494007],[126.842896,37.494002],[126.842802,37.493954],[126.8428,37.493861],[126.84243,37.493659],[126.841861,37.493542],[126.841457,37.493547],[126.840665,37.493369],[126.840629,37.49333],[126.840495,37.493402],[126.840422,37.493514],[126.83895,37.493228],[126.838037,37.493161],[126.837911,37.49323],[126.837799,37.493566],[126.837746,37.493539],[126.837676,37.493577],[126.837685,37.493635],[126.837764,37.493652],[126.837603,37.493904],[126.837627,37.493917],[126.837359,37.49457],[126.837388,37.495297],[126.837103,37.495663],[126.837108,37.495713],[126.837231,37.495793],[126.837227,37.495931],[126.836923,37.496197],[126.836844,37.496185],[126.836589,37.496464],[126.836415,37.496524],[126.835306,37.497114],[126.835349,37.497139],[126.835243,37.497254],[126.835245,37.497297],[126.835148,37.49734],[126.835035,37.497236],[126.834971,37.497273],[126.834916,37.497494],[126.834867,37.497504],[126.834468,37.498144],[126.834235,37.498333],[126.834123,37.498622],[126.834417,37.499158],[126.835115,37.499734],[126.835142,37.499977],[126.835456,37.500257],[126.835712,37.500565],[126.83635,37.500812],[126.836476,37.500958],[126.836781,37.500834],[126.837132,37.500759],[126.837304,37.500167],[126.838665,37.500063],[126.839251,37.499967],[126.839995,37.499666]]]}},{"type":"Feature","properties":{"code":"11170690","name":"수궁동","guCode":"11170","guName":"구로구"},"geometry":{"type":"Polygon","coordinates":[[[126.826881,37.508516],[126.826988,37.508503],[126.82774,37.508735],[126.828155,37.508775],[126.829347,37.508415],[126.82955,37.508293],[126.829898,37.508317],[126.830324,37.508248],[126.830649,37.508167],[126.831014,37.507977],[126.831018,37.507829],[126.83066,37.506871],[126.830615,37.506313],[126.83123,37.505865],[126.831262,37.505717],[126.831538,37.505448],[126.831649,37.505082],[126.832061,37.504619],[126.832976,37.504225],[126.833067,37.504034],[126.833635,37.503877],[126.833982,37.503356],[126.835304,37.502816],[126.836413,37.503022],[126.836521,37.502564],[126.836291,37.502087],[126.836332,37.501382],[126.835456,37.500257],[126.835142,37.499977],[126.835115,37.499734],[126.834417,37.499158],[126.834123,37.498622],[126.834235,37.498333],[126.834468,37.498144],[126.834867,37.497504],[126.834916,37.497494],[126.834971,37.497273],[126.835035,37.497236],[126.835148,37.49734],[126.835245,37.497297],[126.835243,37.497254],[126.835349,37.497139],[126.835306,37.497114],[126.836415,37.496524],[126.836589,37.496464],[126.836844,37.496185],[126.836923,37.496197],[126.837227,37.495931],[126.837231,37.495793],[126.837108,37.495713],[126.837103,37.495663],[126.837388,37.495297],[126.837359,37.49457],[126.837627,37.493917],[126.837603,37.493904],[126.837764,37.493652],[126.837685,37.493635],[126.837676,37.493577],[126.837746,37.493539],[126.837799,37.493566],[126.837911,37.49323],[126.836113,37.493177],[126.831419,37.493163],[126.828697,37.493093],[126.828313,37.493153],[126.82714,37.493137],[126.827075,37.492813],[126.827112,37.492643],[126.827167,37.492576],[126.82712,37.492536],[126.827326,37.49236],[126.827304,37.49208],[126.827364,37.491747],[126.827533,37.491436],[126.827795,37.491453],[126.827788,37.491162],[126.827636,37.491116],[126.827712,37.491001],[126.827712,37.490882],[126.827558,37.490833],[126.827352,37.490833],[126.826567,37.49062],[126.826127,37.490422],[126.825671,37.489961],[126.825379,37.489759],[126.825098,37.489467],[126.824881,37.489367],[126.824356,37.489017],[126.824092,37.488793],[126.824049,37.488805],[126.823664,37.488459],[126.823168,37.488148],[126.823158,37.488398],[126.823041,37.488381],[126.823047,37.489291],[126.822834,37.489636],[126.822762,37.489979],[126.821513,37.49033],[126.821024,37.490587],[126.820932,37.490577],[126.820994,37.490648],[126.820963,37.490666],[126.820794,37.490527],[126.82081,37.490595],[126.820976,37.490793],[126.820339,37.490729],[126.82021,37.490748],[126.820045,37.490788],[126.819527,37.491052],[126.81932,37.491192],[126.819248,37.491314],[126.818574,37.491559],[126.817889,37.491535],[126.815873,37.492626],[126.815488,37.493201],[126.814875,37.493194],[126.814824,37.493136],[126.814696,37.493193],[126.814575,37.493193],[126.814307,37.493738],[126.814353,37.494425],[126.813867,37.494898],[126.813012,37.4964],[126.813247,37.496733],[126.814037,37.497351],[126.81414,37.498126],[126.814283,37.498268],[126.814642,37.498002],[126.815142,37.49801],[126.815772,37.497644],[126.816097,37.497644],[126.816583,37.497807],[126.81689,37.498018],[126.817583,37.498227],[126.818029,37.498724],[126.818209,37.498856],[126.818912,37.498749],[126.81964,37.49921],[126.819467,37.499783],[126.819381,37.500464],[126.819415,37.500789],[126.82,37.501434],[126.820612,37.501768],[126.821341,37.502021],[126.821564,37.502156],[126.821564,37.502902],[126.821652,37.503243],[126.821976,37.503896],[126.821973,37.504106],[126.821827,37.504538],[126.82202,37.505081],[126.822379,37.505348],[126.82255,37.505685],[126.822491,37.506102],[126.822383,37.506114],[126.822362,37.506225],[126.822224,37.507289],[126.822223,37.507687],[126.822639,37.507739],[126.823592,37.508138],[126.824457,37.508258],[126.826274,37.508768],[126.82646,37.50875],[126.826881,37.508516]]]}},{"type":"Feature","properties":{"code":"11170700","name":"가리봉동","guCode":"11170","guName":"구로구"},"geometry":{"type":"Polygon","coordinates":[[[126.880582,37.487459],[126.88102,37.487502],[126.881075,37.487366],[126.881659,37.487155],[126.881889,37.487027],[126.881897,37.486947],[126.882499,37.486801],[126.882571,37.486819],[126.882726,37.486721],[126.883208,37.486558],[126.883536,37.486704],[126.883663,37.48661],[126.883942,37.486576],[126.884236,37.486458],[126.884787,37.486032],[126.884923,37.485788],[126.885307,37.485427],[126.885626,37.48519],[126.885883,37.48509],[126.886021,37.484937],[126.886261,37.484938],[126.886337,37.484887],[126.887628,37.484811],[126.887613,37.484758],[126.888967,37.484463],[126.889811,37.484185],[126.889846,37.484205],[126.890239,37.484087],[126.890666,37.484019],[126.891415,37.483784],[126.891551,37.483655],[126.891532,37.483623],[126.891016,37.48317],[126.890948,37.483006],[126.891032,37.482697],[126.891214,37.482496],[126.891255,37.482525],[126.89137,37.482408],[126.89152,37.482232],[126.89147,37.482207],[126.89173,37.481933],[126.891814,37.481851],[126.891859,37.481883],[126.892004,37.481463],[126.892107,37.481306],[126.892072,37.481181],[126.892103,37.480873],[126.892077,37.480764],[126.89214,37.480753],[126.892173,37.480659],[126.893166,37.480404],[126.893153,37.480362],[126.893745,37.480114],[126.894386,37.480197],[126.894761,37.479844],[126.894651,37.479789],[126.895012,37.479499],[126.895191,37.479249],[126.89542,37.479124],[126.895777,37.479014],[126.896228,37.478953],[126.896046,37.478772],[126.896212,37.478532],[126.896212,37.478339],[126.895871,37.478339],[126.895851,37.478507],[126.895084,37.478505],[126.889882,37.47939],[126.888785,37.47979],[126.88773,37.480441],[126.886155,37.48235],[126.88573,37.482683],[126.884366,37.483587],[126.882724,37.48475],[126.881354,37.485563],[126.880886,37.485726],[126.88053,37.486544],[126.880459,37.48681],[126.880365,37.48697],[126.88024,37.487449],[126.880428,37.487548],[126.880582,37.487459]]]}},{"type":"Feature","properties":{"code":"11170710","name":"구로2동","guCode":"11170","guName":"구로구"},"geometry":{"type":"Polygon","coordinates":[[[126.875744,37.506817],[126.875692,37.506737],[126.875831,37.506672],[126.875872,37.506588],[126.875882,37.506438],[126.875846,37.506361],[126.876393,37.505905],[126.876716,37.505721],[126.876839,37.505575],[126.878453,37.50491],[126.878814,37.505192],[126.879182,37.505122],[126.879531,37.505325],[126.880352,37.504747],[126.880989,37.504202],[126.880819,37.504074],[126.880904,37.503999],[126.881011,37.504028],[126.881178,37.503955],[126.87982,37.503016],[126.880823,37.502026],[126.882024,37.501097],[126.88272,37.500464],[126.883397,37.49977],[126.883748,37.499488],[126.884157,37.499268],[126.885621,37.498722],[126.886068,37.498499],[126.886702,37.497804],[126.88903,37.495029],[126.889219,37.495067],[126.890705,37.493255],[126.889556,37.492898],[126.889576,37.492946],[126.889333,37.493179],[126.889244,37.493152],[126.889281,37.492784],[126.889461,37.492365],[126.889691,37.49205],[126.889431,37.491887],[126.889361,37.491948],[126.888913,37.491659],[126.888967,37.491592],[126.887999,37.490975],[126.887971,37.490992],[126.887778,37.490889],[126.887747,37.490713],[126.88777,37.49066],[126.887829,37.49067],[126.88798,37.490193],[126.888005,37.490095],[126.887947,37.490083],[126.887988,37.489929],[126.886952,37.490119],[126.885628,37.490223],[126.885266,37.490374],[126.88436,37.490573],[126.884286,37.490484],[126.883971,37.490507],[126.884114,37.48989],[126.884333,37.489965],[126.884701,37.488404],[126.885968,37.48537],[126.886174,37.485013],[126.886109,37.484938],[126.886021,37.484937],[126.885883,37.48509],[126.885626,37.48519],[126.885307,37.485427],[126.884923,37.485788],[126.884787,37.486032],[126.884236,37.486458],[126.883942,37.486576],[126.883663,37.48661],[126.883536,37.486704],[126.883208,37.486558],[126.882726,37.486721],[126.882571,37.486819],[126.882499,37.486801],[126.881897,37.486947],[126.881889,37.487027],[126.881659,37.487155],[126.881075,37.487366],[126.88102,37.487502],[126.88059,37.487454],[126.880428,37.487548],[126.880171,37.487447],[126.879991,37.487422],[126.879965,37.487474],[126.879349,37.496764],[126.879235,37.497761],[126.879283,37.498811],[126.879362,37.499215],[126.879438,37.499522],[126.879781,37.500394],[126.879552,37.500468],[126.877585,37.499571],[126.877587,37.50003],[126.872448,37.497697],[126.872448,37.497207],[126.870391,37.496253],[126.867544,37.495063],[126.867407,37.495553],[126.868012,37.495835],[126.868528,37.496014],[126.868394,37.496323],[126.868327,37.496603],[126.868373,37.497152],[126.868841,37.498476],[126.868931,37.498458],[126.868957,37.498492],[126.868922,37.498686],[126.869044,37.499037],[126.868956,37.499053],[126.868968,37.499086],[126.869057,37.499076],[126.869404,37.500015],[126.869622,37.500271],[126.869672,37.500385],[126.86974,37.500625],[126.869739,37.500945],[126.869691,37.501154],[126.870117,37.502176],[126.870944,37.502631],[126.87131,37.502717],[126.871642,37.502973],[126.871775,37.503227],[126.871796,37.50341],[126.871552,37.503823],[126.871548,37.503901],[126.871708,37.504077],[126.87187,37.504128],[126.872307,37.504083],[126.872675,37.503882],[126.873179,37.503781],[126.87358,37.50356],[126.873787,37.504274],[126.873731,37.504506],[126.873742,37.504719],[126.873876,37.504947],[126.87411,37.505148],[126.874422,37.506091],[126.874687,37.506532],[126.874733,37.506703],[126.874989,37.506765],[126.875045,37.506846],[126.875164,37.506808],[126.875628,37.506874],[126.875744,37.506817]]]}},{"type":"Feature","properties":{"code":"11170720","name":"개봉1동","guCode":"11170","guName":"구로구"},"geometry":{"type":"Polygon","coordinates":[[[126.845863,37.50681],[126.846177,37.506444],[126.846199,37.506323],[126.846436,37.506015],[126.84664,37.50561],[126.847133,37.505117],[126.847508,37.504469],[126.847672,37.504271],[126.847983,37.503704],[126.84795,37.50368],[126.848135,37.503427],[126.848287,37.50309],[126.848604,37.502766],[126.849145,37.502407],[126.849589,37.502023],[126.849804,37.501715],[126.849913,37.501398],[126.84991,37.50127],[126.850046,37.501297],[126.850246,37.501252],[126.850627,37.501058],[126.850665,37.500954],[126.850814,37.50101],[126.850894,37.500993],[126.850978,37.500804],[126.851192,37.500749],[126.851374,37.500644],[126.851861,37.50015],[126.852113,37.499994],[126.852471,37.499644],[126.852792,37.499465],[126.852954,37.499579],[126.853029,37.499513],[126.853021,37.499558],[126.853392,37.500298],[126.853525,37.500622],[126.853314,37.500688],[126.853598,37.501194],[126.853683,37.501258],[126.853545,37.501303],[126.853586,37.501386],[126.853721,37.501345],[126.85434,37.502107],[126.854442,37.502184],[126.854623,37.502541],[126.854674,37.50256],[126.854855,37.502512],[126.854878,37.502539],[126.855063,37.502457],[126.856087,37.502186],[126.856024,37.501966],[126.855987,37.501972],[126.855763,37.500858],[126.855809,37.500855],[126.855704,37.500016],[126.855586,37.500054],[126.855506,37.499293],[126.855816,37.498968],[126.856194,37.498798],[126.85665,37.498697],[126.856694,37.498648],[126.856593,37.498232],[126.856798,37.498174],[126.85667,37.497595],[126.856725,37.497522],[126.85737,37.497504],[126.858579,37.497353],[126.859483,37.497149],[126.859531,37.497113],[126.859536,37.497011],[126.86094,37.496877],[126.860954,37.496843],[126.861191,37.496834],[126.861299,37.496769],[126.861491,37.496805],[126.86188,37.496417],[126.862631,37.496416],[126.863206,37.496522],[126.863377,37.496088],[126.863613,37.496089],[126.864114,37.494793],[126.863897,37.494737],[126.864138,37.494114],[126.864434,37.494178],[126.864575,37.494301],[126.865202,37.494526],[126.867407,37.495553],[126.86761,37.494688],[126.866733,37.494568],[126.865564,37.494022],[126.864719,37.493922],[126.863899,37.493758],[126.863385,37.493722],[126.862369,37.493774],[126.860496,37.494145],[126.860474,37.494104],[126.8595,37.4943],[126.859456,37.494305],[126.859349,37.4942],[126.858635,37.494351],[126.858638,37.494468],[126.857948,37.49461],[126.857859,37.494576],[126.857705,37.494701],[126.854683,37.495302],[126.854109,37.495356],[126.854123,37.495422],[126.853146,37.495621],[126.85226,37.495791],[126.852178,37.495751],[126.851789,37.495774],[126.850963,37.496009],[126.851121,37.495911],[126.850835,37.495988],[126.850438,37.495987],[126.850166,37.49604],[126.849912,37.496385],[126.849789,37.49647],[126.848797,37.497677],[126.848588,37.497656],[126.848401,37.49774],[126.848217,37.497648],[126.847895,37.497761],[126.847635,37.497752],[126.847561,37.497888],[126.847021,37.497579],[126.847001,37.497625],[126.846858,37.497531],[126.846501,37.497726],[126.846598,37.497841],[126.845974,37.498032],[126.845649,37.498314],[126.845588,37.498449],[126.845336,37.498726],[126.84501,37.499241],[126.844746,37.499425],[126.844492,37.499488],[126.844136,37.49969],[126.843519,37.499752],[126.843505,37.499788],[126.843374,37.499809],[126.843131,37.499653],[126.842954,37.499669],[126.842948,37.49974],[126.842831,37.499755],[126.842701,37.499693],[126.842277,37.499808],[126.842202,37.499734],[126.84189,37.499941],[126.841562,37.499984],[126.841574,37.500082],[126.841089,37.500153],[126.840603,37.500094],[126.840272,37.499736],[126.840094,37.499693],[126.840061,37.499639],[126.839251,37.499967],[126.838665,37.500063],[126.837304,37.500167],[126.837132,37.500759],[126.836781,37.500834],[126.836476,37.500958],[126.83635,37.500812],[126.835712,37.500565],[126.836332,37.501382],[126.836291,37.502087],[126.836521,37.502564],[126.836413,37.503022],[126.836898,37.503284],[126.837502,37.503242],[126.837861,37.503496],[126.838176,37.503796],[126.838402,37.504353],[126.838804,37.504499],[126.839293,37.504399],[126.83958,37.504458],[126.83998,37.504873],[126.840111,37.505383],[126.840508,37.505484],[126.840637,37.505827],[126.840762,37.506016],[126.841182,37.50582],[126.842133,37.505631],[126.84245,37.505449],[126.842724,37.505462],[126.843571,37.505789],[126.844422,37.505658],[126.844414,37.505701],[126.844494,37.505792],[126.844505,37.505723],[126.84468,37.505755],[126.844359,37.506537],[126.844533,37.506758],[126.844835,37.507401],[126.845035,37.507595],[126.845159,37.507784],[126.845332,37.507811],[126.845565,37.507201],[126.845863,37.50681]]]}},{"type":"Feature","properties":{"code":"11170730","name":"오류2동","guCode":"11170","guName":"구로구"},"geometry":{"type":"Polygon","coordinates":[[[126.848208,37.494595],[126.848197,37.494538],[126.848465,37.494597],[126.848227,37.493626],[126.848038,37.493349],[126.848117,37.492951],[126.849187,37.492533],[126.84947,37.491709],[126.849438,37.491116],[126.84925,37.490973],[126.849008,37.490306],[126.848921,37.490329],[126.848823,37.490086],[126.848041,37.489678],[126.847706,37.489238],[126.847344,37.488863],[126.847272,37.488609],[126.846913,37.488113],[126.846051,37.487289],[126.846057,37.487196],[126.845419,37.486933],[126.844743,37.486867],[126.843904,37.486659],[126.844182,37.48641],[126.844801,37.486252],[126.845556,37.485919],[126.845846,37.485512],[126.845961,37.485478],[126.845871,37.485054],[126.84604,37.484538],[126.847623,37.484515],[126.847994,37.48432],[126.847398,37.483731],[126.847275,37.483763],[126.847346,37.483728],[126.847407,37.482764],[126.84758,37.482783],[126.847594,37.482465],[126.847264,37.482469],[126.847041,37.482346],[126.84699,37.482254],[126.846986,37.481894],[126.846624,37.48169],[126.846408,37.481495],[126.846219,37.48124],[126.846007,37.480798],[126.845934,37.480315],[126.845764,37.477811],[126.845361,37.473812],[126.844955,37.473472],[126.844915,37.473498],[126.844837,37.473725],[126.8447,37.473761],[126.844607,37.473845],[126.844553,37.473978],[126.844491,37.47398],[126.844447,37.474101],[126.844193,37.474015],[126.84396,37.474483],[126.843536,37.47454],[126.843264,37.474779],[126.842953,37.474925],[126.842782,37.474972],[126.842504,37.474961],[126.8423,37.474876],[126.841743,37.47482],[126.841032,37.474648],[126.840825,37.474658],[126.840109,37.474763],[126.839949,37.474862],[126.839695,37.475144],[126.839568,37.475192],[126.839234,37.475166],[126.838846,37.475309],[126.838512,37.475337],[126.838335,37.475414],[126.837987,37.475215],[126.837898,37.475209],[126.837755,37.47511],[126.837205,37.474881],[126.837124,37.474907],[126.836738,37.474864],[126.83662,37.474885],[126.83648,37.47483],[126.83618,37.474809],[126.836109,37.474676],[126.835947,37.47452],[126.835883,37.474461],[126.835768,37.474449],[126.835725,37.474384],[126.834834,37.474423],[126.83464,37.474363],[126.834614,37.47487],[126.834872,37.475751],[126.834496,37.476011],[126.83408,37.476415],[126.833932,37.476784],[126.83348,37.477156],[126.833327,37.477232],[126.833052,37.477246],[126.831748,37.477651],[126.831839,37.477809],[126.832477,37.47847],[126.832512,37.478972],[126.832651,37.479469],[126.832104,37.480417],[126.83216,37.481171],[126.830874,37.481442],[126.831044,37.481626],[126.831634,37.482577],[126.832152,37.482883],[126.832128,37.483577],[126.832177,37.483933],[126.830744,37.484794],[126.83037,37.484908],[126.829815,37.48573],[126.829565,37.48593],[126.829416,37.485999],[126.828809,37.486105],[126.828084,37.486937],[126.828292,37.487241],[126.828142,37.487923],[126.827773,37.48811],[126.827666,37.488424],[126.826079,37.488197],[126.825723,37.488342],[126.825402,37.48842],[126.82474,37.488513],[126.824256,37.488378],[126.823805,37.488325],[126.823883,37.48843],[126.824128,37.488616],[126.82409,37.488662],[126.824391,37.488844],[126.824186,37.488771],[126.824092,37.488793],[126.824371,37.489027],[126.824881,37.489367],[126.825098,37.489467],[126.825379,37.489759],[126.825671,37.489961],[126.826127,37.490422],[126.826567,37.49062],[126.827352,37.490833],[126.827558,37.490833],[126.827712,37.490882],[126.827712,37.491001],[126.827636,37.491116],[126.827788,37.491162],[126.827795,37.491453],[126.827533,37.491436],[126.827364,37.491747],[126.827304,37.49208],[126.827326,37.49236],[126.82712,37.492536],[126.827167,37.492576],[126.827112,37.492643],[126.827075,37.492813],[126.82714,37.493137],[126.828313,37.493153],[126.828697,37.493093],[126.831419,37.493163],[126.836113,37.493177],[126.837911,37.49323],[126.838037,37.493161],[126.83895,37.493228],[126.840422,37.493514],[126.840495,37.493402],[126.840629,37.49333],[126.840665,37.493369],[126.841457,37.493547],[126.841861,37.493542],[126.84243,37.493659],[126.8428,37.493861],[126.842802,37.493954],[126.842977,37.494017],[126.84363,37.49383],[126.843815,37.493979],[126.8441,37.494045],[126.843815,37.49368],[126.845464,37.494071],[126.845444,37.494096],[126.845692,37.494096],[126.848171,37.494663],[126.848208,37.494595]]]}},{"type":"Feature","properties":{"code":"11170740","name":"항동","guCode":"11170","guName":"구로구"},"geometry":{"type":"Polygon","coordinates":[[[126.824391,37.488844],[126.82409,37.488662],[126.824128,37.488616],[126.823883,37.48843],[126.823805,37.488325],[126.824256,37.488378],[126.82474,37.488513],[126.825402,37.48842],[126.825723,37.488342],[126.826079,37.488197],[126.827666,37.488424],[126.827773,37.48811],[126.828142,37.487923],[126.828292,37.487241],[126.828084,37.486937],[126.828809,37.486105],[126.829416,37.485999],[126.829565,37.48593],[126.829815,37.48573],[126.83037,37.484908],[126.830744,37.484794],[126.832177,37.483933],[126.832128,37.483577],[126.832152,37.482883],[126.831634,37.482577],[126.831044,37.481626],[126.830874,37.481442],[126.83217,37.481158],[126.832104,37.480417],[126.832651,37.479469],[126.832512,37.478972],[126.832477,37.47847],[126.831839,37.477809],[126.831748,37.477651],[126.830458,37.477339],[126.829622,37.476895],[126.829537,37.476596],[126.829204,37.476195],[126.827872,37.475989],[126.826267,37.476201],[126.825421,37.476226],[126.82415,37.47616],[126.824108,37.476352],[126.823951,37.476472],[126.823817,37.476388],[126.823654,37.476131],[126.823474,37.476138],[126.823416,37.4761],[126.823148,37.476122],[126.82318,37.475946],[126.822948,37.475968],[126.822777,37.475932],[126.822633,37.475834],[126.822107,37.475748],[126.821949,37.475534],[126.821913,37.475286],[126.821718,37.47522],[126.821668,37.475481],[126.821733,37.476107],[126.821779,37.476203],[126.821571,37.476262],[126.82148,37.476216],[126.821236,37.476211],[126.821226,37.476266],[126.82115,37.476301],[126.820619,37.476253],[126.820161,37.476269],[126.820061,37.476204],[126.819866,37.476223],[126.819576,37.476355],[126.819308,37.476289],[126.819079,37.476133],[126.819052,37.4755],[126.819069,37.475449],[126.819413,37.475179],[126.819283,37.475177],[126.818822,37.475327],[126.818807,37.47524],[126.818321,37.475299],[126.818633,37.474081],[126.817918,37.473689],[126.81764,37.473188],[126.817076,37.473288],[126.816953,37.473679],[126.816562,37.473994],[126.815473,37.47405],[126.814816,37.474553],[126.814629,37.474649],[126.814965,37.47586],[126.815296,37.476362],[126.816109,37.476745],[126.816072,37.47708],[126.816411,37.477537],[126.81721,37.478135],[126.818256,37.478164],[126.818997,37.479162],[126.819367,37.479863],[126.819543,37.480323],[126.819598,37.480614],[126.819578,37.480793],[126.819986,37.481644],[126.819963,37.481891],[126.819555,37.482517],[126.819502,37.483028],[126.819391,37.483309],[126.819573,37.483652],[126.819308,37.484183],[126.819327,37.484285],[126.819468,37.48452],[126.819492,37.484809],[126.81929,37.485475],[126.819785,37.485665],[126.819746,37.485734],[126.819928,37.485804],[126.819964,37.48577],[126.820115,37.485768],[126.820175,37.485787],[126.820134,37.485806],[126.820202,37.485892],[126.820328,37.485837],[126.821292,37.486177],[126.821637,37.486516],[126.822391,37.486723],[126.822483,37.486922],[126.823587,37.487742],[126.823561,37.487775],[126.823506,37.487735],[126.823383,37.487838],[126.823236,37.487801],[126.823198,37.487879],[126.823268,37.487908],[126.823246,37.487953],[126.823011,37.48815],[126.823039,37.488252],[126.823086,37.488272],[126.823041,37.488381],[126.823158,37.488398],[126.823168,37.488148],[126.823664,37.488459],[126.824049,37.488805],[126.824186,37.488771],[126.824391,37.488844]]]}},{"type":"Feature","properties":{"code":"11180510","name":"가산동","guCode":"11180","guName":"금천구"},"geometry":{"type":"Polygon","coordinates":[[[126.879392,37.486254],[126.881354,37.485563],[126.882724,37.48475],[126.884366,37.483587],[126.88573,37.482683],[126.886155,37.48235],[126.88773,37.480441],[126.888785,37.47979],[126.889882,37.47939],[126.895084,37.478505],[126.895851,37.478507],[126.895871,37.478339],[126.896676,37.475819],[126.894099,37.474535],[126.894645,37.473839],[126.89403,37.473533],[126.893878,37.472216],[126.890545,37.47234],[126.889216,37.471951],[126.886987,37.472034],[126.888051,37.469675],[126.889206,37.466961],[126.889317,37.46703],[126.889454,37.466763],[126.889519,37.466509],[126.889596,37.466431],[126.890177,37.465081],[126.889744,37.464952],[126.889398,37.465762],[126.885799,37.464263],[126.884574,37.465648],[126.884618,37.466012],[126.884321,37.466474],[126.883994,37.466669],[126.883276,37.466857],[126.883014,37.467064],[126.882722,37.467712],[126.88253,37.467934],[126.881947,37.468214],[126.881631,37.468459],[126.881511,37.468721],[126.881447,37.468996],[126.881468,37.469157],[126.881593,37.469417],[126.880443,37.470717],[126.880204,37.470935],[126.88004,37.471215],[126.878011,37.473828],[126.875986,37.477104],[126.874266,37.480417],[126.874199,37.48048],[126.874179,37.480552],[126.874208,37.480606],[126.873379,37.482434],[126.873189,37.482284],[126.872971,37.48227],[126.872744,37.482425],[126.872787,37.483489],[126.872858,37.483657],[126.873234,37.484001],[126.873295,37.484092],[126.873297,37.484181],[126.872784,37.48437],[126.872208,37.484433],[126.871797,37.484997],[126.871763,37.485269],[126.872031,37.4856],[126.872232,37.485762],[126.872445,37.48611],[126.872735,37.48624],[126.872895,37.486252],[126.873137,37.486152],[126.873625,37.48564],[126.873813,37.485322],[126.87394,37.485249],[126.874219,37.485188],[126.874556,37.485367],[126.875226,37.485481],[126.87661,37.485835],[126.876899,37.485922],[126.876884,37.485945],[126.877655,37.486067],[126.877661,37.4861],[126.877943,37.486227],[126.87788,37.486227],[126.878145,37.48639],[126.878458,37.486672],[126.879392,37.486254]]]}},{"type":"Feature","properties":{"code":"11180520","name":"독산1동","guCode":"11180","guName":"금천구"},"geometry":{"type":"Polygon","coordinates":[[[126.898881,37.478516],[126.898322,37.472782],[126.898604,37.472764],[126.898445,37.471134],[126.897879,37.471133],[126.897702,37.469331],[126.897984,37.469331],[126.897707,37.466498],[126.89763,37.466499],[126.897323,37.463572],[126.897417,37.462641],[126.897703,37.461717],[126.898063,37.460806],[126.898759,37.459399],[126.896798,37.458859],[126.897099,37.458107],[126.897103,37.457991],[126.89715,37.458008],[126.897195,37.457871],[126.897036,37.457781],[126.896706,37.457729],[126.896749,37.4577],[126.896693,37.457538],[126.896798,37.457439],[126.896773,37.457424],[126.896609,37.4574],[126.896507,37.45751],[126.896191,37.457505],[126.896189,37.457428],[126.895691,37.457327],[126.895501,37.457368],[126.895049,37.457118],[126.894821,37.457078],[126.894339,37.457147],[126.893907,37.457324],[126.893189,37.45804],[126.892849,37.457931],[126.893427,37.456183],[126.893989,37.454933],[126.895078,37.452799],[126.895041,37.452688],[126.895077,37.452604],[126.89483,37.452443],[126.893808,37.452783],[126.893614,37.452823],[126.893376,37.452806],[126.893255,37.452763],[126.893063,37.452602],[126.89276,37.452039],[126.892588,37.451949],[126.892391,37.451999],[126.892224,37.452205],[126.892104,37.45228],[126.891964,37.452304],[126.891365,37.452211],[126.891049,37.452242],[126.890724,37.45232],[126.890509,37.452441],[126.89021,37.452504],[126.88985,37.452277],[126.889642,37.452315],[126.889561,37.452432],[126.889504,37.452701],[126.889648,37.453319],[126.889653,37.453599],[126.889517,37.45377],[126.889085,37.453972],[126.889021,37.454167],[126.889265,37.454482],[126.889286,37.454575],[126.889203,37.454724],[126.88888,37.454728],[126.888764,37.454766],[126.888341,37.45509],[126.888199,37.4554],[126.888115,37.455524],[126.888017,37.455579],[126.887373,37.455463],[126.887242,37.455504],[126.886682,37.455928],[126.886532,37.45613],[126.886403,37.456173],[126.886265,37.456363],[126.886185,37.456523],[126.886109,37.456948],[126.885869,37.457588],[126.885947,37.457894],[126.886322,37.458451],[126.886374,37.458715],[126.886337,37.458957],[126.886198,37.459241],[126.885941,37.45934],[126.885511,37.459373],[126.885377,37.459469],[126.88534,37.459637],[126.88535,37.459863],[126.885399,37.460009],[126.885367,37.460056],[126.885431,37.460091],[126.88565,37.460431],[126.886128,37.4609],[126.886826,37.46093],[126.887474,37.461066],[126.887859,37.460997],[126.888336,37.460781],[126.888631,37.460788],[126.888769,37.460833],[126.888876,37.460947],[126.887122,37.462904],[126.886245,37.462798],[126.885836,37.462702],[126.885457,37.462526],[126.885141,37.462468],[126.884317,37.462724],[126.884182,37.462809],[126.883782,37.463182],[126.883419,37.463674],[126.882746,37.464391],[126.882774,37.464829],[126.882873,37.464962],[126.883148,37.465128],[126.884185,37.465385],[126.884345,37.465457],[126.884568,37.465655],[126.885799,37.464263],[126.889398,37.465762],[126.889744,37.464952],[126.890177,37.465081],[126.889596,37.466431],[126.889519,37.466509],[126.889454,37.466763],[126.889317,37.46703],[126.889206,37.466961],[126.888051,37.469675],[126.886987,37.472034],[126.889216,37.471951],[126.890545,37.47234],[126.893878,37.472216],[126.89403,37.473533],[126.894645,37.473839],[126.894099,37.474535],[126.896676,37.475819],[126.895871,37.478339],[126.896212,37.478339],[126.896212,37.478672],[126.89899,37.479149],[126.898881,37.478516]]]}},{"type":"Feature","properties":{"code":"11180530","name":"독산2동","guCode":"11180","guName":"금천구"},"geometry":{"type":"Polygon","coordinates":[[[126.909367,37.467024],[126.909364,37.466957],[126.909865,37.466864],[126.910501,37.46694],[126.911001,37.466744],[126.911609,37.466789],[126.911654,37.466831],[126.9124,37.466274],[126.912414,37.465891],[126.911735,37.465601],[126.911618,37.465517],[126.910708,37.465418],[126.909521,37.465641],[126.909423,37.465566],[126.909314,37.465176],[126.909237,37.465086],[126.908897,37.464896],[126.908345,37.464853],[126.908094,37.464542],[126.907858,37.464565],[126.907565,37.464509],[126.907345,37.464389],[126.907092,37.464419],[126.906751,37.464091],[126.906656,37.463932],[126.906265,37.463645],[126.905964,37.463566],[126.905347,37.463728],[126.905217,37.463721],[126.905115,37.463663],[126.904993,37.463123],[126.904984,37.46279],[126.904914,37.462704],[126.904052,37.462732],[126.904365,37.462294],[126.903158,37.462143],[126.902586,37.462251],[126.902455,37.460599],[126.901745,37.459889],[126.901813,37.459439],[126.901014,37.459017],[126.900518,37.459012],[126.899901,37.458466],[126.900145,37.458146],[126.89929,37.457952],[126.899171,37.458381],[126.898759,37.459399],[126.898063,37.460806],[126.897703,37.461717],[126.897417,37.462641],[126.897323,37.463572],[126.89763,37.466499],[126.901726,37.466465],[126.904324,37.466813],[126.904846,37.46701],[126.905092,37.467035],[126.905329,37.466988],[126.905714,37.467085],[126.905943,37.467217],[126.906435,37.467365],[126.906782,37.467417],[126.907728,37.467322],[126.90808,37.467224],[126.908347,37.467223],[126.908307,37.467201],[126.908621,37.467082],[126.909367,37.467024]]]}},{"type":"Feature","properties":{"code":"11180540","name":"독산3동","guCode":"11180","guName":"금천구"},"geometry":{"type":"Polygon","coordinates":[[[126.909013,37.480018],[126.909104,37.479639],[126.908821,37.479554],[126.90877,37.479507],[126.908693,37.479404],[126.908779,37.479266],[126.908651,37.47908],[126.90946,37.478027],[126.909824,37.478208],[126.910471,37.478355],[126.910512,37.478166],[126.910641,37.478052],[126.911072,37.478133],[126.9116,37.478117],[126.911834,37.477821],[126.911808,37.476854],[126.911616,37.476302],[126.911355,37.475982],[126.911362,37.47579],[126.911181,37.475212],[126.911313,37.474939],[126.911294,37.474798],[126.911359,37.474507],[126.911073,37.474213],[126.911024,37.473916],[126.910745,37.47362],[126.910526,37.473596],[126.910023,37.473418],[126.909942,37.473298],[126.909608,37.473201],[126.909286,37.473173],[126.908658,37.472969],[126.9082,37.472686],[126.908165,37.472759],[126.90771,37.47223],[126.907636,37.472057],[126.907481,37.471963],[126.906772,37.471891],[126.906536,37.471757],[126.906367,37.47197],[126.90308,37.472356],[126.902958,37.471104],[126.902903,37.470937],[126.902805,37.470897],[126.901623,37.471136],[126.900759,37.471136],[126.900436,37.471201],[126.898582,37.471313],[126.898454,37.471224],[126.898604,37.472764],[126.898322,37.472782],[126.898943,37.47894],[126.905239,37.480113],[126.905516,37.479984],[126.909786,37.480766],[126.909935,37.480252],[126.908999,37.480078],[126.909013,37.480018]]]}},{"type":"Feature","properties":{"code":"11180550","name":"독산4동","guCode":"11180","guName":"금천구"},"geometry":{"type":"Polygon","coordinates":[[[126.908789,37.47178],[126.909588,37.4707],[126.909544,37.470472],[126.909799,37.470067],[126.909816,37.469912],[126.90995,37.469803],[126.910253,37.46925],[126.909963,37.468774],[126.911041,37.468084],[126.911112,37.46775],[126.911638,37.467142],[126.911654,37.466831],[126.911609,37.466789],[126.911001,37.466744],[126.910501,37.46694],[126.909865,37.466864],[126.909364,37.466957],[126.909367,37.467024],[126.908621,37.467082],[126.908307,37.467201],[126.908347,37.467223],[126.90808,37.467224],[126.907728,37.467322],[126.906782,37.467417],[126.906435,37.467365],[126.905943,37.467217],[126.905714,37.467085],[126.905329,37.466988],[126.905092,37.467035],[126.904846,37.46701],[126.904324,37.466813],[126.901726,37.466465],[126.897709,37.466512],[126.897984,37.469331],[126.897702,37.469331],[126.897879,37.471133],[126.898445,37.471134],[126.898454,37.471224],[126.898582,37.471313],[126.900436,37.471201],[126.900759,37.471136],[126.901623,37.471136],[126.902805,37.470897],[126.902903,37.470937],[126.902958,37.471104],[126.90308,37.472356],[126.906367,37.47197],[126.906536,37.471757],[126.906772,37.471891],[126.907481,37.471963],[126.907636,37.472057],[126.90771,37.47223],[126.908165,37.472759],[126.908436,37.472276],[126.908624,37.472148],[126.908789,37.47178]]]}},{"type":"Feature","properties":{"code":"11180570","name":"시흥1동","guCode":"11180","guName":"금천구"},"geometry":{"type":"Polygon","coordinates":[[[126.90442,37.462198],[126.904534,37.462],[126.906142,37.453989],[126.905926,37.450904],[126.905704,37.449836],[126.905381,37.449402],[126.90475,37.448977],[126.902921,37.448521],[126.903322,37.447435],[126.903483,37.447447],[126.903681,37.446361],[126.903427,37.446328],[126.902673,37.44603],[126.902676,37.446119],[126.902578,37.446306],[126.90202,37.446208],[126.90214,37.4456],[126.901406,37.445319],[126.901137,37.445295],[126.90093,37.445358],[126.900993,37.445041],[126.900929,37.444721],[126.900856,37.444523],[126.900602,37.444295],[126.899882,37.444359],[126.899583,37.444322],[126.899124,37.444509],[126.899039,37.444495],[126.90097,37.4401],[126.900901,37.439852],[126.900641,37.439626],[126.900614,37.439738],[126.900558,37.439717],[126.900311,37.440308],[126.899811,37.440269],[126.899585,37.440367],[126.899222,37.44106],[126.898999,37.441179],[126.898894,37.441481],[126.898779,37.442059],[126.897269,37.445437],[126.896991,37.445615],[126.896764,37.445704],[126.896333,37.445727],[126.895782,37.445633],[126.895505,37.445778],[126.89531,37.44621],[126.895018,37.446684],[126.894736,37.446561],[126.89465,37.446698],[126.894738,37.447089],[126.894697,37.44734],[126.894726,37.447631],[126.895004,37.448223],[126.895235,37.448374],[126.895581,37.448334],[126.89605,37.448043],[126.894815,37.450862],[126.894604,37.451159],[126.893983,37.452717],[126.89483,37.452443],[126.895077,37.452604],[126.895041,37.452688],[126.895078,37.452799],[126.893989,37.454933],[126.893427,37.456183],[126.892849,37.457931],[126.893189,37.45804],[126.893907,37.457324],[126.894339,37.457147],[126.894821,37.457078],[126.895049,37.457118],[126.895501,37.457368],[126.895691,37.457327],[126.896189,37.457428],[126.896191,37.457505],[126.896507,37.45751],[126.896609,37.4574],[126.896773,37.457424],[126.896798,37.457439],[126.896693,37.457538],[126.896749,37.4577],[126.896706,37.457729],[126.897036,37.457781],[126.897195,37.457871],[126.89715,37.458008],[126.897103,37.457991],[126.897099,37.458107],[126.896798,37.458859],[126.898743,37.459395],[126.899171,37.458381],[126.89929,37.457952],[126.900145,37.458146],[126.899901,37.458466],[126.900518,37.459012],[126.901014,37.459017],[126.901813,37.459439],[126.901745,37.459889],[126.902455,37.460599],[126.902586,37.462251],[126.903158,37.462143],[126.904342,37.462298],[126.90442,37.462198]]]}},{"type":"Feature","properties":{"code":"11180580","name":"시흥2동","guCode":"11180","guName":"금천구"},"geometry":{"type":"Polygon","coordinates":[[[126.917143,37.457405],[126.91729,37.457338],[126.917481,37.457112],[126.918334,37.456909],[126.919141,37.456898],[126.919635,37.456759],[126.920874,37.45683],[126.922187,37.456624],[126.92251,37.456332],[126.922823,37.455156],[126.923083,37.454529],[126.923308,37.454224],[126.923821,37.453937],[126.924183,37.45368],[126.924247,37.453399],[126.924779,37.452844],[126.925424,37.45301],[126.925655,37.452931],[126.926263,37.45254],[126.926659,37.451774],[126.92729,37.451008],[126.927869,37.451099],[126.928366,37.451012],[126.928452,37.450811],[126.92851,37.450545],[126.928399,37.450212],[126.92828,37.449353],[126.927745,37.448978],[126.926518,37.448391],[126.926018,37.447702],[126.924982,37.446782],[126.923996,37.44621],[126.923993,37.446141],[126.923253,37.445773],[126.922897,37.445173],[126.922947,37.444873],[126.922763,37.444041],[126.922358,37.443704],[126.922007,37.443251],[126.921195,37.443936],[126.920838,37.444479],[126.919445,37.445202],[126.918193,37.445708],[126.917975,37.445829],[126.917001,37.446591],[126.916169,37.44706],[126.914823,37.447394],[126.913953,37.448212],[126.912659,37.448469],[126.912252,37.448754],[126.912109,37.449078],[126.912106,37.449286],[126.911992,37.449275],[126.911967,37.44938],[126.912227,37.449809],[126.912277,37.449999],[126.912207,37.450052],[126.912409,37.450124],[126.912465,37.45022],[126.912654,37.450827],[126.912621,37.450961],[126.913114,37.45172],[126.913357,37.451841],[126.913865,37.451991],[126.914192,37.451977],[126.914378,37.452082],[126.914506,37.452207],[126.914526,37.45226],[126.914378,37.452296],[126.91369,37.452341],[126.913655,37.45278],[126.913777,37.452874],[126.91372,37.452917],[126.913972,37.453169],[126.914095,37.453218],[126.914466,37.453107],[126.914532,37.453049],[126.9147,37.453036],[126.914934,37.453446],[126.914879,37.45348],[126.914858,37.45359],[126.914818,37.453517],[126.914682,37.453833],[126.914951,37.453933],[126.914943,37.453989],[126.915009,37.453888],[126.91523,37.454226],[126.914958,37.454326],[126.914501,37.45431],[126.914309,37.454446],[126.913965,37.454549],[126.913687,37.454374],[126.913594,37.454545],[126.913817,37.455011],[126.913746,37.455536],[126.913781,37.455982],[126.914094,37.456082],[126.914118,37.456381],[126.914427,37.456753],[126.914752,37.457395],[126.914981,37.457313],[126.915577,37.457404],[126.916466,37.457384],[126.916916,37.457509],[126.917143,37.457405]]]}},{"type":"Feature","properties":{"code":"11180590","name":"시흥3동","guCode":"11180","guName":"금천구"},"geometry":{"type":"Polygon","coordinates":[[[126.904674,37.446393],[126.905067,37.446355],[126.905562,37.446435],[126.905876,37.446409],[126.906039,37.446453],[126.906145,37.446413],[126.906362,37.446753],[126.906895,37.446892],[126.90697,37.446655],[126.906932,37.446647],[126.906932,37.44658],[126.906858,37.446567],[126.906888,37.446414],[126.907028,37.446431],[126.907253,37.445581],[126.907191,37.445566],[126.9071,37.445357],[126.907645,37.444931],[126.908259,37.444675],[126.908783,37.444106],[126.909092,37.444076],[126.909826,37.443545],[126.910739,37.443295],[126.912052,37.442372],[126.912876,37.441549],[126.913405,37.440309],[126.913891,37.439307],[126.91319,37.439095],[126.912809,37.43872],[126.912309,37.438579],[126.911802,37.437766],[126.911432,37.437623],[126.9112,37.437187],[126.911333,37.436171],[126.910678,37.435498],[126.910611,37.435264],[126.910223,37.434824],[126.910028,37.434324],[126.909396,37.43386],[126.90914,37.433837],[126.908549,37.433682],[126.907934,37.433725],[126.907254,37.433518],[126.907089,37.433547],[126.907069,37.43363],[126.906928,37.433699],[126.906748,37.433673],[126.906591,37.433718],[126.906687,37.433678],[126.906603,37.433597],[126.906471,37.433707],[126.906505,37.433744],[126.90648,37.433794],[126.906368,37.433702],[126.906233,37.433881],[126.906084,37.433995],[126.904818,37.433994],[126.90375,37.434105],[126.903526,37.434162],[126.903386,37.434112],[126.902988,37.434068],[126.902789,37.434776],[126.902804,37.435642],[126.90276,37.435642],[126.902751,37.435862],[126.902459,37.436028],[126.902457,37.435996],[126.902342,37.435989],[126.90231,37.436123],[126.902206,37.436201],[126.901589,37.436551],[126.901068,37.436926],[126.900849,37.436984],[126.900547,37.437323],[126.900439,37.4376],[126.900337,37.437733],[126.899931,37.437986],[126.89965,37.43828],[126.899512,37.438351],[126.899145,37.438668],[126.898978,37.438702],[126.898756,37.439277],[126.898867,37.439405],[126.899281,37.439644],[126.899926,37.439556],[126.899585,37.440367],[126.899811,37.440269],[126.900311,37.440308],[126.900558,37.439717],[126.900614,37.439738],[126.900641,37.439626],[126.900901,37.439852],[126.90097,37.4401],[126.899039,37.444495],[126.899124,37.444509],[126.899583,37.444322],[126.899882,37.444359],[126.900602,37.444295],[126.900856,37.444523],[126.900929,37.444721],[126.900993,37.445041],[126.90093,37.445358],[126.901137,37.445295],[126.901406,37.445319],[126.90214,37.4456],[126.90202,37.446208],[126.902578,37.446306],[126.902676,37.446119],[126.902673,37.44603],[126.903427,37.446328],[126.903681,37.446361],[126.903483,37.447447],[126.90421,37.447612],[126.904596,37.446491],[126.904674,37.446393]]]}},{"type":"Feature","properties":{"code":"11180600","name":"시흥4동","guCode":"11180","guName":"금천구"},"geometry":{"type":"Polygon","coordinates":[[[126.913565,37.465455],[126.913724,37.465469],[126.913237,37.46462],[126.912948,37.464241],[126.912902,37.46401],[126.912969,37.463622],[126.913298,37.463116],[126.913734,37.462851],[126.913952,37.461998],[126.914412,37.461613],[126.914381,37.46143],[126.914192,37.460998],[126.914266,37.459931],[126.91404,37.45947],[126.914278,37.458913],[126.914025,37.458457],[126.914026,37.45789],[126.91325,37.458008],[126.913272,37.457661],[126.912721,37.457584],[126.911987,37.457071],[126.911928,37.45675],[126.911511,37.456176],[126.911175,37.456273],[126.909985,37.455729],[126.909614,37.455664],[126.90951,37.455227],[126.909418,37.455161],[126.909388,37.455045],[126.909306,37.454949],[126.90943,37.454711],[126.909103,37.453804],[126.909025,37.453826],[126.908812,37.453245],[126.906946,37.453686],[126.90613,37.453699],[126.906142,37.453989],[126.904534,37.462],[126.904052,37.462732],[126.904914,37.462704],[126.904984,37.46279],[126.904993,37.463123],[126.905115,37.463663],[126.905217,37.463721],[126.905347,37.463728],[126.905964,37.463566],[126.906265,37.463645],[126.906656,37.463932],[126.906751,37.464091],[126.907092,37.464419],[126.907345,37.464389],[126.907565,37.464509],[126.907858,37.464565],[126.908094,37.464542],[126.908345,37.464853],[126.908897,37.464896],[126.909237,37.465086],[126.909314,37.465176],[126.909423,37.465566],[126.909521,37.465641],[126.910708,37.465418],[126.911618,37.465517],[126.911735,37.465601],[126.912414,37.465891],[126.91256,37.465759],[126.913067,37.465693],[126.913565,37.465455]]]}},{"type":"Feature","properties":{"code":"11180610","name":"시흥5동","guCode":"11180","guName":"금천구"},"geometry":{"type":"Polygon","coordinates":[[[126.91325,37.458008],[126.91403,37.457905],[126.914577,37.457457],[126.914752,37.457395],[126.914427,37.456753],[126.914118,37.456381],[126.914094,37.456082],[126.913781,37.455982],[126.913746,37.455536],[126.913817,37.455011],[126.913594,37.454545],[126.913687,37.454374],[126.913965,37.454549],[126.914309,37.454446],[126.914501,37.45431],[126.914958,37.454326],[126.91523,37.454226],[126.915009,37.453888],[126.914943,37.453989],[126.914951,37.453933],[126.914682,37.453833],[126.914818,37.453517],[126.914858,37.45359],[126.914879,37.45348],[126.914934,37.453446],[126.9147,37.453036],[126.914532,37.453049],[126.914466,37.453107],[126.914095,37.453218],[126.913972,37.453169],[126.91372,37.452917],[126.913777,37.452874],[126.913655,37.45278],[126.91369,37.452341],[126.914378,37.452296],[126.914526,37.45226],[126.914506,37.452207],[126.914378,37.452082],[126.914192,37.451977],[126.913865,37.451991],[126.913357,37.451841],[126.913114,37.45172],[126.912621,37.450961],[126.912654,37.450827],[126.912465,37.45022],[126.912409,37.450124],[126.912207,37.450052],[126.912277,37.449999],[126.912227,37.449809],[126.911967,37.44938],[126.911992,37.449275],[126.912106,37.449286],[126.912109,37.449078],[126.912252,37.448754],[126.912659,37.448469],[126.913953,37.448212],[126.914823,37.447394],[126.916169,37.44706],[126.917001,37.446591],[126.917975,37.445829],[126.918193,37.445708],[126.919445,37.445202],[126.920838,37.444479],[126.921195,37.443936],[126.922007,37.443251],[126.921657,37.442806],[126.921169,37.442546],[126.920699,37.44152],[126.920382,37.440598],[126.920275,37.440466],[126.919264,37.439852],[126.917857,37.44015],[126.916125,37.440053],[126.914829,37.439379],[126.913891,37.439307],[126.913405,37.440309],[126.912876,37.441549],[126.912052,37.442372],[126.910739,37.443295],[126.909826,37.443545],[126.909092,37.444076],[126.908783,37.444106],[126.908259,37.444675],[126.907645,37.444931],[126.9071,37.445357],[126.907191,37.445566],[126.907253,37.445581],[126.907028,37.446431],[126.906888,37.446414],[126.906858,37.446567],[126.906932,37.44658],[126.906932,37.446647],[126.90697,37.446655],[126.906895,37.446892],[126.906362,37.446753],[126.906145,37.446413],[126.906039,37.446453],[126.905876,37.446409],[126.905562,37.446435],[126.905067,37.446355],[126.904664,37.446394],[126.904596,37.446491],[126.90421,37.447612],[126.903322,37.447435],[126.902921,37.448521],[126.90475,37.448977],[126.905381,37.449402],[126.905704,37.449836],[126.905926,37.450904],[126.90613,37.453699],[126.906946,37.453686],[126.908812,37.453245],[126.909025,37.453826],[126.909103,37.453804],[126.90943,37.454711],[126.909306,37.454949],[126.909388,37.455045],[126.909418,37.455161],[126.90951,37.455227],[126.909614,37.455664],[126.909985,37.455729],[126.911175,37.456273],[126.911511,37.456176],[126.911928,37.45675],[126.911987,37.457071],[126.912721,37.457584],[126.913272,37.457661],[126.91325,37.458008]]]}},{"type":"Feature","properties":{"code":"11190540","name":"여의동","guCode":"11190","guName":"영등포구"},"geometry":{"type":"Polygon","coordinates":[[[126.924781,37.539761],[126.924859,37.539769],[126.925368,37.539625],[126.925864,37.539458],[126.92618,37.539284],[126.926837,37.539087],[126.9271,37.539035],[126.927282,37.539135],[126.927665,37.539076],[126.930338,37.541363],[126.932898,37.540531],[126.938558,37.537835],[126.944218,37.534239],[126.947172,37.530632],[126.947416,37.530163],[126.949877,37.527029],[126.949887,37.517508],[126.94956,37.517614],[126.939283,37.516077],[126.935487,37.51595],[126.934708,37.515893],[126.934138,37.515913],[126.932386,37.515575],[126.928996,37.515419],[126.925754,37.515613],[126.923669,37.516502],[126.91873,37.51806],[126.917356,37.518985],[126.916106,37.519695],[126.913575,37.522479],[126.911077,37.526292],[126.910283,37.528267],[126.909169,37.530819],[126.908178,37.532817],[126.907595,37.536104],[126.906535,37.539354],[126.904831,37.541417],[126.922414,37.54143],[126.922834,37.540619],[126.923076,37.540455],[126.924781,37.539761]]]}},{"type":"Feature","properties":{"code":"11190550","name":"당산1동","guCode":"11190","guName":"영등포구"},"geometry":{"type":"Polygon","coordinates":[[[126.902797,37.52597],[126.902722,37.525961],[126.902612,37.525759],[126.902516,37.52541],[126.90218,37.524614],[126.901827,37.523539],[126.901013,37.520727],[126.900924,37.519845],[126.900965,37.519467],[126.901123,37.518804],[126.900542,37.519242],[126.900007,37.519441],[126.891633,37.520749],[126.891702,37.521092],[126.891599,37.521213],[126.891441,37.521527],[126.89136,37.521894],[126.89138,37.522077],[126.892584,37.52706],[126.892741,37.527437],[126.894144,37.529231],[126.897115,37.527749],[126.902919,37.526096],[126.902884,37.526021],[126.902797,37.52597]]]}},{"type":"Feature","properties":{"code":"11190560","name":"당산2동","guCode":"11190","guName":"영등포구"},"geometry":{"type":"Polygon","coordinates":[[[126.904193,37.542166],[126.906535,37.539354],[126.907595,37.536104],[126.908178,37.532817],[126.909169,37.530819],[126.910283,37.528267],[126.911057,37.526342],[126.91068,37.526289],[126.910701,37.52625],[126.910363,37.526242],[126.910318,37.526328],[126.909868,37.526179],[126.909662,37.526153],[126.90961,37.526239],[126.909346,37.52615],[126.90929,37.526253],[126.909021,37.526159],[126.909065,37.526073],[126.908831,37.526042],[126.908796,37.526119],[126.908481,37.52601],[126.908499,37.52598],[126.908088,37.52585],[126.907974,37.526031],[126.907838,37.525971],[126.907962,37.525797],[126.907588,37.525638],[126.90747,37.525812],[126.907084,37.525663],[126.906763,37.526399],[126.906562,37.527118],[126.906453,37.52801],[126.906487,37.528446],[126.906522,37.528445],[126.906533,37.528581],[126.906411,37.528583],[126.906424,37.528837],[126.906712,37.528834],[126.906902,37.530848],[126.906473,37.53086],[126.906502,37.531431],[126.906592,37.531428],[126.906645,37.532521],[126.906817,37.532668],[126.906834,37.532751],[126.905747,37.531999],[126.905443,37.53215],[126.905027,37.531167],[126.904908,37.530668],[126.904133,37.528914],[126.904111,37.528926],[126.902919,37.526096],[126.897122,37.527746],[126.894144,37.529231],[126.900626,37.537493],[126.899484,37.538264],[126.898868,37.538748],[126.898331,37.539001],[126.89703,37.539885],[126.897,37.539906],[126.897045,37.539963],[126.896611,37.540227],[126.896579,37.5402],[126.896495,37.540228],[126.89537,37.540999],[126.893317,37.542092],[126.893856,37.54222],[126.894491,37.542143],[126.895228,37.541929],[126.895677,37.541713],[126.895749,37.541919],[126.896044,37.542467],[126.896527,37.542992],[126.897848,37.542462],[126.898124,37.542717],[126.898221,37.542647],[126.898374,37.542773],[126.898654,37.542587],[126.898618,37.542512],[126.899063,37.542187],[126.89968,37.541985],[126.900124,37.54178],[126.900374,37.541957],[126.900531,37.542129],[126.900734,37.542191],[126.900801,37.542102],[126.901,37.542228],[126.901009,37.542343],[126.900947,37.542442],[126.900672,37.542651],[126.900724,37.542724],[126.900656,37.542804],[126.901052,37.543122],[126.901515,37.543292],[126.901537,37.543413],[126.901586,37.543447],[126.901483,37.543556],[126.902191,37.544128],[126.903802,37.542635],[126.904193,37.542166]]]}},{"type":"Feature","properties":{"code":"11190610","name":"양평1동","guCode":"11190","guName":"영등포구"},"geometry":{"type":"Polygon","coordinates":[[[126.890445,37.531129],[126.890445,37.530948],[126.890506,37.530961],[126.892375,37.530033],[126.892399,37.530064],[126.892707,37.529912],[126.892683,37.529883],[126.892729,37.529711],[126.892589,37.529531],[126.893191,37.529571],[126.894069,37.529136],[126.892741,37.527437],[126.892584,37.52706],[126.89138,37.522077],[126.89136,37.521894],[126.891441,37.521527],[126.891599,37.521213],[126.891702,37.521092],[126.891633,37.520749],[126.885286,37.521727],[126.885,37.520567],[126.884948,37.520575],[126.881905,37.521037],[126.881705,37.522617],[126.881294,37.522647],[126.881308,37.522507],[126.880001,37.522824],[126.879645,37.522792],[126.879349,37.522722],[126.879242,37.522633],[126.879174,37.522657],[126.879032,37.522613],[126.878924,37.522918],[126.87889,37.523147],[126.878917,37.523678],[126.87886,37.524088],[126.878621,37.524643],[126.878609,37.525069],[126.87882,37.525427],[126.879049,37.525601],[126.879285,37.525715],[126.880545,37.525745],[126.880709,37.52578],[126.880941,37.525911],[126.881128,37.526143],[126.881184,37.526349],[126.881173,37.526545],[126.880674,37.527134],[126.880622,37.527267],[126.880605,37.527401],[126.880677,37.527538],[126.880802,37.527631],[126.881179,37.527781],[126.881347,37.527762],[126.881911,37.527618],[126.882718,37.527238],[126.883112,37.527224],[126.883346,37.527281],[126.883627,37.527441],[126.883732,37.527555],[126.883887,37.527909],[126.883918,37.528408],[126.884027,37.528545],[126.884331,37.528759],[126.885215,37.529191],[126.885999,37.529448],[126.887062,37.530135],[126.887687,37.530375],[126.888125,37.530432],[126.888799,37.53039],[126.889371,37.530194],[126.889548,37.530014],[126.889652,37.530236],[126.89031,37.53117],[126.890445,37.53117],[126.890445,37.531129]]]}},{"type":"Feature","properties":{"code":"11190620","name":"양평2동","guCode":"11190","guName":"영등포구"},"geometry":{"type":"Polygon","coordinates":[[[126.886825,37.55309],[126.888257,37.552214],[126.894684,37.549393],[126.898943,37.548008],[126.901818,37.545034],[126.902191,37.544128],[126.901483,37.543556],[126.901586,37.543447],[126.901537,37.543413],[126.901515,37.543292],[126.901052,37.543122],[126.900656,37.542804],[126.900724,37.542724],[126.900672,37.542651],[126.900947,37.542442],[126.901009,37.542343],[126.901,37.542228],[126.900801,37.542102],[126.900734,37.542191],[126.900531,37.542129],[126.900374,37.541957],[126.900124,37.54178],[126.89968,37.541985],[126.899063,37.542187],[126.898618,37.542512],[126.898654,37.542587],[126.898374,37.542773],[126.898221,37.542647],[126.898124,37.542717],[126.897848,37.542462],[126.896527,37.542992],[126.896044,37.542467],[126.895749,37.541919],[126.895677,37.541713],[126.895228,37.541929],[126.894491,37.542143],[126.893856,37.54222],[126.893317,37.542092],[126.89537,37.540999],[126.896495,37.540228],[126.896579,37.5402],[126.896611,37.540227],[126.897045,37.539963],[126.897,37.539906],[126.89703,37.539885],[126.898331,37.539001],[126.898868,37.538748],[126.899484,37.538264],[126.900626,37.537493],[126.894069,37.529136],[126.893191,37.529571],[126.892589,37.529531],[126.892729,37.529711],[126.892683,37.529883],[126.892707,37.529912],[126.892399,37.530064],[126.892375,37.530033],[126.890506,37.530961],[126.890445,37.530948],[126.890445,37.53117],[126.89031,37.53117],[126.890648,37.531613],[126.890514,37.531709],[126.890224,37.531849],[126.888924,37.531913],[126.888732,37.531996],[126.888564,37.532123],[126.8885,37.532269],[126.88848,37.532543],[126.888659,37.532808],[126.889768,37.533379],[126.89,37.533655],[126.890133,37.534079],[126.89013,37.534226],[126.889895,37.534837],[126.889616,37.535273],[126.888793,37.536114],[126.888548,37.5363],[126.88824,37.536698],[126.887639,37.537564],[126.887067,37.538615],[126.88683,37.538832],[126.88652,37.539362],[126.886214,37.539926],[126.88551,37.541549],[126.885449,37.541839],[126.885423,37.542307],[126.885086,37.543305],[126.884714,37.543286],[126.884675,37.543346],[126.884436,37.543385],[126.884245,37.543565],[126.88424,37.544319],[126.884196,37.544483],[126.884092,37.544637],[126.883615,37.545072],[126.882746,37.545755],[126.882524,37.546032],[126.882362,37.546306],[126.882303,37.546491],[126.882135,37.546725],[126.881699,37.54713],[126.881252,37.547649],[126.880356,37.548457],[126.879855,37.549358],[126.879244,37.550268],[126.879244,37.550324],[126.878076,37.551699],[126.878033,37.553031],[126.87924,37.553027],[126.879237,37.554747],[126.880467,37.556273],[126.886825,37.55309]]]}},{"type":"Feature","properties":{"code":"11190630","name":"신길1동","guCode":"11190","guName":"영등포구"},"geometry":{"type":"Polygon","coordinates":[[[126.91822,37.518403],[126.91873,37.51806],[126.923669,37.516502],[126.925716,37.515628],[126.925223,37.514978],[126.925187,37.514994],[126.924757,37.514472],[126.924217,37.513219],[126.924421,37.513182],[126.924315,37.512868],[126.92413,37.512845],[126.923576,37.512908],[126.922467,37.51015],[126.922107,37.509863],[126.922102,37.508407],[126.922064,37.50801],[126.921316,37.507831],[126.92082,37.507757],[126.920332,37.507427],[126.920565,37.507239],[126.920552,37.507175],[126.919987,37.507248],[126.919767,37.507452],[126.919996,37.50882],[126.92006,37.508955],[126.917531,37.508901],[126.917564,37.508448],[126.917537,37.507396],[126.917464,37.506723],[126.917218,37.506265],[126.916481,37.50567],[126.916279,37.505589],[126.916158,37.505623],[126.916009,37.505927],[126.915863,37.506045],[126.915895,37.506091],[126.915217,37.506374],[126.915113,37.506823],[126.915137,37.507634],[126.915042,37.507748],[126.91477,37.507828],[126.914559,37.508216],[126.914504,37.50844],[126.914618,37.508666],[126.914555,37.508749],[126.914481,37.509026],[126.914501,37.509184],[126.914411,37.509326],[126.913747,37.511393],[126.916052,37.511857],[126.917055,37.512175],[126.918288,37.513451],[126.918841,37.514225],[126.918256,37.514567],[126.917694,37.515051],[126.917247,37.515779],[126.916628,37.517243],[126.916874,37.517241],[126.916871,37.517285],[126.916827,37.517373],[126.916455,37.517654],[126.916649,37.517896],[126.916834,37.518338],[126.91689,37.518322],[126.917364,37.51898],[126.91822,37.518403]]]}},{"type":"Feature","properties":{"code":"11190650","name":"신길3동","guCode":"11190","guName":"영등포구"},"geometry":{"type":"Polygon","coordinates":[[[126.910322,37.510635],[126.910685,37.509682],[126.910892,37.508866],[126.910969,37.508038],[126.911044,37.506063],[126.910996,37.50582],[126.910216,37.504159],[126.910163,37.503825],[126.909355,37.503894],[126.908666,37.504074],[126.908358,37.504195],[126.907233,37.504455],[126.90665,37.504241],[126.906537,37.504271],[126.906235,37.50418],[126.906255,37.504151],[126.906014,37.504023],[126.906036,37.503984],[126.905873,37.503949],[126.904417,37.503321],[126.904336,37.503261],[126.904347,37.503229],[126.903833,37.503029],[126.90306,37.504197],[126.900852,37.503237],[126.900582,37.503074],[126.900232,37.502781],[126.899585,37.503317],[126.899677,37.503317],[126.899678,37.503583],[126.899628,37.503742],[126.899333,37.503988],[126.899225,37.504033],[126.89933,37.504362],[126.898245,37.505373],[126.901246,37.506646],[126.90116,37.50678],[126.90138,37.506775],[126.902744,37.50732],[126.903418,37.507723],[126.906684,37.509171],[126.906901,37.509023],[126.908892,37.509888],[126.909282,37.510005],[126.90987,37.510253],[126.910114,37.51036],[126.909937,37.510538],[126.910295,37.510706],[126.910322,37.510635]]]}},{"type":"Feature","properties":{"code":"11190660","name":"신길4동","guCode":"11190","guName":"영등포구"},"geometry":{"type":"Polygon","coordinates":[[[126.91441,37.509333],[126.914501,37.509184],[126.914481,37.509026],[126.914555,37.508749],[126.914618,37.508666],[126.914504,37.50844],[126.914559,37.508216],[126.91477,37.507828],[126.915042,37.507748],[126.915137,37.507634],[126.915113,37.506823],[126.915217,37.506374],[126.915895,37.506091],[126.915863,37.506045],[126.916003,37.505935],[126.916106,37.505783],[126.916181,37.505545],[126.916158,37.505367],[126.916194,37.505181],[126.916164,37.504985],[126.916084,37.50483],[126.915762,37.504348],[126.915394,37.504138],[126.914931,37.504148],[126.914727,37.504199],[126.914727,37.504236],[126.914571,37.504232],[126.914277,37.504208],[126.914333,37.504034],[126.91425,37.504011],[126.914188,37.504176],[126.913774,37.504075],[126.913525,37.504076],[126.912082,37.502752],[126.911982,37.502542],[126.911444,37.502687],[126.910451,37.503044],[126.910286,37.503056],[126.910165,37.50398],[126.910216,37.504159],[126.910996,37.50582],[126.911044,37.506063],[126.910969,37.508038],[126.910892,37.508866],[126.910685,37.509682],[126.910295,37.510706],[126.911002,37.510803],[126.913747,37.511393],[126.91441,37.509333]]]}},{"type":"Feature","properties":{"code":"11190670","name":"신길5동","guCode":"11190","guName":"영등포구"},"geometry":{"type":"Polygon","coordinates":[[[126.908103,37.504252],[126.909355,37.503894],[126.910163,37.503825],[126.910285,37.50319],[126.910289,37.502667],[126.910257,37.502026],[126.90982,37.501254],[126.908843,37.500099],[126.908265,37.498426],[126.908169,37.497927],[126.908203,37.497602],[126.907798,37.49729],[126.907543,37.497216],[126.906709,37.497272],[126.906245,37.497511],[126.905784,37.497652],[126.905532,37.497656],[126.905289,37.49761],[126.904512,37.497121],[126.904182,37.497102],[126.903881,37.497264],[126.903288,37.497498],[126.903132,37.497613],[126.902188,37.498373],[126.901266,37.49934],[126.901084,37.499642],[126.901078,37.499725],[126.901384,37.500125],[126.901525,37.500233],[126.901513,37.500302],[126.901684,37.500511],[126.901929,37.501039],[126.902057,37.501217],[126.900232,37.502781],[126.900582,37.503074],[126.901169,37.503382],[126.90306,37.504197],[126.903833,37.503029],[126.904347,37.503229],[126.904336,37.503261],[126.904417,37.503321],[126.905873,37.503949],[126.906036,37.503984],[126.906014,37.504023],[126.906255,37.504151],[126.906235,37.50418],[126.906379,37.504229],[126.906537,37.504271],[126.90665,37.504241],[126.907233,37.504455],[126.908103,37.504252]]]}},{"type":"Feature","properties":{"code":"11190680","name":"신길6동","guCode":"11190","guName":"영등포구"},"geometry":{"type":"Polygon","coordinates":[[[126.91493,37.504149],[126.915426,37.504155],[126.914465,37.502839],[126.914229,37.502675],[126.913554,37.501765],[126.913446,37.501706],[126.912787,37.502068],[126.912138,37.501712],[126.911597,37.501486],[126.911511,37.501424],[126.911384,37.501224],[126.911013,37.500881],[126.910777,37.500507],[126.910662,37.500138],[126.915252,37.500075],[126.91554,37.500301],[126.916205,37.500961],[126.917009,37.501266],[126.917234,37.501566],[126.918361,37.50161],[126.918528,37.501704],[126.919333,37.501532],[126.919847,37.501689],[126.920886,37.501381],[126.920353,37.500034],[126.920294,37.500033],[126.920249,37.498508],[126.920214,37.498336],[126.919815,37.497799],[126.919408,37.4976],[126.914854,37.49661],[126.912897,37.496419],[126.912362,37.49629],[126.911959,37.496042],[126.911785,37.495864],[126.910472,37.493822],[126.910234,37.493483],[126.909524,37.492642],[126.909287,37.492873],[126.90925,37.493309],[126.909004,37.493681],[126.909025,37.494019],[126.908831,37.494345],[126.90835,37.495449],[126.908379,37.495464],[126.908337,37.495555],[126.90835,37.496063],[126.908419,37.496599],[126.908377,37.496718],[126.908252,37.496826],[126.90826,37.497187],[126.908195,37.497427],[126.908169,37.497927],[126.908379,37.498814],[126.908843,37.500099],[126.90982,37.501254],[126.910257,37.502026],[126.910286,37.503056],[126.910451,37.503044],[126.911444,37.502687],[126.911982,37.502542],[126.912082,37.502752],[126.913525,37.504076],[126.913774,37.504075],[126.914188,37.504176],[126.91425,37.504011],[126.914333,37.504034],[126.914277,37.504208],[126.914445,37.504226],[126.914727,37.504236],[126.914727,37.504199],[126.91493,37.504149]]]}},{"type":"Feature","properties":{"code":"11190690","name":"신길7동","guCode":"11190","guName":"영등포구"},"geometry":{"type":"Polygon","coordinates":[[[126.92684,37.515202],[126.926806,37.514709],[126.926906,37.514524],[126.926874,37.514409],[126.926767,37.514461],[126.926671,37.5144],[126.926705,37.514267],[126.926872,37.514116],[126.926868,37.514055],[126.926987,37.514011],[126.927024,37.513874],[126.927036,37.513653],[126.926985,37.513498],[126.926971,37.51322],[126.926754,37.513136],[126.92679,37.512801],[126.92539,37.512529],[126.920886,37.501381],[126.919847,37.501689],[126.919333,37.501532],[126.918528,37.501704],[126.918361,37.50161],[126.917234,37.501566],[126.917009,37.501266],[126.916205,37.500961],[126.91554,37.500301],[126.915252,37.500075],[126.910662,37.500138],[126.910777,37.500507],[126.911013,37.500881],[126.911384,37.501224],[126.911511,37.501424],[126.911597,37.501486],[126.912138,37.501712],[126.912787,37.502068],[126.913446,37.501706],[126.913554,37.501765],[126.914229,37.502675],[126.914465,37.502839],[126.915426,37.504155],[126.915762,37.504348],[126.916164,37.504985],[126.916194,37.505181],[126.916158,37.505623],[126.916279,37.505589],[126.916481,37.50567],[126.91675,37.50591],[126.917044,37.506099],[126.917218,37.506265],[126.917464,37.506723],[126.917537,37.507396],[126.917564,37.508448],[126.917531,37.508901],[126.92006,37.508955],[126.919996,37.50882],[126.919767,37.507452],[126.919987,37.507248],[126.920552,37.507175],[126.920565,37.507239],[126.920332,37.507427],[126.92082,37.507757],[126.921316,37.507831],[126.922064,37.50801],[126.922102,37.508407],[126.922107,37.509863],[126.922467,37.51015],[126.923576,37.512908],[126.92413,37.512845],[126.924315,37.512868],[126.924421,37.513182],[126.924217,37.513219],[126.924757,37.514472],[126.925187,37.514994],[126.925223,37.514978],[126.925716,37.515628],[126.926867,37.515544],[126.92684,37.515202]]]}},{"type":"Feature","properties":{"code":"11190700","name":"대림1동","guCode":"11190","guName":"영등포구"},"geometry":{"type":"Polygon","coordinates":[[[126.905547,37.497647],[126.905784,37.497652],[126.906245,37.497511],[126.906709,37.497272],[126.907543,37.497216],[126.907798,37.49729],[126.908182,37.497583],[126.90826,37.497187],[126.908252,37.496826],[126.908377,37.496718],[126.908419,37.496599],[126.90835,37.496063],[126.908337,37.495555],[126.908379,37.495464],[126.90835,37.495449],[126.908831,37.494345],[126.909025,37.494019],[126.909004,37.493681],[126.90925,37.493309],[126.909287,37.492873],[126.909511,37.492673],[126.908423,37.491352],[126.907521,37.490002],[126.906951,37.489338],[126.906814,37.489207],[126.906745,37.489203],[126.906698,37.489281],[126.906383,37.488896],[126.903953,37.490263],[126.90353,37.490542],[126.902159,37.492116],[126.899927,37.494831],[126.90375,37.4973],[126.904182,37.497102],[126.904512,37.497121],[126.905289,37.49761],[126.905547,37.497647]]]}},{"type":"Feature","properties":{"code":"11190710","name":"대림2동","guCode":"11190","guName":"영등포구"},"geometry":{"type":"Polygon","coordinates":[[[126.903998,37.485978],[126.903198,37.485001],[126.902752,37.485015],[126.902769,37.485121],[126.901618,37.485378],[126.901073,37.485588],[126.901187,37.485746],[126.901372,37.485667],[126.901413,37.485712],[126.901007,37.485887],[126.90096,37.485825],[126.90109,37.485775],[126.90099,37.485626],[126.900155,37.485908],[126.898651,37.486642],[126.898144,37.486935],[126.896121,37.489343],[126.896101,37.489727],[126.896016,37.490212],[126.895684,37.490851],[126.8954,37.492037],[126.899927,37.494831],[126.902159,37.492116],[126.90353,37.490542],[126.903953,37.490263],[126.906383,37.488896],[126.903998,37.485978]]]}},{"type":"Feature","properties":{"code":"11190720","name":"대림3동","guCode":"11190","guName":"영등포구"},"geometry":{"type":"Polygon","coordinates":[[[126.897058,37.505638],[126.897069,37.505564],[126.897135,37.505569],[126.898523,37.50428],[126.899309,37.504003],[126.899626,37.503746],[126.899678,37.503583],[126.899677,37.503317],[126.899585,37.503317],[126.902057,37.501217],[126.901929,37.501039],[126.901684,37.500511],[126.901513,37.500302],[126.901525,37.500233],[126.901384,37.500125],[126.901127,37.499804],[126.901078,37.499725],[126.901084,37.499642],[126.901266,37.49934],[126.902188,37.498373],[126.903288,37.497498],[126.90375,37.4973],[126.899927,37.494831],[126.8954,37.492037],[126.895315,37.492361],[126.895463,37.492399],[126.895362,37.492633],[126.895579,37.492686],[126.895628,37.492554],[126.895711,37.49258],[126.895577,37.492907],[126.895512,37.492895],[126.895559,37.492757],[126.895337,37.492705],[126.894996,37.493651],[126.894901,37.494038],[126.895077,37.494069],[126.895114,37.49399],[126.89519,37.494017],[126.895089,37.494275],[126.895023,37.494262],[126.895052,37.494162],[126.89488,37.49412],[126.894309,37.496431],[126.894323,37.496666],[126.894069,37.497817],[126.89412,37.49784],[126.893624,37.499586],[126.893271,37.500042],[126.892931,37.50035],[126.892762,37.500833],[126.892779,37.501125],[126.892932,37.501577],[126.892734,37.502072],[126.893137,37.502678],[126.892693,37.503314],[126.893009,37.50367],[126.893153,37.503747],[126.893308,37.503965],[126.893303,37.504057],[126.893108,37.504454],[126.893169,37.5046],[126.893776,37.504728],[126.893931,37.50482],[126.893977,37.505012],[126.893762,37.505497],[126.893671,37.505863],[126.893533,37.506029],[126.893261,37.506698],[126.893016,37.506929],[126.893016,37.507049],[126.892977,37.50709],[126.893026,37.50726],[126.892284,37.509064],[126.89234,37.509089],[126.89301,37.508536],[126.89338,37.508493],[126.893852,37.508358],[126.894161,37.508126],[126.894499,37.508003],[126.89533,37.507396],[126.895486,37.50716],[126.896404,37.506595],[126.896739,37.505962],[126.897027,37.505713],[126.897058,37.505638]]]}},{"type":"Feature","properties":{"code":"11190730","name":"영등포본동","guCode":"11190","guName":"영등포구"},"geometry":{"type":"Polygon","coordinates":[[[126.916691,37.517095],[126.917247,37.515779],[126.917694,37.515051],[126.918256,37.514567],[126.918841,37.514225],[126.918288,37.513451],[126.917055,37.512175],[126.916052,37.511857],[126.911002,37.510803],[126.910312,37.510708],[126.910211,37.510918],[126.910147,37.510892],[126.909864,37.511732],[126.909857,37.512104],[126.909989,37.512436],[126.909727,37.512424],[126.909173,37.512274],[126.909101,37.51243],[126.908786,37.51241],[126.908117,37.512283],[126.907649,37.512355],[126.907539,37.51225],[126.907402,37.512252],[126.907396,37.512159],[126.907327,37.5121],[126.907325,37.512039],[126.907287,37.512073],[126.906918,37.51179],[126.906719,37.51161],[126.906778,37.51156],[126.90663,37.511449],[126.906567,37.511498],[126.906457,37.511423],[126.906501,37.51134],[126.905957,37.511139],[126.906004,37.511045],[126.905877,37.511002],[126.905919,37.510912],[126.9059,37.510872],[126.905788,37.510833],[126.90584,37.510737],[126.905421,37.510613],[126.905465,37.51052],[126.905388,37.510456],[126.905067,37.510355],[126.905169,37.510159],[126.904757,37.510027],[126.904063,37.509664],[126.903504,37.509538],[126.90348,37.509593],[126.90328,37.509579],[126.903208,37.50973],[126.902759,37.509596],[126.902719,37.509686],[126.902401,37.50959],[126.902361,37.509685],[126.90218,37.509634],[126.902132,37.509755],[126.901955,37.50974],[126.90185,37.509963],[126.901966,37.509992],[126.901466,37.510963],[126.900803,37.511954],[126.900829,37.512013],[126.900585,37.511914],[126.900317,37.512049],[126.898018,37.511254],[126.8976,37.511843],[126.899403,37.512585],[126.900725,37.513182],[126.900756,37.51314],[126.900725,37.513182],[126.900974,37.513297],[126.904063,37.514615],[126.903929,37.514858],[126.903715,37.514939],[126.904038,37.514909],[126.904969,37.514935],[126.905194,37.515084],[126.905487,37.515213],[126.90569,37.515445],[126.905878,37.515587],[126.906493,37.515874],[126.906589,37.51606],[126.906466,37.516287],[126.908387,37.517034],[126.908437,37.517009],[126.908505,37.51679],[126.910433,37.516948],[126.912552,37.517028],[126.915674,37.517221],[126.916628,37.517243],[126.916691,37.517095]]]}},{"type":"Feature","properties":{"code":"11190740","name":"영등포동","guCode":"11190","guName":"영등포구"},"geometry":{"type":"Polygon","coordinates":[[[126.906621,37.532051],[126.906592,37.531428],[126.906502,37.531431],[126.906473,37.53086],[126.906902,37.530848],[126.906712,37.528834],[126.906424,37.528837],[126.906411,37.528583],[126.906533,37.528581],[126.906522,37.528445],[126.906487,37.528446],[126.906454,37.527989],[126.906574,37.52707],[126.906763,37.526399],[126.907084,37.525663],[126.90747,37.525812],[126.907588,37.525638],[126.907962,37.525797],[126.907838,37.525971],[126.907974,37.526031],[126.908088,37.52585],[126.908499,37.52598],[126.908481,37.52601],[126.908796,37.526119],[126.908831,37.526042],[126.909065,37.526073],[126.909021,37.526159],[126.90929,37.526253],[126.909346,37.52615],[126.90961,37.526239],[126.909662,37.526153],[126.909868,37.526179],[126.910318,37.526328],[126.910363,37.526242],[126.910701,37.52625],[126.91068,37.526289],[126.911057,37.526342],[126.913575,37.522479],[126.916106,37.519695],[126.917364,37.51898],[126.91689,37.518322],[126.916834,37.518338],[126.916649,37.517896],[126.916455,37.517654],[126.916827,37.517373],[126.916874,37.517241],[126.915674,37.517221],[126.912552,37.517028],[126.910433,37.516948],[126.908505,37.51679],[126.908437,37.517009],[126.908387,37.517034],[126.906466,37.516287],[126.906589,37.51606],[126.906493,37.515874],[126.905878,37.515587],[126.90569,37.515445],[126.905487,37.515213],[126.905194,37.515084],[126.904969,37.514935],[126.903831,37.514919],[126.902912,37.515255],[126.902641,37.51542],[126.9021,37.51613],[126.901224,37.518503],[126.901077,37.518943],[126.900965,37.519467],[126.900923,37.519914],[126.900961,37.520456],[126.901106,37.521117],[126.902012,37.524111],[126.902271,37.524854],[126.902516,37.52541],[126.902612,37.525759],[126.902722,37.525961],[126.902794,37.525958],[126.902884,37.526021],[126.90297,37.526204],[126.904111,37.528926],[126.904133,37.528914],[126.904908,37.530668],[126.905027,37.531167],[126.905443,37.53215],[126.905747,37.531999],[126.906834,37.532751],[126.906817,37.532668],[126.906645,37.532521],[126.906621,37.532051]]]}},{"type":"Feature","properties":{"code":"11190750","name":"도림동","guCode":"11190","guName":"영등포구"},"geometry":{"type":"Polygon","coordinates":[[[126.909989,37.512436],[126.909857,37.512104],[126.909864,37.511732],[126.910147,37.510892],[126.910211,37.510918],[126.910312,37.510708],[126.909937,37.510538],[126.910114,37.51036],[126.909282,37.510005],[126.908892,37.509888],[126.906901,37.509023],[126.906684,37.509171],[126.903418,37.507723],[126.902744,37.50732],[126.90138,37.506775],[126.90116,37.50678],[126.901246,37.506646],[126.898245,37.505373],[126.89933,37.504362],[126.899225,37.504033],[126.898523,37.50428],[126.897135,37.505569],[126.897069,37.505564],[126.897027,37.505713],[126.896739,37.505962],[126.896404,37.506595],[126.895486,37.50716],[126.89533,37.507396],[126.894594,37.507935],[126.894161,37.508126],[126.893852,37.508358],[126.89338,37.508493],[126.89301,37.508536],[126.893011,37.508974],[126.892881,37.509326],[126.893011,37.509379],[126.893019,37.509737],[126.892964,37.509831],[126.894997,37.510737],[126.895911,37.511059],[126.8976,37.511843],[126.898018,37.511254],[126.900317,37.512049],[126.900585,37.511914],[126.900829,37.512013],[126.900803,37.511954],[126.901466,37.510963],[126.901966,37.509992],[126.90185,37.509963],[126.901955,37.50974],[126.902132,37.509755],[126.90218,37.509634],[126.902361,37.509685],[126.902401,37.50959],[126.902719,37.509686],[126.902759,37.509596],[126.903208,37.50973],[126.90328,37.509579],[126.90348,37.509593],[126.903504,37.509538],[126.904063,37.509664],[126.904757,37.510027],[126.905169,37.510159],[126.905067,37.510355],[126.905388,37.510456],[126.905465,37.51052],[126.905421,37.510613],[126.90584,37.510737],[126.905788,37.510833],[126.9059,37.510872],[126.905919,37.510912],[126.905877,37.511002],[126.906004,37.511045],[126.905957,37.511139],[126.906501,37.51134],[126.906457,37.511423],[126.906567,37.511498],[126.90663,37.511449],[126.906778,37.51156],[126.906719,37.51161],[126.906918,37.51179],[126.907287,37.512073],[126.907325,37.512039],[126.907327,37.5121],[126.907396,37.512159],[126.907402,37.512252],[126.907539,37.51225],[126.907649,37.512355],[126.908117,37.512283],[126.908786,37.51241],[126.909101,37.51243],[126.909173,37.512274],[126.909727,37.512424],[126.909989,37.512436]]]}},{"type":"Feature","properties":{"code":"11190760","name":"문래동","guCode":"11190","guName":"영등포구"},"geometry":{"type":"Polygon","coordinates":[[[126.880756,37.522646],[126.881308,37.522507],[126.881294,37.522647],[126.881705,37.522617],[126.881905,37.521037],[126.885,37.520567],[126.885286,37.521727],[126.897522,37.519843],[126.900001,37.519442],[126.900236,37.519375],[126.900542,37.519242],[126.901123,37.518804],[126.902063,37.516201],[126.902571,37.515497],[126.902912,37.515255],[126.903929,37.514858],[126.904063,37.514615],[126.900974,37.513297],[126.900725,37.513182],[126.900756,37.51314],[126.900725,37.513182],[126.899403,37.512585],[126.8976,37.511843],[126.895911,37.511059],[126.894997,37.510737],[126.892964,37.509831],[126.893019,37.509737],[126.893011,37.509379],[126.892881,37.509326],[126.893011,37.508974],[126.89301,37.508536],[126.892105,37.509303],[126.891943,37.509918],[126.891853,37.510099],[126.891664,37.510284],[126.891445,37.510352],[126.891062,37.510311],[126.890646,37.510639],[126.890608,37.510867],[126.89039,37.511079],[126.890212,37.511331],[126.889922,37.511477],[126.889913,37.511637],[126.88975,37.511696],[126.889633,37.511812],[126.889827,37.5121],[126.88973,37.512273],[126.888777,37.512279],[126.888403,37.512345],[126.888005,37.512951],[126.887737,37.513143],[126.88752,37.513226],[126.886797,37.513301],[126.886354,37.513393],[126.885689,37.513616],[126.885085,37.513663],[126.884616,37.51375],[126.884433,37.513849],[126.884331,37.514008],[126.884299,37.514179],[126.884338,37.51439],[126.884104,37.514424],[126.882727,37.515172],[126.882727,37.515779],[126.882448,37.515968],[126.882016,37.516103],[126.881729,37.51642],[126.879302,37.517961],[126.879135,37.517858],[126.878803,37.517908],[126.87845,37.518209],[126.878196,37.518779],[126.8782,37.519096],[126.878321,37.519434],[126.878501,37.519656],[126.879104,37.520023],[126.8794,37.520364],[126.879425,37.520463],[126.879437,37.520598],[126.879279,37.521658],[126.879154,37.522162],[126.879002,37.522457],[126.879057,37.522538],[126.879032,37.522613],[126.879174,37.522657],[126.879242,37.522633],[126.879349,37.522722],[126.879645,37.522792],[126.880001,37.522824],[126.880756,37.522646]]]}},{"type":"Feature","properties":{"code":"11200520","name":"노량진2동","guCode":"11200","guName":"동작구"},"geometry":{"type":"Polygon","coordinates":[[[126.938653,37.516056],[126.938833,37.515394],[126.939729,37.515539],[126.939943,37.514674],[126.939911,37.514637],[126.939546,37.514561],[126.939628,37.514268],[126.939556,37.51422],[126.93953,37.514136],[126.939244,37.514112],[126.939332,37.513772],[126.939918,37.5138],[126.93989,37.513789],[126.9399,37.513693],[126.94001,37.5137],[126.94021,37.513573],[126.940231,37.512497],[126.940146,37.508249],[126.941574,37.50932],[126.942486,37.509644],[126.942865,37.50989],[126.943146,37.509534],[126.943225,37.509343],[126.943799,37.509486],[126.943979,37.509136],[126.943872,37.508877],[126.943784,37.508792],[126.943109,37.508894],[126.943068,37.508866],[126.943002,37.508616],[126.943066,37.508329],[126.94303,37.508077],[126.943171,37.50794],[126.943041,37.507739],[126.943137,37.507662],[126.942317,37.506818],[126.941674,37.506821],[126.941554,37.506741],[126.940901,37.506791],[126.940841,37.506519],[126.940532,37.506238],[126.94044,37.506262],[126.940332,37.50618],[126.940616,37.505998],[126.940605,37.50595],[126.940646,37.505923],[126.939894,37.505831],[126.939907,37.505734],[126.939731,37.505695],[126.939764,37.505473],[126.939405,37.505401],[126.939142,37.505447],[126.939271,37.505904],[126.93925,37.505969],[126.938528,37.506361],[126.937887,37.506463],[126.937669,37.506205],[126.937406,37.506316],[126.937139,37.506563],[126.936779,37.50659],[126.936742,37.506507],[126.936541,37.506496],[126.93638,37.506775],[126.936362,37.506953],[126.936282,37.507085],[126.936133,37.507112],[126.936123,37.507085],[126.935925,37.507099],[126.935638,37.506955],[126.935213,37.506901],[126.935214,37.50708],[126.934948,37.507594],[126.934729,37.508299],[126.934781,37.508893],[126.934962,37.509268],[126.93495,37.510514],[126.934775,37.510737],[126.934736,37.510952],[126.934695,37.510935],[126.934657,37.512375],[126.934454,37.512996],[126.934421,37.513],[126.934425,37.513134],[126.934405,37.513209],[126.93436,37.513225],[126.934372,37.513369],[126.934318,37.513515],[126.934632,37.51382],[126.934624,37.514075],[126.934328,37.514238],[126.934052,37.514301],[126.933307,37.514309],[126.932591,37.514641],[126.932503,37.51482],[126.932386,37.515575],[126.934138,37.515913],[126.934708,37.515893],[126.935487,37.51595],[126.938653,37.516056]]]}},{"type":"Feature","properties":{"code":"11200530","name":"상도1동","guCode":"11200","guName":"동작구"},"geometry":{"type":"Polygon","coordinates":[[[126.953221,37.508561],[126.953822,37.507673],[126.954647,37.507509],[126.953815,37.505556],[126.953881,37.505478],[126.95391,37.505217],[126.953656,37.504987],[126.953549,37.504941],[126.953558,37.504625],[126.953641,37.504288],[126.953784,37.504054],[126.954409,37.503801],[126.954752,37.503606],[126.954895,37.501941],[126.955657,37.500924],[126.956023,37.500117],[126.956287,37.499244],[126.955911,37.498593],[126.956329,37.498428],[126.957052,37.498594],[126.957143,37.498341],[126.957409,37.498353],[126.957616,37.498723],[126.958347,37.498521],[126.958979,37.498474],[126.959336,37.498336],[126.959263,37.49815],[126.959845,37.498188],[126.961937,37.497445],[126.9623,37.496863],[126.962388,37.496531],[126.962364,37.495787],[126.962743,37.495464],[126.962818,37.495461],[126.962909,37.494766],[126.9622,37.494219],[126.961922,37.493589],[126.961882,37.493524],[126.96181,37.49354],[126.961754,37.493469],[126.96176,37.493398],[126.961613,37.493041],[126.961378,37.492874],[126.960947,37.492922],[126.961052,37.493258],[126.960289,37.493744],[126.959364,37.493803],[126.958933,37.493583],[126.958757,37.49306],[126.958638,37.492851],[126.958684,37.49277],[126.958507,37.492693],[126.958453,37.492625],[126.958114,37.492557],[126.9576,37.492355],[126.957478,37.491977],[126.957125,37.491754],[126.956702,37.491593],[126.956655,37.49166],[126.956224,37.491503],[126.955421,37.491454],[126.955165,37.491307],[126.95488,37.490992],[126.954177,37.490946],[126.953727,37.490642],[126.952847,37.491351],[126.952805,37.491492],[126.952239,37.491687],[126.952066,37.491954],[126.951697,37.492205],[126.950249,37.492518],[126.94996,37.492613],[126.949565,37.492777],[126.949424,37.493001],[126.948823,37.493179],[126.948793,37.493856],[126.948337,37.493721],[126.94755,37.493761],[126.947183,37.494039],[126.946964,37.494126],[126.947109,37.494746],[126.947294,37.495048],[126.947308,37.495811],[126.947525,37.496017],[126.948118,37.49698],[126.94807,37.497184],[126.947918,37.497498],[126.947886,37.497762],[126.948054,37.498114],[126.948095,37.498376],[126.948265,37.49841],[126.948263,37.498718],[126.948034,37.498951],[126.947875,37.49926],[126.947828,37.499693],[126.947843,37.499929],[126.948201,37.500077],[126.948114,37.500205],[126.948183,37.500254],[126.948175,37.500316],[126.948029,37.500259],[126.948049,37.500367],[126.94798,37.500621],[126.94771,37.500817],[126.947831,37.500929],[126.947712,37.501103],[126.947576,37.501463],[126.947453,37.501641],[126.947324,37.501592],[126.947199,37.501625],[126.947247,37.501729],[126.947134,37.501735],[126.946875,37.501664],[126.946734,37.501788],[126.946917,37.501901],[126.946805,37.502028],[126.94655,37.501909],[126.946368,37.502144],[126.94633,37.50241],[126.946206,37.502469],[126.945641,37.503023],[126.946018,37.5033],[126.946091,37.503222],[126.946177,37.503197],[126.9471,37.503732],[126.946965,37.503887],[126.947035,37.504058],[126.94691,37.504079],[126.946874,37.504123],[126.947038,37.504238],[126.947126,37.504369],[126.94755,37.50421],[126.94759,37.504275],[126.947656,37.504291],[126.94779,37.504228],[126.947904,37.50423],[126.947934,37.504158],[126.949286,37.504922],[126.949344,37.505103],[126.948905,37.505255],[126.948908,37.505295],[126.948761,37.505357],[126.948843,37.505516],[126.949503,37.505813],[126.949806,37.505592],[126.950241,37.506325],[126.950144,37.50639],[126.950269,37.506512],[126.950039,37.506633],[126.950075,37.506739],[126.950144,37.506799],[126.950293,37.507258],[126.950364,37.507317],[126.95063,37.507359],[126.950312,37.507799],[126.950448,37.507868],[126.950431,37.507954],[126.950558,37.507982],[126.950591,37.508034],[126.95096,37.507968],[126.951023,37.507892],[126.951459,37.508084],[126.951911,37.508034],[126.95236,37.50854],[126.952755,37.508515],[126.95309,37.508781],[126.953221,37.508561]]]}},{"type":"Feature","properties":{"code":"11200540","name":"상도2동","guCode":"11200","guName":"동작구"},"geometry":{"type":"Polygon","coordinates":[[[126.950599,37.507438],[126.95063,37.507359],[126.950364,37.507317],[126.950293,37.507258],[126.950144,37.506799],[126.950075,37.506739],[126.950039,37.506633],[126.950269,37.506512],[126.950144,37.50639],[126.950241,37.506325],[126.949806,37.505592],[126.949503,37.505813],[126.948843,37.505516],[126.948761,37.505357],[126.948908,37.505295],[126.948905,37.505255],[126.949344,37.505103],[126.949286,37.504922],[126.947934,37.504158],[126.947904,37.50423],[126.94779,37.504228],[126.947656,37.504291],[126.94759,37.504275],[126.94755,37.50421],[126.947126,37.504369],[126.947038,37.504238],[126.946874,37.504123],[126.94691,37.504079],[126.947035,37.504058],[126.946965,37.503887],[126.9471,37.503732],[126.946177,37.503197],[126.946091,37.503222],[126.946018,37.5033],[126.945641,37.503023],[126.946206,37.502469],[126.94633,37.50241],[126.946368,37.502144],[126.94655,37.501909],[126.946805,37.502028],[126.946917,37.501901],[126.946734,37.501788],[126.946875,37.501664],[126.94696,37.501712],[126.947247,37.501729],[126.947199,37.501625],[126.947324,37.501592],[126.947453,37.501641],[126.947576,37.501463],[126.947712,37.501103],[126.947831,37.500929],[126.94771,37.500817],[126.94798,37.500621],[126.948049,37.500367],[126.948029,37.500259],[126.948175,37.500316],[126.948183,37.500254],[126.948114,37.500205],[126.948201,37.500077],[126.947843,37.499929],[126.947828,37.499693],[126.947875,37.49926],[126.948034,37.498951],[126.948263,37.498718],[126.948265,37.49841],[126.948085,37.498374],[126.94784,37.498715],[126.947747,37.499221],[126.947415,37.499284],[126.947471,37.499458],[126.94657,37.49966],[126.94584,37.500088],[126.945785,37.499985],[126.945717,37.500011],[126.945656,37.499949],[126.945544,37.500016],[126.945554,37.500117],[126.945595,37.500135],[126.945202,37.500484],[126.945328,37.50059],[126.945108,37.500682],[126.944931,37.500479],[126.944312,37.499437],[126.944257,37.499464],[126.944159,37.499309],[126.943935,37.49941],[126.944078,37.499549],[126.943208,37.499961],[126.943142,37.499893],[126.942589,37.499918],[126.941449,37.500256],[126.940932,37.5002],[126.940516,37.50027],[126.93982,37.500459],[126.939508,37.500459],[126.939358,37.500497],[126.937838,37.501508],[126.937784,37.501664],[126.937663,37.501734],[126.937256,37.501791],[126.937179,37.501986],[126.936467,37.502946],[126.936407,37.503103],[126.936427,37.503145],[126.936399,37.50313],[126.936358,37.503268],[126.936855,37.503575],[126.935874,37.503597],[126.935404,37.503514],[126.935041,37.503267],[126.934878,37.503317],[126.934513,37.502874],[126.932937,37.503771],[126.932785,37.503887],[126.932705,37.504088],[126.932668,37.504089],[126.932589,37.504558],[126.932655,37.504801],[126.932622,37.504851],[126.932653,37.504914],[126.932632,37.505082],[126.932677,37.505139],[126.932702,37.505624],[126.93293,37.505538],[126.932999,37.505621],[126.932929,37.505683],[126.932969,37.505724],[126.933195,37.505568],[126.933481,37.505233],[126.933535,37.505279],[126.93377,37.505129],[126.9338,37.505193],[126.933955,37.505196],[126.934271,37.505489],[126.93465,37.505686],[126.934915,37.506449],[126.934962,37.506689],[126.934932,37.506793],[126.935212,37.507006],[126.935213,37.506901],[126.935638,37.506955],[126.935925,37.507099],[126.936282,37.507085],[126.936362,37.506953],[126.93638,37.506775],[126.936541,37.506496],[126.936742,37.506507],[126.936779,37.50659],[126.937139,37.506563],[126.937406,37.506316],[126.937669,37.506205],[126.937887,37.506463],[126.938528,37.506361],[126.93925,37.505969],[126.939271,37.505904],[126.939142,37.505447],[126.939405,37.505401],[126.939932,37.505507],[126.940563,37.50555],[126.940704,37.505528],[126.940811,37.505448],[126.941119,37.505686],[126.941303,37.505696],[126.941677,37.505812],[126.942611,37.506246],[126.942643,37.506028],[126.942951,37.506204],[126.94311,37.506183],[126.943109,37.506222],[126.94406,37.506756],[126.944099,37.506679],[126.944449,37.506752],[126.944409,37.506911],[126.94463,37.506981],[126.944701,37.506844],[126.944853,37.506931],[126.944911,37.50686],[126.944961,37.506877],[126.944986,37.506843],[126.945071,37.506894],[126.945127,37.506819],[126.945166,37.506826],[126.945176,37.506949],[126.945575,37.506931],[126.945612,37.507038],[126.945784,37.506952],[126.945925,37.506945],[126.945935,37.50691],[126.946165,37.507143],[126.946496,37.506991],[126.946621,37.506961],[126.946637,37.506996],[126.946721,37.506998],[126.947024,37.506917],[126.947145,37.506585],[126.947191,37.506486],[126.947233,37.506495],[126.947305,37.506309],[126.947815,37.506881],[126.948385,37.506839],[126.949253,37.506977],[126.949499,37.507234],[126.949531,37.507313],[126.949828,37.507462],[126.949947,37.507426],[126.949974,37.507506],[126.950131,37.507529],[126.950228,37.507755],[126.950312,37.507799],[126.950599,37.507438]]]}},{"type":"Feature","properties":{"code":"11200550","name":"상도3동","guCode":"11200","guName":"동작구"},"geometry":{"type":"Polygon","coordinates":[[[126.930462,37.503503],[126.930522,37.503455],[126.931066,37.503478],[126.931576,37.503648],[126.931869,37.503595],[126.932358,37.50377],[126.932406,37.503884],[126.932705,37.504088],[126.932785,37.503887],[126.932937,37.503771],[126.934513,37.502874],[126.934878,37.503317],[126.935041,37.503267],[126.935404,37.503514],[126.935874,37.503597],[126.936855,37.503575],[126.931945,37.500517],[126.933266,37.499151],[126.934575,37.497874],[126.934617,37.497784],[126.934613,37.497417],[126.934652,37.497265],[126.934805,37.497017],[126.935368,37.496604],[126.935763,37.496465],[126.936056,37.496278],[126.937542,37.494768],[126.937912,37.494445],[126.938891,37.493961],[126.939234,37.493637],[126.939612,37.493515],[126.939719,37.493363],[126.939681,37.492962],[126.939782,37.492821],[126.939734,37.492793],[126.939736,37.492635],[126.939598,37.492596],[126.939486,37.492467],[126.939479,37.492342],[126.939255,37.492197],[126.938889,37.49233],[126.938304,37.492392],[126.93811,37.492263],[126.937825,37.492249],[126.937614,37.492089],[126.93735,37.492019],[126.937259,37.491911],[126.936534,37.49197],[126.936332,37.49204],[126.936135,37.492293],[126.935823,37.492392],[126.935371,37.492729],[126.934651,37.492957],[126.934601,37.493012],[126.934316,37.493051],[126.934313,37.493086],[126.933871,37.493115],[126.932415,37.492873],[126.932404,37.492973],[126.932342,37.492998],[126.931339,37.493226],[126.931338,37.493263],[126.930071,37.493998],[126.929859,37.494003],[126.929629,37.494722],[126.929619,37.494916],[126.929419,37.495353],[126.929427,37.495744],[126.929753,37.496159],[126.929698,37.496972],[126.930093,37.497786],[126.929637,37.497734],[126.929655,37.497799],[126.929441,37.497998],[126.929223,37.498397],[126.928875,37.4986],[126.928653,37.498861],[126.928986,37.498861],[126.928986,37.498938],[126.929195,37.499081],[126.929573,37.499196],[126.930239,37.499537],[126.930382,37.499684],[126.930377,37.499863],[126.930341,37.49986],[126.930322,37.499951],[126.930068,37.500196],[126.929852,37.50036],[126.92986,37.500418],[126.929645,37.500423],[126.929653,37.500597],[126.92949,37.500621],[126.929331,37.5007],[126.929287,37.500769],[126.928883,37.500798],[126.928912,37.500901],[126.928728,37.501178],[126.928788,37.501847],[126.928772,37.502091],[126.928565,37.502592],[126.928222,37.502982],[126.928224,37.503041],[126.928169,37.503064],[126.92837,37.503681],[126.928651,37.503809],[126.928906,37.503855],[126.928989,37.503913],[126.929271,37.504224],[126.929299,37.504362],[126.929693,37.504133],[126.930462,37.503503]]]}},{"type":"Feature","properties":{"code":"11200560","name":"상도4동","guCode":"11200","guName":"동작구"},"geometry":{"type":"Polygon","coordinates":[[[126.936372,37.50322],[126.936399,37.50313],[126.936427,37.503145],[126.936407,37.503103],[126.936467,37.502946],[126.937179,37.501986],[126.937256,37.501791],[126.937663,37.501734],[126.937784,37.501664],[126.937838,37.501508],[126.939358,37.500497],[126.939508,37.500459],[126.93982,37.500459],[126.940516,37.50027],[126.940932,37.5002],[126.941449,37.500256],[126.942589,37.499918],[126.943142,37.499893],[126.943208,37.499961],[126.944078,37.499549],[126.943935,37.49941],[126.944159,37.499309],[126.944257,37.499464],[126.944312,37.499437],[126.944931,37.500479],[126.945108,37.500682],[126.945328,37.50059],[126.945202,37.500484],[126.945595,37.500135],[126.945554,37.500117],[126.945544,37.500016],[126.945656,37.499949],[126.945717,37.500011],[126.945785,37.499985],[126.94584,37.500088],[126.94657,37.49966],[126.947471,37.499458],[126.947415,37.499284],[126.947747,37.499221],[126.94784,37.498715],[126.948095,37.498376],[126.948054,37.498114],[126.947886,37.497762],[126.947918,37.497498],[126.94807,37.497184],[126.948118,37.49698],[126.947525,37.496017],[126.947308,37.495811],[126.947294,37.495048],[126.947109,37.494746],[126.946952,37.494063],[126.946784,37.493903],[126.946091,37.493534],[126.945874,37.493559],[126.945425,37.493346],[126.944542,37.493145],[126.944512,37.492499],[126.943944,37.492494],[126.94366,37.492379],[126.943531,37.492366],[126.943392,37.492241],[126.94296,37.492217],[126.942853,37.492164],[126.942622,37.492143],[126.942545,37.492216],[126.942296,37.492245],[126.941732,37.492171],[126.941589,37.492202],[126.941539,37.492275],[126.941082,37.492417],[126.940967,37.492754],[126.940849,37.492894],[126.940579,37.492859],[126.940388,37.492972],[126.939926,37.492904],[126.939782,37.492821],[126.939681,37.492962],[126.939719,37.493363],[126.939612,37.493515],[126.939234,37.493637],[126.938891,37.493961],[126.937912,37.494445],[126.937542,37.494768],[126.936056,37.496278],[126.935763,37.496465],[126.935368,37.496604],[126.934805,37.497017],[126.934652,37.497265],[126.934613,37.497417],[126.934617,37.497784],[126.934575,37.497874],[126.933266,37.499151],[126.931945,37.500517],[126.935276,37.502564],[126.936358,37.503268],[126.936372,37.50322]]]}},{"type":"Feature","properties":{"code":"11200630","name":"사당1동","guCode":"11200","guName":"동작구"},"geometry":{"type":"Polygon","coordinates":[[[126.982081,37.484576],[126.981693,37.47754],[126.981696,37.47653],[126.978423,37.47665],[126.974286,37.476201],[126.972261,37.475788],[126.970523,37.475376],[126.970306,37.475875],[126.97029,37.476499],[126.970352,37.476529],[126.970184,37.47663],[126.970601,37.477078],[126.971951,37.478088],[126.97225,37.478163],[126.972473,37.478135],[126.972849,37.478525],[126.973272,37.478761],[126.972844,37.479033],[126.973763,37.479835],[126.974307,37.480436],[126.974718,37.480416],[126.97549,37.481439],[126.975661,37.481516],[126.975661,37.481569],[126.975692,37.481562],[126.975713,37.482673],[126.975817,37.482697],[126.975709,37.482794],[126.975686,37.483286],[126.978184,37.484046],[126.982126,37.485401],[126.982081,37.484576]]]}},{"type":"Feature","properties":{"code":"11200650","name":"사당3동","guCode":"11200","guName":"동작구"},"geometry":{"type":"Polygon","coordinates":[[[126.963524,37.494436],[126.963871,37.494109],[126.964907,37.493384],[126.965525,37.493321],[126.965818,37.493661],[126.967561,37.493925],[126.968002,37.494142],[126.968287,37.493867],[126.968967,37.49366],[126.969475,37.493685],[126.96997,37.493453],[126.970331,37.493532],[126.971502,37.493249],[126.971843,37.493286],[126.972093,37.49245],[126.972682,37.491782],[126.97328,37.490855],[126.97351,37.490698],[126.973257,37.490242],[126.973963,37.490122],[126.97403,37.490168],[126.974596,37.48971],[126.974687,37.489599],[126.974881,37.489028],[126.974993,37.488879],[126.975553,37.488479],[126.975785,37.488238],[126.975668,37.48814],[126.975787,37.488054],[126.976632,37.48714],[126.977055,37.486976],[126.978168,37.48676],[126.978857,37.486843],[126.979969,37.487332],[126.97994,37.487276],[126.979991,37.487235],[126.97989,37.487084],[126.97897,37.485061],[126.978991,37.484837],[126.979176,37.484391],[126.978184,37.484046],[126.975686,37.483286],[126.974099,37.483314],[126.972993,37.483697],[126.972367,37.484139],[126.971914,37.484391],[126.970036,37.48508],[126.969458,37.485496],[126.966367,37.488006],[126.966158,37.488349],[126.965512,37.48966],[126.965087,37.490021],[126.964786,37.490405],[126.964236,37.491445],[126.963606,37.492065],[126.962872,37.492711],[126.962535,37.493319],[126.962228,37.494153],[126.962164,37.494135],[126.9622,37.494219],[126.962909,37.494766],[126.963524,37.494436]]]}},{"type":"Feature","properties":{"code":"11200660","name":"사당4동","guCode":"11200","guName":"동작구"},"geometry":{"type":"Polygon","coordinates":[[[126.97458,37.48329],[126.975686,37.483286],[126.975709,37.482794],[126.975817,37.482697],[126.975713,37.482673],[126.975692,37.481562],[126.97549,37.481439],[126.974718,37.480416],[126.974307,37.480436],[126.973763,37.479835],[126.972844,37.479033],[126.973272,37.478761],[126.972849,37.478525],[126.972473,37.478135],[126.97225,37.478163],[126.971951,37.478088],[126.970601,37.477078],[126.970184,37.47663],[126.970352,37.476529],[126.97029,37.476499],[126.968897,37.476568],[126.967764,37.477872],[126.967257,37.478057],[126.966894,37.478464],[126.966326,37.47896],[126.965648,37.479233],[126.964795,37.479512],[126.965674,37.479995],[126.966007,37.480048],[126.966247,37.480322],[126.966371,37.480592],[126.966401,37.480783],[126.966602,37.480889],[126.96706,37.481382],[126.967742,37.481621],[126.968431,37.48201],[126.968533,37.482034],[126.968692,37.482007],[126.969007,37.482101],[126.969253,37.482255],[126.969675,37.48212],[126.970495,37.483034],[126.969945,37.483379],[126.971029,37.484474],[126.970766,37.484696],[126.970842,37.484783],[126.971914,37.484391],[126.972367,37.484139],[126.972993,37.483697],[126.974099,37.483314],[126.97458,37.48329]]]}},{"type":"Feature","properties":{"code":"11200670","name":"사당5동","guCode":"11200","guName":"동작구"},"geometry":{"type":"Polygon","coordinates":[[[126.962229,37.494153],[126.962535,37.493319],[126.962872,37.492711],[126.963606,37.492065],[126.964236,37.491445],[126.964786,37.490405],[126.965087,37.490021],[126.965512,37.48966],[126.966158,37.488349],[126.966367,37.488006],[126.969458,37.485496],[126.970036,37.48508],[126.970842,37.484783],[126.970766,37.484696],[126.971029,37.484474],[126.969945,37.483379],[126.970495,37.483034],[126.969675,37.48212],[126.969253,37.482255],[126.969007,37.482101],[126.968692,37.482007],[126.968533,37.482034],[126.968431,37.48201],[126.967742,37.481621],[126.96706,37.481382],[126.966602,37.480889],[126.966401,37.480783],[126.966371,37.480592],[126.966247,37.480322],[126.966007,37.480048],[126.965674,37.479995],[126.964795,37.479512],[126.964427,37.479819],[126.963939,37.480994],[126.963293,37.481345],[126.96269,37.482044],[126.962049,37.482431],[126.961822,37.482938],[126.961069,37.483558],[126.961078,37.483704],[126.961633,37.484205],[126.961703,37.484505],[126.96163,37.484684],[126.961987,37.485177],[126.961767,37.48574],[126.961714,37.485737],[126.961675,37.485978],[126.961814,37.486315],[126.961851,37.487136],[126.961723,37.487224],[126.961796,37.487806],[126.961967,37.488628],[126.961838,37.488682],[126.961765,37.489005],[126.961397,37.489152],[126.960999,37.490035],[126.960868,37.490175],[126.960779,37.490823],[126.9614,37.491483],[126.961336,37.492455],[126.961378,37.492874],[126.961613,37.493041],[126.96176,37.493398],[126.961754,37.493469],[126.96181,37.49354],[126.961882,37.493524],[126.962164,37.494135],[126.962229,37.494153]]]}},{"type":"Feature","properties":{"code":"11200680","name":"대방동","guCode":"11200","guName":"동작구"},"geometry":{"type":"Polygon","coordinates":[[[126.932386,37.515575],[126.932503,37.51482],[126.932591,37.514641],[126.933307,37.514309],[126.934052,37.514301],[126.934328,37.514238],[126.934624,37.514075],[126.934632,37.51382],[126.934318,37.513515],[126.934372,37.513369],[126.93436,37.513225],[126.934405,37.513209],[126.934425,37.513134],[126.934421,37.513],[126.934454,37.512996],[126.934657,37.512375],[126.934695,37.510935],[126.934736,37.510952],[126.934775,37.510737],[126.93495,37.510514],[126.934962,37.509268],[126.934781,37.508893],[126.934729,37.508299],[126.934948,37.507594],[126.935182,37.507163],[126.935212,37.507006],[126.934932,37.506793],[126.934962,37.506689],[126.934915,37.506449],[126.93465,37.505686],[126.934271,37.505489],[126.933955,37.505196],[126.9338,37.505193],[126.93377,37.505129],[126.933535,37.505279],[126.933481,37.505233],[126.933195,37.505568],[126.932969,37.505724],[126.932929,37.505683],[126.932999,37.505621],[126.93293,37.505538],[126.932702,37.505624],[126.932677,37.505139],[126.932632,37.505082],[126.932653,37.504914],[126.932622,37.504851],[126.932655,37.504801],[126.932589,37.504558],[126.932672,37.504068],[126.932406,37.503884],[126.932358,37.50377],[126.931869,37.503595],[126.931576,37.503648],[126.931066,37.503478],[126.930522,37.503455],[126.929693,37.504133],[126.929299,37.504362],[126.929271,37.504224],[126.928989,37.503913],[126.928906,37.503855],[126.928651,37.503809],[126.92837,37.503681],[126.928169,37.503064],[126.928224,37.503041],[126.928222,37.502982],[126.928565,37.502592],[126.928772,37.502091],[126.928788,37.501847],[126.928728,37.501178],[126.928912,37.500901],[126.928883,37.500798],[126.929287,37.500769],[126.929331,37.5007],[126.92949,37.500621],[126.929653,37.500597],[126.929645,37.500423],[126.92986,37.500418],[126.929852,37.50036],[126.930322,37.499951],[126.930341,37.49986],[126.930377,37.499863],[126.930382,37.499684],[126.930239,37.499537],[126.929573,37.499196],[126.929195,37.499081],[126.928986,37.498938],[126.928986,37.498861],[126.928653,37.498861],[126.927293,37.49927],[126.92691,37.499312],[126.925837,37.498997],[126.924209,37.498425],[126.923452,37.498283],[126.922548,37.49799],[126.922511,37.498023],[126.922415,37.497997],[126.922378,37.497947],[126.922272,37.497926],[126.921776,37.497922],[126.921552,37.497978],[126.920244,37.498507],[126.920294,37.500033],[126.920353,37.500034],[126.92539,37.512529],[126.92679,37.512801],[126.926754,37.513136],[126.926971,37.51322],[126.926985,37.513498],[126.927036,37.513653],[126.927024,37.513874],[126.926987,37.514011],[126.926868,37.514055],[126.926872,37.514116],[126.926705,37.514267],[126.926671,37.5144],[126.926767,37.514461],[126.926874,37.514409],[126.926906,37.514524],[126.926806,37.514709],[126.926867,37.515544],[126.928996,37.515419],[126.932386,37.515575]]]}},{"type":"Feature","properties":{"code":"11200690","name":"신대방1동","guCode":"11200","guName":"동작구"},"geometry":{"type":"Polygon","coordinates":[[[126.914825,37.493614],[126.914865,37.493232],[126.914562,37.493035],[126.914542,37.492899],[126.914634,37.492095],[126.915492,37.492059],[126.915004,37.491482],[126.915067,37.491356],[126.915058,37.491193],[126.915272,37.490975],[126.915363,37.490686],[126.91555,37.490505],[126.915801,37.490044],[126.915949,37.489601],[126.915958,37.489219],[126.91356,37.488017],[126.913363,37.487755],[126.913451,37.48765],[126.913122,37.487446],[126.912496,37.486968],[126.912313,37.486774],[126.911923,37.486516],[126.911274,37.486268],[126.910614,37.486058],[126.909889,37.485903],[126.909393,37.485898],[126.906098,37.484961],[126.905527,37.484913],[126.903199,37.485003],[126.906698,37.489281],[126.906745,37.489203],[126.906814,37.489207],[126.907521,37.490002],[126.908423,37.491352],[126.909502,37.492663],[126.909524,37.492642],[126.909732,37.492863],[126.910234,37.493483],[126.911605,37.495613],[126.911959,37.496042],[126.912155,37.496179],[126.912524,37.496353],[126.914244,37.496552],[126.914415,37.495533],[126.914519,37.495367],[126.914695,37.494914],[126.914615,37.494721],[126.914825,37.493614]]]}},{"type":"Feature","properties":{"code":"11200700","name":"신대방2동","guCode":"11200","guName":"동작구"},"geometry":{"type":"Polygon","coordinates":[[[126.929099,37.498456],[126.929223,37.498397],[126.929441,37.497998],[126.929655,37.497799],[126.929637,37.497734],[126.930093,37.497786],[126.929698,37.496972],[126.929753,37.496159],[126.929427,37.495744],[126.929419,37.495353],[126.929619,37.494916],[126.929629,37.494722],[126.929859,37.494003],[126.928253,37.494942],[126.927913,37.495078],[126.927479,37.495015],[126.927226,37.494723],[126.927168,37.494557],[126.926964,37.494414],[126.926836,37.494217],[126.926692,37.49422],[126.926601,37.494108],[126.926558,37.494016],[126.926595,37.493999],[126.926548,37.49401],[126.926521,37.493914],[126.926576,37.493894],[126.926573,37.493664],[126.92649,37.493418],[126.926172,37.493249],[126.925974,37.493052],[126.9259,37.493044],[126.925622,37.492856],[126.925518,37.492682],[126.925357,37.492706],[126.924896,37.490893],[126.924573,37.490938],[126.92451,37.490713],[126.924351,37.490601],[126.924279,37.490452],[126.924109,37.490352],[126.924169,37.490346],[126.924151,37.489978],[126.923584,37.489986],[126.922449,37.490111],[126.922508,37.490368],[126.922336,37.490458],[126.922,37.490472],[126.921736,37.490544],[126.921015,37.490637],[126.920276,37.490617],[126.917856,37.490256],[126.917858,37.489921],[126.916651,37.489558],[126.915958,37.489219],[126.915949,37.489601],[126.915801,37.490044],[126.91555,37.490505],[126.915363,37.490686],[126.915272,37.490975],[126.915058,37.491193],[126.915067,37.491356],[126.915004,37.491482],[126.915492,37.492059],[126.914634,37.492095],[126.914542,37.492899],[126.914562,37.493035],[126.914865,37.493232],[126.9148,37.493849],[126.914615,37.494721],[126.914695,37.494914],[126.914519,37.495367],[126.914415,37.495533],[126.914244,37.496552],[126.914854,37.49661],[126.919408,37.4976],[126.919815,37.497799],[126.920214,37.498336],[126.920244,37.498507],[126.921552,37.497978],[126.921776,37.497922],[126.922272,37.497926],[126.922378,37.497947],[126.922415,37.497997],[126.922511,37.498023],[126.922548,37.49799],[126.923452,37.498283],[126.924209,37.498425],[126.925837,37.498997],[126.92691,37.499312],[126.927293,37.49927],[126.928653,37.498861],[126.928875,37.4986],[126.929099,37.498456]]]}},{"type":"Feature","properties":{"code":"11200710","name":"흑석동","guCode":"11200","guName":"동작구"},"geometry":{"type":"Polygon","coordinates":[[[126.963118,37.512229],[126.965012,37.510804],[126.966921,37.509875],[126.970092,37.509016],[126.974053,37.507476],[126.972644,37.506239],[126.972722,37.506148],[126.972435,37.50586],[126.972396,37.50588],[126.972352,37.50585],[126.972021,37.505538],[126.972018,37.505464],[126.972167,37.505437],[126.972319,37.505337],[126.972207,37.505196],[126.972112,37.505164],[126.97201,37.504988],[126.972044,37.504977],[126.971952,37.504747],[126.97198,37.504641],[126.971275,37.504205],[126.970794,37.504096],[126.970106,37.504089],[126.969729,37.503812],[126.969544,37.503762],[126.969392,37.503788],[126.968445,37.503573],[126.968164,37.503543],[126.967719,37.503278],[126.967487,37.503283],[126.967214,37.503019],[126.966743,37.502889],[126.966579,37.502767],[126.966578,37.502435],[126.96644,37.502124],[126.966111,37.501889],[126.96554,37.50159],[126.965291,37.501117],[126.965335,37.501127],[126.965336,37.501079],[126.965152,37.500915],[126.965116,37.500825],[126.964711,37.500688],[126.964309,37.500492],[126.964101,37.500253],[126.964143,37.500133],[126.964027,37.500012],[126.963733,37.499806],[126.963319,37.499587],[126.96329,37.499358],[126.963019,37.498939],[126.96297,37.498516],[126.962182,37.497936],[126.962142,37.497719],[126.961937,37.497445],[126.959845,37.498188],[126.959263,37.49815],[126.959336,37.498336],[126.958979,37.498474],[126.958347,37.498521],[126.957616,37.498723],[126.957409,37.498353],[126.957143,37.498341],[126.957052,37.498594],[126.956329,37.498428],[126.955911,37.498593],[126.956287,37.499244],[126.956023,37.500117],[126.955657,37.500924],[126.954895,37.501941],[126.954752,37.503606],[126.954409,37.503801],[126.953784,37.504054],[126.953641,37.504288],[126.953558,37.504625],[126.953549,37.504941],[126.953656,37.504987],[126.95391,37.505217],[126.953881,37.505478],[126.953815,37.505556],[126.954647,37.507509],[126.95461,37.507541],[126.955035,37.507683],[126.955359,37.508812],[126.955233,37.509072],[126.956011,37.50946],[126.956229,37.50962],[126.956311,37.509612],[126.956482,37.509704],[126.957498,37.51006],[126.957822,37.510717],[126.958038,37.511056],[126.957994,37.511142],[126.95806,37.511171],[126.958076,37.511232],[126.958587,37.511267],[126.95881,37.511326],[126.958916,37.511447],[126.958961,37.511718],[126.959128,37.511685],[126.959284,37.511565],[126.959967,37.511668],[126.960213,37.511795],[126.960284,37.51195],[126.96191,37.513117],[126.963118,37.512229]]]}},{"type":"Feature","properties":{"code":"11200720","name":"노량진1동","guCode":"11200","guName":"동작구"},"geometry":{"type":"Polygon","coordinates":[[[126.949691,37.517572],[126.953489,37.516384],[126.954704,37.516065],[126.96191,37.513117],[126.960284,37.51195],[126.960213,37.511795],[126.959967,37.511668],[126.959284,37.511565],[126.959128,37.511685],[126.958961,37.511718],[126.958916,37.511447],[126.95881,37.511326],[126.958587,37.511267],[126.958076,37.511232],[126.95806,37.511171],[126.957994,37.511142],[126.958038,37.511056],[126.957822,37.510717],[126.957498,37.51006],[126.956482,37.509704],[126.956311,37.509612],[126.956229,37.50962],[126.956011,37.50946],[126.955233,37.509072],[126.955359,37.508812],[126.955035,37.507683],[126.95461,37.507541],[126.953822,37.507673],[126.953568,37.508012],[126.95309,37.508781],[126.952755,37.508515],[126.95236,37.50854],[126.951911,37.508034],[126.951459,37.508084],[126.951023,37.507892],[126.95096,37.507968],[126.950591,37.508034],[126.950558,37.507982],[126.950431,37.507954],[126.950448,37.507868],[126.950228,37.507755],[126.950131,37.507529],[126.949974,37.507506],[126.949947,37.507426],[126.949828,37.507462],[126.949531,37.507313],[126.949499,37.507234],[126.949253,37.506977],[126.948385,37.506839],[126.947815,37.506881],[126.947305,37.506309],[126.947233,37.506495],[126.947191,37.506486],[126.947145,37.506585],[126.947024,37.506917],[126.946721,37.506998],[126.946637,37.506996],[126.946621,37.506961],[126.946496,37.506991],[126.946165,37.507143],[126.945935,37.50691],[126.945925,37.506945],[126.945784,37.506952],[126.945612,37.507038],[126.945575,37.506931],[126.945176,37.506949],[126.945166,37.506826],[126.945127,37.506819],[126.945071,37.506894],[126.944986,37.506843],[126.944961,37.506877],[126.944911,37.50686],[126.944853,37.506931],[126.944701,37.506844],[126.94463,37.506981],[126.944409,37.506911],[126.944449,37.506752],[126.944099,37.506679],[126.94406,37.506756],[126.943109,37.506222],[126.94311,37.506183],[126.942951,37.506204],[126.942643,37.506028],[126.942611,37.506246],[126.941677,37.505812],[126.941303,37.505696],[126.941119,37.505686],[126.940811,37.505448],[126.940704,37.505528],[126.940563,37.50555],[126.939764,37.505473],[126.939731,37.505695],[126.939907,37.505734],[126.939894,37.505831],[126.940646,37.505923],[126.940605,37.50595],[126.940616,37.505998],[126.940332,37.50618],[126.94044,37.506262],[126.940532,37.506238],[126.940841,37.506519],[126.940901,37.506791],[126.941554,37.506741],[126.941674,37.506821],[126.942317,37.506818],[126.943137,37.507662],[126.943041,37.507739],[126.943171,37.50794],[126.94303,37.508077],[126.943066,37.508329],[126.943002,37.508616],[126.943068,37.508866],[126.943109,37.508894],[126.943784,37.508792],[126.943872,37.508877],[126.943979,37.509136],[126.943799,37.509486],[126.943225,37.509343],[126.943146,37.509534],[126.942865,37.50989],[126.942486,37.509644],[126.941574,37.50932],[126.940146,37.508249],[126.940231,37.512497],[126.94021,37.513573],[126.94001,37.5137],[126.9399,37.513693],[126.93989,37.513789],[126.939918,37.5138],[126.939332,37.513772],[126.939244,37.514112],[126.93953,37.514136],[126.939556,37.51422],[126.939628,37.514268],[126.939546,37.514561],[126.939911,37.514637],[126.939943,37.514674],[126.939729,37.515539],[126.938833,37.515394],[126.938653,37.516056],[126.939283,37.516077],[126.94956,37.517614],[126.949691,37.517572]]]}},{"type":"Feature","properties":{"code":"11200730","name":"사당2동","guCode":"11200","guName":"동작구"},"geometry":{"type":"Polygon","coordinates":[[[126.978676,37.506554],[126.979009,37.506551],[126.97903,37.506659],[126.979498,37.506645],[126.979507,37.506546],[126.980407,37.506536],[126.980397,37.50459],[126.98013,37.504453],[126.980067,37.504364],[126.979854,37.504372],[126.979849,37.504173],[126.980071,37.503823],[126.980243,37.503818],[126.980285,37.503373],[126.980331,37.503369],[126.980401,37.503031],[126.980595,37.502667],[126.982027,37.502045],[126.983426,37.501248],[126.984283,37.500714],[126.985387,37.499859],[126.983196,37.497374],[126.98293,37.496994],[126.982803,37.492672],[126.98265,37.491883],[126.982682,37.491666],[126.982639,37.490087],[126.982531,37.489393],[126.982319,37.488537],[126.982126,37.485401],[126.979176,37.484391],[126.978991,37.484837],[126.97897,37.485061],[126.97989,37.487084],[126.979991,37.487235],[126.97994,37.487276],[126.979969,37.487332],[126.978857,37.486843],[126.978168,37.48676],[126.977055,37.486976],[126.976632,37.48714],[126.975787,37.488054],[126.975668,37.48814],[126.975785,37.488238],[126.975553,37.488479],[126.974993,37.488879],[126.974881,37.489028],[126.974687,37.489599],[126.974596,37.48971],[126.97403,37.490168],[126.973963,37.490122],[126.973257,37.490242],[126.97351,37.490698],[126.97328,37.490855],[126.972682,37.491782],[126.972093,37.49245],[126.971843,37.493286],[126.971502,37.493249],[126.970331,37.493532],[126.96997,37.493453],[126.969475,37.493685],[126.968967,37.49366],[126.968287,37.493867],[126.968002,37.494142],[126.967561,37.493925],[126.965818,37.493661],[126.965525,37.493321],[126.964907,37.493384],[126.963871,37.494109],[126.963524,37.494436],[126.962909,37.494766],[126.962818,37.495461],[126.962743,37.495464],[126.962364,37.495787],[126.962388,37.496531],[126.9623,37.496863],[126.961937,37.497445],[126.962142,37.497719],[126.962182,37.497936],[126.96297,37.498516],[126.963019,37.498939],[126.96329,37.499358],[126.963319,37.499587],[126.963733,37.499806],[126.964027,37.500012],[126.964143,37.500133],[126.964101,37.500253],[126.964309,37.500492],[126.964711,37.500688],[126.965116,37.500825],[126.965152,37.500915],[126.965336,37.501079],[126.965335,37.501127],[126.965291,37.501117],[126.96554,37.50159],[126.966111,37.501889],[126.96644,37.502124],[126.966578,37.502435],[126.966579,37.502767],[126.966743,37.502889],[126.967214,37.503019],[126.967487,37.503283],[126.967719,37.503278],[126.968164,37.503543],[126.968445,37.503573],[126.969392,37.503788],[126.969544,37.503762],[126.969729,37.503812],[126.970106,37.504089],[126.970794,37.504096],[126.971275,37.504205],[126.97198,37.504641],[126.971952,37.504747],[126.972044,37.504977],[126.97201,37.504988],[126.972112,37.505164],[126.972207,37.505196],[126.972319,37.505337],[126.972167,37.505437],[126.972018,37.505464],[126.972021,37.505538],[126.972352,37.50585],[126.972396,37.50588],[126.972435,37.50586],[126.972722,37.506148],[126.972644,37.506239],[126.974053,37.507476],[126.975259,37.507013],[126.978189,37.506555],[126.978676,37.506554]]]}},{"type":"Feature","properties":{"code":"11210520","name":"보라매동","guCode":"11210","guName":"관악구"},"geometry":{"type":"Polygon","coordinates":[[[126.927913,37.495078],[126.928416,37.494865],[126.929859,37.494003],[126.930071,37.493998],[126.931338,37.493263],[126.931339,37.493226],[126.932342,37.492998],[126.932404,37.492973],[126.932415,37.492873],[126.933871,37.493115],[126.934313,37.493086],[126.934316,37.493051],[126.934601,37.493012],[126.934651,37.492957],[126.935371,37.492729],[126.935823,37.492392],[126.936135,37.492293],[126.936332,37.49204],[126.936534,37.49197],[126.937259,37.491911],[126.93735,37.492019],[126.937614,37.492089],[126.937825,37.492249],[126.93811,37.492263],[126.938265,37.492366],[126.939347,37.491659],[126.939109,37.491652],[126.939036,37.491537],[126.939148,37.490861],[126.939137,37.490098],[126.9392,37.489309],[126.938733,37.488539],[126.938753,37.488411],[126.938699,37.488211],[126.938817,37.488194],[126.938806,37.48805],[126.938929,37.488022],[126.9389,37.487893],[126.938935,37.487751],[126.939173,37.487721],[126.939182,37.487802],[126.939086,37.487848],[126.939377,37.488089],[126.939436,37.48809],[126.939497,37.488029],[126.939602,37.48801],[126.939602,37.487915],[126.939887,37.487822],[126.939854,37.48774],[126.940052,37.487698],[126.940061,37.487641],[126.939897,37.487472],[126.939888,37.48739],[126.939421,37.486776],[126.939329,37.486209],[126.935629,37.486393],[126.934918,37.486394],[126.9342,37.486662],[126.9342,37.4867],[126.932528,37.48745],[126.928869,37.489091],[126.928202,37.489352],[126.927158,37.489669],[126.925858,37.489926],[126.92544,37.489977],[126.924155,37.489964],[126.924169,37.490346],[126.924109,37.490352],[126.924279,37.490452],[126.924351,37.490601],[126.92451,37.490713],[126.924573,37.490938],[126.924896,37.490893],[126.925357,37.492706],[126.925518,37.492682],[126.925622,37.492856],[126.9259,37.493044],[126.925974,37.493052],[126.926172,37.493249],[126.926454,37.493383],[126.926573,37.493664],[126.926576,37.493894],[126.926521,37.493914],[126.926548,37.49401],[126.926595,37.493999],[126.926558,37.494016],[126.926572,37.494059],[126.926692,37.49422],[126.926836,37.494217],[126.926964,37.494414],[126.927168,37.494557],[126.927226,37.494723],[126.927479,37.495015],[126.927913,37.495078]]]}},{"type":"Feature","properties":{"code":"11210540","name":"청림동","guCode":"11210","guName":"관악구"},"geometry":{"type":"Polygon","coordinates":[[[126.961338,37.492477],[126.9614,37.491483],[126.960779,37.490823],[126.960868,37.490175],[126.960999,37.490035],[126.961397,37.489152],[126.961765,37.489005],[126.961838,37.488682],[126.961967,37.488628],[126.961796,37.487806],[126.961723,37.487224],[126.961851,37.487136],[126.961814,37.486315],[126.961675,37.485978],[126.961714,37.485737],[126.961767,37.48574],[126.961933,37.485317],[126.961662,37.485282],[126.961104,37.485327],[126.960514,37.485529],[126.958845,37.486429],[126.956894,37.486379],[126.957968,37.487688],[126.958059,37.488167],[126.958054,37.488403],[126.957966,37.488697],[126.956271,37.490908],[126.956121,37.4915],[126.956441,37.491565],[126.956655,37.49166],[126.956702,37.491593],[126.957125,37.491754],[126.957478,37.491977],[126.9576,37.492355],[126.958114,37.492557],[126.958453,37.492625],[126.958507,37.492693],[126.958682,37.492769],[126.958638,37.492851],[126.958757,37.49306],[126.958933,37.493583],[126.959364,37.493803],[126.960289,37.493744],[126.961052,37.493258],[126.960947,37.492922],[126.961378,37.492874],[126.961338,37.492477]]]}},{"type":"Feature","properties":{"code":"11210570","name":"행운동","guCode":"11210","guName":"관악구"},"geometry":{"type":"Polygon","coordinates":[[[126.961468,37.485298],[126.961933,37.485317],[126.961987,37.485177],[126.96163,37.484684],[126.961703,37.484505],[126.961633,37.484205],[126.961078,37.483704],[126.961069,37.483558],[126.961822,37.482938],[126.962049,37.482431],[126.96269,37.482044],[126.963293,37.481345],[126.963939,37.480994],[126.964427,37.479819],[126.964795,37.479512],[126.965648,37.479233],[126.966326,37.47896],[126.966894,37.478464],[126.967257,37.478057],[126.967764,37.477872],[126.968897,37.476568],[126.97029,37.476499],[126.970306,37.475875],[126.970524,37.475374],[126.969637,37.475295],[126.968917,37.475307],[126.968036,37.475423],[126.96723,37.475621],[126.962902,37.477332],[126.961811,37.477807],[126.952903,37.481277],[126.952765,37.481294],[126.95279,37.481376],[126.956894,37.486379],[126.958845,37.486429],[126.960514,37.485529],[126.961104,37.485327],[126.961468,37.485298]]]}},{"type":"Feature","properties":{"code":"11210580","name":"낙성대동","guCode":"11210","guName":"관악구"},"geometry":{"type":"Polygon","coordinates":[[[126.961373,37.47516],[126.961396,37.475092],[126.961488,37.475149],[126.961599,37.475004],[126.961644,37.474834],[126.961614,37.474712],[126.961717,37.474713],[126.962011,37.474398],[126.962156,37.474316],[126.96211,37.474219],[126.962385,37.473954],[126.962552,37.473852],[126.962395,37.473645],[126.962034,37.472968],[126.96202,37.472837],[126.961874,37.472633],[126.96221,37.472313],[126.962585,37.472056],[126.96322,37.471894],[126.96332,37.471844],[126.963379,37.471684],[126.963385,37.471474],[126.963276,37.470994],[126.963073,37.470627],[126.962974,37.470297],[126.962823,37.470041],[126.962778,37.469856],[126.962691,37.469776],[126.962685,37.469695],[126.962819,37.469544],[126.963038,37.469408],[126.963309,37.468756],[126.963717,37.468482],[126.963758,37.468188],[126.964135,37.467852],[126.964608,37.467607],[126.96463,37.467037],[126.964518,37.466882],[126.964955,37.466806],[126.965296,37.465313],[126.965723,37.464318],[126.966774,37.463481],[126.967797,37.462939],[126.968471,37.462443],[126.968725,37.462161],[126.969306,37.461752],[126.969982,37.461355],[126.969814,37.461],[126.969042,37.460381],[126.969064,37.459974],[126.968383,37.459227],[126.966584,37.457958],[126.966914,37.457348],[126.966682,37.456613],[126.966613,37.456067],[126.965461,37.45499],[126.961647,37.456123],[126.960351,37.457353],[126.959597,37.458012],[126.957526,37.459643],[126.957289,37.459643],[126.957101,37.459759],[126.956901,37.460629],[126.956946,37.460768],[126.955568,37.462686],[126.956054,37.463847],[126.955676,37.464376],[126.956157,37.465805],[126.955688,37.466067],[126.955445,37.466366],[126.955373,37.466549],[126.955101,37.46695],[126.95516,37.467164],[126.954682,37.467597],[126.954198,37.467947],[126.953961,37.468781],[126.953728,37.468944],[126.953255,37.470829],[126.95305,37.471034],[126.9525,37.471005],[126.952919,37.472109],[126.953109,37.472814],[126.953094,37.473528],[126.95226,37.477978],[126.952321,37.478936],[126.952572,37.480599],[126.952765,37.481294],[126.952903,37.481277],[126.96231,37.47759],[126.961523,37.476237],[126.961703,37.476147],[126.961586,37.47597],[126.961244,37.47586],[126.961284,37.475735],[126.961455,37.475608],[126.961325,37.475236],[126.961373,37.47516]]]}},{"type":"Feature","properties":{"code":"11210610","name":"중앙동","guCode":"11210","guName":"관악구"},"geometry":{"type":"Polygon","coordinates":[[[126.94763,37.486854],[126.952657,37.486287],[126.956304,37.485665],[126.955974,37.485218],[126.95279,37.481376],[126.952765,37.481294],[126.946337,37.481973],[126.946803,37.485123],[126.946883,37.485991],[126.946872,37.486294],[126.946961,37.486757],[126.946953,37.486931],[126.94763,37.486854]]]}},{"type":"Feature","properties":{"code":"11210620","name":"인헌동","guCode":"11210","guName":"관악구"},"geometry":{"type":"Polygon","coordinates":[[[126.969336,37.475291],[126.970524,37.475374],[126.970608,37.475209],[126.970872,37.474608],[126.970809,37.474328],[126.97074,37.474208],[126.97137,37.473479],[126.971488,37.473096],[126.971174,37.47268],[126.971061,37.47197],[126.971175,37.471475],[126.971413,37.469928],[126.97138,37.469771],[126.971139,37.469443],[126.971169,37.469209],[126.971522,37.468516],[126.97167,37.467882],[126.971957,37.467652],[126.972152,37.467431],[126.97241,37.467319],[126.972761,37.466979],[126.973147,37.466039],[126.973021,37.465709],[126.973992,37.465067],[126.973525,37.464018],[126.973399,37.463529],[126.972691,37.463503],[126.971904,37.463199],[126.971642,37.462842],[126.971138,37.462741],[126.97066,37.462168],[126.970302,37.462028],[126.969982,37.461355],[126.969306,37.461752],[126.968725,37.462161],[126.968471,37.462443],[126.967797,37.462939],[126.966774,37.463481],[126.965723,37.464318],[126.965296,37.465313],[126.964955,37.466806],[126.964518,37.466882],[126.96463,37.467037],[126.964608,37.467607],[126.964135,37.467852],[126.963758,37.468188],[126.963717,37.468482],[126.963309,37.468756],[126.963038,37.469408],[126.962819,37.469544],[126.962685,37.469695],[126.962691,37.469776],[126.962778,37.469856],[126.962823,37.470041],[126.962974,37.470297],[126.963073,37.470627],[126.963276,37.470994],[126.963385,37.471474],[126.963379,37.471684],[126.96332,37.471844],[126.96322,37.471894],[126.962585,37.472056],[126.96221,37.472313],[126.961874,37.472633],[126.96202,37.472837],[126.962034,37.472968],[126.962395,37.473645],[126.962552,37.473852],[126.962385,37.473954],[126.96211,37.474219],[126.962156,37.474316],[126.962011,37.474398],[126.961717,37.474713],[126.961614,37.474712],[126.961644,37.474834],[126.961599,37.475004],[126.961488,37.475149],[126.961396,37.475092],[126.961325,37.475236],[126.961455,37.475608],[126.961284,37.475735],[126.961242,37.475854],[126.961586,37.47597],[126.961703,37.476147],[126.961523,37.476237],[126.96231,37.47759],[126.96723,37.475621],[126.968341,37.475372],[126.969336,37.475291]]]}},{"type":"Feature","properties":{"code":"11210630","name":"남현동","guCode":"11210","guName":"관악구"},"geometry":{"type":"Polygon","coordinates":[[[126.984365,37.470012],[126.98452,37.469801],[126.984692,37.469854],[126.984658,37.469932],[126.985336,37.469283],[126.985622,37.469129],[126.986075,37.468963],[126.985532,37.469046],[126.986362,37.468438],[126.987303,37.467614],[126.987119,37.467347],[126.987105,37.467228],[126.987237,37.467228],[126.987364,37.467032],[126.987728,37.466411],[126.987935,37.465939],[126.988157,37.464932],[126.988221,37.464228],[126.988344,37.463999],[126.988262,37.463445],[126.987579,37.460909],[126.987529,37.460339],[126.98761,37.459866],[126.98773,37.459538],[126.987966,37.459134],[126.988457,37.458541],[126.988636,37.458166],[126.986781,37.457403],[126.986613,37.457212],[126.985264,37.457182],[126.984903,37.457043],[126.984388,37.457106],[126.982888,37.456827],[126.981904,37.456936],[126.982398,37.455891],[126.97979,37.455647],[126.978477,37.455735],[126.977757,37.455199],[126.97458,37.454413],[126.973372,37.453238],[126.972844,37.452382],[126.971753,37.451737],[126.971068,37.45047],[126.970569,37.449453],[126.970309,37.451035],[126.968767,37.452827],[126.968392,37.454052],[126.967635,37.455828],[126.966613,37.456067],[126.966682,37.456613],[126.966914,37.457348],[126.966584,37.457958],[126.968383,37.459227],[126.969064,37.459974],[126.969042,37.460381],[126.969814,37.461],[126.970302,37.462028],[126.97066,37.462168],[126.971138,37.462741],[126.971642,37.462842],[126.971904,37.463199],[126.972691,37.463503],[126.973399,37.463529],[126.973525,37.464018],[126.973992,37.465067],[126.973021,37.465709],[126.973147,37.466039],[126.972761,37.466979],[126.97241,37.467319],[126.972152,37.467431],[126.971957,37.467652],[126.97167,37.467882],[126.971522,37.468516],[126.971169,37.469209],[126.971139,37.469443],[126.97138,37.469771],[126.971413,37.469928],[126.971175,37.471475],[126.971061,37.47197],[126.971174,37.47268],[126.971488,37.473096],[126.97137,37.473479],[126.97074,37.474208],[126.970809,37.474328],[126.970872,37.474608],[126.970523,37.475376],[126.972261,37.475788],[126.974286,37.476201],[126.978423,37.47665],[126.981696,37.47653],[126.981844,37.475092],[126.982172,37.473719],[126.983214,37.471575],[126.984365,37.470012]]]}},{"type":"Feature","properties":{"code":"11210640","name":"서원동","guCode":"11210","guName":"관악구"},"geometry":{"type":"Polygon","coordinates":[[[126.934207,37.484808],[126.934422,37.484831],[126.934434,37.484652],[126.935232,37.484679],[126.936137,37.484556],[126.936753,37.484348],[126.937788,37.48389],[126.937783,37.483311],[126.937289,37.482921],[126.93697,37.482476],[126.937519,37.482229],[126.936314,37.48119],[126.935582,37.480979],[126.935586,37.480711],[126.936127,37.480515],[126.936611,37.480496],[126.936543,37.480203],[126.937091,37.479405],[126.937961,37.479325],[126.938546,37.478944],[126.939251,37.478956],[126.939467,37.478915],[126.939538,37.478839],[126.939354,37.478577],[126.939303,37.478315],[126.939446,37.478093],[126.938228,37.477269],[126.937711,37.477183],[126.936463,37.477241],[126.934956,37.477408],[126.934912,37.477182],[126.93498,37.477182],[126.935028,37.47696],[126.935094,37.476931],[126.93507,37.476791],[126.935147,37.47679],[126.935132,37.476661],[126.935193,37.476563],[126.935222,37.476291],[126.935025,37.476033],[126.934606,37.475999],[126.934189,37.475846],[126.933526,37.475848],[126.932815,37.476007],[126.932799,37.475905],[126.932539,37.475816],[126.932339,37.475819],[126.932259,37.47586],[126.932252,37.475912],[126.932106,37.475926],[126.932082,37.475839],[126.931923,37.475846],[126.931812,37.475918],[126.931578,37.475977],[126.931451,37.475959],[126.931366,37.475932],[126.931218,37.475674],[126.931015,37.47548],[126.930846,37.475416],[126.930398,37.475433],[126.930208,37.475334],[126.930064,37.475516],[126.930331,37.477921],[126.930668,37.478661],[126.931458,37.47841],[126.93189,37.478832],[126.928889,37.481781],[126.926181,37.483781],[126.927321,37.483962],[126.929723,37.484229],[126.931979,37.484584],[126.934207,37.484838],[126.934207,37.484808]]]}},{"type":"Feature","properties":{"code":"11210650","name":"신원동","guCode":"11210","guName":"관악구"},"geometry":{"type":"Polygon","coordinates":[[[126.93181,37.478753],[126.931458,37.47841],[126.930668,37.478661],[126.930331,37.477921],[126.930063,37.475485],[126.930249,37.475332],[126.930187,37.475312],[126.930253,37.475251],[126.929546,37.47492],[126.928648,37.47485],[126.928394,37.474887],[126.928026,37.4748],[126.927606,37.474804],[126.927327,37.474599],[126.926707,37.474314],[126.926592,37.47446],[126.926297,37.475039],[126.926256,37.475346],[126.926184,37.475562],[126.926181,37.475856],[126.925191,37.476484],[126.924403,37.476903],[126.923582,37.477751],[126.923367,37.478347],[126.923183,37.478651],[126.923061,37.478742],[126.922787,37.479457],[126.922769,37.47976],[126.922612,37.480626],[126.92235,37.481513],[126.922326,37.481662],[126.922363,37.481783],[126.921783,37.482241],[126.921947,37.482488],[126.921758,37.482511],[126.921574,37.483122],[126.925758,37.483766],[126.926181,37.483781],[126.928889,37.481781],[126.93189,37.478832],[126.93181,37.478753]]]}},{"type":"Feature","properties":{"code":"11210660","name":"서림동","guCode":"11210","guName":"관악구"},"geometry":{"type":"Polygon","coordinates":[[[126.940314,37.477251],[126.94083,37.476698],[126.940888,37.476726],[126.941247,37.476467],[126.942065,37.476151],[126.942957,37.475254],[126.943428,37.474923],[126.943503,37.474899],[126.943525,37.47494],[126.943699,37.474837],[126.943747,37.474725],[126.943889,37.474605],[126.943866,37.474589],[126.944274,37.474266],[126.944787,37.473962],[126.94493,37.473925],[126.945242,37.473682],[126.945835,37.47352],[126.945998,37.473176],[126.946791,37.472605],[126.947859,37.472406],[126.94872,37.472719],[126.949071,37.472803],[126.949403,37.472439],[126.949708,37.472345],[126.949897,37.472088],[126.950407,37.471579],[126.950608,37.471594],[126.950779,37.471435],[126.951101,37.471597],[126.951397,37.47167],[126.952321,37.471064],[126.952214,37.470719],[126.952235,37.470619],[126.952104,37.469959],[126.952133,37.469562],[126.95201,37.46931],[126.951682,37.469072],[126.951522,37.468833],[126.951264,37.468574],[126.950983,37.46847],[126.950548,37.468178],[126.949852,37.467838],[126.949401,37.467719],[126.948866,37.46767],[126.948374,37.467711],[126.948004,37.467797],[126.947476,37.46801],[126.947151,37.468215],[126.947093,37.468211],[126.94612,37.469042],[126.945517,37.469482],[126.945447,37.469458],[126.943784,37.470713],[126.942926,37.471026],[126.941859,37.471014],[126.94024,37.470815],[126.93913,37.470808],[126.936808,37.471055],[126.935016,37.471389],[126.933912,37.4719],[126.933584,37.47242],[126.933533,37.473069],[126.933673,37.473383],[126.934012,37.473751],[126.933615,37.473998],[126.933579,37.474037],[126.933605,37.474057],[126.933436,37.474204],[126.933347,37.474346],[126.932985,37.474389],[126.93284,37.474334],[126.93214,37.473841],[126.93197,37.47452],[126.931482,37.474679],[126.930981,37.474783],[126.930719,37.47467],[126.930707,37.474452],[126.931057,37.474274],[126.930823,37.47415],[126.929341,37.474577],[126.929184,37.474873],[126.929546,37.47492],[126.930253,37.475251],[126.930187,37.475312],[126.930398,37.475433],[126.930846,37.475416],[126.931015,37.47548],[126.931218,37.475674],[126.931366,37.475932],[126.931451,37.475959],[126.931578,37.475977],[126.931812,37.475918],[126.931923,37.475846],[126.932082,37.475839],[126.932106,37.475926],[126.932252,37.475912],[126.932259,37.47586],[126.932339,37.475819],[126.932539,37.475816],[126.932799,37.475905],[126.932815,37.476007],[126.933526,37.475848],[126.934189,37.475846],[126.934606,37.475999],[126.935025,37.476033],[126.935222,37.476291],[126.935193,37.476563],[126.935132,37.476661],[126.935147,37.47679],[126.93507,37.476791],[126.935094,37.476931],[126.935028,37.47696],[126.93498,37.477182],[126.934912,37.477182],[126.934956,37.477408],[126.936463,37.477241],[126.937711,37.477183],[126.938228,37.477269],[126.939446,37.478093],[126.939677,37.477529],[126.939886,37.477324],[126.940314,37.477251]]]}},{"type":"Feature","properties":{"code":"11210680","name":"신사동","guCode":"11210","guName":"관악구"},"geometry":{"type":"Polygon","coordinates":[[[126.925693,37.484183],[126.925732,37.484197],[126.925879,37.484083],[126.925848,37.484055],[126.926181,37.483781],[126.925758,37.483766],[126.920213,37.482905],[126.916272,37.48211],[126.914538,37.481814],[126.914348,37.48254],[126.913475,37.486985],[126.91316,37.487156],[126.91316,37.487363],[126.913045,37.487363],[126.913451,37.48765],[126.913363,37.487755],[126.91356,37.488017],[126.916651,37.489558],[126.918057,37.489977],[126.91854,37.490092],[126.918881,37.490104],[126.920228,37.489505],[126.921654,37.488533],[126.922154,37.488092],[126.92329,37.486479],[126.925155,37.484626],[126.925693,37.484183]]]}},{"type":"Feature","properties":{"code":"11210690","name":"신림동","guCode":"11210","guName":"관악구"},"geometry":{"type":"Polygon","coordinates":[[[126.921015,37.490637],[126.921736,37.490544],[126.922,37.490472],[126.922336,37.490458],[126.922508,37.490368],[126.922449,37.490111],[126.923584,37.489986],[126.92544,37.489977],[126.92627,37.489862],[126.92756,37.489558],[126.928869,37.489091],[126.9342,37.4867],[126.934207,37.484838],[126.931979,37.484584],[126.929723,37.484229],[126.927321,37.483962],[126.926181,37.483781],[126.925848,37.484055],[126.925879,37.484083],[126.925732,37.484197],[126.925704,37.484174],[126.925155,37.484626],[126.92329,37.486479],[126.922154,37.488092],[126.921654,37.488533],[126.920228,37.489505],[126.918881,37.490104],[126.91854,37.490092],[126.917858,37.489921],[126.917856,37.490256],[126.920276,37.490617],[126.921015,37.490637]]]}},{"type":"Feature","properties":{"code":"11210710","name":"난향동","guCode":"11210","guName":"관악구"},"geometry":{"type":"Polygon","coordinates":[[[126.916713,37.466643],[126.917434,37.466787],[126.917888,37.466603],[126.918549,37.466189],[126.919568,37.466162],[126.91971,37.466095],[126.91954,37.466046],[126.919551,37.465852],[126.919728,37.465947],[126.919763,37.465916],[126.919878,37.466019],[126.920055,37.465922],[126.919825,37.465492],[126.920195,37.465343],[126.920427,37.465123],[126.920981,37.465177],[126.921576,37.464867],[126.921961,37.464556],[126.922925,37.464467],[126.922928,37.462753],[126.923193,37.462421],[126.923234,37.461945],[126.923545,37.461151],[126.923717,37.460935],[126.92386,37.460834],[126.924452,37.459597],[126.923952,37.458716],[126.923429,37.458156],[126.922187,37.456624],[126.920874,37.45683],[126.919635,37.456759],[126.919141,37.456898],[126.918334,37.456909],[126.917481,37.457112],[126.91729,37.457338],[126.916916,37.457509],[126.916466,37.457384],[126.915577,37.457404],[126.914981,37.457313],[126.914577,37.457457],[126.91403,37.457905],[126.914025,37.458457],[126.914278,37.458913],[126.91404,37.45947],[126.914266,37.459931],[126.914192,37.460998],[126.914381,37.46143],[126.914412,37.461613],[126.913952,37.461998],[126.913734,37.462851],[126.913298,37.463116],[126.912969,37.463622],[126.912902,37.46401],[126.912948,37.464241],[126.913237,37.46462],[126.913724,37.465469],[126.914646,37.465539],[126.914864,37.466127],[126.915241,37.466455],[126.915484,37.466782],[126.91562,37.466891],[126.916117,37.466734],[126.916713,37.466643]]]}},{"type":"Feature","properties":{"code":"11210720","name":"조원동","guCode":"11210","guName":"관악구"},"geometry":{"type":"Polygon","coordinates":[[[126.913802,37.485321],[126.914348,37.48254],[126.914538,37.481814],[126.909724,37.48095],[126.909783,37.480765],[126.905516,37.479984],[126.905239,37.480113],[126.898943,37.47894],[126.899224,37.479838],[126.899696,37.480684],[126.903199,37.485003],[126.905527,37.484913],[126.906098,37.484961],[126.909393,37.485898],[126.909889,37.485903],[126.910614,37.486058],[126.911274,37.486268],[126.911923,37.486516],[126.912313,37.486774],[126.912496,37.486968],[126.913045,37.487363],[126.91316,37.487363],[126.91316,37.487156],[126.913475,37.486985],[126.913802,37.485321]]]}},{"type":"Feature","properties":{"code":"11210730","name":"대학동","guCode":"11210","guName":"관악구"},"geometry":{"type":"Polygon","coordinates":[[[126.938953,37.47083],[126.94024,37.470815],[126.941859,37.471014],[126.942926,37.471026],[126.943784,37.470713],[126.945447,37.469458],[126.945517,37.469482],[126.94612,37.469042],[126.947093,37.468211],[126.947151,37.468215],[126.947476,37.46801],[126.947883,37.46783],[126.948374,37.467711],[126.948866,37.46767],[126.949401,37.467719],[126.949852,37.467838],[126.950548,37.468178],[126.950983,37.46847],[126.951264,37.468574],[126.951522,37.468833],[126.951682,37.469072],[126.951941,37.469229],[126.952125,37.469525],[126.952104,37.469959],[126.952235,37.470619],[126.952214,37.470719],[126.952321,37.471064],[126.952477,37.471003],[126.95305,37.471034],[126.953255,37.470829],[126.953728,37.468944],[126.953961,37.468781],[126.954198,37.467947],[126.954682,37.467597],[126.95516,37.467164],[126.955101,37.46695],[126.955373,37.466549],[126.955445,37.466366],[126.955688,37.466067],[126.956157,37.465805],[126.955676,37.464376],[126.956054,37.463847],[126.955568,37.462686],[126.956946,37.460768],[126.956901,37.460629],[126.957101,37.459759],[126.957289,37.459643],[126.957526,37.459643],[126.959597,37.458012],[126.960351,37.457353],[126.961647,37.456123],[126.965461,37.45499],[126.966613,37.456067],[126.967635,37.455828],[126.968392,37.454052],[126.968767,37.452827],[126.970309,37.451035],[126.970569,37.449453],[126.967663,37.448381],[126.96429,37.446267],[126.963934,37.445215],[126.964419,37.444313],[126.964303,37.44377],[126.964382,37.442577],[126.964634,37.44204],[126.963784,37.441287],[126.963803,37.440787],[126.962943,37.44028],[126.961762,37.440279],[126.960056,37.440401],[126.959543,37.439979],[126.958966,37.43907],[126.957567,37.43893],[126.956368,37.438754],[126.955109,37.438692],[126.954631,37.438857],[126.953904,37.43901],[126.952411,37.43919],[126.951467,37.438577],[126.951158,37.438444],[126.950925,37.438734],[126.950032,37.438622],[126.949843,37.43838],[126.949284,37.43825],[126.948766,37.438646],[126.948363,37.438713],[126.947854,37.438492],[126.946789,37.438167],[126.94659,37.43793],[126.945676,37.437305],[126.94509,37.437088],[126.943385,37.437283],[126.941979,37.437506],[126.941424,37.437404],[126.941103,37.436918],[126.94053,37.43628],[126.940427,37.435802],[126.94022,37.435712],[126.939364,37.436026],[126.938622,37.436029],[126.938575,37.43642],[126.938326,37.436653],[126.938012,37.437189],[126.937746,37.437386],[126.937744,37.437879],[126.937563,37.438327],[126.937273,37.438632],[126.937247,37.439213],[126.937694,37.439684],[126.937864,37.440198],[126.937354,37.440872],[126.936812,37.441438],[126.936735,37.441635],[126.936647,37.441746],[126.936202,37.441954],[126.935986,37.442142],[126.935643,37.442178],[126.935441,37.442497],[126.935255,37.44266],[126.935032,37.443064],[126.934895,37.443212],[126.934564,37.443197],[126.934027,37.443485],[126.933219,37.444079],[126.93175,37.444976],[126.930554,37.445468],[126.930163,37.446378],[126.930278,37.446621],[126.930357,37.447334],[126.931131,37.447897],[126.931271,37.448278],[126.931599,37.448845],[126.931876,37.448845],[126.932215,37.448905],[126.93275,37.449142],[126.932894,37.449282],[126.932956,37.44945],[126.93383,37.449868],[126.934056,37.450348],[126.934396,37.450908],[126.93441,37.450876],[126.934405,37.450915],[126.934726,37.451059],[126.934881,37.451415],[126.935432,37.451891],[126.936258,37.452088],[126.936238,37.452749],[126.936422,37.453148],[126.936708,37.45354],[126.936866,37.453895],[126.936867,37.454065],[126.937165,37.454631],[126.937027,37.455027],[126.937006,37.455224],[126.937054,37.455554],[126.937533,37.45582],[126.937892,37.455957],[126.93829,37.45687],[126.938455,37.457052],[126.938585,37.457327],[126.938627,37.457738],[126.938427,37.458366],[126.938518,37.458591],[126.938805,37.458911],[126.938538,37.459825],[126.937354,37.460196],[126.936856,37.459948],[126.936891,37.461994],[126.936689,37.462597],[126.935762,37.462922],[126.935651,37.463121],[126.935624,37.463477],[126.935469,37.463857],[126.934704,37.464031],[126.934392,37.464283],[126.934176,37.464534],[126.934133,37.464696],[126.934289,37.464995],[126.934305,37.465138],[126.934101,37.465363],[126.933783,37.465589],[126.933624,37.46596],[126.933402,37.466139],[126.93237,37.466077],[126.932337,37.465951],[126.931771,37.465855],[126.931775,37.465812],[126.931573,37.465645],[126.931558,37.465787],[126.931438,37.465774],[126.931403,37.466424],[126.931564,37.467163],[126.934139,37.471795],[126.935016,37.471389],[126.936808,37.471055],[126.938953,37.47083]]]}},{"type":"Feature","properties":{"code":"11210780","name":"은천동","guCode":"11210","guName":"관악구"},"geometry":{"type":"Polygon","coordinates":[[[126.940553,37.492874],[126.940849,37.492894],[126.940967,37.492754],[126.941082,37.492417],[126.941539,37.492275],[126.941589,37.492202],[126.941732,37.492171],[126.942296,37.492245],[126.942545,37.492216],[126.942622,37.492143],[126.942853,37.492164],[126.94296,37.492217],[126.943392,37.492241],[126.943531,37.492366],[126.943714,37.4924],[126.944362,37.491301],[126.944975,37.491534],[126.946102,37.490137],[126.946009,37.489968],[126.945961,37.489776],[126.946044,37.489412],[126.946108,37.489343],[126.946261,37.488959],[126.946322,37.488536],[126.94657,37.487572],[126.94692,37.48704],[126.946961,37.486757],[126.946872,37.486294],[126.946883,37.485991],[126.946803,37.485123],[126.946337,37.481973],[126.942097,37.482425],[126.941298,37.482629],[126.940599,37.482896],[126.936607,37.484675],[126.935772,37.484843],[126.934876,37.484906],[126.934207,37.484838],[126.9342,37.486662],[126.934918,37.486394],[126.935629,37.486393],[126.939329,37.486209],[126.939421,37.486776],[126.939888,37.48739],[126.939897,37.487472],[126.940061,37.487641],[126.940052,37.487698],[126.939854,37.48774],[126.939887,37.487822],[126.939602,37.487915],[126.939602,37.48801],[126.939497,37.488029],[126.939436,37.48809],[126.939377,37.488089],[126.939086,37.487848],[126.939182,37.487802],[126.939173,37.487721],[126.938935,37.487751],[126.9389,37.487893],[126.938929,37.488022],[126.938806,37.48805],[126.938817,37.488194],[126.938699,37.488211],[126.938753,37.488411],[126.938733,37.488539],[126.9392,37.489309],[126.939137,37.490098],[126.939148,37.490861],[126.939036,37.491537],[126.939109,37.491652],[126.939347,37.491659],[126.938265,37.492366],[126.938304,37.492392],[126.938889,37.49233],[126.939255,37.492197],[126.939479,37.492342],[126.939486,37.492467],[126.939598,37.492596],[126.939736,37.492635],[126.939734,37.492793],[126.939926,37.492904],[126.940388,37.492972],[126.940553,37.492874]]]}},{"type":"Feature","properties":{"code":"11210790","name":"성현동","guCode":"11210","guName":"관악구"},"geometry":{"type":"Polygon","coordinates":[[[126.94808,37.493733],[126.948337,37.493721],[126.948793,37.493856],[126.948823,37.493179],[126.949424,37.493001],[126.949565,37.492777],[126.94996,37.492613],[126.950249,37.492518],[126.951697,37.492205],[126.952066,37.491954],[126.952239,37.491687],[126.952805,37.491492],[126.952847,37.491351],[126.953727,37.490642],[126.954177,37.490946],[126.95488,37.490992],[126.955165,37.491307],[126.955421,37.491454],[126.956121,37.4915],[126.956271,37.490908],[126.957966,37.488697],[126.958036,37.488519],[126.958059,37.488167],[126.957968,37.487688],[126.956304,37.485665],[126.952657,37.486287],[126.946953,37.486931],[126.94692,37.48704],[126.94657,37.487572],[126.946322,37.488536],[126.946261,37.488959],[126.946108,37.489343],[126.946044,37.489412],[126.945961,37.489776],[126.946009,37.489968],[126.946102,37.490137],[126.944975,37.491534],[126.944362,37.491301],[126.943714,37.4924],[126.943944,37.492494],[126.944512,37.492499],[126.944542,37.493145],[126.945425,37.493346],[126.945874,37.493559],[126.946091,37.493534],[126.946784,37.493903],[126.946952,37.494063],[126.946964,37.494126],[126.947183,37.494039],[126.94755,37.493761],[126.94808,37.493733]]]}},{"type":"Feature","properties":{"code":"11210800","name":"청룡동","guCode":"11210","guName":"관악구"},"geometry":{"type":"Polygon","coordinates":[[[126.935772,37.484843],[126.936607,37.484675],[126.940599,37.482896],[126.941298,37.482629],[126.942097,37.482425],[126.952765,37.481294],[126.952572,37.480599],[126.952321,37.478936],[126.95226,37.477978],[126.953094,37.473528],[126.953109,37.472814],[126.952919,37.472109],[126.9525,37.471005],[126.952321,37.471064],[126.951397,37.47167],[126.951101,37.471597],[126.950779,37.471435],[126.950608,37.471594],[126.950407,37.471579],[126.949897,37.472088],[126.949708,37.472345],[126.949403,37.472439],[126.949071,37.472803],[126.94872,37.472719],[126.947859,37.472406],[126.946791,37.472605],[126.945998,37.473176],[126.945835,37.47352],[126.945242,37.473682],[126.94493,37.473925],[126.944787,37.473962],[126.944274,37.474266],[126.943866,37.474589],[126.943889,37.474605],[126.943747,37.474725],[126.943699,37.474837],[126.943525,37.47494],[126.943503,37.474899],[126.943428,37.474923],[126.942957,37.475254],[126.942065,37.476151],[126.941247,37.476467],[126.940888,37.476726],[126.94083,37.476698],[126.940314,37.477251],[126.939886,37.477324],[126.939677,37.477529],[126.939508,37.477994],[126.939303,37.478315],[126.939354,37.478577],[126.939538,37.478839],[126.939467,37.478915],[126.939251,37.478956],[126.938546,37.478944],[126.937961,37.479325],[126.937091,37.479405],[126.936543,37.480203],[126.936611,37.480496],[126.936127,37.480515],[126.935586,37.480711],[126.935582,37.480979],[126.936314,37.48119],[126.937519,37.482229],[126.93697,37.482476],[126.937289,37.482921],[126.937783,37.483311],[126.937788,37.48389],[126.936753,37.484348],[126.936137,37.484556],[126.935232,37.484679],[126.934434,37.484652],[126.934422,37.484831],[126.934208,37.484804],[126.934207,37.484838],[126.934876,37.484906],[126.935772,37.484843]]]}},{"type":"Feature","properties":{"code":"11210810","name":"난곡동","guCode":"11210","guName":"관악구"},"geometry":{"type":"Polygon","coordinates":[[[126.926632,37.473311],[126.926884,37.472824],[126.926395,37.471866],[126.925758,37.471349],[126.925758,37.470794],[126.925999,37.470323],[126.92595,37.469688],[126.926069,37.469111],[126.926024,37.468891],[126.926103,37.468589],[126.925628,37.468443],[126.925524,37.468365],[126.925422,37.468127],[126.925455,37.467783],[126.925105,37.467612],[126.92504,37.467355],[126.924794,37.467146],[126.924921,37.466879],[126.923493,37.465731],[126.923264,37.465123],[126.923242,37.464749],[126.922925,37.464467],[126.921961,37.464556],[126.921576,37.464867],[126.920981,37.465177],[126.920427,37.465123],[126.920195,37.465343],[126.919825,37.465492],[126.920055,37.465922],[126.919878,37.466019],[126.919763,37.465916],[126.919728,37.465947],[126.919551,37.465852],[126.91954,37.466046],[126.91971,37.466095],[126.919568,37.466162],[126.918549,37.466189],[126.917888,37.466603],[126.917434,37.466787],[126.916734,37.466639],[126.916117,37.466734],[126.91562,37.466891],[126.915742,37.467078],[126.915602,37.467277],[126.915359,37.467376],[126.914619,37.467908],[126.914786,37.468346],[126.914379,37.468603],[126.91444,37.46888],[126.914228,37.469455],[126.914539,37.470157],[126.914751,37.470433],[126.914752,37.470651],[126.914891,37.47084],[126.914888,37.470898],[126.914815,37.470944],[126.914719,37.471469],[126.915441,37.471645],[126.916505,37.47251],[126.916489,37.472587],[126.917062,37.47297],[126.917462,37.472868],[126.917692,37.472996],[126.917688,37.473062],[126.917477,37.473417],[126.917652,37.473698],[126.917728,37.473942],[126.917796,37.474],[126.918642,37.474053],[126.918822,37.474189],[126.919595,37.474358],[126.919516,37.474575],[126.924177,37.477165],[126.924403,37.476903],[126.925191,37.476484],[126.926181,37.475856],[126.926184,37.475562],[126.926256,37.475346],[126.926297,37.475039],[126.926592,37.47446],[126.926707,37.474314],[126.926578,37.474075],[126.926602,37.473365],[126.926632,37.473311]]]}},{"type":"Feature","properties":{"code":"11210820","name":"삼성동","guCode":"11210","guName":"관악구"},"geometry":{"type":"Polygon","coordinates":[[[126.928394,37.474887],[126.928648,37.47485],[126.929184,37.474873],[126.929341,37.474577],[126.930823,37.47415],[126.931057,37.474274],[126.930707,37.474452],[126.930719,37.47467],[126.930981,37.474783],[126.931482,37.474679],[126.93197,37.47452],[126.93214,37.473841],[126.93284,37.474334],[126.932985,37.474389],[126.933318,37.474362],[126.933605,37.474057],[126.933579,37.474037],[126.933615,37.473998],[126.934012,37.473751],[126.933616,37.4733],[126.933533,37.473069],[126.933543,37.472678],[126.933584,37.47242],[126.933912,37.4719],[126.934139,37.471795],[126.931564,37.467163],[126.931403,37.466424],[126.931438,37.465774],[126.931558,37.465787],[126.931573,37.465645],[126.931775,37.465812],[126.931771,37.465855],[126.932337,37.465951],[126.93237,37.466077],[126.933402,37.466139],[126.933624,37.46596],[126.933783,37.465589],[126.934101,37.465363],[126.934305,37.465138],[126.934289,37.464995],[126.934133,37.464696],[126.934176,37.464534],[126.934392,37.464283],[126.934704,37.464031],[126.935469,37.463857],[126.935624,37.463477],[126.935651,37.463121],[126.935762,37.462922],[126.936689,37.462597],[126.936891,37.461994],[126.936856,37.459948],[126.937354,37.460196],[126.938538,37.459825],[126.938805,37.458911],[126.938518,37.458591],[126.938427,37.458366],[126.938627,37.457738],[126.938585,37.457327],[126.938455,37.457052],[126.93829,37.45687],[126.937892,37.455957],[126.937533,37.45582],[126.937054,37.455554],[126.937006,37.455224],[126.937027,37.455027],[126.937165,37.454631],[126.936867,37.454065],[126.936866,37.453895],[126.936708,37.45354],[126.936422,37.453148],[126.936238,37.452749],[126.936258,37.452088],[126.935432,37.451891],[126.934881,37.451415],[126.934726,37.451059],[126.934405,37.450915],[126.93441,37.450876],[126.934396,37.450908],[126.934056,37.450348],[126.93383,37.449868],[126.932956,37.44945],[126.932894,37.449282],[126.93275,37.449142],[126.932215,37.448905],[126.931876,37.448845],[126.931599,37.448845],[126.931271,37.448278],[126.931131,37.447897],[126.930357,37.447334],[126.930368,37.447698],[126.930166,37.448384],[126.929286,37.449472],[126.928992,37.449634],[126.928911,37.449866],[126.928399,37.450212],[126.92851,37.450545],[126.928366,37.451012],[126.927869,37.451099],[126.92729,37.451008],[126.926659,37.451774],[126.926263,37.45254],[126.925655,37.452931],[126.925424,37.45301],[126.924779,37.452844],[126.924247,37.453399],[126.924183,37.45368],[126.923821,37.453937],[126.923308,37.454224],[126.923083,37.454529],[126.922823,37.455156],[126.92251,37.456332],[126.922187,37.456624],[126.923429,37.458156],[126.923952,37.458716],[126.924452,37.459597],[126.92386,37.460834],[126.923717,37.460935],[126.923545,37.461151],[126.923234,37.461945],[126.923193,37.462421],[126.922928,37.462753],[126.922925,37.464467],[126.923242,37.464749],[126.923264,37.465123],[126.923493,37.465731],[126.924921,37.466879],[126.924794,37.467146],[126.92504,37.467355],[126.925105,37.467612],[126.925455,37.467783],[126.925422,37.468127],[126.925524,37.468365],[126.925628,37.468443],[126.926103,37.468589],[126.926024,37.468891],[126.926069,37.469111],[126.92595,37.469688],[126.925999,37.470323],[126.925758,37.470794],[126.925758,37.471349],[126.926395,37.471866],[126.926884,37.472824],[126.926602,37.473365],[126.926578,37.474075],[126.926707,37.474314],[126.927327,37.474599],[126.927606,37.474804],[126.928026,37.4748],[126.928394,37.474887]]]}},{"type":"Feature","properties":{"code":"11210830","name":"미성동","guCode":"11210","guName":"관악구"},"geometry":{"type":"Polygon","coordinates":[[[126.922553,37.480848],[126.922769,37.47976],[126.922787,37.479457],[126.923061,37.478742],[126.923183,37.478651],[126.923367,37.478347],[126.923582,37.477751],[126.924177,37.477165],[126.919516,37.474575],[126.919595,37.474358],[126.918822,37.474189],[126.918642,37.474053],[126.917796,37.474],[126.917728,37.473942],[126.917652,37.473698],[126.917477,37.473417],[126.917688,37.473062],[126.917692,37.472996],[126.917462,37.472868],[126.917062,37.47297],[126.916489,37.472587],[126.916505,37.47251],[126.915441,37.471645],[126.914719,37.471469],[126.914815,37.470944],[126.914888,37.470898],[126.914891,37.47084],[126.914752,37.470651],[126.914751,37.470433],[126.914539,37.470157],[126.914228,37.469455],[126.91444,37.46888],[126.914379,37.468603],[126.914786,37.468346],[126.914623,37.4679],[126.915359,37.467376],[126.915602,37.467277],[126.915742,37.467078],[126.915241,37.466455],[126.914864,37.466127],[126.914646,37.465539],[126.913577,37.465453],[126.913067,37.465693],[126.912552,37.465762],[126.912398,37.465906],[126.9124,37.466274],[126.911654,37.466831],[126.911638,37.467142],[126.911112,37.46775],[126.911041,37.468084],[126.909963,37.468774],[126.910253,37.46925],[126.90995,37.469803],[126.909816,37.469912],[126.909799,37.470067],[126.909544,37.470472],[126.909588,37.4707],[126.908772,37.471801],[126.908624,37.472148],[126.908436,37.472276],[126.908197,37.472683],[126.908658,37.472969],[126.909286,37.473173],[126.909608,37.473201],[126.909942,37.473298],[126.910023,37.473418],[126.910526,37.473596],[126.910745,37.47362],[126.911024,37.473916],[126.911073,37.474213],[126.911359,37.474507],[126.911294,37.474798],[126.911313,37.474939],[126.911181,37.475212],[126.911362,37.47579],[126.911355,37.475982],[126.911616,37.476302],[126.911808,37.476854],[126.911834,37.477821],[126.9116,37.478117],[126.911072,37.478133],[126.910641,37.478052],[126.910512,37.478166],[126.910471,37.478355],[126.909824,37.478208],[126.90946,37.478027],[126.908651,37.47908],[126.908779,37.479266],[126.908693,37.479404],[126.90877,37.479507],[126.908821,37.479554],[126.909104,37.479639],[126.908999,37.480078],[126.909935,37.480252],[126.909724,37.48095],[126.916272,37.48211],[126.920213,37.482905],[126.921574,37.483122],[126.921758,37.482511],[126.921947,37.482488],[126.921783,37.482241],[126.922363,37.481783],[126.922326,37.481662],[126.92235,37.481513],[126.922553,37.480848]]]}},{"type":"Feature","properties":{"code":"11220510","name":"서초1동","guCode":"11220","guName":"서초구"},"geometry":{"type":"Polygon","coordinates":[[[127.026547,37.481836],[127.026985,37.480593],[127.026498,37.4805],[127.025575,37.480867],[127.024602,37.480629],[127.02438,37.480614],[127.024266,37.480444],[127.024492,37.479676],[127.024217,37.479423],[127.023641,37.479576],[127.023439,37.479399],[127.022795,37.47914],[127.022665,37.47902],[127.022762,37.478949],[127.022591,37.478391],[127.022172,37.478081],[127.021708,37.477456],[127.021634,37.477005],[127.021068,37.477281],[127.020566,37.477156],[127.020169,37.476967],[127.019785,37.477031],[127.019454,37.478011],[127.019226,37.478],[127.018995,37.478772],[127.018243,37.479788],[127.017662,37.479709],[127.017693,37.479777],[127.018759,37.480114],[127.019224,37.480371],[127.018735,37.481618],[127.018052,37.482023],[127.017977,37.482282],[127.017334,37.483263],[127.016617,37.484495],[127.014934,37.487208],[127.014584,37.488373],[127.014031,37.491524],[127.013698,37.493684],[127.021273,37.496009],[127.022407,37.492907],[127.025023,37.486172],[127.026547,37.481836]]]}},{"type":"Feature","properties":{"code":"11220520","name":"서초2동","guCode":"11220","guName":"서초구"},"geometry":{"type":"Polygon","coordinates":[[[127.033856,37.484337],[127.03425,37.48396],[127.033651,37.484148],[127.033713,37.483848],[127.034093,37.483104],[127.03409,37.483045],[127.034323,37.482871],[127.03439,37.482715],[127.034248,37.482508],[127.034305,37.482212],[127.033709,37.481913],[127.033318,37.481506],[127.033114,37.481494],[127.032853,37.481334],[127.032537,37.481012],[127.031814,37.480736],[127.031668,37.480764],[127.031321,37.480738],[127.030672,37.480466],[127.03042,37.480299],[127.029328,37.48055],[127.028839,37.48094],[127.028552,37.481079],[127.028109,37.481047],[127.02782,37.480915],[127.027637,37.480726],[127.026985,37.480593],[127.025023,37.486172],[127.022407,37.492907],[127.021273,37.496009],[127.027601,37.497954],[127.034087,37.484369],[127.033856,37.484337]]]}},{"type":"Feature","properties":{"code":"11220530","name":"서초3동","guCode":"11220","guName":"서초구"},"geometry":{"type":"Polygon","coordinates":[[[127.012559,37.498529],[127.013607,37.494132],[127.014584,37.488373],[127.014934,37.487208],[127.016617,37.484495],[127.017334,37.483263],[127.017977,37.482282],[127.018052,37.482023],[127.018735,37.481618],[127.019224,37.480371],[127.018759,37.480114],[127.017693,37.479777],[127.017662,37.479709],[127.018243,37.479788],[127.018995,37.478772],[127.019226,37.478],[127.019454,37.478011],[127.019785,37.477031],[127.019246,37.476842],[127.018528,37.476692],[127.018174,37.476538],[127.017524,37.4765],[127.017067,37.476348],[127.016542,37.476058],[127.016383,37.475609],[127.016389,37.475293],[127.015861,37.475203],[127.015377,37.474929],[127.01497,37.474313],[127.014888,37.473899],[127.014658,37.473704],[127.013938,37.473226],[127.013548,37.473327],[127.012965,37.473325],[127.012111,37.473201],[127.011651,37.472856],[127.011061,37.472852],[127.010111,37.472545],[127.00837,37.475843],[127.008232,37.476075],[127.007698,37.476651],[127.007402,37.477236],[127.007164,37.47748],[127.007041,37.477418],[127.006875,37.477761],[127.006716,37.47768],[127.006752,37.477766],[127.006549,37.478185],[127.006257,37.478095],[127.005721,37.478652],[127.005671,37.478662],[127.005721,37.478682],[127.005373,37.479043],[127.004157,37.478597],[127.004104,37.478612],[127.00298,37.480315],[127.003436,37.480312],[127.003009,37.480735],[127.002718,37.480872],[127.003143,37.481418],[127.002389,37.4822],[127.002341,37.482191],[127.002074,37.482468],[127.002138,37.482818],[127.001849,37.482719],[127.001739,37.483124],[127.000807,37.483563],[127.000753,37.483718],[127.000858,37.484384],[127.000589,37.485098],[127.000323,37.485399],[127.000241,37.485634],[127.000375,37.485705],[127.000648,37.485978],[127.001365,37.486838],[127.00099,37.487879],[127.000666,37.488113],[127.000414,37.48854],[127.000487,37.489722],[126.999825,37.49018],[126.999852,37.491565],[127.000294,37.491815],[127.000864,37.491794],[127.001255,37.491978],[127.001506,37.492271],[127.001832,37.492783],[127.002242,37.493113],[127.002393,37.493492],[127.002943,37.494004],[127.003275,37.494397],[127.003482,37.494808],[127.003549,37.495029],[127.003505,37.495576],[127.003524,37.495969],[127.003984,37.496096],[127.004839,37.496612],[127.004974,37.496745],[127.005677,37.496846],[127.006147,37.496696],[127.006823,37.496787],[127.007152,37.496886],[127.00759,37.497183],[127.00843,37.497007],[127.008768,37.496801],[127.009615,37.497171],[127.010169,37.497296],[127.008809,37.498511],[127.009971,37.498508],[127.009975,37.498627],[127.012467,37.498966],[127.012559,37.498529]]]}},{"type":"Feature","properties":{"code":"11220540","name":"서초4동","guCode":"11220","guName":"서초구"},"geometry":{"type":"Polygon","coordinates":[[[127.025109,37.50317],[127.027601,37.497954],[127.013698,37.493684],[127.012746,37.497643],[127.012467,37.498966],[127.012517,37.498973],[127.012393,37.499518],[127.013412,37.499638],[127.015857,37.501492],[127.016653,37.501083],[127.019516,37.500044],[127.019759,37.499996],[127.018604,37.503034],[127.019368,37.503051],[127.020196,37.503189],[127.024485,37.504478],[127.025109,37.50317]]]}},{"type":"Feature","properties":{"code":"11220550","name":"잠원동","guCode":"11220","guName":"서초구"},"geometry":{"type":"Polygon","coordinates":[[[127.008577,37.525596],[127.013187,37.522583],[127.013386,37.522907],[127.013863,37.523335],[127.015231,37.524845],[127.01694,37.523025],[127.017822,37.521812],[127.020515,37.512799],[127.021326,37.511102],[127.011684,37.508186],[127.01135,37.508837],[127.011983,37.509491],[127.010485,37.510413],[127.009623,37.512078],[127.009592,37.51213],[127.009503,37.512087],[127.009301,37.512465],[127.008451,37.513351],[127.007996,37.512941],[127.007766,37.512856],[127.006759,37.513531],[127.008895,37.515645],[127.008783,37.515722],[127.008839,37.515776],[127.008344,37.516098],[127.008269,37.516077],[127.008118,37.516181],[127.007482,37.516778],[127.002494,37.520674],[127.006456,37.52344],[127.008577,37.525596]]]}},{"type":"Feature","properties":{"code":"11220560","name":"반포본동","guCode":"11220","guName":"서초구"},"geometry":{"type":"Polygon","coordinates":[[[126.992228,37.506631],[126.992146,37.506342],[126.991807,37.505736],[126.991792,37.505474],[126.991838,37.505093],[126.992148,37.504724],[126.992354,37.504335],[126.992399,37.504354],[126.992613,37.503947],[126.992658,37.503631],[126.992888,37.503143],[126.992885,37.50302],[126.992939,37.502867],[126.992874,37.502788],[126.992911,37.502754],[126.992839,37.502734],[126.992796,37.502577],[126.993976,37.502881],[126.994563,37.501508],[126.992021,37.500969],[126.991986,37.500861],[126.991733,37.500624],[126.991751,37.500327],[126.991631,37.499988],[126.991124,37.499751],[126.991152,37.499571],[126.991103,37.499513],[126.990062,37.499165],[126.988279,37.498704],[126.987944,37.498639],[126.987294,37.498614],[126.986999,37.498639],[126.986555,37.498808],[126.985839,37.499379],[126.985581,37.499709],[126.984283,37.500714],[126.982027,37.502045],[126.980595,37.502667],[126.980401,37.503031],[126.980331,37.503369],[126.980285,37.503373],[126.980243,37.503818],[126.980071,37.503823],[126.979849,37.504173],[126.979854,37.504372],[126.980067,37.504364],[126.98013,37.504453],[126.980397,37.50459],[126.980407,37.506536],[126.985548,37.506543],[126.989813,37.511974],[126.992619,37.507155],[126.992414,37.50677],[126.992228,37.506631]]]}},{"type":"Feature","properties":{"code":"11220570","name":"반포1동","guCode":"11220","guName":"서초구"},"geometry":{"type":"Polygon","coordinates":[[[127.019215,37.50304],[127.018604,37.503034],[127.019759,37.499996],[127.019516,37.500044],[127.016653,37.501083],[127.015857,37.501492],[127.013412,37.499638],[127.012511,37.499507],[127.011977,37.501856],[127.011645,37.502473],[127.011587,37.502475],[127.00904,37.507387],[127.021326,37.511102],[127.024485,37.504478],[127.020331,37.503224],[127.019786,37.503105],[127.019215,37.50304]]]}},{"type":"Feature","properties":{"code":"11220580","name":"반포2동","guCode":"11220","guName":"서초구"},"geometry":{"type":"Polygon","coordinates":[[[127.0015,37.504446],[127.0029,37.502753],[127.003063,37.502489],[127.003112,37.502123],[127.002952,37.501945],[126.994842,37.498673],[126.994004,37.498397],[126.992869,37.498185],[126.99072,37.498155],[126.98931,37.498188],[126.989311,37.498394],[126.989047,37.498531],[126.98895,37.498521],[126.988833,37.498607],[126.988832,37.498751],[126.988772,37.498812],[126.990062,37.499165],[126.991103,37.499513],[126.991152,37.499571],[126.991124,37.499751],[126.991631,37.499988],[126.991751,37.500327],[126.991733,37.500624],[126.991986,37.500861],[126.992021,37.500969],[126.994563,37.501508],[126.993976,37.502881],[126.992796,37.502577],[126.992839,37.502734],[126.992911,37.502754],[126.992874,37.502788],[126.992939,37.502867],[126.992885,37.50302],[126.992888,37.503143],[126.992658,37.503631],[126.992613,37.503947],[126.992399,37.504354],[126.992354,37.504335],[126.992148,37.504724],[126.991838,37.505093],[126.991792,37.505474],[126.991807,37.505736],[126.992146,37.506342],[126.992228,37.506631],[126.992414,37.50677],[126.992619,37.507155],[126.989813,37.511974],[126.990702,37.51309],[126.997428,37.517358],[127.001133,37.513596],[126.997757,37.511915],[127.001144,37.505022],[127.001074,37.504999],[127.0015,37.504446]]]}},{"type":"Feature","properties":{"code":"11220590","name":"반포3동","guCode":"11220","guName":"서초구"},"geometry":{"type":"Polygon","coordinates":[[[127.008236,37.5161],[127.008344,37.516098],[127.008839,37.515776],[127.008783,37.515722],[127.008895,37.515645],[127.006759,37.513531],[127.007766,37.512856],[127.007996,37.512941],[127.008451,37.513351],[127.009301,37.512465],[127.009503,37.512087],[127.009592,37.51213],[127.009623,37.512078],[127.010485,37.510413],[127.011983,37.509491],[127.01135,37.508837],[127.011684,37.508186],[127.001154,37.505002],[126.997757,37.511915],[127.001133,37.513596],[126.997428,37.517358],[127.000994,37.519631],[127.002494,37.520674],[127.007482,37.516778],[127.008236,37.5161]]]}},{"type":"Feature","properties":{"code":"11220600","name":"반포4동","guCode":"11220","guName":"서초구"},"geometry":{"type":"Polygon","coordinates":[[[127.010026,37.50551],[127.011587,37.502475],[127.011645,37.502473],[127.011977,37.501856],[127.012505,37.499534],[127.012393,37.499518],[127.012517,37.498973],[127.009975,37.498627],[127.009971,37.498508],[127.008809,37.498511],[127.010169,37.497296],[127.009615,37.497171],[127.008768,37.496801],[127.00843,37.497007],[127.00759,37.497183],[127.007152,37.496886],[127.006823,37.496787],[127.006147,37.496696],[127.005677,37.496846],[127.004974,37.496745],[127.004839,37.496612],[127.003984,37.496096],[127.003524,37.495969],[127.003505,37.495576],[127.003549,37.495029],[127.003482,37.494808],[127.003275,37.494397],[127.002943,37.494004],[127.002393,37.493492],[127.002242,37.493113],[127.001832,37.492783],[127.001506,37.492271],[127.001255,37.491978],[127.000864,37.491794],[127.000294,37.491815],[126.99981,37.49304],[126.999659,37.493137],[126.998405,37.493414],[126.997943,37.493634],[126.997512,37.493415],[126.996747,37.494172],[126.995634,37.494094],[126.995439,37.494038],[126.995381,37.494303],[126.995352,37.494739],[126.994828,37.495392],[126.99477,37.495772],[126.994687,37.495695],[126.994385,37.495789],[126.994458,37.495943],[126.994248,37.496006],[126.99426,37.496136],[126.993818,37.496168],[126.993706,37.496043],[126.993413,37.496044],[126.993108,37.496183],[126.993165,37.496238],[126.992966,37.496337],[126.992941,37.496597],[126.992869,37.496591],[126.992816,37.496767],[126.992751,37.496792],[126.992742,37.496855],[126.992387,37.496972],[126.992335,37.49703],[126.991421,37.497233],[126.991001,37.497514],[126.990995,37.497798],[126.990948,37.49785],[126.990857,37.497849],[126.990803,37.497917],[126.990707,37.497932],[126.990707,37.498156],[126.992869,37.498185],[126.994004,37.498397],[126.994842,37.498673],[127.002952,37.501945],[127.003112,37.502123],[127.003063,37.502489],[127.0029,37.502753],[127.001074,37.504999],[127.00904,37.507387],[127.010026,37.50551]]]}},{"type":"Feature","properties":{"code":"11220610","name":"방배본동","guCode":"11220","guName":"서초구"},"geometry":{"type":"Polygon","coordinates":[[[126.987149,37.498626],[126.987944,37.498639],[126.988744,37.498841],[126.988832,37.498751],[126.988833,37.498607],[126.98895,37.498521],[126.989047,37.498531],[126.989311,37.498394],[126.98931,37.498188],[126.990707,37.498156],[126.990707,37.497932],[126.990803,37.497917],[126.990857,37.497849],[126.990948,37.49785],[126.990995,37.497798],[126.991001,37.497514],[126.991421,37.497233],[126.992335,37.49703],[126.992387,37.496972],[126.992742,37.496855],[126.992751,37.496792],[126.992816,37.496767],[126.992869,37.496591],[126.992941,37.496597],[126.992966,37.496337],[126.993165,37.496238],[126.993108,37.496183],[126.993413,37.496044],[126.993706,37.496043],[126.993818,37.496168],[126.99426,37.496136],[126.994248,37.496006],[126.994458,37.495943],[126.994385,37.495789],[126.994687,37.495695],[126.99477,37.495772],[126.994828,37.495392],[126.995352,37.494739],[126.995381,37.494303],[126.995439,37.494038],[126.995198,37.493969],[126.992283,37.493554],[126.989481,37.492469],[126.989481,37.492378],[126.985865,37.490942],[126.985767,37.490988],[126.985504,37.490883],[126.982656,37.490891],[126.982682,37.491666],[126.98265,37.491883],[126.982803,37.492672],[126.98293,37.496994],[126.983196,37.497374],[126.985387,37.499859],[126.985581,37.499709],[126.985839,37.499379],[126.986396,37.498907],[126.986737,37.49872],[126.987149,37.498626]]]}},{"type":"Feature","properties":{"code":"11220620","name":"방배1동","guCode":"11220","guName":"서초구"},"geometry":{"type":"Polygon","coordinates":[[[127.001744,37.483104],[127.001849,37.482719],[127.002138,37.482818],[127.002074,37.482468],[127.002224,37.482313],[126.999772,37.481698],[126.998228,37.48157],[126.997631,37.481454],[126.993638,37.480181],[126.989626,37.486441],[126.999123,37.489335],[126.999673,37.489558],[127.000265,37.489569],[127.000487,37.489716],[127.000414,37.48854],[127.000666,37.488113],[127.00099,37.487879],[127.001365,37.486838],[127.000648,37.485978],[127.000375,37.485705],[127.000241,37.485634],[127.000323,37.485399],[127.000589,37.485098],[127.000858,37.484384],[127.000753,37.483718],[127.000807,37.483563],[127.001744,37.483104]]]}},{"type":"Feature","properties":{"code":"11220630","name":"방배2동","guCode":"11220","guName":"서초구"},"geometry":{"type":"Polygon","coordinates":[[[126.990632,37.484874],[126.993638,37.480181],[126.99029,37.479089],[126.987319,37.47762],[126.986969,37.477412],[126.986599,37.477123],[126.986064,37.476005],[126.985676,37.47461],[126.986157,37.474213],[126.9864,37.473792],[126.986552,37.473661],[126.986524,37.473181],[126.986978,37.472312],[126.987448,37.471846],[126.987814,37.471295],[126.988287,37.470932],[126.989086,37.470601],[126.989604,37.47048],[126.989877,37.470262],[126.990141,37.469815],[126.990524,37.469682],[126.991229,37.469857],[126.991575,37.469667],[126.99186,37.469626],[126.992162,37.469745],[126.992109,37.469806],[126.992402,37.46991],[126.992874,37.469526],[126.994748,37.468819],[126.995786,37.467047],[126.996275,37.466717],[126.996282,37.466651],[126.996231,37.466608],[126.996524,37.465917],[126.996455,37.465685],[126.996643,37.465428],[126.996619,37.464779],[126.997194,37.464184],[126.997371,37.463687],[126.996985,37.463159],[126.996769,37.461873],[126.99429,37.461421],[126.993354,37.461496],[126.992895,37.460948],[126.992655,37.460344],[126.992028,37.460546],[126.991698,37.460519],[126.991332,37.460136],[126.989995,37.459463],[126.989499,37.458523],[126.988646,37.458145],[126.988457,37.458541],[126.987873,37.459272],[126.987648,37.459751],[126.987547,37.460148],[126.987525,37.460574],[126.987568,37.460646],[126.987579,37.460909],[126.988262,37.463445],[126.988344,37.463999],[126.988221,37.464228],[126.988157,37.464932],[126.987935,37.465939],[126.987728,37.466411],[126.987364,37.467032],[126.987237,37.467228],[126.987105,37.467228],[126.987119,37.467347],[126.987303,37.467614],[126.986362,37.468438],[126.985532,37.469046],[126.986075,37.468963],[126.985622,37.469129],[126.985336,37.469283],[126.984658,37.469932],[126.984692,37.469854],[126.98452,37.469801],[126.983214,37.471575],[126.982145,37.473812],[126.981844,37.475092],[126.981708,37.476292],[126.981681,37.477138],[126.982125,37.485392],[126.988545,37.486124],[126.989626,37.486441],[126.990632,37.484874]]]}},{"type":"Feature","properties":{"code":"11220640","name":"방배3동","guCode":"11220","guName":"서초구"},"geometry":{"type":"Polygon","coordinates":[[[127.00223,37.482307],[127.002341,37.482191],[127.002389,37.4822],[127.003143,37.481418],[127.002718,37.480872],[127.003009,37.480735],[127.003436,37.480312],[127.00298,37.480315],[127.004104,37.478612],[127.004157,37.478597],[127.005373,37.479043],[127.005721,37.478682],[127.005671,37.478662],[127.005721,37.478652],[127.006257,37.478095],[127.006549,37.478185],[127.006752,37.477766],[127.006716,37.47768],[127.006875,37.477761],[127.007041,37.477418],[127.007164,37.47748],[127.007402,37.477236],[127.007698,37.476651],[127.008232,37.476075],[127.010111,37.472545],[127.010008,37.472313],[127.008965,37.471152],[127.008176,37.471406],[127.007641,37.471185],[127.007527,37.471052],[127.006763,37.470633],[127.006479,37.470661],[127.005855,37.470444],[127.005546,37.470226],[127.005152,37.4697],[127.004489,37.469263],[127.004438,37.468878],[127.004098,37.46834],[127.003666,37.467865],[127.003675,37.46772],[127.002735,37.467125],[127.001963,37.467087],[127.001486,37.467323],[127.000477,37.467063],[126.99878,37.467234],[126.998085,37.467055],[126.997802,37.467023],[126.997427,37.467242],[126.996986,37.46718],[126.996752,37.467072],[126.996282,37.466651],[126.996275,37.466717],[126.995786,37.467047],[126.994748,37.468819],[126.992874,37.469526],[126.992402,37.46991],[126.992109,37.469806],[126.992162,37.469745],[126.99186,37.469626],[126.991575,37.469667],[126.991229,37.469857],[126.990524,37.469682],[126.990141,37.469815],[126.989877,37.470262],[126.989604,37.47048],[126.989086,37.470601],[126.988287,37.470932],[126.987814,37.471295],[126.987448,37.471846],[126.986978,37.472312],[126.986524,37.473181],[126.986552,37.473661],[126.9864,37.473792],[126.986157,37.474213],[126.985676,37.47461],[126.986064,37.476005],[126.986599,37.477123],[126.986969,37.477412],[126.987319,37.47762],[126.990007,37.47896],[126.99029,37.479089],[126.997631,37.481454],[126.998228,37.48157],[126.999772,37.481698],[127.00223,37.482307]]]}},{"type":"Feature","properties":{"code":"11220650","name":"방배4동","guCode":"11220","guName":"서초구"},"geometry":{"type":"Polygon","coordinates":[[[126.996923,37.493998],[126.997512,37.493415],[126.997943,37.493634],[126.998405,37.493414],[126.99964,37.493144],[126.99981,37.49304],[127.000294,37.491815],[126.999852,37.491565],[126.999825,37.49018],[127.000487,37.489716],[127.000265,37.489569],[126.999673,37.489558],[126.999123,37.489335],[126.988545,37.486124],[126.982125,37.485392],[126.982319,37.488537],[126.982531,37.489393],[126.982639,37.490087],[126.982656,37.490891],[126.985504,37.490883],[126.985767,37.490988],[126.985865,37.490942],[126.989481,37.492378],[126.989481,37.492469],[126.992283,37.493554],[126.995198,37.493969],[126.995634,37.494094],[126.996747,37.494172],[126.996923,37.493998]]]}},{"type":"Feature","properties":{"code":"11220660","name":"양재1동","guCode":"11220","guName":"서초구"},"geometry":{"type":"Polygon","coordinates":[[[127.041608,37.485239],[127.042951,37.482272],[127.043063,37.482259],[127.043038,37.482231],[127.043158,37.481976],[127.043137,37.481866],[127.043547,37.481222],[127.043889,37.480561],[127.043544,37.480168],[127.044005,37.479942],[127.044049,37.479843],[127.041413,37.476672],[127.040308,37.4755],[127.039334,37.474716],[127.038112,37.474249],[127.035674,37.473442],[127.03378,37.472901],[127.032746,37.472171],[127.030922,37.47041],[127.028968,37.467721],[127.029928,37.465352],[127.029527,37.465374],[127.029489,37.464844],[127.029511,37.46447],[127.029671,37.464164],[127.029694,37.463906],[127.029606,37.463275],[127.029316,37.462701],[127.028924,37.462215],[127.028427,37.461725],[127.028043,37.461245],[127.028157,37.460622],[127.028461,37.460125],[127.028362,37.459894],[127.028222,37.459855],[127.027977,37.459888],[127.027956,37.459833],[127.027834,37.459832],[127.027833,37.459866],[127.027494,37.459914],[127.027451,37.45981],[127.026572,37.459642],[127.026401,37.459454],[127.026445,37.458337],[127.026347,37.458104],[127.025995,37.457817],[127.025278,37.457494],[127.02521,37.45749],[127.025136,37.457577],[127.025032,37.457482],[127.024126,37.457447],[127.023713,37.457319],[127.022793,37.457251],[127.022432,37.456916],[127.022203,37.456616],[127.021695,37.456315],[127.021348,37.456197],[127.020366,37.456158],[127.019692,37.455787],[127.019201,37.455731],[127.01906,37.455749],[127.017545,37.456135],[127.016946,37.45597],[127.016288,37.45523],[127.015575,37.454916],[127.015065,37.454832],[127.01451,37.454861],[127.014156,37.454978],[127.013387,37.455348],[127.012373,37.455549],[127.011368,37.455408],[127.011151,37.455447],[127.011151,37.455382],[127.010823,37.455423],[127.010714,37.456051],[127.010657,37.456151],[127.010396,37.456323],[127.010288,37.456483],[127.009846,37.456927],[127.009612,37.457078],[127.009233,37.457221],[127.008711,37.457765],[127.008532,37.458052],[127.008599,37.458123],[127.008548,37.458397],[127.008577,37.458411],[127.008328,37.458492],[127.008315,37.458646],[127.008218,37.458773],[127.008214,37.4591],[127.008021,37.459163],[127.007876,37.459545],[127.007312,37.460038],[127.007269,37.460141],[127.007041,37.460215],[127.006809,37.46055],[127.006139,37.461713],[127.006024,37.461825],[127.006157,37.461888],[127.005769,37.462548],[127.005457,37.462758],[127.005329,37.462795],[127.004969,37.463187],[127.004765,37.46358],[127.004748,37.463836],[127.00447,37.464073],[127.004805,37.464881],[127.004684,37.465172],[127.004905,37.465843],[127.004489,37.466328],[127.004525,37.466798],[127.00413,37.467287],[127.003675,37.46772],[127.003666,37.467865],[127.004098,37.46834],[127.004438,37.468878],[127.004489,37.469263],[127.005152,37.4697],[127.005546,37.470226],[127.005855,37.470444],[127.006479,37.470661],[127.006763,37.470633],[127.007527,37.471052],[127.007641,37.471185],[127.008176,37.471406],[127.008965,37.471152],[127.010008,37.472313],[127.010111,37.472545],[127.011061,37.472852],[127.011651,37.472856],[127.012111,37.473201],[127.012965,37.473325],[127.013548,37.473327],[127.013938,37.473226],[127.014658,37.473704],[127.014888,37.473899],[127.01497,37.474313],[127.015377,37.474929],[127.015861,37.475203],[127.016389,37.475293],[127.016383,37.475609],[127.016533,37.47605],[127.017067,37.476348],[127.017524,37.4765],[127.018174,37.476538],[127.018528,37.476692],[127.019246,37.476842],[127.019737,37.477029],[127.020169,37.476967],[127.020566,37.477156],[127.021068,37.477281],[127.021634,37.477005],[127.021708,37.477456],[127.022172,37.478081],[127.022591,37.478391],[127.022762,37.478949],[127.022665,37.47902],[127.022795,37.47914],[127.023439,37.479399],[127.023641,37.479576],[127.024217,37.479423],[127.024492,37.479676],[127.024266,37.480444],[127.02438,37.480614],[127.024602,37.480629],[127.025575,37.480867],[127.026498,37.4805],[127.027637,37.480726],[127.02782,37.480915],[127.028109,37.481047],[127.028552,37.481079],[127.028839,37.48094],[127.029328,37.48055],[127.03042,37.480299],[127.030672,37.480466],[127.031321,37.480738],[127.031668,37.480764],[127.031814,37.480736],[127.032537,37.481012],[127.032853,37.481334],[127.033114,37.481494],[127.033318,37.481506],[127.033709,37.481913],[127.034305,37.482212],[127.034248,37.482508],[127.03439,37.482715],[127.034323,37.482871],[127.03409,37.483045],[127.034093,37.483104],[127.033713,37.483848],[127.033651,37.484148],[127.03425,37.48396],[127.033856,37.484337],[127.04175,37.485437],[127.041608,37.485239]]]}},{"type":"Feature","properties":{"code":"11220670","name":"양재2동","guCode":"11220","guName":"서초구"},"geometry":{"type":"Polygon","coordinates":[[[127.044546,37.466768],[127.043012,37.465656],[127.045138,37.46371],[127.045881,37.463199],[127.046633,37.462811],[127.046906,37.462513],[127.047173,37.462408],[127.047292,37.46203],[127.047849,37.461078],[127.047974,37.460633],[127.047468,37.460388],[127.047048,37.460858],[127.046368,37.461172],[127.045951,37.46129],[127.045432,37.461299],[127.045476,37.460971],[127.045901,37.460426],[127.045983,37.459682],[127.046056,37.459487],[127.046373,37.458967],[127.046656,37.458638],[127.046819,37.458256],[127.047824,37.45741],[127.048896,37.456363],[127.049586,37.455767],[127.04967,37.455642],[127.049994,37.454995],[127.050599,37.454001],[127.050696,37.453753],[127.05061,37.453356],[127.050452,37.453106],[127.050522,37.452826],[127.050962,37.451946],[127.051474,37.451422],[127.051928,37.451028],[127.0529,37.450348],[127.052998,37.450211],[127.052967,37.449879],[127.053393,37.449385],[127.053364,37.449385],[127.053514,37.449168],[127.053628,37.449074],[127.053894,37.448978],[127.054198,37.448641],[127.054324,37.448427],[127.054666,37.448088],[127.054877,37.447949],[127.05509,37.447709],[127.055341,37.447532],[127.055692,37.447167],[127.055738,37.447008],[127.055997,37.446652],[127.056416,37.446503],[127.056506,37.446424],[127.056558,37.446492],[127.056711,37.446468],[127.056911,37.446303],[127.057075,37.445957],[127.057088,37.445627],[127.057635,37.44525],[127.057662,37.445175],[127.057702,37.445186],[127.057755,37.445121],[127.057708,37.445116],[127.057775,37.445094],[127.057894,37.444964],[127.058377,37.444312],[127.058393,37.444237],[127.058251,37.44417],[127.058239,37.444129],[127.05864,37.443601],[127.058581,37.443574],[127.058523,37.44337],[127.058584,37.443229],[127.058601,37.442993],[127.058747,37.442789],[127.058791,37.442595],[127.059064,37.442178],[127.059459,37.4418],[127.059641,37.441345],[127.059873,37.441069],[127.060037,37.440959],[127.060588,37.440763],[127.060839,37.440487],[127.06127,37.440269],[127.061705,37.439847],[127.061877,37.439543],[127.062063,37.439369],[127.062701,37.438966],[127.062948,37.438588],[127.063235,37.438304],[127.063409,37.437972],[127.063508,37.43786],[127.063505,37.437673],[127.063556,37.437521],[127.063485,37.437435],[127.063615,37.436997],[127.06399,37.436158],[127.063924,37.435601],[127.06359,37.435333],[127.063331,37.435041],[127.06323,37.434802],[127.06311,37.43469],[127.063229,37.434566],[127.063264,37.434452],[127.063225,37.434352],[127.063495,37.433908],[127.063273,37.433805],[127.062966,37.43347],[127.062006,37.433011],[127.061991,37.432687],[127.062066,37.432467],[127.062097,37.432043],[127.062052,37.431786],[127.061813,37.431395],[127.061957,37.431078],[127.061672,37.430706],[127.061169,37.430439],[127.061145,37.429985],[127.060518,37.429764],[127.060207,37.429714],[127.059961,37.429569],[127.059057,37.429664],[127.05807,37.430011],[127.056808,37.429731],[127.056395,37.429581],[127.056108,37.429611],[127.055547,37.429361],[127.055338,37.429398],[127.055121,37.429293],[127.054769,37.429273],[127.05389,37.428982],[127.053684,37.428975],[127.05338,37.428752],[127.052911,37.428536],[127.052501,37.428446],[127.052396,37.428319],[127.052325,37.428297],[127.052169,37.42834],[127.051418,37.429054],[127.051359,37.429198],[127.050918,37.429451],[127.050554,37.429729],[127.050194,37.429902],[127.049865,37.43031],[127.04958,37.43027],[127.047555,37.430607],[127.047369,37.430702],[127.047181,37.431732],[127.047225,37.43204],[127.046536,37.432651],[127.046312,37.433447],[127.045906,37.433481],[127.044951,37.433847],[127.044626,37.434069],[127.044364,37.434424],[127.044186,37.435055],[127.042646,37.436372],[127.041443,37.43711],[127.04114,37.437415],[127.04109,37.437769],[127.04048,37.438082],[127.040053,37.438237],[127.039032,37.438151],[127.038437,37.438361],[127.0378,37.438268],[127.037395,37.438313],[127.037068,37.438275],[127.036856,37.438365],[127.036323,37.438778],[127.036056,37.438823],[127.035574,37.439004],[127.035579,37.439404],[127.035492,37.439762],[127.03532,37.439967],[127.035169,37.440606],[127.035172,37.440942],[127.035619,37.441328],[127.036088,37.441563],[127.036431,37.441833],[127.036654,37.44208],[127.036837,37.44236],[127.036819,37.442587],[127.036975,37.442897],[127.037483,37.443267],[127.037568,37.443838],[127.037935,37.444179],[127.03823,37.44518],[127.038206,37.445859],[127.037351,37.446301],[127.037254,37.446448],[127.037532,37.447361],[127.037159,37.44801],[127.037375,37.448564],[127.037812,37.448922],[127.037744,37.449419],[127.037296,37.45001],[127.036914,37.450808],[127.036809,37.45088],[127.036543,37.45121],[127.03641,37.451497],[127.036077,37.451663],[127.035861,37.451991],[127.035776,37.452196],[127.035371,37.452227],[127.035147,37.452439],[127.034755,37.452617],[127.034824,37.453106],[127.034998,37.453239],[127.035469,37.453437],[127.035588,37.454088],[127.035738,37.454186],[127.036267,37.454262],[127.036425,37.454651],[127.036825,37.454934],[127.037128,37.455208],[127.037067,37.455474],[127.03685,37.455823],[127.036741,37.456444],[127.035763,37.457481],[127.035016,37.457894],[127.034968,37.457989],[127.034925,37.458444],[127.035011,37.458868],[127.035057,37.458739],[127.034924,37.460175],[127.034643,37.46013],[127.034504,37.460065],[127.033892,37.460077],[127.033793,37.460163],[127.033844,37.460206],[127.033715,37.460285],[127.033822,37.460369],[127.033791,37.460406],[127.033963,37.460535],[127.033899,37.460832],[127.033845,37.460944],[127.033656,37.460812],[127.03347,37.46097],[127.033749,37.461184],[127.033748,37.46135],[127.033877,37.46168],[127.033925,37.462131],[127.034106,37.462573],[127.034533,37.463335],[127.034553,37.463553],[127.034463,37.463501],[127.034394,37.463572],[127.034605,37.463711],[127.034672,37.464089],[127.034603,37.464174],[127.03348,37.464636],[127.033141,37.465017],[127.032758,37.465193],[127.03224,37.46533],[127.031922,37.465519],[127.031196,37.465626],[127.030397,37.465486],[127.030166,37.465362],[127.029928,37.465352],[127.028968,37.467721],[127.030922,37.47041],[127.032746,37.472171],[127.03378,37.472901],[127.035674,37.473442],[127.038112,37.474249],[127.039334,37.474716],[127.040308,37.4755],[127.041413,37.476672],[127.044049,37.479843],[127.045099,37.477519],[127.045268,37.477253],[127.045404,37.477113],[127.045641,37.476997],[127.045974,37.476676],[127.046069,37.476471],[127.0509,37.47181],[127.051182,37.471789],[127.049809,37.470878],[127.048669,37.47006],[127.048859,37.469893],[127.044546,37.466768]]]}},{"type":"Feature","properties":{"code":"11220680","name":"내곡동","guCode":"11220","guName":"서초구"},"geometry":{"type":"Polygon","coordinates":[[[127.084939,37.475661],[127.084461,37.475144],[127.084446,37.474605],[127.084521,37.474277],[127.084136,37.473],[127.085017,37.4713],[127.085886,37.471215],[127.086604,37.47085],[127.086761,37.470702],[127.087163,37.469979],[127.087564,37.469845],[127.087558,37.469427],[127.087794,37.469248],[127.088128,37.468489],[127.088422,37.468203],[127.088976,37.468149],[127.089038,37.468241],[127.089447,37.467672],[127.089708,37.46742],[127.090135,37.467145],[127.09043,37.467148],[127.091117,37.466179],[127.091618,37.465719],[127.091947,37.465226],[127.092042,37.464918],[127.092053,37.463951],[127.092087,37.463892],[127.092021,37.463634],[127.09191,37.462306],[127.093089,37.46128],[127.093872,37.461176],[127.094355,37.460977],[127.095657,37.461015],[127.095718,37.460695],[127.095556,37.460257],[127.095236,37.460078],[127.095011,37.459797],[127.095142,37.459479],[127.094845,37.458516],[127.095372,37.457816],[127.09544,37.45756],[127.095214,37.456321],[127.094312,37.456225],[127.093774,37.456077],[127.09354,37.455888],[127.093458,37.455549],[127.093143,37.454906],[127.093218,37.454716],[127.092815,37.453759],[127.092726,37.453634],[127.091882,37.453467],[127.091129,37.452956],[127.090959,37.452783],[127.090303,37.451267],[127.090141,37.451096],[127.08962,37.450887],[127.089543,37.450166],[127.088821,37.449749],[127.08896,37.449462],[127.088432,37.448995],[127.088327,37.448628],[127.088415,37.448075],[127.088642,37.447597],[127.088369,37.44724],[127.088277,37.446554],[127.088386,37.446397],[127.088238,37.446178],[127.088161,37.445385],[127.087855,37.444894],[127.087477,37.444802],[127.087304,37.444642],[127.086421,37.444262],[127.085703,37.444417],[127.083862,37.443921],[127.083805,37.443416],[127.083335,37.442957],[127.083208,37.442568],[127.082975,37.44232],[127.082905,37.442174],[127.082432,37.441579],[127.082097,37.441351],[127.081444,37.441231],[127.08125,37.441119],[127.080701,37.441151],[127.080172,37.441051],[127.079961,37.441212],[127.079575,37.441387],[127.079083,37.441299],[127.078531,37.441558],[127.078179,37.441552],[127.077748,37.441863],[127.077602,37.441709],[127.077358,37.441631],[127.077078,37.441651],[127.076936,37.441715],[127.076721,37.441937],[127.076011,37.442139],[127.075243,37.441942],[127.074756,37.442219],[127.073853,37.442213],[127.072993,37.442017],[127.072759,37.442051],[127.072138,37.442263],[127.071915,37.441925],[127.071703,37.441703],[127.071626,37.441524],[127.071861,37.44103],[127.072212,37.439383],[127.072008,37.438857],[127.07249,37.438593],[127.072966,37.438208],[127.07376,37.437789],[127.073843,37.437408],[127.07356,37.436964],[127.073204,37.43667],[127.073024,37.436407],[127.072779,37.436299],[127.072094,37.436161],[127.071965,37.436054],[127.071689,37.435981],[127.07144,37.435864],[127.071272,37.435601],[127.071274,37.435349],[127.071446,37.435037],[127.071485,37.434637],[127.071546,37.434529],[127.071503,37.434445],[127.07152,37.434117],[127.071119,37.433402],[127.071004,37.433341],[127.07091,37.433095],[127.070731,37.432941],[127.070571,37.432417],[127.070629,37.432045],[127.07096,37.431696],[127.071207,37.430818],[127.07122,37.430661],[127.07117,37.43042],[127.071105,37.430419],[127.070952,37.430213],[127.070884,37.430189],[127.070335,37.43048],[127.070032,37.43091],[127.069874,37.430972],[127.06982,37.430969],[127.069911,37.430863],[127.069615,37.430612],[127.068964,37.430432],[127.068751,37.430456],[127.068372,37.430664],[127.06827,37.430679],[127.06783,37.430407],[127.0667,37.430129],[127.066586,37.430053],[127.066577,37.429973],[127.065961,37.429532],[127.065698,37.429158],[127.065682,37.428985],[127.065393,37.429011],[127.065074,37.428987],[127.064669,37.429172],[127.064386,37.429114],[127.063656,37.429532],[127.063462,37.429593],[127.063316,37.429752],[127.062881,37.429703],[127.061145,37.429985],[127.061169,37.430439],[127.061672,37.430706],[127.061957,37.431078],[127.061813,37.431395],[127.062052,37.431786],[127.062097,37.432043],[127.062066,37.432467],[127.061991,37.432687],[127.062006,37.433011],[127.062966,37.43347],[127.063273,37.433805],[127.063495,37.433908],[127.063225,37.434352],[127.063264,37.434452],[127.063229,37.434566],[127.06311,37.43469],[127.06323,37.434802],[127.063331,37.435041],[127.06359,37.435333],[127.063924,37.435601],[127.06399,37.436158],[127.063615,37.436997],[127.063485,37.437435],[127.063556,37.437521],[127.063505,37.437673],[127.063508,37.43786],[127.063409,37.437972],[127.063235,37.438304],[127.062948,37.438588],[127.062701,37.438966],[127.062063,37.439369],[127.061877,37.439543],[127.061705,37.439847],[127.06127,37.440269],[127.060839,37.440487],[127.060588,37.440763],[127.060037,37.440959],[127.059873,37.441069],[127.059641,37.441345],[127.059459,37.4418],[127.059064,37.442178],[127.058791,37.442595],[127.058747,37.442789],[127.058601,37.442993],[127.058584,37.443229],[127.058523,37.44337],[127.058581,37.443574],[127.05864,37.443601],[127.058239,37.444129],[127.058251,37.44417],[127.058393,37.444237],[127.058377,37.444312],[127.057894,37.444964],[127.057775,37.445094],[127.057708,37.445116],[127.057755,37.445121],[127.057702,37.445186],[127.057662,37.445175],[127.057635,37.44525],[127.057088,37.445627],[127.057075,37.445957],[127.056911,37.446303],[127.056711,37.446468],[127.056558,37.446492],[127.056506,37.446424],[127.056416,37.446503],[127.055997,37.446652],[127.055738,37.447008],[127.055692,37.447167],[127.055341,37.447532],[127.05509,37.447709],[127.054877,37.447949],[127.054666,37.448088],[127.054324,37.448427],[127.054198,37.448641],[127.053894,37.448978],[127.053628,37.449074],[127.053514,37.449168],[127.053364,37.449385],[127.053393,37.449385],[127.052967,37.449879],[127.052998,37.450211],[127.0529,37.450348],[127.051928,37.451028],[127.051474,37.451422],[127.050962,37.451946],[127.050522,37.452826],[127.050452,37.453106],[127.05061,37.453356],[127.050696,37.453753],[127.050599,37.454001],[127.049994,37.454995],[127.04967,37.455642],[127.049586,37.455767],[127.048896,37.456363],[127.047824,37.45741],[127.046845,37.458219],[127.046656,37.458638],[127.046373,37.458967],[127.046056,37.459487],[127.045983,37.459682],[127.045901,37.460426],[127.045476,37.460971],[127.045432,37.461299],[127.045951,37.46129],[127.046368,37.461172],[127.047048,37.460858],[127.047468,37.460388],[127.047974,37.460633],[127.047849,37.461078],[127.047292,37.46203],[127.047173,37.462408],[127.046906,37.462513],[127.046633,37.462811],[127.045881,37.463199],[127.045138,37.46371],[127.043012,37.465656],[127.048859,37.469893],[127.049522,37.469838],[127.050308,37.46968],[127.050446,37.469735],[127.05105,37.469365],[127.05112,37.468538],[127.050952,37.467585],[127.050773,37.467399],[127.050799,37.467246],[127.051327,37.467427],[127.051968,37.467746],[127.053079,37.468012],[127.053313,37.468128],[127.053587,37.468011],[127.054238,37.468055],[127.054937,37.468565],[127.055056,37.468797],[127.05537,37.468761],[127.056118,37.468373],[127.056591,37.46843],[127.057186,37.468944],[127.057808,37.468846],[127.058727,37.468852],[127.05911,37.469159],[127.059994,37.469076],[127.060414,37.469098],[127.060919,37.468918],[127.061041,37.468993],[127.061656,37.469],[127.06185,37.469081],[127.062153,37.469119],[127.062423,37.46936],[127.062606,37.469378],[127.063247,37.469079],[127.063866,37.469034],[127.064187,37.469242],[127.065113,37.469371],[127.065678,37.46959],[127.065941,37.469841],[127.066267,37.469937],[127.066468,37.470175],[127.067891,37.470466],[127.068591,37.471062],[127.069656,37.471106],[127.069931,37.470991],[127.07041,37.471093],[127.070748,37.471417],[127.071352,37.471578],[127.071744,37.471769],[127.071901,37.471923],[127.072689,37.471995],[127.073854,37.472983],[127.074226,37.47299],[127.075367,37.473496],[127.076506,37.474494],[127.076924,37.475243],[127.077963,37.474854],[127.07853,37.475096],[127.078993,37.474916],[127.08176,37.475444],[127.082745,37.475474],[127.083239,37.475703],[127.083853,37.475591],[127.084478,37.475797],[127.084939,37.475661]]]}},{"type":"Feature","properties":{"code":"11230510","name":"신사동","guCode":"11230","guName":"강남구"},"geometry":{"type":"Polygon","coordinates":[[[127.021565,37.535531],[127.025243,37.530237],[127.026176,37.529316],[127.027999,37.527773],[127.028312,37.527293],[127.028436,37.526987],[127.028465,37.526473],[127.028084,37.519697],[127.019525,37.516112],[127.017822,37.521812],[127.01694,37.523025],[127.015231,37.524845],[127.013863,37.523335],[127.013386,37.522907],[127.013187,37.522583],[127.008577,37.525596],[127.010003,37.52704],[127.011947,37.529139],[127.013402,37.530644],[127.013707,37.530899],[127.014896,37.532208],[127.015532,37.532435],[127.017742,37.534251],[127.021179,37.535818],[127.021565,37.535531]]]}},{"type":"Feature","properties":{"code":"11230511","name":"개포3동","guCode":"11230","guName":"강남구"},"geometry":{"type":"Polygon","coordinates":[[[127.083384,37.49994],[127.084154,37.499673],[127.091147,37.497707],[127.09047,37.497473],[127.088458,37.496504],[127.086083,37.495771],[127.085908,37.495768],[127.084296,37.495193],[127.081058,37.494167],[127.07953,37.493637],[127.081801,37.488671],[127.079572,37.488008],[127.077449,37.487124],[127.077489,37.487385],[127.077724,37.487744],[127.078041,37.487868],[127.078015,37.487908],[127.078069,37.487931],[127.077228,37.489172],[127.077715,37.48941],[127.077672,37.489473],[127.077322,37.489302],[127.076554,37.490294],[127.077076,37.490526],[127.076972,37.490526],[127.077072,37.490568],[127.077111,37.490653],[127.076234,37.492361],[127.07613,37.492396],[127.074542,37.491879],[127.073647,37.491879],[127.072989,37.491665],[127.072896,37.491674],[127.072215,37.492902],[127.07231,37.492982],[127.071664,37.494174],[127.072449,37.495007],[127.072823,37.49553],[127.073033,37.495958],[127.073186,37.496573],[127.0732,37.49729],[127.07289,37.497533],[127.072772,37.498172],[127.072323,37.499153],[127.072423,37.499174],[127.072164,37.499645],[127.071962,37.49987],[127.07217,37.49987],[127.072165,37.50251],[127.076987,37.502072],[127.083384,37.49994]]]}},{"type":"Feature","properties":{"code":"11230520","name":"논현1동","guCode":"11230","guName":"강남구"},"geometry":{"type":"Polygon","coordinates":[[[127.024511,37.504486],[127.024485,37.504478],[127.020515,37.512799],[127.019525,37.516112],[127.028084,37.519697],[127.028078,37.519584],[127.028273,37.519463],[127.033918,37.507324],[127.024511,37.504486]]]}},{"type":"Feature","properties":{"code":"11230530","name":"논현2동","guCode":"11230","guName":"강남구"},"geometry":{"type":"Polygon","coordinates":[[[127.034718,37.507565],[127.033918,37.507324],[127.028273,37.519463],[127.028078,37.519584],[127.028084,37.519697],[127.039058,37.523181],[127.043852,37.510275],[127.034718,37.507565]]]}},{"type":"Feature","properties":{"code":"11230580","name":"삼성1동","guCode":"11230","guName":"강남구"},"geometry":{"type":"Polygon","coordinates":[[[127.067566,37.521636],[127.067589,37.520876],[127.067731,37.519319],[127.067813,37.519192],[127.067901,37.518579],[127.067896,37.518311],[127.068418,37.51428],[127.068868,37.5103],[127.066504,37.509888],[127.05668,37.506876],[127.054646,37.510516],[127.052751,37.514026],[127.051704,37.515994],[127.050282,37.518835],[127.057048,37.520048],[127.062334,37.521888],[127.062542,37.521891],[127.062698,37.521826],[127.062831,37.521955],[127.063146,37.521653],[127.063711,37.521609],[127.065447,37.525053],[127.067479,37.524582],[127.067566,37.521636]]]}},{"type":"Feature","properties":{"code":"11230590","name":"삼성2동","guCode":"11230","guName":"강남구"},"geometry":{"type":"Polygon","coordinates":[[[127.049118,37.504556],[127.048986,37.504516],[127.048342,37.505861],[127.048117,37.50619],[127.047837,37.506491],[127.047418,37.506819],[127.045064,37.508283],[127.044674,37.508635],[127.044366,37.509037],[127.044149,37.509474],[127.041271,37.517219],[127.050282,37.518835],[127.051704,37.515994],[127.052751,37.514026],[127.054646,37.510516],[127.05668,37.506876],[127.049118,37.504556]]]}},{"type":"Feature","properties":{"code":"11230600","name":"대치1동","guCode":"11230","guName":"강남구"},"geometry":{"type":"Polygon","coordinates":[[[127.060836,37.498577],[127.060995,37.49828],[127.061362,37.498398],[127.063146,37.495074],[127.063507,37.494789],[127.063582,37.494427],[127.063651,37.494447],[127.063539,37.49424],[127.065661,37.49022],[127.06112,37.489383],[127.059238,37.48893],[127.057071,37.487973],[127.056426,37.487587],[127.055435,37.490734],[127.055486,37.490758],[127.05286,37.496314],[127.060704,37.498823],[127.060836,37.498577]]]}},{"type":"Feature","properties":{"code":"11230630","name":"대치4동","guCode":"11230","guName":"강남구"},"geometry":{"type":"Polygon","coordinates":[[[127.052861,37.496315],[127.048986,37.504516],[127.056036,37.506678],[127.056536,37.50651],[127.057093,37.50547],[127.057233,37.505303],[127.060704,37.498823],[127.052861,37.496315]]]}},{"type":"Feature","properties":{"code":"11230640","name":"역삼1동","guCode":"11230","guName":"강남구"},"geometry":{"type":"Polygon","coordinates":[[[127.032597,37.489713],[127.03201,37.489532],[127.031964,37.48945],[127.031875,37.489636],[127.031611,37.489555],[127.024485,37.504478],[127.038472,37.508697],[127.043852,37.510275],[127.044224,37.509296],[127.044605,37.508712],[127.045152,37.508219],[127.047418,37.506819],[127.047837,37.506491],[127.048117,37.50619],[127.048342,37.505861],[127.048988,37.504513],[127.036962,37.500842],[127.037218,37.500142],[127.040892,37.492407],[127.034558,37.49046],[127.034557,37.490314],[127.032597,37.489713]]]}},{"type":"Feature","properties":{"code":"11230650","name":"역삼2동","guCode":"11230","guName":"강남구"},"geometry":{"type":"Polygon","coordinates":[[[127.046746,37.494201],[127.040892,37.492407],[127.037218,37.500142],[127.036962,37.500842],[127.048988,37.504513],[127.052863,37.496308],[127.046746,37.494201]]]}},{"type":"Feature","properties":{"code":"11230660","name":"도곡1동","guCode":"11230","guName":"강남구"},"geometry":{"type":"Polygon","coordinates":[[[127.046746,37.494201],[127.04843,37.490997],[127.048613,37.491064],[127.049102,37.490192],[127.049127,37.489991],[127.048934,37.489938],[127.048999,37.489951],[127.049913,37.488222],[127.045378,37.486118],[127.044559,37.48585],[127.034087,37.484369],[127.031611,37.489555],[127.031875,37.489636],[127.031964,37.48945],[127.03201,37.489532],[127.034557,37.490314],[127.034558,37.49046],[127.046746,37.494201]]]}},{"type":"Feature","properties":{"code":"11230670","name":"도곡2동","guCode":"11230","guName":"강남구"},"geometry":{"type":"Polygon","coordinates":[[[127.055301,37.49115],[127.055486,37.490758],[127.055435,37.490734],[127.056426,37.487587],[127.047959,37.482537],[127.044658,37.480726],[127.044005,37.479942],[127.043544,37.480168],[127.043889,37.480561],[127.043547,37.481222],[127.043137,37.481866],[127.043158,37.481976],[127.043038,37.482231],[127.043063,37.482259],[127.042951,37.482272],[127.041608,37.485239],[127.04175,37.485437],[127.044402,37.485816],[127.045113,37.486016],[127.049913,37.488222],[127.048999,37.489951],[127.048934,37.489938],[127.049127,37.489991],[127.049102,37.490192],[127.048613,37.491064],[127.04843,37.490997],[127.046746,37.494201],[127.052863,37.496308],[127.055301,37.49115]]]}},{"type":"Feature","properties":{"code":"11230680","name":"개포1동","guCode":"11230","guName":"강남구"},"geometry":{"type":"Polygon","coordinates":[[[127.058262,37.484739],[127.064576,37.479509],[127.064689,37.479501],[127.064523,37.479408],[127.064709,37.479254],[127.064811,37.479067],[127.066231,37.479881],[127.066756,37.479296],[127.066999,37.479246],[127.067649,37.478914],[127.06801,37.479219],[127.068245,37.479249],[127.067955,37.478829],[127.06861,37.479228],[127.06997,37.478081],[127.069538,37.477105],[127.069505,37.476686],[127.069559,37.476506],[127.069716,37.476289],[127.070279,37.475696],[127.071088,37.474565],[127.072905,37.472172],[127.072689,37.471995],[127.071901,37.471923],[127.071744,37.471769],[127.071352,37.471578],[127.070748,37.471417],[127.07041,37.471093],[127.069931,37.470991],[127.069656,37.471106],[127.068591,37.471062],[127.067891,37.470466],[127.066468,37.470175],[127.066267,37.469937],[127.065941,37.469841],[127.065678,37.46959],[127.065507,37.469523],[127.064996,37.46963],[127.064326,37.469996],[127.063062,37.471344],[127.062338,37.47221],[127.060292,37.474317],[127.059133,37.47571],[127.058745,37.475988],[127.058773,37.476003],[127.058597,37.476181],[127.059558,37.476695],[127.059199,37.476583],[127.058869,37.476593],[127.058522,37.476725],[127.058334,37.476886],[127.0584,37.476905],[127.058255,37.476913],[127.054022,37.481062],[127.053512,37.481975],[127.053499,37.482182],[127.053158,37.48282],[127.05297,37.482988],[127.052177,37.484472],[127.051988,37.484365],[127.051759,37.484793],[127.056426,37.487587],[127.056726,37.487098],[127.056987,37.486549],[127.057089,37.486395],[127.05729,37.486244],[127.057559,37.485836],[127.057578,37.485652],[127.057914,37.485142],[127.058262,37.484739]]]}},{"type":"Feature","properties":{"code":"11230710","name":"개포4동","guCode":"11230","guName":"강남구"},"geometry":{"type":"Polygon","coordinates":[[[127.051759,37.484793],[127.051988,37.484365],[127.052177,37.484472],[127.05297,37.482988],[127.053158,37.48282],[127.053499,37.482182],[127.053512,37.481975],[127.054022,37.481062],[127.058255,37.476913],[127.0584,37.476905],[127.058334,37.476886],[127.058522,37.476725],[127.058869,37.476593],[127.059199,37.476583],[127.059558,37.476695],[127.058597,37.476181],[127.058773,37.476003],[127.058745,37.475988],[127.059133,37.47571],[127.060292,37.474317],[127.062338,37.47221],[127.063062,37.471344],[127.064326,37.469996],[127.064996,37.46963],[127.065507,37.469523],[127.065113,37.469371],[127.064187,37.469242],[127.063866,37.469034],[127.063247,37.469079],[127.062606,37.469378],[127.062423,37.46936],[127.062153,37.469119],[127.06185,37.469081],[127.061656,37.469],[127.061041,37.468993],[127.060919,37.468918],[127.060414,37.469098],[127.059994,37.469076],[127.05911,37.469159],[127.058727,37.468852],[127.057808,37.468846],[127.057186,37.468944],[127.056591,37.46843],[127.056118,37.468373],[127.05537,37.468761],[127.055056,37.468797],[127.054937,37.468565],[127.054238,37.468055],[127.053587,37.468011],[127.053313,37.468128],[127.053079,37.468012],[127.051968,37.467746],[127.051327,37.467427],[127.050799,37.467246],[127.050773,37.467399],[127.050952,37.467585],[127.05112,37.468538],[127.05105,37.469365],[127.050446,37.469735],[127.050308,37.46968],[127.049522,37.469838],[127.048859,37.469893],[127.048669,37.47006],[127.049809,37.470878],[127.051182,37.471789],[127.0509,37.47181],[127.046069,37.476471],[127.045974,37.476676],[127.045641,37.476997],[127.045404,37.477113],[127.045268,37.477253],[127.045099,37.477519],[127.044005,37.479942],[127.044658,37.480726],[127.047959,37.482537],[127.051759,37.484793]]]}},{"type":"Feature","properties":{"code":"11230720","name":"일원본동","guCode":"11230","guName":"강남구"},"geometry":{"type":"Polygon","coordinates":[[[127.090116,37.490987],[127.090337,37.490649],[127.091452,37.489708],[127.091694,37.488911],[127.091656,37.488423],[127.094094,37.487352],[127.094172,37.487206],[127.093977,37.486677],[127.093935,37.486359],[127.094092,37.48615],[127.094075,37.485733],[127.093821,37.484836],[127.094264,37.484768],[127.094319,37.48438],[127.094387,37.484374],[127.094521,37.483767],[127.094458,37.483542],[127.094617,37.483386],[127.094602,37.482487],[127.094458,37.482045],[127.093894,37.481361],[127.09396,37.481211],[127.093548,37.4804],[127.093973,37.480367],[127.094239,37.480054],[127.094337,37.479821],[127.094342,37.479582],[127.093807,37.47902],[127.09364,37.478632],[127.093342,37.478499],[127.093273,37.477815],[127.092314,37.477613],[127.091705,37.477813],[127.091659,37.47796],[127.089857,37.47726],[127.089537,37.476649],[127.089028,37.476706],[127.088378,37.476215],[127.086343,37.476317],[127.085833,37.476136],[127.085684,37.475933],[127.084939,37.475661],[127.084478,37.475797],[127.083853,37.475591],[127.083239,37.475703],[127.082745,37.475474],[127.08176,37.475444],[127.078993,37.474916],[127.07853,37.475096],[127.077963,37.474854],[127.076924,37.475243],[127.076909,37.475217],[127.076741,37.475329],[127.076437,37.475395],[127.076094,37.475389],[127.075788,37.475623],[127.074352,37.476156],[127.073864,37.477376],[127.073246,37.47778],[127.072893,37.478196],[127.072694,37.478671],[127.072592,37.479377],[127.073111,37.479606],[127.073555,37.479995],[127.074772,37.48057],[127.075114,37.480996],[127.075686,37.482231],[127.076056,37.482617],[127.07592,37.48304],[127.076745,37.484028],[127.0774,37.484712],[127.078026,37.486119],[127.077659,37.486517],[127.077522,37.486802],[127.077555,37.486827],[127.077449,37.487124],[127.079572,37.488008],[127.090023,37.491113],[127.090116,37.490987]]]}},{"type":"Feature","properties":{"code":"11230730","name":"일원1동","guCode":"11230","guName":"강남구"},"geometry":{"type":"Polygon","coordinates":[[[127.099491,37.492845],[127.099527,37.492699],[127.099453,37.492699],[127.099459,37.492672],[127.097714,37.492498],[127.097614,37.4925],[127.097608,37.492813],[127.095658,37.492573],[127.096192,37.491902],[127.09541,37.491927],[127.094883,37.492047],[127.09456,37.492075],[127.09425,37.492255],[127.093222,37.492089],[127.091212,37.491685],[127.089822,37.491293],[127.08971,37.491169],[127.089742,37.491151],[127.089858,37.491287],[127.090023,37.491113],[127.081801,37.488671],[127.07953,37.493637],[127.081058,37.494167],[127.084296,37.495193],[127.085908,37.495768],[127.086083,37.495771],[127.088458,37.496504],[127.09047,37.497473],[127.091147,37.497707],[127.094794,37.496683],[127.097138,37.495835],[127.097798,37.49548],[127.097403,37.49519],[127.098796,37.494894],[127.099763,37.494509],[127.099828,37.4944],[127.100354,37.494219],[127.10046,37.494087],[127.100569,37.494069],[127.101699,37.493556],[127.099481,37.492888],[127.099491,37.492845]]]}},{"type":"Feature","properties":{"code":"11230750","name":"수서동","guCode":"11230","guName":"강남구"},"geometry":{"type":"Polygon","coordinates":[[[127.103376,37.492776],[127.107007,37.490295],[127.109121,37.487321],[127.109175,37.487316],[127.109146,37.487287],[127.109264,37.487116],[127.110456,37.485504],[127.111655,37.483794],[127.110956,37.483468],[127.110906,37.48338],[127.11091,37.483079],[127.110845,37.483044],[127.110667,37.483025],[127.110278,37.483155],[127.11002,37.483197],[127.108359,37.483064],[127.108303,37.483122],[127.108117,37.483119],[127.108049,37.483057],[127.106811,37.482794],[127.10619,37.482852],[127.105598,37.482758],[127.10528,37.482884],[127.104834,37.48339],[127.104334,37.484128],[127.103792,37.485143],[127.103757,37.485129],[127.103736,37.485165],[127.103669,37.485129],[127.102764,37.485019],[127.102434,37.484812],[127.10163,37.48453],[127.101402,37.48398],[127.100773,37.483226],[127.100486,37.483392],[127.099795,37.483217],[127.099229,37.482929],[127.098577,37.482495],[127.098335,37.482234],[127.09811,37.482143],[127.097732,37.481641],[127.097579,37.481034],[127.097983,37.480467],[127.098216,37.480334],[127.09825,37.480125],[127.098232,37.479855],[127.098047,37.479384],[127.098416,37.478723],[127.098483,37.478221],[127.098102,37.478026],[127.097833,37.477986],[127.096959,37.478266],[127.095355,37.477988],[127.093273,37.477815],[127.093342,37.478499],[127.09364,37.478632],[127.093807,37.47902],[127.094342,37.479582],[127.094337,37.479821],[127.094239,37.480054],[127.093973,37.480367],[127.093548,37.4804],[127.09396,37.481211],[127.093894,37.481361],[127.094458,37.482045],[127.094602,37.482487],[127.094617,37.483386],[127.094458,37.483542],[127.094521,37.483767],[127.094387,37.484374],[127.094319,37.48438],[127.094264,37.484768],[127.093821,37.484836],[127.094075,37.485733],[127.094092,37.48615],[127.093935,37.486359],[127.093977,37.486677],[127.094172,37.487206],[127.094094,37.487352],[127.091656,37.488423],[127.091694,37.488911],[127.091452,37.489708],[127.090337,37.490649],[127.090147,37.490978],[127.089858,37.491287],[127.089742,37.491151],[127.08971,37.491169],[127.089822,37.491293],[127.091212,37.491685],[127.093222,37.492089],[127.09425,37.492255],[127.09456,37.492075],[127.094883,37.492047],[127.09541,37.491927],[127.096192,37.491902],[127.095658,37.492573],[127.097608,37.492813],[127.097614,37.4925],[127.099459,37.492672],[127.099453,37.492699],[127.099527,37.492699],[127.099481,37.492888],[127.101699,37.493556],[127.103376,37.492776]]]}},{"type":"Feature","properties":{"code":"11230760","name":"세곡동","guCode":"11230","guName":"강남구"},"geometry":{"type":"Polygon","coordinates":[[[127.103736,37.485165],[127.103757,37.485129],[127.103792,37.485143],[127.104334,37.484128],[127.104834,37.48339],[127.10528,37.482884],[127.105598,37.482758],[127.10619,37.482852],[127.106811,37.482794],[127.108049,37.483057],[127.108117,37.483119],[127.108303,37.483122],[127.108359,37.483064],[127.11002,37.483197],[127.110278,37.483155],[127.110667,37.483025],[127.110845,37.483044],[127.11091,37.483079],[127.110906,37.48338],[127.110956,37.483468],[127.111655,37.483794],[127.112966,37.481724],[127.116031,37.477598],[127.118242,37.474699],[127.119719,37.472581],[127.119703,37.472761],[127.124207,37.46652],[127.123767,37.466333],[127.123427,37.466078],[127.122938,37.465819],[127.122831,37.465714],[127.122785,37.465602],[127.122689,37.465599],[127.12218,37.465222],[127.121859,37.465138],[127.121439,37.464372],[127.120104,37.463493],[127.119204,37.463127],[127.11795,37.462531],[127.117522,37.462532],[127.117527,37.462267],[127.116989,37.461485],[127.1169,37.460401],[127.116896,37.458641],[127.115893,37.458592],[127.115496,37.458698],[127.115285,37.458966],[127.115149,37.45906],[127.114592,37.459239],[127.114362,37.459379],[127.113955,37.459517],[127.113738,37.459721],[127.113634,37.459732],[127.113536,37.459802],[127.113271,37.460055],[127.113233,37.460353],[127.112763,37.46053],[127.113292,37.460836],[127.113335,37.460905],[127.113334,37.461087],[127.112975,37.461134],[127.11223,37.461505],[127.11182,37.461644],[127.110638,37.461793],[127.109891,37.461941],[127.109459,37.46187],[127.108686,37.462156],[127.108153,37.462274],[127.107302,37.46218],[127.10688,37.46237],[127.106467,37.462424],[127.106167,37.462406],[127.105925,37.462354],[127.105656,37.462236],[127.105608,37.462178],[127.10503,37.462141],[127.104341,37.462174],[127.104471,37.461756],[127.10478,37.46116],[127.104472,37.46103],[127.104023,37.460557],[127.10398,37.460454],[127.103942,37.460051],[127.103811,37.459928],[127.103443,37.459751],[127.102692,37.459724],[127.102634,37.459867],[127.102288,37.459538],[127.101954,37.459349],[127.101853,37.459178],[127.101626,37.459051],[127.101381,37.458972],[127.101165,37.45854],[127.101278,37.458242],[127.10106,37.45799],[127.100766,37.45776],[127.099739,37.457355],[127.099506,37.456913],[127.099306,37.456678],[127.099136,37.45637],[127.099096,37.456219],[127.098893,37.456116],[127.098685,37.456148],[127.098237,37.456371],[127.096365,37.456347],[127.095769,37.45652],[127.095223,37.456394],[127.09544,37.45756],[127.095372,37.457816],[127.094845,37.458516],[127.095142,37.459479],[127.095011,37.459797],[127.095236,37.460078],[127.095556,37.460257],[127.095718,37.460695],[127.095657,37.461015],[127.094355,37.460977],[127.093872,37.461176],[127.093089,37.46128],[127.09191,37.462306],[127.092021,37.463634],[127.092087,37.463892],[127.092053,37.463951],[127.092042,37.464918],[127.091947,37.465226],[127.091618,37.465719],[127.091117,37.466179],[127.09043,37.467148],[127.090135,37.467145],[127.089708,37.46742],[127.089447,37.467672],[127.089038,37.468241],[127.088976,37.468149],[127.088422,37.468203],[127.088128,37.468489],[127.087794,37.469248],[127.087558,37.469427],[127.087564,37.469845],[127.087163,37.469979],[127.086761,37.470702],[127.086604,37.47085],[127.085886,37.471215],[127.085017,37.4713],[127.084136,37.473],[127.084521,37.474277],[127.084446,37.474605],[127.084461,37.475144],[127.084939,37.475661],[127.085684,37.475933],[127.085833,37.476136],[127.086343,37.476317],[127.088378,37.476215],[127.089028,37.476706],[127.089537,37.476649],[127.089857,37.47726],[127.091659,37.47796],[127.091705,37.477813],[127.092314,37.477613],[127.093273,37.477815],[127.095355,37.477988],[127.096959,37.478266],[127.097833,37.477986],[127.098102,37.478026],[127.098318,37.478128],[127.098483,37.478221],[127.098416,37.478723],[127.098047,37.479384],[127.098232,37.479855],[127.09825,37.480125],[127.098216,37.480334],[127.097983,37.480467],[127.097579,37.481034],[127.097732,37.481641],[127.09811,37.482143],[127.098335,37.482234],[127.098577,37.482495],[127.099229,37.482929],[127.099795,37.483217],[127.100486,37.483392],[127.100773,37.483226],[127.101402,37.48398],[127.10163,37.48453],[127.102434,37.484812],[127.102764,37.485019],[127.103669,37.485129],[127.103736,37.485165]]]}},{"type":"Feature","properties":{"code":"11230770","name":"압구정동","guCode":"11230","guName":"강남구"},"geometry":{"type":"Polygon","coordinates":[[[127.023303,37.535798],[127.029074,37.535833],[127.040388,37.535823],[127.040388,37.53575],[127.046044,37.53424],[127.046577,37.533923],[127.046514,37.533933],[127.045371,37.530172],[127.044956,37.530307],[127.043761,37.527029],[127.040694,37.527811],[127.039056,37.52318],[127.028084,37.519697],[127.028416,37.525354],[127.028465,37.526473],[127.028436,37.526987],[127.028312,37.527293],[127.027999,37.527773],[127.026176,37.529316],[127.025243,37.530237],[127.021565,37.535531],[127.021179,37.535818],[127.023303,37.535798]]]}},{"type":"Feature","properties":{"code":"11230780","name":"청담동","guCode":"11230","guName":"강남구"},"geometry":{"type":"Polygon","coordinates":[[[127.046514,37.533933],[127.051699,37.530865],[127.055116,37.528661],[127.060324,37.527026],[127.065447,37.525053],[127.063711,37.521609],[127.063146,37.521653],[127.062831,37.521955],[127.062698,37.521826],[127.062542,37.521891],[127.062375,37.521896],[127.057048,37.520048],[127.041271,37.517219],[127.039056,37.52318],[127.040694,37.527811],[127.043761,37.527029],[127.044956,37.530307],[127.045371,37.530172],[127.046514,37.533933]]]}},{"type":"Feature","properties":{"code":"11230790","name":"대치2동","guCode":"11230","guName":"강남구"},"geometry":{"type":"Polygon","coordinates":[[[127.07217,37.499977],[127.07217,37.49987],[127.071962,37.49987],[127.072164,37.499645],[127.072423,37.499174],[127.072323,37.499153],[127.072772,37.498172],[127.07289,37.497533],[127.0732,37.49729],[127.073186,37.496573],[127.073097,37.496163],[127.072948,37.495771],[127.072667,37.495286],[127.072283,37.494819],[127.071565,37.494073],[127.071049,37.493888],[127.069728,37.492519],[127.068685,37.491734],[127.068117,37.49142],[127.067191,37.49103],[127.066528,37.490839],[127.065441,37.490636],[127.063539,37.49424],[127.063651,37.494447],[127.063582,37.494427],[127.063507,37.494789],[127.063146,37.495074],[127.061362,37.498398],[127.060995,37.49828],[127.057233,37.505303],[127.057093,37.50547],[127.056536,37.50651],[127.056036,37.506678],[127.066504,37.509888],[127.068868,37.5103],[127.069684,37.50347],[127.069815,37.502739],[127.072165,37.50251],[127.07217,37.499977]]]}},{"type":"Feature","properties":{"code":"11230800","name":"개포2동","guCode":"11230","guName":"강남구"},"geometry":{"type":"Polygon","coordinates":[[[127.072766,37.491908],[127.072896,37.491674],[127.072989,37.491665],[127.073647,37.491879],[127.074542,37.491879],[127.07613,37.492396],[127.076234,37.492361],[127.077111,37.490653],[127.077072,37.490568],[127.076972,37.490526],[127.077076,37.490526],[127.076554,37.490294],[127.077322,37.489302],[127.077672,37.489473],[127.077715,37.48941],[127.077228,37.489172],[127.078069,37.487931],[127.078015,37.487908],[127.078041,37.487868],[127.077724,37.487744],[127.077489,37.487385],[127.077446,37.487102],[127.077555,37.486827],[127.077522,37.486802],[127.077659,37.486517],[127.078026,37.486119],[127.0774,37.484712],[127.076745,37.484028],[127.07592,37.48304],[127.076056,37.482617],[127.075686,37.482231],[127.075114,37.480996],[127.074772,37.48057],[127.073555,37.479995],[127.073111,37.479606],[127.072592,37.479377],[127.072694,37.478671],[127.072893,37.478196],[127.073246,37.47778],[127.073864,37.477376],[127.074352,37.476156],[127.075788,37.475623],[127.076094,37.475389],[127.076437,37.475395],[127.076741,37.475329],[127.076909,37.475217],[127.076506,37.474494],[127.075367,37.473496],[127.074226,37.47299],[127.073854,37.472983],[127.072905,37.472172],[127.071088,37.474565],[127.070279,37.475696],[127.069716,37.476289],[127.069559,37.476506],[127.069505,37.476686],[127.069538,37.477105],[127.06997,37.478081],[127.06861,37.479228],[127.067955,37.478829],[127.068245,37.479249],[127.06801,37.479219],[127.067649,37.478914],[127.066999,37.479246],[127.066756,37.479296],[127.066231,37.479881],[127.064811,37.479067],[127.064709,37.479254],[127.064523,37.479408],[127.064689,37.479501],[127.064576,37.479509],[127.058262,37.484739],[127.057914,37.485142],[127.057578,37.485652],[127.057559,37.485836],[127.05729,37.486244],[127.057089,37.486395],[127.056987,37.486549],[127.056726,37.487098],[127.056426,37.487587],[127.057071,37.487973],[127.059238,37.48893],[127.06112,37.489383],[127.065661,37.49022],[127.065441,37.490636],[127.066528,37.490839],[127.067191,37.49103],[127.067918,37.491328],[127.068575,37.491665],[127.069234,37.49212],[127.069728,37.492519],[127.071049,37.493888],[127.071565,37.494073],[127.071664,37.494174],[127.07231,37.492982],[127.072215,37.492902],[127.072766,37.491908]]]}},{"type":"Feature","properties":{"code":"11240510","name":"풍납1동","guCode":"11240","guName":"송파구"},"geometry":{"type":"Polygon","coordinates":[[[127.116525,37.54196],[127.117334,37.541489],[127.117365,37.541529],[127.118872,37.541076],[127.118949,37.541125],[127.118846,37.540997],[127.119734,37.540626],[127.12026,37.540329],[127.121859,37.539285],[127.122405,37.539014],[127.123442,37.538646],[127.121427,37.533059],[127.110936,37.536037],[127.107784,37.537024],[127.104094,37.538082],[127.108282,37.541408],[127.10924,37.543167],[127.113105,37.543171],[127.113044,37.542983],[127.116525,37.54196]]]}},{"type":"Feature","properties":{"code":"11240520","name":"풍납2동","guCode":"11240","guName":"송파구"},"geometry":{"type":"Polygon","coordinates":[[[127.116925,37.524011],[127.11686,37.523905],[127.103279,37.52391],[127.101242,37.524016],[127.094276,37.530303],[127.104094,37.538082],[127.107784,37.537024],[127.110936,37.536037],[127.121423,37.533059],[127.120605,37.530629],[127.120414,37.530183],[127.120135,37.529663],[127.119093,37.52796],[127.119291,37.527873],[127.116925,37.524011]]]}},{"type":"Feature","properties":{"code":"11240530","name":"거여1동","guCode":"11240","guName":"송파구"},"geometry":{"type":"Polygon","coordinates":[[[127.142575,37.49939],[127.144517,37.499399],[127.14521,37.498917],[127.145136,37.498847],[127.146536,37.497877],[127.144442,37.493212],[127.143352,37.490334],[127.142719,37.48912],[127.142596,37.48919],[127.142387,37.489445],[127.142384,37.489543],[127.142484,37.489768],[127.142443,37.4904],[127.142345,37.490711],[127.142351,37.490827],[127.142239,37.490932],[127.141991,37.490931],[127.141952,37.491336],[127.141822,37.491573],[127.141844,37.491649],[127.141804,37.491858],[127.141633,37.492174],[127.141456,37.492178],[127.141444,37.492003],[127.141521,37.491671],[127.137998,37.490489],[127.137576,37.490403],[127.137458,37.490196],[127.136987,37.490272],[127.13667,37.490412],[127.136357,37.49061],[127.137354,37.491443],[127.137353,37.493346],[127.13819,37.493933],[127.138136,37.494196],[127.137962,37.494461],[127.138633,37.49513],[127.13894,37.495318],[127.139123,37.495591],[127.139239,37.495529],[127.139367,37.49565],[127.139781,37.496183],[127.140211,37.496887],[127.141659,37.499824],[127.142209,37.499476],[127.142575,37.49939]]]}},{"type":"Feature","properties":{"code":"11240540","name":"거여2동","guCode":"11240","guName":"송파구"},"geometry":{"type":"Polygon","coordinates":[[[127.146536,37.497877],[127.146666,37.497787],[127.146683,37.497823],[127.147994,37.496916],[127.147995,37.496942],[127.148718,37.496372],[127.150179,37.495416],[127.15099,37.494779],[127.151654,37.493929],[127.152463,37.493042],[127.151277,37.492744],[127.151114,37.492573],[127.150916,37.492501],[127.15027,37.492064],[127.150332,37.492023],[127.150574,37.491492],[127.150612,37.491271],[127.149887,37.49054],[127.149785,37.490553],[127.149592,37.49049],[127.149155,37.490178],[127.148738,37.490009],[127.148586,37.4901],[127.14853,37.490093],[127.147378,37.489062],[127.147123,37.488049],[127.14676,37.487331],[127.146342,37.487226],[127.145991,37.487211],[127.145801,37.487076],[127.145658,37.487045],[127.145431,37.48722],[127.144975,37.487364],[127.144681,37.487326],[127.144567,37.487274],[127.144386,37.487312],[127.144292,37.487795],[127.144065,37.488113],[127.143705,37.488476],[127.142876,37.488996],[127.142729,37.489138],[127.143352,37.490334],[127.144442,37.493212],[127.146536,37.497877]]]}},{"type":"Feature","properties":{"code":"11240550","name":"마천1동","guCode":"11240","guName":"송파구"},"geometry":{"type":"Polygon","coordinates":[[[127.160742,37.499329],[127.160766,37.499218],[127.160943,37.499262],[127.160929,37.499318],[127.161107,37.499275],[127.160953,37.498982],[127.160808,37.498845],[127.160633,37.498549],[127.160567,37.497555],[127.160271,37.497239],[127.160008,37.497082],[127.159779,37.496824],[127.159737,37.496547],[127.159851,37.496155],[127.15983,37.496001],[127.159865,37.495684],[127.159974,37.495423],[127.160026,37.494375],[127.159811,37.493924],[127.159757,37.493641],[127.159652,37.493434],[127.159517,37.493275],[127.159184,37.493064],[127.159007,37.492891],[127.158651,37.492427],[127.158539,37.492182],[127.15826,37.491149],[127.158327,37.490663],[127.158258,37.490664],[127.158073,37.490439],[127.157649,37.490183],[127.157037,37.490654],[127.15623,37.491043],[127.155636,37.491429],[127.155243,37.491634],[127.1552,37.491573],[127.15382,37.492237],[127.153676,37.492312],[127.15373,37.492348],[127.153289,37.492573],[127.153188,37.492554],[127.152425,37.493059],[127.151654,37.493929],[127.15099,37.494779],[127.149792,37.495689],[127.148918,37.496235],[127.149874,37.497091],[127.150582,37.496921],[127.151611,37.496947],[127.152041,37.496762],[127.152505,37.497015],[127.152609,37.497035],[127.152908,37.496925],[127.153067,37.496949],[127.153919,37.497265],[127.153889,37.497746],[127.154323,37.497698],[127.154862,37.497768],[127.155753,37.498031],[127.156202,37.498288],[127.156542,37.498401],[127.157675,37.499198],[127.157704,37.499329],[127.158371,37.500041],[127.158752,37.500145],[127.159395,37.499977],[127.160592,37.499373],[127.160742,37.499329]]]}},{"type":"Feature","properties":{"code":"11240560","name":"마천2동","guCode":"11240","guName":"송파구"},"geometry":{"type":"Polygon","coordinates":[[[127.1517,37.503353],[127.152109,37.50297],[127.15226,37.502979],[127.152501,37.503092],[127.152844,37.503055],[127.153231,37.502679],[127.153954,37.502664],[127.156438,37.501859],[127.156555,37.501894],[127.157729,37.503179],[127.158866,37.50239],[127.159074,37.501879],[127.159397,37.501363],[127.160504,37.501095],[127.161219,37.500395],[127.161258,37.500276],[127.16139,37.500201],[127.161431,37.500022],[127.161388,37.49971],[127.16142,37.499705],[127.161251,37.499391],[127.161107,37.499275],[127.160929,37.499318],[127.160943,37.499262],[127.160766,37.499218],[127.160742,37.499329],[127.160592,37.499373],[127.159395,37.499977],[127.158752,37.500145],[127.158371,37.500041],[127.157704,37.499329],[127.157675,37.499198],[127.156542,37.498401],[127.156202,37.498288],[127.155753,37.498031],[127.154862,37.497768],[127.154323,37.497698],[127.153889,37.497746],[127.153919,37.497265],[127.153067,37.496949],[127.152908,37.496925],[127.152609,37.497035],[127.152505,37.497015],[127.152041,37.496762],[127.151611,37.496947],[127.150582,37.496921],[127.149874,37.497091],[127.148918,37.496235],[127.148154,37.496787],[127.147995,37.496942],[127.147994,37.496916],[127.146683,37.497823],[127.146666,37.497787],[127.145136,37.498847],[127.14521,37.498917],[127.144517,37.499399],[127.142489,37.499399],[127.142157,37.499503],[127.141659,37.499824],[127.142742,37.502022],[127.142808,37.502029],[127.142892,37.502197],[127.142853,37.502249],[127.143329,37.503216],[127.142937,37.503591],[127.143423,37.504094],[127.144103,37.504396],[127.144547,37.504216],[127.144874,37.50403],[127.145126,37.503691],[127.145126,37.503556],[127.145201,37.503557],[127.145203,37.503641],[127.145277,37.503557],[127.145416,37.503614],[127.145583,37.503416],[127.145503,37.503306],[127.145952,37.503227],[127.146239,37.503229],[127.146341,37.503351],[127.146542,37.503358],[127.146578,37.503317],[127.146509,37.503237],[127.146865,37.50326],[127.147194,37.503384],[127.147695,37.503212],[127.148054,37.503577],[127.148602,37.503723],[127.150205,37.504742],[127.150824,37.504062],[127.1517,37.503353]]]}},{"type":"Feature","properties":{"code":"11240570","name":"방이1동","guCode":"11240","guName":"송파구"},"geometry":{"type":"Polygon","coordinates":[[[127.12254,37.513988],[127.122806,37.513954],[127.123091,37.513763],[127.12325,37.514109],[127.128095,37.512123],[127.127995,37.511807],[127.12369,37.504829],[127.122745,37.505331],[127.116669,37.507776],[127.121006,37.514555],[127.12254,37.513988]]]}},{"type":"Feature","properties":{"code":"11240580","name":"방이2동","guCode":"11240","guName":"송파구"},"geometry":{"type":"Polygon","coordinates":[[[127.115968,37.516355],[127.118451,37.515446],[127.118544,37.515477],[127.118686,37.515412],[127.11884,37.515488],[127.118975,37.515444],[127.119415,37.515175],[127.119485,37.515089],[127.119591,37.515113],[127.119766,37.514949],[127.119895,37.515002],[127.11991,37.514926],[127.120301,37.5148],[127.120353,37.514873],[127.120678,37.514609],[127.121006,37.514555],[127.116669,37.507776],[127.112395,37.510252],[127.108137,37.511984],[127.106657,37.515468],[127.112701,37.517522],[127.115968,37.516355]]]}},{"type":"Feature","properties":{"code":"11240590","name":"오륜동","guCode":"11240","guName":"송파구"},"geometry":{"type":"Polygon","coordinates":[[[127.138427,37.519317],[127.138477,37.519305],[127.138569,37.519355],[127.143827,37.517026],[127.145112,37.516833],[127.145329,37.516607],[127.145434,37.516429],[127.145444,37.516333],[127.145439,37.516065],[127.145024,37.515862],[127.144854,37.515678],[127.144604,37.515606],[127.143883,37.515639],[127.143374,37.515578],[127.142625,37.515584],[127.142136,37.515653],[127.14183,37.515653],[127.141746,37.515646],[127.141705,37.515599],[127.141187,37.515547],[127.140614,37.515589],[127.140616,37.515548],[127.14121,37.515044],[127.141668,37.514892],[127.142642,37.514334],[127.142919,37.514098],[127.14343,37.51388],[127.143395,37.51387],[127.143373,37.513695],[127.143433,37.513613],[127.143363,37.513451],[127.143528,37.512657],[127.142885,37.512733],[127.142211,37.512528],[127.141511,37.512418],[127.141387,37.512356],[127.141278,37.512152],[127.141238,37.511677],[127.141105,37.511127],[127.14122,37.511046],[127.141217,37.510823],[127.140947,37.510398],[127.14072,37.51035],[127.140551,37.510256],[127.140343,37.510225],[127.140367,37.510109],[127.140238,37.509854],[127.140245,37.509586],[127.14017,37.509238],[127.139935,37.508524],[127.140014,37.508525],[127.140014,37.508475],[127.140291,37.508251],[127.139931,37.507287],[127.139845,37.507282],[127.139813,37.507224],[127.13969,37.506645],[127.139606,37.506428],[127.139418,37.506715],[127.139436,37.506751],[127.139354,37.506977],[127.139314,37.506985],[127.139357,37.506857],[127.138215,37.50728],[127.134183,37.50891],[127.134109,37.509299],[127.127995,37.511807],[127.128095,37.512123],[127.12325,37.514109],[127.123091,37.513763],[127.122806,37.513954],[127.12258,37.513958],[127.121037,37.51455],[127.120678,37.514609],[127.120353,37.514873],[127.120301,37.5148],[127.11991,37.514926],[127.119895,37.515002],[127.119766,37.514949],[127.119591,37.515113],[127.119485,37.515089],[127.119415,37.515175],[127.118975,37.515444],[127.11884,37.515488],[127.118686,37.515412],[127.118544,37.515477],[127.118451,37.515446],[127.112907,37.517448],[127.119291,37.527873],[127.138157,37.519525],[127.138189,37.519406],[127.138427,37.519317]]]}},{"type":"Feature","properties":{"code":"11240600","name":"오금동","guCode":"11240","guName":"송파구"},"geometry":{"type":"Polygon","coordinates":[[[127.138908,37.507023],[127.139357,37.506857],[127.139314,37.506985],[127.139354,37.506977],[127.139436,37.506751],[127.139418,37.506715],[127.139606,37.506428],[127.13969,37.506645],[127.139813,37.507224],[127.139845,37.507282],[127.139931,37.507287],[127.140291,37.508251],[127.140014,37.508475],[127.140014,37.508525],[127.140309,37.508305],[127.140381,37.508105],[127.140315,37.507826],[127.140347,37.507752],[127.14051,37.50764],[127.140687,37.507592],[127.140885,37.507438],[127.141256,37.50706],[127.141517,37.506708],[127.141178,37.506319],[127.140813,37.505979],[127.141044,37.505643],[127.141012,37.505484],[127.141048,37.505407],[127.141132,37.505464],[127.142123,37.505076],[127.142233,37.504884],[127.143424,37.504414],[127.144103,37.504396],[127.143423,37.504094],[127.142937,37.503591],[127.143329,37.503216],[127.142853,37.502249],[127.142892,37.502197],[127.142808,37.502029],[127.142742,37.502022],[127.140211,37.496887],[127.139781,37.496183],[127.139367,37.49565],[127.130737,37.500269],[127.124638,37.504327],[127.12369,37.504829],[127.127995,37.511807],[127.134109,37.509299],[127.134183,37.50891],[127.138908,37.507023]]]}},{"type":"Feature","properties":{"code":"11240610","name":"송파1동","guCode":"11240","guName":"송파구"},"geometry":{"type":"Polygon","coordinates":[[[127.110087,37.502023],[127.103973,37.508738],[127.108137,37.511984],[127.112395,37.510252],[127.116669,37.507776],[127.115535,37.505929],[127.114755,37.504765],[127.113808,37.503764],[127.113185,37.503304],[127.112611,37.502944],[127.111983,37.502636],[127.111441,37.502412],[127.110599,37.502138],[127.110087,37.502023]]]}},{"type":"Feature","properties":{"code":"11240620","name":"송파2동","guCode":"11240","guName":"송파구"},"geometry":{"type":"Polygon","coordinates":[[[127.119232,37.500578],[127.118409,37.500091],[127.11422,37.497842],[127.111841,37.500479],[127.111602,37.500353],[127.110083,37.502022],[127.110599,37.502138],[127.111441,37.502412],[127.111983,37.502636],[127.112611,37.502944],[127.113185,37.503304],[127.113808,37.503764],[127.114755,37.504765],[127.115535,37.505929],[127.116669,37.507776],[127.122745,37.505331],[127.12369,37.504829],[127.122976,37.503729],[127.122208,37.502862],[127.121428,37.502198],[127.119232,37.500578]]]}},{"type":"Feature","properties":{"code":"11240630","name":"석촌동","guCode":"11240","guName":"송파구"},"geometry":{"type":"Polygon","coordinates":[[[127.105883,37.506639],[127.111602,37.500353],[127.110743,37.49987],[127.109759,37.500936],[127.109609,37.500941],[127.097649,37.497391],[127.097386,37.496908],[127.09657,37.49719],[127.097285,37.506537],[127.098136,37.506453],[127.098757,37.506471],[127.099311,37.506546],[127.099987,37.506718],[127.102241,37.507659],[127.103157,37.508163],[127.103973,37.508738],[127.105883,37.506639]]]}},{"type":"Feature","properties":{"code":"11240640","name":"삼전동","guCode":"11240","guName":"송파구"},"geometry":{"type":"Polygon","coordinates":[[[127.096838,37.500828],[127.09657,37.49719],[127.097386,37.496908],[127.096939,37.496074],[127.096285,37.496298],[127.095871,37.496298],[127.094794,37.496683],[127.084154,37.499673],[127.08211,37.500363],[127.08271,37.500892],[127.083607,37.500631],[127.085244,37.501093],[127.09074,37.507535],[127.097285,37.506537],[127.096838,37.500828]]]}},{"type":"Feature","properties":{"code":"11240650","name":"가락본동","guCode":"11240","guName":"송파구"},"geometry":{"type":"Polygon","coordinates":[[[127.125574,37.492334],[127.12626,37.491506],[127.121294,37.488862],[127.120467,37.490471],[127.119888,37.491417],[127.119223,37.492304],[127.119111,37.492197],[127.118707,37.492599],[127.115223,37.496443],[127.114627,37.497234],[127.114785,37.498145],[127.118744,37.500279],[127.119848,37.50101],[127.121565,37.502303],[127.122327,37.50298],[127.122976,37.503729],[127.12369,37.504829],[127.124638,37.504327],[127.128123,37.502005],[127.127341,37.501168],[127.126645,37.500305],[127.126102,37.499257],[127.124959,37.496762],[127.124365,37.495799],[127.123346,37.494977],[127.125574,37.492334]]]}},{"type":"Feature","properties":{"code":"11240660","name":"가락1동","guCode":"11240","guName":"송파구"},"geometry":{"type":"Polygon","coordinates":[[[127.110612,37.500012],[127.110743,37.49987],[127.111841,37.500479],[127.11422,37.497842],[127.114785,37.498145],[127.114627,37.497234],[127.115223,37.496443],[127.116669,37.494821],[127.119111,37.492197],[127.118851,37.492032],[127.118817,37.491966],[127.118571,37.492253],[127.118427,37.492267],[127.116885,37.491837],[127.113921,37.490957],[127.107891,37.489046],[127.107007,37.490295],[127.103512,37.492705],[127.100569,37.494069],[127.10046,37.494087],[127.100354,37.494219],[127.099828,37.4944],[127.099763,37.494509],[127.098796,37.494894],[127.097403,37.49519],[127.097798,37.49548],[127.097138,37.495835],[127.095871,37.496298],[127.096285,37.496298],[127.096939,37.496074],[127.097649,37.497391],[127.109609,37.500941],[127.109759,37.500936],[127.110612,37.500012]]]}},{"type":"Feature","properties":{"code":"11240670","name":"가락2동","guCode":"11240","guName":"송파구"},"geometry":{"type":"Polygon","coordinates":[[[127.139367,37.49565],[127.139239,37.495529],[127.139123,37.495591],[127.13894,37.495318],[127.138633,37.49513],[127.137962,37.494461],[127.138009,37.494368],[127.13355,37.490508],[127.129576,37.49342],[127.129288,37.493165],[127.12891,37.492916],[127.12626,37.491506],[127.123346,37.494977],[127.124365,37.495799],[127.124959,37.496762],[127.126102,37.499257],[127.126645,37.500305],[127.127341,37.501168],[127.128123,37.502005],[127.130737,37.500269],[127.139367,37.49565]]]}},{"type":"Feature","properties":{"code":"11240680","name":"문정1동","guCode":"11240","guName":"송파구"},"geometry":{"type":"Polygon","coordinates":[[[127.131997,37.48903],[127.129958,37.487267],[127.129204,37.48678],[127.128719,37.486566],[127.12807,37.48637],[127.127391,37.486258],[127.126596,37.486212],[127.126244,37.485489],[127.126154,37.48514],[127.126251,37.483871],[127.126399,37.482808],[127.124478,37.482604],[127.124167,37.482366],[127.121083,37.488998],[127.121226,37.488997],[127.121294,37.488862],[127.12891,37.492916],[127.129288,37.493165],[127.129576,37.49342],[127.133632,37.490446],[127.131997,37.48903]]]}},{"type":"Feature","properties":{"code":"11240690","name":"문정2동","guCode":"11240","guName":"송파구"},"geometry":{"type":"Polygon","coordinates":[[[127.119334,37.492161],[127.119888,37.491417],[127.120467,37.490471],[127.121226,37.488997],[127.121083,37.488998],[127.124167,37.482366],[127.125069,37.480932],[127.126444,37.478105],[127.126833,37.477244],[127.127011,37.476552],[127.127037,37.476054],[127.126897,37.473496],[127.126589,37.46885],[127.126447,37.46875],[127.126025,37.469106],[127.125203,37.46962],[127.124878,37.469597],[127.124851,37.469523],[127.124937,37.469491],[127.124898,37.469386],[127.125016,37.46903],[127.125168,37.468751],[127.125138,37.468469],[127.125182,37.468352],[127.125199,37.467833],[127.125072,37.467679],[127.12506,37.467476],[127.125103,37.467447],[127.125048,37.467265],[127.124938,37.467199],[127.124759,37.466916],[127.124531,37.466755],[127.124488,37.466644],[127.12421,37.466517],[127.119703,37.472761],[127.119719,37.472581],[127.118242,37.474699],[127.116031,37.477598],[127.112966,37.481724],[127.11151,37.484026],[127.109264,37.487116],[127.109146,37.487287],[127.109175,37.487316],[127.109121,37.487321],[127.107891,37.489046],[127.113921,37.490957],[127.118358,37.492249],[127.118571,37.492253],[127.118817,37.491966],[127.118851,37.492032],[127.119081,37.492165],[127.119223,37.492304],[127.119334,37.492161]]]}},{"type":"Feature","properties":{"code":"11240710","name":"잠실본동","guCode":"11240","guName":"송파구"},"geometry":{"type":"Polygon","coordinates":[[[127.087026,37.503182],[127.085244,37.501093],[127.083607,37.500631],[127.08271,37.500892],[127.08211,37.500363],[127.076987,37.502072],[127.073538,37.502386],[127.074337,37.502958],[127.074463,37.502915],[127.079496,37.506768],[127.078297,37.511905],[127.085562,37.511631],[127.085874,37.510393],[127.086111,37.509841],[127.086594,37.509166],[127.087069,37.508722],[127.087629,37.508346],[127.088478,37.507965],[127.089172,37.507779],[127.09074,37.507535],[127.087026,37.503182]]]}},{"type":"Feature","properties":{"code":"11240750","name":"잠실4동","guCode":"11240","guName":"송파구"},"geometry":{"type":"Polygon","coordinates":[[[127.114556,37.520142],[127.112907,37.517448],[127.112701,37.517522],[127.106667,37.515471],[127.104259,37.519821],[127.104174,37.519788],[127.103249,37.521473],[127.103308,37.521491],[127.103228,37.521631],[127.102531,37.522556],[127.101242,37.524016],[127.103279,37.52391],[127.11686,37.523905],[127.114556,37.520142]]]}},{"type":"Feature","properties":{"code":"11240770","name":"잠실6동","guCode":"11240","guName":"송파구"},"geometry":{"type":"Polygon","coordinates":[[[127.102962,37.521985],[127.103228,37.521631],[127.103308,37.521491],[127.103249,37.521473],[127.104174,37.519788],[127.104259,37.519821],[127.106649,37.515513],[127.108137,37.511984],[127.103973,37.508738],[127.101794,37.511132],[127.095405,37.519365],[127.094225,37.521939],[127.093594,37.521734],[127.089814,37.526846],[127.090137,37.527007],[127.094276,37.530303],[127.101242,37.524016],[127.102531,37.522556],[127.102962,37.521985]]]}},{"type":"Feature","properties":{"code":"11240780","name":"잠실7동","guCode":"11240","guName":"송파구"},"geometry":{"type":"Polygon","coordinates":[[[127.078468,37.511173],[127.079496,37.506768],[127.074463,37.502915],[127.074337,37.502958],[127.073538,37.502386],[127.069815,37.502739],[127.069684,37.50347],[127.068821,37.510677],[127.070063,37.510679],[127.070098,37.510507],[127.078297,37.511905],[127.078468,37.511173]]]}},{"type":"Feature","properties":{"code":"11240790","name":"잠실2동","guCode":"11240","guName":"송파구"},"geometry":{"type":"Polygon","coordinates":[[[127.088738,37.522563],[127.090476,37.517576],[127.090603,37.517606],[127.09067,37.517434],[127.09092,37.517223],[127.091011,37.517095],[127.090877,37.516897],[127.092517,37.512312],[127.0928,37.512163],[127.092515,37.511908],[127.089059,37.511565],[127.088288,37.51153],[127.078297,37.511905],[127.070098,37.510507],[127.070063,37.510679],[127.068821,37.510677],[127.068418,37.51428],[127.067896,37.518311],[127.067901,37.518579],[127.067813,37.519192],[127.067731,37.519319],[127.067668,37.519869],[127.067589,37.520876],[127.067479,37.524582],[127.068663,37.523871],[127.07205,37.523415],[127.074318,37.522866],[127.076954,37.522514],[127.079975,37.522948],[127.081102,37.523409],[127.085633,37.524762],[127.087495,37.52569],[127.088738,37.522563]]]}},{"type":"Feature","properties":{"code":"11240800","name":"잠실3동","guCode":"11240","guName":"송파구"},"geometry":{"type":"Polygon","coordinates":[[[127.092517,37.523191],[127.093594,37.521734],[127.094225,37.521939],[127.095405,37.519365],[127.101794,37.511132],[127.103973,37.508738],[127.103877,37.50866],[127.103281,37.508241],[127.10251,37.507795],[127.100204,37.506793],[127.099311,37.506546],[127.098757,37.506471],[127.098136,37.506453],[127.09743,37.506515],[127.088937,37.507831],[127.088256,37.508046],[127.087629,37.508346],[127.086901,37.508863],[127.086456,37.509326],[127.086111,37.509841],[127.085941,37.510205],[127.085562,37.511631],[127.088091,37.511535],[127.088879,37.511549],[127.092515,37.511908],[127.0928,37.512163],[127.092517,37.512312],[127.090877,37.516897],[127.091011,37.517095],[127.09092,37.517223],[127.09067,37.517434],[127.090603,37.517606],[127.090476,37.517576],[127.088513,37.523196],[127.087495,37.52569],[127.089814,37.526846],[127.092517,37.523191]]]}},{"type":"Feature","properties":{"code":"11240810","name":"장지동","guCode":"11240","guName":"송파구"},"geometry":{"type":"Polygon","coordinates":[[[127.135375,37.481548],[127.135366,37.481503],[127.136615,37.481588],[127.136784,37.481517],[127.137604,37.481815],[127.137936,37.481868],[127.138683,37.481778],[127.138865,37.481789],[127.138194,37.480632],[127.137889,37.480291],[127.137514,37.479985],[127.137065,37.479708],[127.136645,37.479541],[127.135105,37.479077],[127.134539,37.478786],[127.13433,37.478787],[127.134239,37.47901],[127.133683,37.478263],[127.133361,37.477922],[127.132789,37.477427],[127.131782,37.476713],[127.126897,37.473505],[127.127037,37.476054],[127.127011,37.476552],[127.126833,37.477244],[127.125069,37.480932],[127.124167,37.482366],[127.124478,37.482604],[127.126399,37.482808],[127.126251,37.483871],[127.126154,37.48514],[127.126244,37.485489],[127.126596,37.486212],[127.127528,37.486274],[127.128334,37.486438],[127.129086,37.486722],[127.129757,37.487114],[127.133632,37.490446],[127.13355,37.490508],[127.138009,37.494368],[127.138136,37.494196],[127.13819,37.493933],[127.137353,37.493346],[127.137354,37.491443],[127.136357,37.49061],[127.13667,37.490412],[127.136987,37.490272],[127.137233,37.490232],[127.136674,37.489153],[127.135375,37.481548]]]}},{"type":"Feature","properties":{"code":"11240820","name":"위례동","guCode":"11240","guName":"송파구"},"geometry":{"type":"Polygon","coordinates":[[[127.15309,37.49263],[127.153188,37.492554],[127.153289,37.492573],[127.15373,37.492348],[127.153676,37.492312],[127.15382,37.492237],[127.1552,37.491573],[127.155243,37.491634],[127.155636,37.491429],[127.15623,37.491043],[127.157037,37.490654],[127.157667,37.490164],[127.157605,37.490095],[127.157511,37.490086],[127.157471,37.490019],[127.157282,37.48995],[127.157591,37.489909],[127.158382,37.489894],[127.158407,37.489799],[127.158514,37.489666],[127.155452,37.48806],[127.155505,37.487993],[127.155341,37.487937],[127.153741,37.48706],[127.153587,37.486921],[127.153162,37.486688],[127.15043,37.485249],[127.149922,37.484906],[127.149466,37.484427],[127.149095,37.483883],[127.148683,37.484043],[127.14777,37.482624],[127.147525,37.482014],[127.147459,37.481589],[127.147282,37.47874],[127.147242,37.478633],[127.147145,37.477222],[127.14437,37.477331],[127.144321,37.476612],[127.144269,37.476395],[127.144124,37.476084],[127.143715,37.475426],[127.143619,37.475171],[127.143527,37.47393],[127.1401,37.474038],[127.138334,37.474135],[127.136397,37.47417],[127.135287,37.474257],[127.133661,37.474531],[127.132856,37.474626],[127.132739,37.474555],[127.132687,37.474286],[127.132593,37.472795],[127.132624,37.472395],[127.132829,37.471703],[127.132824,37.471201],[127.132657,37.471208],[127.132616,37.47096],[127.132491,37.470618],[127.131983,37.469798],[127.132105,37.469546],[127.132113,37.469596],[127.132786,37.469599],[127.132821,37.469196],[127.132794,37.469119],[127.132658,37.46911],[127.13265,37.469059],[127.1324,37.469055],[127.1328,37.468394],[127.132045,37.468205],[127.130876,37.467758],[127.13064,37.467728],[127.129303,37.467967],[127.128396,37.468356],[127.12692,37.468641],[127.126833,37.468586],[127.126666,37.468625],[127.126447,37.46875],[127.126589,37.46885],[127.126897,37.473505],[127.131782,37.476713],[127.132789,37.477427],[127.133361,37.477922],[127.133683,37.478263],[127.134239,37.47901],[127.13433,37.478787],[127.134539,37.478786],[127.135105,37.479077],[127.136645,37.479541],[127.137065,37.479708],[127.137514,37.479985],[127.137882,37.480284],[127.138188,37.480625],[127.138384,37.480925],[127.138696,37.481544],[127.138861,37.481765],[127.137936,37.481868],[127.137604,37.481815],[127.136784,37.481517],[127.136615,37.481588],[127.135366,37.481503],[127.135603,37.482733],[127.136674,37.489153],[127.137233,37.490232],[127.137458,37.490196],[127.137576,37.490403],[127.137998,37.490489],[127.141521,37.491671],[127.141444,37.492003],[127.141456,37.492178],[127.141633,37.492174],[127.141804,37.491858],[127.141844,37.491649],[127.141822,37.491573],[127.141952,37.491336],[127.141991,37.490931],[127.142239,37.490932],[127.142351,37.490827],[127.142345,37.490711],[127.142443,37.4904],[127.142484,37.489768],[127.142384,37.489543],[127.142404,37.4894],[127.142596,37.48919],[127.142729,37.489138],[127.142876,37.488996],[127.143705,37.488476],[127.144065,37.488113],[127.144292,37.487795],[127.144386,37.487312],[127.144567,37.487274],[127.144681,37.487326],[127.144975,37.487364],[127.145431,37.48722],[127.145658,37.487045],[127.145801,37.487076],[127.145991,37.487211],[127.146342,37.487226],[127.14676,37.487331],[127.147123,37.488049],[127.147378,37.489062],[127.14853,37.490093],[127.148586,37.4901],[127.148738,37.490009],[127.149155,37.490178],[127.149592,37.49049],[127.149785,37.490553],[127.149887,37.49054],[127.150612,37.491271],[127.150574,37.491492],[127.150332,37.492023],[127.15027,37.492064],[127.150916,37.492501],[127.151114,37.492573],[127.151277,37.492744],[127.152463,37.493042],[127.15309,37.49263]]]}},{"type":"Feature","properties":{"code":"11250530","name":"명일1동","guCode":"11250","guName":"강동구"},"geometry":{"type":"Polygon","coordinates":[[[127.150195,37.554683],[127.149224,37.548284],[127.148495,37.545779],[127.14759,37.546003],[127.147421,37.545617],[127.14715,37.545423],[127.147039,37.545515],[127.146782,37.545501],[127.145635,37.544855],[127.145732,37.544367],[127.142721,37.545073],[127.143187,37.546371],[127.143952,37.550785],[127.142737,37.550668],[127.14153,37.550801],[127.140475,37.550947],[127.140315,37.551236],[127.140425,37.551345],[127.140448,37.551312],[127.140995,37.551881],[127.141322,37.552389],[127.14186,37.553057],[127.14254,37.553466],[127.142696,37.553608],[127.142848,37.553817],[127.142921,37.554013],[127.142834,37.554013],[127.143038,37.554483],[127.143428,37.554903],[127.145806,37.554903],[127.145928,37.554848],[127.148109,37.554823],[127.148077,37.554706],[127.150195,37.554683]]]}},{"type":"Feature","properties":{"code":"11250540","name":"명일2동","guCode":"11250","guName":"강동구"},"geometry":{"type":"Polygon","coordinates":[[[127.156497,37.554791],[127.155916,37.546089],[127.156624,37.545988],[127.156783,37.545912],[127.157489,37.545763],[127.158306,37.545503],[127.159058,37.545406],[127.159945,37.54537],[127.160568,37.545567],[127.160841,37.545591],[127.161313,37.545542],[127.162022,37.545647],[127.162407,37.545801],[127.162569,37.545803],[127.162596,37.545743],[127.162793,37.545594],[127.162941,37.545141],[127.163163,37.544991],[127.162789,37.544524],[127.162715,37.544485],[127.162481,37.544141],[127.162181,37.543827],[127.161709,37.54346],[127.161263,37.542949],[127.16031,37.541626],[127.160096,37.541515],[127.159599,37.54206],[127.159358,37.542487],[127.158693,37.54266],[127.15828,37.542682],[127.157547,37.54316],[127.156602,37.543462],[127.155981,37.542846],[127.155729,37.542828],[127.153893,37.542078],[127.153811,37.542088],[127.153664,37.542338],[127.153844,37.542459],[127.15379,37.542497],[127.153493,37.543243],[127.153482,37.543687],[127.152941,37.543811],[127.152259,37.544043],[127.152103,37.544168],[127.151843,37.544979],[127.150935,37.544797],[127.150738,37.545338],[127.150619,37.545402],[127.150429,37.545672],[127.149374,37.545615],[127.149192,37.54529],[127.148896,37.545023],[127.148699,37.54514],[127.148366,37.545166],[127.148495,37.545779],[127.149224,37.548284],[127.15021,37.554683],[127.151686,37.554709],[127.156537,37.555377],[127.156497,37.554791]]]}},{"type":"Feature","properties":{"code":"11250550","name":"고덕1동","guCode":"11250","guName":"강동구"},"geometry":{"type":"Polygon","coordinates":[[[127.153401,37.568603],[127.153195,37.567857],[127.153378,37.567384],[127.153712,37.567438],[127.154354,37.568046],[127.1546,37.56804],[127.154723,37.568186],[127.155316,37.568218],[127.155935,37.567978],[127.156363,37.567359],[127.156073,37.566766],[127.155877,37.566061],[127.155672,37.56567],[127.15623,37.565272],[127.156549,37.564968],[127.156664,37.564359],[127.156465,37.563887],[127.15656,37.563783],[127.156437,37.56361],[127.156573,37.563365],[127.156927,37.562962],[127.156579,37.555383],[127.151397,37.554688],[127.148077,37.554706],[127.148109,37.554823],[127.145928,37.554848],[127.145806,37.554903],[127.14467,37.554902],[127.144593,37.554956],[127.144702,37.555656],[127.14455,37.55561],[127.144732,37.557779],[127.144521,37.558208],[127.144072,37.558649],[127.145944,37.560437],[127.147614,37.560997],[127.147674,37.561625],[127.14754,37.561689],[127.147337,37.561874],[127.147254,37.561854],[127.147203,37.561899],[127.147179,37.562099],[127.147253,37.562259],[127.147165,37.562328],[127.146988,37.562397],[127.146551,37.562341],[127.146555,37.562639],[127.146146,37.563474],[127.145482,37.563855],[127.145272,37.564428],[127.145239,37.564697],[127.145407,37.565279],[127.144773,37.56568],[127.145035,37.565949],[127.145115,37.566344],[127.145082,37.566629],[127.145587,37.567745],[127.1456,37.568431],[127.14895,37.568434],[127.153196,37.57097],[127.153401,37.568603]]]}},{"type":"Feature","properties":{"code":"11250560","name":"고덕2동","guCode":"11250","guName":"강동구"},"geometry":{"type":"Polygon","coordinates":[[[127.164263,37.57427],[127.16503,37.574265],[127.165039,37.57387],[127.165687,37.573874],[127.165773,37.573712],[127.165796,37.573198],[127.165997,37.572832],[127.166473,37.572248],[127.166716,37.572139],[127.166951,37.571718],[127.167121,37.571591],[127.167217,37.571371],[127.167295,37.571287],[127.16734,37.571034],[127.167511,37.57087],[127.167535,37.570736],[127.167217,37.570334],[127.167767,37.569817],[127.168575,37.56881],[127.169223,37.568117],[127.169494,37.56777],[127.169611,37.567681],[127.170029,37.567154],[127.17037,37.566902],[127.170758,37.566316],[127.172124,37.56475],[127.172022,37.564673],[127.172401,37.564273],[127.17271,37.564018],[127.172971,37.563703],[127.171212,37.562583],[127.170969,37.562462],[127.170474,37.562391],[127.170305,37.562404],[127.170031,37.562145],[127.170317,37.561893],[127.170529,37.56185],[127.170589,37.561739],[127.170623,37.561372],[127.170691,37.56121],[127.170991,37.559507],[127.171482,37.557346],[127.16502,37.556567],[127.156579,37.555383],[127.156927,37.562962],[127.156573,37.563365],[127.156437,37.56361],[127.15656,37.563783],[127.156465,37.563887],[127.156664,37.564359],[127.156549,37.564968],[127.15623,37.565272],[127.155672,37.56567],[127.155877,37.566061],[127.156073,37.566766],[127.156363,37.567359],[127.155935,37.567978],[127.155316,37.568218],[127.154723,37.568186],[127.1546,37.56804],[127.154354,37.568046],[127.153712,37.567438],[127.153378,37.567384],[127.153195,37.567857],[127.153401,37.568603],[127.153196,37.57097],[127.154981,37.572044],[127.156899,37.572954],[127.161468,37.576046],[127.163962,37.57499],[127.16409,37.574752],[127.164017,37.574665],[127.163976,37.574346],[127.163995,37.574303],[127.164263,37.57427]]]}},{"type":"Feature","properties":{"code":"11250580","name":"암사2동","guCode":"11250","guName":"강동구"},"geometry":{"type":"Polygon","coordinates":[[[127.133074,37.562739],[127.133234,37.562694],[127.133395,37.562791],[127.1335,37.56278],[127.133357,37.562281],[127.132936,37.56234],[127.132692,37.56166],[127.132388,37.561121],[127.132294,37.56132],[127.132227,37.561233],[127.13218,37.56133],[127.131098,37.559889],[127.130651,37.55902],[127.129492,37.556026],[127.129698,37.556144],[127.126734,37.547899],[127.122272,37.548915],[127.122497,37.54954],[127.122227,37.549472],[127.121406,37.549622],[127.121245,37.549599],[127.120753,37.549659],[127.119699,37.549698],[127.119117,37.549767],[127.118159,37.549969],[127.116916,37.550055],[127.116423,37.55003],[127.115849,37.55016],[127.111547,37.550384],[127.11155,37.550513],[127.114088,37.554085],[127.115646,37.5577],[127.117339,37.559464],[127.120096,37.5612],[127.122956,37.56349],[127.12861,37.56616],[127.133753,37.567793],[127.13344,37.564943],[127.133221,37.564269],[127.133306,37.564161],[127.133223,37.564059],[127.133169,37.563894],[127.133027,37.562852],[127.133074,37.562739]]]}},{"type":"Feature","properties":{"code":"11250590","name":"암사3동","guCode":"11250","guName":"강동구"},"geometry":{"type":"Polygon","coordinates":[[[127.146453,37.56285],[127.146555,37.562639],[127.146551,37.562341],[127.146988,37.562397],[127.147165,37.562328],[127.147253,37.562259],[127.147179,37.562099],[127.147203,37.561899],[127.147254,37.561854],[127.147337,37.561874],[127.14754,37.561689],[127.147674,37.561625],[127.147614,37.560997],[127.145944,37.560437],[127.144072,37.558649],[127.144521,37.558208],[127.144732,37.557779],[127.14455,37.55561],[127.144702,37.555656],[127.144593,37.554956],[127.14467,37.554902],[127.143428,37.554903],[127.143313,37.554764],[127.135686,37.554724],[127.129194,37.554762],[127.129698,37.556144],[127.129492,37.556026],[127.130651,37.55902],[127.130938,37.559608],[127.131363,37.56027],[127.13218,37.56133],[127.132227,37.561233],[127.132294,37.56132],[127.132388,37.561121],[127.132692,37.56166],[127.132936,37.56234],[127.133357,37.562281],[127.133383,37.562341],[127.1335,37.56278],[127.133395,37.562791],[127.133234,37.562694],[127.133074,37.562739],[127.133027,37.562852],[127.133178,37.56394],[127.133306,37.564161],[127.133221,37.564269],[127.13344,37.564943],[127.133753,37.567793],[127.134266,37.567954],[127.137666,37.568424],[127.1456,37.568431],[127.145587,37.567745],[127.145082,37.566629],[127.145115,37.566344],[127.145035,37.565949],[127.144773,37.56568],[127.145407,37.565279],[127.145239,37.564697],[127.145272,37.564428],[127.145482,37.563855],[127.146146,37.563474],[127.146453,37.56285]]]}},{"type":"Feature","properties":{"code":"11250610","name":"천호1동","guCode":"11250","guName":"강동구"},"geometry":{"type":"Polygon","coordinates":[[[127.142703,37.55067],[127.143952,37.550785],[127.143187,37.546371],[127.141675,37.54228],[127.138074,37.543132],[127.138189,37.543423],[127.136626,37.543078],[127.135976,37.543057],[127.135437,37.542807],[127.135171,37.542786],[127.133608,37.542424],[127.132353,37.542365],[127.131742,37.542426],[127.131143,37.542389],[127.133382,37.545404],[127.13451,37.547023],[127.134667,37.547022],[127.13475,37.547177],[127.134585,37.547239],[127.134849,37.54759],[127.135136,37.547917],[127.136314,37.549065],[127.137084,37.549768],[127.137459,37.549914],[127.137677,37.550086],[127.138125,37.550268],[127.139046,37.550411],[127.139681,37.550569],[127.139655,37.550505],[127.140609,37.550605],[127.140622,37.550689],[127.141509,37.5508],[127.142703,37.55067]]]}},{"type":"Feature","properties":{"code":"11250630","name":"천호3동","guCode":"11250","guName":"강동구"},"geometry":{"type":"Polygon","coordinates":[[[127.141002,37.542438],[127.141675,37.54228],[127.141188,37.540981],[127.137826,37.541164],[127.137604,37.541128],[127.1373,37.54101],[127.137053,37.540826],[127.136886,37.540593],[127.13678,37.540625],[127.134978,37.536906],[127.134915,37.536862],[127.135034,37.536807],[127.134291,37.535272],[127.130269,37.536565],[127.126485,37.537643],[127.127486,37.539089],[127.127928,37.540304],[127.12794,37.540473],[127.128182,37.540477],[127.128763,37.540582],[127.129344,37.540756],[127.12977,37.540961],[127.130524,37.54159],[127.131143,37.542389],[127.131742,37.542426],[127.132353,37.542365],[127.133608,37.542424],[127.135171,37.542786],[127.135437,37.542807],[127.135976,37.543057],[127.136626,37.543078],[127.138189,37.543423],[127.138074,37.543132],[127.141002,37.542438]]]}},{"type":"Feature","properties":{"code":"11250650","name":"성내1동","guCode":"11250","guName":"강동구"},"geometry":{"type":"Polygon","coordinates":[[[127.125539,37.53188],[127.12579,37.531807],[127.126058,37.53261],[127.126494,37.533014],[127.126726,37.53271],[127.126865,37.532424],[127.127134,37.532182],[127.127262,37.532013],[127.127051,37.53146],[127.131823,37.530142],[127.128705,37.523715],[127.119093,37.52796],[127.120135,37.529663],[127.120414,37.530183],[127.120605,37.530629],[127.121424,37.53306],[127.125539,37.53188]]]}},{"type":"Feature","properties":{"code":"11250660","name":"성내2동","guCode":"11250","guName":"강동구"},"geometry":{"type":"Polygon","coordinates":[[[127.12445,37.538591],[127.12601,37.538098],[127.126011,37.538064],[127.126046,37.538055],[127.126048,37.538088],[127.126528,37.537941],[127.126533,37.537887],[127.126606,37.537826],[127.126485,37.537643],[127.130269,37.536565],[127.134291,37.535272],[127.131823,37.530142],[127.127051,37.53146],[127.127262,37.532013],[127.127134,37.532182],[127.126865,37.532424],[127.126726,37.53271],[127.126494,37.533014],[127.126058,37.53261],[127.12579,37.531807],[127.121427,37.533059],[127.123442,37.538646],[127.123636,37.538845],[127.12445,37.538591]]]}},{"type":"Feature","properties":{"code":"11250670","name":"성내3동","guCode":"11250","guName":"강동구"},"geometry":{"type":"Polygon","coordinates":[[[127.133908,37.52154],[127.133868,37.521433],[127.128705,37.523715],[127.134296,37.535278],[127.138559,37.533959],[127.133908,37.52154]]]}},{"type":"Feature","properties":{"code":"11250700","name":"둔촌1동","guCode":"11250","guName":"강동구"},"geometry":{"type":"Polygon","coordinates":[[[127.144801,37.51939],[127.144841,37.519111],[127.144805,37.518774],[127.144902,37.51839],[127.144827,37.517974],[127.144856,37.517748],[127.145083,37.517144],[127.145092,37.516835],[127.143827,37.517026],[127.138569,37.519355],[127.138477,37.519305],[127.138264,37.519372],[127.138189,37.519406],[127.138157,37.519525],[127.133868,37.521433],[127.136637,37.528825],[127.144729,37.526535],[127.146009,37.524223],[127.146114,37.523981],[127.146162,37.523585],[127.146148,37.523077],[127.146049,37.52262],[127.145781,37.521941],[127.145666,37.521932],[127.145643,37.521581],[127.145271,37.520879],[127.145078,37.520304],[127.144951,37.520071],[127.144786,37.519624],[127.144801,37.51939]]]}},{"type":"Feature","properties":{"code":"11250710","name":"둔촌2동","guCode":"11250","guName":"강동구"},"geometry":{"type":"Polygon","coordinates":[[[127.156555,37.537458],[127.156338,37.53737],[127.156033,37.537342],[127.15594,37.537059],[127.155262,37.536216],[127.154865,37.535358],[127.154526,37.534869],[127.154021,37.534514],[127.153817,37.533971],[127.153567,37.533665],[127.153934,37.53192],[127.153725,37.531562],[127.153377,37.531331],[127.153325,37.531034],[127.153432,37.530914],[127.153539,37.530437],[127.153129,37.529948],[127.15329,37.529469],[127.153164,37.529109],[127.152779,37.528802],[127.152687,37.528529],[127.151638,37.527704],[127.150783,37.526857],[127.150402,37.526372],[127.149869,37.526207],[127.149455,37.525751],[127.149596,37.525294],[127.149476,37.525021],[127.149236,37.52483],[127.149025,37.524334],[127.149009,37.524119],[127.148596,37.523561],[127.148598,37.523192],[127.148179,37.522922],[127.14783,37.522393],[127.147797,37.522149],[127.145781,37.521941],[127.146049,37.52262],[127.146148,37.523077],[127.146162,37.523585],[127.146114,37.523981],[127.145755,37.524699],[127.144729,37.526535],[127.136637,37.528825],[127.138559,37.533959],[127.139265,37.533812],[127.140025,37.533736],[127.14079,37.533743],[127.141297,37.533794],[127.142042,37.533937],[127.142755,37.534159],[127.145378,37.535257],[127.145254,37.535083],[127.145126,37.535022],[127.145165,37.534897],[127.152612,37.538053],[127.153994,37.538596],[127.15397,37.538618],[127.159583,37.541028],[127.159573,37.540987],[127.159102,37.540726],[127.158959,37.540484],[127.158452,37.540003],[127.158247,37.53975],[127.157651,37.53927],[127.157396,37.538951],[127.157315,37.538698],[127.157175,37.538441],[127.156941,37.538371],[127.156941,37.537967],[127.156894,37.537835],[127.156789,37.537658],[127.156555,37.537458]]]}},{"type":"Feature","properties":{"code":"11250720","name":"암사1동","guCode":"11250","guName":"강동구"},"geometry":{"type":"Polygon","coordinates":[[[127.135676,37.554724],[127.143313,37.554764],[127.143038,37.554483],[127.142834,37.554013],[127.142921,37.554013],[127.142848,37.553817],[127.142696,37.553608],[127.14254,37.553466],[127.14186,37.553057],[127.141322,37.552389],[127.140995,37.551881],[127.140448,37.551312],[127.140425,37.551345],[127.140315,37.551236],[127.140475,37.550947],[127.14153,37.550801],[127.140622,37.550689],[127.140609,37.550605],[127.139655,37.550505],[127.139681,37.550569],[127.139046,37.550411],[127.138125,37.550268],[127.137677,37.550086],[127.137459,37.549914],[127.137084,37.549768],[127.136314,37.549065],[127.13494,37.547701],[127.134585,37.547239],[127.13475,37.547177],[127.134667,37.547022],[127.13451,37.547023],[127.134576,37.547118],[127.127546,37.550122],[127.129194,37.554762],[127.135676,37.554724]]]}},{"type":"Feature","properties":{"code":"11250730","name":"천호2동","guCode":"11250","guName":"강동구"},"geometry":{"type":"Polygon","coordinates":[[[127.116333,37.550049],[127.117319,37.550038],[127.118159,37.549969],[127.1193,37.549744],[127.121245,37.549599],[127.121406,37.549622],[127.122227,37.549472],[127.122497,37.54954],[127.122272,37.548915],[127.126734,37.547899],[127.127535,37.55013],[127.134576,37.547118],[127.133382,37.545404],[127.130524,37.54159],[127.12977,37.540961],[127.129344,37.540756],[127.128763,37.540582],[127.128182,37.540477],[127.12794,37.540473],[127.127928,37.540304],[127.127486,37.539089],[127.126606,37.537826],[127.126533,37.537887],[127.126528,37.537941],[127.126048,37.538088],[127.126046,37.538055],[127.126011,37.538064],[127.12601,37.538098],[127.123636,37.538845],[127.123442,37.538646],[127.122405,37.539014],[127.121859,37.539285],[127.12026,37.540329],[127.119734,37.540626],[127.118846,37.540997],[127.118949,37.541125],[127.118872,37.541076],[127.117365,37.541529],[127.117334,37.541489],[127.116525,37.54196],[127.113044,37.542983],[127.113105,37.543171],[127.10924,37.543167],[127.110244,37.54501],[127.111471,37.546927],[127.111547,37.550384],[127.115849,37.55016],[127.116333,37.550049]]]}},{"type":"Feature","properties":{"code":"11250740","name":"길동","guCode":"11250","guName":"강동구"},"geometry":{"type":"Polygon","coordinates":[[[127.148438,37.545437],[127.148366,37.545166],[127.148699,37.54514],[127.148896,37.545023],[127.149192,37.54529],[127.149374,37.545615],[127.150429,37.545672],[127.150619,37.545402],[127.150738,37.545338],[127.150935,37.544797],[127.151843,37.544979],[127.152103,37.544168],[127.152259,37.544043],[127.152941,37.543811],[127.153482,37.543687],[127.153493,37.543243],[127.15379,37.542497],[127.153844,37.542459],[127.153664,37.542338],[127.153811,37.542088],[127.153893,37.542078],[127.155729,37.542828],[127.155981,37.542846],[127.156602,37.543462],[127.157547,37.54316],[127.15828,37.542682],[127.158693,37.54266],[127.159358,37.542487],[127.159599,37.54206],[127.160096,37.541515],[127.159924,37.541392],[127.159723,37.541357],[127.159647,37.541283],[127.159583,37.541028],[127.15397,37.538618],[127.153994,37.538596],[127.152612,37.538053],[127.14563,37.535085],[127.145165,37.534897],[127.145126,37.535022],[127.145254,37.535083],[127.145378,37.535257],[127.142755,37.534159],[127.142042,37.533937],[127.141297,37.533794],[127.14079,37.533743],[127.140025,37.533736],[127.139265,37.533812],[127.138559,37.533959],[127.134291,37.535272],[127.135034,37.536807],[127.134915,37.536862],[127.134978,37.536906],[127.13678,37.540625],[127.136886,37.540593],[127.137053,37.540826],[127.1373,37.54101],[127.137604,37.541128],[127.137826,37.541164],[127.141188,37.540981],[127.142721,37.545073],[127.145732,37.544367],[127.145635,37.544855],[127.146782,37.545501],[127.147039,37.545515],[127.14715,37.545423],[127.147421,37.545617],[127.14759,37.546003],[127.148495,37.545779],[127.148438,37.545437]]]}},{"type":"Feature","properties":{"code":"11250750","name":"강일동","guCode":"11250","guName":"강동구"},"geometry":{"type":"Polygon","coordinates":[[[127.176689,37.579069],[127.176389,37.578831],[127.176179,37.578743],[127.175993,37.578577],[127.175591,37.578455],[127.175442,37.578363],[127.175415,37.578299],[127.175331,37.577705],[127.17536,37.577523],[127.175328,37.577235],[127.175498,37.57702],[127.175529,37.576681],[127.175584,37.576564],[127.175764,37.575661],[127.175683,37.574899],[127.176027,37.574359],[127.176132,37.574089],[127.176498,37.573801],[127.176637,37.573586],[127.176944,37.573294],[127.177114,37.572945],[127.177387,37.572523],[127.177819,37.572058],[127.177877,37.57187],[127.177795,37.571795],[127.17784,37.571464],[127.177982,37.571153],[127.178321,37.570707],[127.178397,37.570374],[127.178654,37.569769],[127.179063,37.569237],[127.179216,37.568918],[127.17934,37.568137],[127.179436,37.567814],[127.179497,37.567731],[127.179439,37.567601],[127.17943,37.567173],[127.179469,37.56627],[127.179584,37.565496],[127.179784,37.565055],[127.180194,37.564588],[127.180457,37.564129],[127.180625,37.56392],[127.180846,37.563469],[127.180995,37.563323],[127.181186,37.563017],[127.181514,37.562268],[127.181506,37.562145],[127.181622,37.561814],[127.18191,37.561249],[127.181995,37.560992],[127.18197,37.560722],[127.182041,37.560406],[127.182008,37.560229],[127.182021,37.559948],[127.181984,37.559656],[127.181871,37.559275],[127.181871,37.559136],[127.181812,37.558989],[127.181753,37.558374],[127.181617,37.558362],[127.181649,37.558539],[127.181546,37.55861],[127.176056,37.557428],[127.176074,37.557373],[127.176035,37.557338],[127.175735,37.557529],[127.175436,37.55752],[127.175513,37.557306],[127.174056,37.557061],[127.172979,37.557033],[127.171995,37.557059],[127.171994,37.557032],[127.171637,37.557032],[127.171556,37.556968],[127.171478,37.557003],[127.171509,37.557108],[127.171425,37.557339],[127.171482,37.557346],[127.170991,37.559507],[127.170691,37.56121],[127.170623,37.561372],[127.170589,37.561739],[127.170529,37.56185],[127.170317,37.561893],[127.170031,37.562145],[127.170305,37.562404],[127.170474,37.562391],[127.170969,37.562462],[127.171212,37.562583],[127.172971,37.563703],[127.17271,37.564018],[127.172401,37.564273],[127.172022,37.564673],[127.172124,37.56475],[127.170758,37.566316],[127.17037,37.566902],[127.170029,37.567154],[127.169611,37.567681],[127.169494,37.56777],[127.169223,37.568117],[127.168575,37.56881],[127.167767,37.569817],[127.167217,37.570334],[127.167535,37.570736],[127.167511,37.57087],[127.16734,37.571034],[127.167295,37.571287],[127.167217,37.571371],[127.167121,37.571591],[127.166951,37.571718],[127.166716,37.572139],[127.166473,37.572248],[127.165997,37.572832],[127.165796,37.573198],[127.165773,37.573712],[127.165687,37.573874],[127.165039,37.57387],[127.16503,37.574265],[127.164361,37.574263],[127.163995,37.574303],[127.163997,37.574592],[127.16409,37.574752],[127.163962,37.57499],[127.161468,37.576046],[127.162555,37.57673],[127.166747,37.578976],[127.170251,37.579016],[127.171837,37.579262],[127.175106,37.580267],[127.176519,37.581034],[127.177155,37.5812],[127.177121,37.580572],[127.177083,37.580477],[127.177137,37.580186],[127.177143,37.579858],[127.17706,37.579544],[127.176989,37.579416],[127.176689,37.579069]]]}},{"type":"Feature","properties":{"code":"11250760","name":"상일1동","guCode":"11250","guName":"강동구"},"geometry":{"type":"Polygon","coordinates":[[[127.173865,37.545907],[127.173906,37.545582],[127.173615,37.54554],[127.173236,37.54557],[127.172107,37.545534],[127.171572,37.545386],[127.171514,37.545307],[127.171065,37.545121],[127.17037,37.544908],[127.169764,37.544805],[127.169387,37.544896],[127.168823,37.545148],[127.168248,37.545123],[127.16817,37.545079],[127.16795,37.54506],[127.167715,37.545078],[127.16764,37.544936],[127.167548,37.544976],[127.167607,37.545086],[127.167571,37.545094],[127.167582,37.545136],[127.166978,37.545202],[127.166853,37.545045],[127.166852,37.544842],[127.166746,37.544818],[127.166801,37.544588],[127.166924,37.544322],[127.166894,37.544273],[127.166637,37.544253],[127.165296,37.544401],[127.165188,37.544487],[127.165168,37.544632],[127.164885,37.544694],[127.164727,37.544689],[127.16437,37.544843],[127.164241,37.544825],[127.164046,37.5449],[127.163914,37.544895],[127.163488,37.545015],[127.16317,37.544988],[127.162941,37.545141],[127.162793,37.545594],[127.162596,37.545743],[127.162569,37.545803],[127.162407,37.545801],[127.162022,37.545647],[127.161313,37.545542],[127.160841,37.545591],[127.160568,37.545567],[127.159945,37.54537],[127.159058,37.545406],[127.158306,37.545503],[127.157489,37.545763],[127.156783,37.545912],[127.156624,37.545988],[127.155916,37.546089],[127.156537,37.555377],[127.16502,37.556567],[127.171303,37.557325],[127.171262,37.557085],[127.17129,37.556392],[127.171889,37.55474],[127.172042,37.554128],[127.172755,37.551053],[127.173506,37.547152],[127.17364,37.547014],[127.173865,37.545907]]]}},{"type":"Feature","properties":{"code":"11250770","name":"상일2동","guCode":"11250","guName":"강동구"},"geometry":{"type":"Polygon","coordinates":[[[127.181618,37.558368],[127.181753,37.558374],[127.181554,37.557553],[127.181675,37.556827],[127.181684,37.555996],[127.181487,37.555443],[127.181392,37.554922],[127.181488,37.554695],[127.181495,37.554332],[127.18134,37.552965],[127.181422,37.552757],[127.181704,37.552508],[127.182933,37.551753],[127.183119,37.551081],[127.183103,37.550658],[127.183023,37.550664],[127.182927,37.550236],[127.182897,37.549571],[127.182845,37.549429],[127.183056,37.548709],[127.182865,37.548695],[127.182842,37.548356],[127.182925,37.548345],[127.182781,37.548301],[127.182768,37.548109],[127.182796,37.548101],[127.182676,37.547875],[127.182657,37.547524],[127.182723,37.54741],[127.182759,37.546784],[127.182725,37.546704],[127.182825,37.546344],[127.183795,37.545574],[127.183539,37.54517],[127.183137,37.545356],[127.182847,37.54558],[127.182745,37.545514],[127.18244,37.545601],[127.182202,37.545725],[127.181963,37.546151],[127.181693,37.546445],[127.181256,37.54658],[127.179331,37.546567],[127.178418,37.54628],[127.178292,37.546317],[127.177006,37.545832],[127.176902,37.545823],[127.176793,37.545754],[127.176784,37.545433],[127.176724,37.545368],[127.176648,37.545393],[127.176638,37.545336],[127.176467,37.545401],[127.176201,37.545579],[127.175981,37.545637],[127.175768,37.545404],[127.175717,37.545208],[127.175471,37.54524],[127.175383,37.545202],[127.174315,37.545297],[127.174207,37.545411],[127.174138,37.545712],[127.173919,37.545606],[127.17364,37.547014],[127.173506,37.547152],[127.172755,37.551053],[127.172142,37.553715],[127.171889,37.55474],[127.17129,37.556392],[127.171262,37.557085],[127.171303,37.557325],[127.171425,37.557339],[127.171509,37.557108],[127.171482,37.55699],[127.171556,37.556968],[127.171637,37.557032],[127.171994,37.557032],[127.171995,37.557059],[127.172979,37.557033],[127.174056,37.557061],[127.175513,37.557306],[127.175436,37.55752],[127.175735,37.557529],[127.176035,37.557338],[127.176074,37.557373],[127.176056,37.557428],[127.181546,37.55861],[127.181649,37.558539],[127.181618,37.558368]]]}}]}